# PHANTOM Module: C10
# Units: meters
o C10

v 5.200000 0.216666 2.000775
v 5.200000 0.216666 1.927951
v 5.200000 0.216666 1.855127
v 5.200000 0.216666 1.782302
v 5.200000 0.216666 1.709478
v 5.200000 0.216666 1.636654
v 5.200000 0.216666 1.563830
v 5.200000 0.216666 1.491006
v 5.200000 0.216666 1.418182
v 5.200000 0.216666 1.345358
v 5.200000 0.216666 1.272534
v 5.200000 0.216666 1.199709
v 5.200000 0.216666 1.126885
v 5.200000 0.216666 1.054061
v 5.200000 0.216666 0.981237
v 5.200000 0.216666 0.908413
v 5.200000 0.216666 0.835589
v 5.200000 0.198139 2.000775
v 5.200000 0.108333 2.000775
v 5.200000 0.108333 1.709478
v 5.200000 0.108333 1.418182
v 5.200000 0.108333 1.126885
v 5.200000 0.108333 0.835589
v 5.200000 0.018527 2.000775
v 5.200000 0.000000 2.000775
v 5.200000 0.000000 1.927951
v 5.200000 0.000000 1.855127
v 5.200000 0.000000 1.782302
v 5.200000 0.000000 1.709478
v 5.200000 0.000000 1.636654
v 5.200000 0.000000 1.563830
v 5.200000 0.000000 1.491006
v 5.200000 0.000000 1.418182
v 5.200000 0.000000 1.345358
v 5.200000 0.000000 1.272534
v 5.200000 0.000000 1.199709
v 5.200000 0.000000 1.126885
v 5.200000 0.000000 1.054061
v 5.200000 0.000000 0.981237
v 5.200000 0.000000 0.908413
v 5.200000 0.000000 0.835589
v 5.198475 0.216935 2.028975
v 5.198475 0.216935 0.807389
v 5.198464 0.108467 2.028975
v 5.198464 0.108467 0.807389
v 5.198454 0.018550 2.028975
v 5.198452 0.000000 2.028975
v 5.198452 0.000000 0.807389
v 5.193785 0.217762 2.057403
v 5.193785 0.217762 0.778961
v 5.193777 0.199142 2.057403
v 5.193777 0.199142 0.778961
v 5.193738 0.108881 2.057403
v 5.193738 0.108881 0.778961
v 5.193698 0.018620 2.057403
v 5.193689 0.000000 2.057403
v 5.193689 0.000000 0.778961
v 5.185853 0.219161 2.085405
v 5.185853 0.219161 0.750959
v 5.185835 0.200420 2.085405
v 5.185835 0.200420 0.750959
v 5.185744 0.109580 2.085405
v 5.185744 0.109580 0.750959
v 5.185654 0.018741 2.085405
v 5.185635 0.000000 2.085405
v 5.185635 0.000000 0.750959
v 5.183157 0.219636 0.835589
v 5.182898 0.000000 0.835589
v 5.181472 0.000000 0.809615
v 5.177085 0.000000 0.783431
v 5.174752 0.221118 2.112305
v 5.174752 0.221118 0.724059
v 5.174718 0.202210 2.112305
v 5.174557 0.110559 2.112305
v 5.174557 0.110559 0.724059
v 5.174363 0.000000 2.112305
v 5.174363 0.000000 0.724059
v 5.160705 0.223596 2.137458
v 5.160705 0.223596 0.698905
v 5.160653 0.204475 0.698905
v 5.160401 0.111797 2.137458
v 5.160401 0.111797 0.698905
v 5.160150 0.019119 0.698905
v 5.160099 0.000000 2.137458
v 5.160099 0.000000 0.698905
v 5.159903 0.223737 2.103501
v 5.146964 0.226018 2.126670
v 5.146146 0.000000 0.709694
v 5.144072 0.226528 2.160302
v 5.144072 0.226528 0.676062
v 5.143998 0.207157 2.160302
v 5.143998 0.207157 0.676062
v 5.143640 0.113264 2.160302
v 5.143640 0.113264 0.676062
v 5.143282 0.019370 2.160302
v 5.143282 0.019370 0.676062
v 5.143209 0.000000 2.160302
v 5.143209 0.000000 0.676062
v 5.131644 0.228720 2.147710
v 5.125320 0.229835 2.180394
v 5.125320 0.229835 0.655970
v 5.125222 0.210181 2.180394
v 5.124744 0.114917 2.180394
v 5.124267 0.019653 2.180394
v 5.124168 0.000000 2.180394
v 5.124168 0.000000 0.655970
v 5.114372 0.231765 2.166216
v 5.104984 0.233420 2.197441
v 5.104984 0.233420 0.638922
v 5.104251 0.116710 2.197441
v 5.104251 0.116710 0.638922
v 5.103518 0.000000 2.197441
v 5.103518 0.000000 0.638922
v 5.101519 0.234032 2.000775
v 5.101519 0.234032 1.709478
v 5.101519 0.234032 1.418182
v 5.101519 0.234032 1.126885
v 5.101519 0.234032 0.835589
v 5.100698 0.234176 2.015960
v 5.100698 0.234176 0.820404
v 5.099999 0.000000 2.000775
v 5.099999 0.000000 1.709478
v 5.099999 0.000000 1.418182
v 5.099999 0.000000 1.126885
v 5.099999 0.000000 0.835589
v 5.099166 0.000000 2.015960
v 5.099166 0.000000 0.820404
v 5.098173 0.234621 2.031267
v 5.098173 0.234621 0.805097
v 5.096602 0.000000 2.031267
v 5.096602 0.000000 0.805097
v 5.093902 0.235374 2.046345
v 5.093902 0.235374 0.790019
v 5.092265 0.000000 2.046345
v 5.092265 0.000000 0.790019
v 5.087924 0.236428 2.060829
v 5.087924 0.236428 0.775534
v 5.086195 0.000000 2.060829
v 5.086195 0.000000 0.775534
v 5.080360 0.237762 2.074374
v 5.080360 0.237762 0.761990
v 5.078514 0.000000 2.074374
v 5.078514 0.000000 0.761990
v 5.071404 0.239342 2.086674
v 5.071404 0.239342 0.749690
v 5.069420 0.000000 2.086674
v 5.069420 0.000000 0.749690
v 5.061307 0.241121 2.097493
v 5.061307 0.241121 0.738871
v 5.059167 0.000000 2.097493
v 5.059167 0.000000 0.738871
v 5.054270 0.242362 2.234893
v 5.054270 0.242362 0.601471
v 5.052022 0.000000 2.234893
v 5.052022 0.000000 0.601471
v 5.050356 0.243052 2.106672
v 5.050356 0.243052 0.729692
v 5.048048 0.000000 2.106672
v 5.048048 0.000000 0.729692
v 5.019880 0.248426 0.835589
v 5.019643 0.248468 0.831194
v 5.017675 0.248815 0.822399
v 5.017102 0.000000 0.835589
v 5.016860 0.000000 0.831194
v 5.016118 0.000000 2.009601
v 5.016118 0.000000 0.826763
v 5.015945 0.249120 2.018157
v 5.015945 0.249120 0.818206
v 5.014863 0.000000 2.013965
v 5.014863 0.000000 0.822399
v 5.013756 0.249506 2.022078
v 5.013756 0.249506 0.814286
v 5.013106 0.000000 0.818206
v 5.011164 0.249964 2.025638
v 5.011164 0.249964 0.810726
v 5.010883 0.000000 2.022078
v 5.010883 0.000000 0.814286
v 5.008251 0.000000 0.810726
v 5.008241 0.250479 2.028769
v 5.005283 0.000000 2.028769
v 5.005283 0.000000 0.807594
v 5.003557 0.251305 2.272344
v 5.003557 0.251305 0.564019
v 5.003038 0.251396 2.000775
v 5.003038 0.251396 1.927951
v 5.003038 0.251396 1.855127
v 5.003038 0.251396 1.782302
v 5.003038 0.251396 1.709478
v 5.003038 0.251396 1.636654
v 5.003038 0.251396 1.563830
v 5.003038 0.251396 1.491006
v 5.003038 0.251396 1.418182
v 5.003038 0.251396 1.345358
v 5.003038 0.251396 1.272534
v 5.003038 0.251396 1.199709
v 5.003038 0.251396 1.126885
v 5.003038 0.251396 1.054061
v 5.003038 0.251396 0.981237
v 5.003038 0.251396 0.908413
v 5.003038 0.251396 0.835589
v 5.003001 0.248306 0.835589
v 5.002921 0.251417 2.002944
v 5.002921 0.251417 0.833420
v 5.002560 0.251480 2.005131
v 5.002560 0.251480 0.831233
v 5.002532 0.209496 2.000775
v 5.002532 0.209496 0.835589
v 5.002052 0.209567 2.005131
v 5.002052 0.209567 0.831233
v 5.002025 0.167597 2.000775
v 5.002025 0.167597 1.709478
v 5.002025 0.167597 1.418182
v 5.002025 0.167597 1.126885
v 5.002025 0.167597 0.835589
v 5.001950 0.251588 2.007285
v 5.001950 0.251588 0.829079
v 5.001545 0.167653 2.005131
v 5.001545 0.167653 0.831233
v 5.001519 0.125698 2.000775
v 5.001519 0.125698 0.835589
v 5.001096 0.251739 2.009354
v 5.001096 0.251739 0.827010
v 5.001058 0.248645 2.009354
v 5.001037 0.125740 2.005131
v 5.001037 0.125740 0.831233
v 5.001012 0.083798 2.000775
v 5.001012 0.083798 1.709478
v 5.001012 0.083798 1.418182
v 5.001012 0.083798 1.126885
v 5.001012 0.083798 0.835589
v 5.000585 0.209782 2.009354
v 5.000585 0.209782 0.827010
v 5.000529 0.083827 2.005131
v 5.000529 0.083827 0.831233
v 5.000526 0.000000 2.272344
v 5.000526 0.000000 0.564019
v 5.000506 0.041899 2.000775
v 5.000506 0.041899 0.835589
v 5.000073 0.167826 2.009354
v 5.000073 0.167826 0.827010
v 5.000037 0.003089 2.000775
v 5.000037 0.003089 0.835589
v 5.000022 0.041913 2.005131
v 5.000022 0.041913 0.831233
v 5.000015 0.251929 2.011289
v 5.000015 0.251929 0.825075
v 5.000000 0.000000 2.000775
v 5.000000 0.000000 1.927951
v 5.000000 0.000000 1.855127
v 5.000000 0.000000 1.782302
v 5.000000 0.000000 1.709478
v 5.000000 0.000000 1.636654
v 5.000000 0.000000 1.563830
v 5.000000 0.000000 1.491006
v 5.000000 0.000000 1.418182
v 5.000000 0.000000 1.345358
v 5.000000 0.000000 1.272534
v 5.000000 0.000000 1.199709
v 5.000000 0.000000 1.126885
v 5.000000 0.000000 1.054061
v 5.000000 0.000000 0.981237
v 5.000000 0.000000 0.908413
v 5.000000 0.000000 0.835589
v 4.999881 0.000000 2.002944
v 4.999881 0.000000 0.833420
v 4.999562 0.125869 2.009354
v 4.999562 0.125869 0.827010
v 4.999514 0.000000 2.005131
v 4.999514 0.000000 0.831233
v 4.999050 0.083913 2.009354
v 4.999050 0.083913 0.827010
v 4.998895 0.000000 2.007285
v 4.998895 0.000000 0.829079
v 4.998736 0.252154 2.013046
v 4.998736 0.252154 0.823318
v 4.998539 0.041956 2.009354
v 4.998539 0.041956 0.827010
v 4.998219 0.210129 2.013046
v 4.998219 0.210129 0.823318
v 4.998065 0.003094 2.009354
v 4.998027 0.000000 2.009354
v 4.998027 0.000000 0.827010
v 4.997701 0.168103 2.013046
v 4.997701 0.168103 0.823318
v 4.997293 0.252409 2.014592
v 4.997293 0.252409 0.821772
v 4.997183 0.126078 2.013046
v 4.997183 0.126078 0.823318
v 4.996930 0.000000 2.011289
v 4.996930 0.000000 0.825075
v 4.996666 0.084051 2.013046
v 4.996666 0.084051 0.823318
v 4.996149 0.042026 2.013046
v 4.996149 0.042026 0.823318
v 4.995729 0.252685 2.015903
v 4.995729 0.252685 0.820461
v 4.995690 0.249579 2.015903
v 4.995631 0.000000 2.013046
v 4.995631 0.000000 0.823318
v 4.995204 0.210570 2.015903
v 4.995204 0.210570 0.820461
v 4.994679 0.168456 2.015903
v 4.994679 0.168456 0.820461
v 4.994166 0.000000 2.014592
v 4.994166 0.000000 0.821772
v 4.994153 0.126342 2.015903
v 4.994153 0.126342 0.820461
v 4.993629 0.084229 2.015903
v 4.993629 0.084229 0.820461
v 4.993103 0.042114 2.015903
v 4.993103 0.042114 0.820461
v 4.992617 0.003105 2.015903
v 4.992578 0.000000 2.015903
v 4.992578 0.000000 0.820461
v 4.952843 0.260247 2.309796
v 4.952843 0.260247 0.526568
v 4.949030 0.000000 2.309796
v 4.949030 0.000000 0.526568
v 4.945015 0.261627 2.053355
v 4.945015 0.261627 0.783009
v 4.941082 0.000000 2.053355
v 4.941082 0.000000 0.783009
v 4.902130 0.269189 2.347247
v 4.902130 0.269189 0.489116
v 4.899832 0.134594 2.347247
v 4.899832 0.134594 0.489116
v 4.897534 0.000000 2.347247
v 4.897534 0.000000 0.489116
v 4.894302 0.270569 2.090806
v 4.894302 0.270569 0.745558
v 4.893516 0.225474 0.745558
v 4.892730 0.180379 0.745558
v 4.891944 0.135284 0.745558
v 4.891158 0.090190 0.745558
v 4.890372 0.045094 0.745558
v 4.889586 0.000000 2.090806
v 4.889586 0.000000 0.745558
v 4.851416 0.278131 2.384699
v 4.851416 0.278131 0.451665
v 4.847502 0.278821 2.256478
v 4.846038 0.000000 2.384699
v 4.846038 0.000000 0.451665
v 4.843588 0.279511 2.128258
v 4.843588 0.279511 0.708106
v 4.842064 0.000000 2.256478
v 4.838090 0.000000 2.128258
v 4.838090 0.000000 0.708106
v 4.800702 0.287073 2.422151
v 4.800702 0.287073 0.414213
v 4.794542 0.000000 2.422151
v 4.794542 0.000000 0.414213
v 4.792875 0.288453 2.165709
v 4.792875 0.288453 0.670654
v 4.791828 0.240377 0.670654
v 4.790781 0.192303 2.165709
v 4.790781 0.192303 0.670654
v 4.789734 0.144227 0.670654
v 4.788688 0.096151 2.165709
v 4.788688 0.096151 0.670654
v 4.787641 0.048076 0.670654
v 4.786594 0.000000 2.165709
v 4.786594 0.000000 0.670654
v 4.749989 0.296015 2.459602
v 4.749989 0.296015 0.376761
v 4.743047 0.000000 2.459602
v 4.743047 0.000000 0.376761
v 4.742161 0.297396 2.203161
v 4.742161 0.297396 0.633203
v 4.735098 0.000000 2.203161
v 4.735098 0.000000 0.633203
v 4.699275 0.304958 2.497054
v 4.699275 0.304958 0.339310
v 4.695413 0.152478 2.497054
v 4.695413 0.152478 0.339310
v 4.691551 0.000000 2.497054
v 4.691551 0.000000 0.339310
v 4.691448 0.306338 2.240612
v 4.691448 0.306338 0.595751
v 4.683602 0.000000 2.240612
v 4.683602 0.000000 0.595751
v 4.648561 0.313900 2.534505
v 4.648561 0.313900 0.301858
v 4.644648 0.314590 2.406285
v 4.644648 0.314590 0.430079
v 4.640734 0.315280 2.278064
v 4.640734 0.315280 0.558300
v 4.640055 0.000000 2.534505
v 4.640055 0.000000 0.301858
v 4.636081 0.000000 2.406285
v 4.636081 0.000000 0.430079
v 4.632106 0.000000 2.278064
v 4.632106 0.000000 0.558300
v 4.597848 0.322842 2.571957
v 4.597848 0.322842 0.264407
v 4.590021 0.324222 2.315516
v 4.590021 0.324222 0.520848
v 4.588559 0.000000 2.571957
v 4.588559 0.000000 0.264407
v 4.586884 0.216148 2.315516
v 4.586884 0.216148 0.520848
v 4.583747 0.108074 2.315516
v 4.583747 0.108074 0.520848
v 4.580611 0.000000 2.315516
v 4.580611 0.000000 0.520848
v 4.547134 0.331784 2.609409
v 4.547134 0.331784 0.226955
v 4.539307 0.333164 2.352967
v 4.539307 0.333164 0.483397
v 4.537063 0.000000 2.609409
v 4.537063 0.000000 0.226955
v 4.529115 0.000000 2.352967
v 4.529115 0.000000 0.483397
v 4.496421 0.340726 2.646860
v 4.496421 0.340726 0.189504
v 4.490994 0.170363 2.646860
v 4.490994 0.170363 0.189504
v 4.488593 0.342106 2.390419
v 4.488593 0.342106 0.445945
v 4.485567 0.000000 2.646860
v 4.485567 0.000000 0.189504
v 4.477619 0.000000 2.390419
v 4.477619 0.000000 0.445945
v 4.445707 0.349669 2.684312
v 4.445707 0.349669 0.152052
v 4.441793 0.350358 2.556091
v 4.441793 0.350358 0.280273
v 4.437880 0.351048 2.427870
v 4.437880 0.351048 0.408493
v 4.434071 0.000000 2.684312
v 4.434071 0.000000 0.152052
v 4.430097 0.000000 2.556091
v 4.430097 0.000000 0.280273
v 4.426123 0.000000 2.427870
v 4.426123 0.000000 0.408493
v 4.394994 0.358611 2.721763
v 4.394994 0.358611 0.114600
v 4.387166 0.359991 2.465322
v 4.387166 0.359991 0.371042
v 4.382987 0.239994 2.465322
v 4.382987 0.239994 0.371042
v 4.382575 0.000000 2.721763
v 4.382575 0.000000 0.114600
v 4.378807 0.119997 2.465322
v 4.378807 0.119997 0.371042
v 4.374627 0.000000 2.465322
v 4.374627 0.000000 0.371042
v 4.344280 0.367553 2.759215
v 4.344280 0.367553 0.077149
v 4.336452 0.368933 2.502774
v 4.336452 0.368933 0.333590
v 4.331079 0.000000 2.759215
v 4.331079 0.000000 0.077149
v 4.323131 0.000000 2.502774
v 4.323131 0.000000 0.333590
v 4.293566 0.376495 2.796666
v 4.293566 0.376495 0.039697
v 4.292136 0.337972 0.039697
v 4.286575 0.188248 2.796666
v 4.286575 0.188248 0.039697
v 4.285739 0.377875 2.540225
v 4.285739 0.377875 0.296139
v 4.282387 0.378466 0.058272
v 4.281014 0.038524 0.039697
v 4.279583 0.000000 2.796666
v 4.279583 0.000000 0.039697
v 4.271635 0.000000 2.540225
v 4.271635 0.000000 0.296139
v 4.268232 0.000000 2.778091
v 4.268232 0.000000 0.058272
v 4.266439 0.381278 2.813669
v 4.266439 0.381278 0.022695
v 4.264966 0.342265 2.813669
v 4.264966 0.342265 0.022695
v 4.259239 0.190639 2.813669
v 4.259239 0.190639 0.022695
v 4.253511 0.039013 0.022695
v 4.252038 0.000000 2.813669
v 4.252038 0.000000 0.022695
v 4.243288 0.000000 0.042876
v 4.238939 0.386127 2.705897
v 4.238939 0.386127 0.130466
v 4.237040 0.386462 2.826222
v 4.237040 0.386462 0.010142
v 4.235520 0.346919 2.826222
v 4.235520 0.346919 0.010142
v 4.235025 0.386817 2.577677
v 4.235025 0.386817 0.258687
v 4.231200 0.387492 0.031509
v 4.229612 0.193231 2.826222
v 4.229612 0.193231 0.010142
v 4.224332 0.388703 2.715052
v 4.224332 0.388703 0.121311
v 4.224113 0.000000 2.705897
v 4.224113 0.000000 0.130466
v 4.223705 0.039543 0.010142
v 4.222185 0.000000 2.826222
v 4.222185 0.000000 0.010142
v 4.220139 0.000000 2.577677
v 4.220139 0.000000 0.258687
v 4.216255 0.000000 2.804855
v 4.209281 0.000000 2.715052
v 4.209281 0.000000 0.121311
v 4.208502 0.391494 2.721812
v 4.208502 0.391494 0.114552
v 4.206292 0.391884 2.833842
v 4.206292 0.391884 0.002522
v 4.204724 0.351786 0.002522
v 4.203356 0.392402 0.024608
v 4.198627 0.195942 2.833842
v 4.198627 0.195942 0.002522
v 4.195491 0.393788 2.633703
v 4.195491 0.393788 0.202660
v 4.193206 0.000000 2.721812
v 4.193206 0.000000 0.114552
v 4.192531 0.040098 2.833842
v 4.192531 0.040098 0.002522
v 4.191945 0.394413 2.725915
v 4.191945 0.394413 0.110449
v 4.190963 0.000000 2.833842
v 4.190963 0.000000 0.002522
v 4.184312 0.395760 2.615128
v 4.184312 0.395760 0.221235
v 4.184196 0.392849 0.221235
v 4.182225 0.396128 2.616436
v 4.182225 0.396128 0.219928
v 4.180534 0.396426 2.640074
v 4.180534 0.396426 0.196289
v 4.179995 0.000000 2.633703
v 4.179995 0.000000 0.202660
v 4.179964 0.396526 2.617402
v 4.179964 0.396526 0.218962
v 4.179848 0.393610 0.218962
v 4.179089 0.263840 2.615128
v 4.179089 0.263840 0.221235
v 4.177598 0.396943 2.617988
v 4.177598 0.396943 0.218376
v 4.176394 0.000000 2.725915
v 4.176394 0.000000 0.110449
v 4.175274 0.000000 2.636617
v 4.175207 0.397365 2.836364
v 4.175207 0.397365 2.727273
v 4.175207 0.397365 2.618182
v 4.175207 0.397365 0.218182
v 4.175207 0.397365 0.109091
v 4.175207 0.397365 0.022325
v 4.175207 0.397365 0.000000
v 4.175091 0.394443 0.218182
v 4.174718 0.264351 2.617402
v 4.174718 0.264351 0.218962
v 4.173866 0.131920 2.615128
v 4.173866 0.131920 0.221235
v 4.170158 0.000000 2.638768
v 4.169938 0.264910 2.618182
v 4.169938 0.264910 0.218182
v 4.169473 0.132175 2.617402
v 4.169473 0.132175 0.218962
v 4.168758 0.002910 2.615128
v 4.168643 0.000000 2.615128
v 4.168643 0.000000 0.221235
v 4.167303 0.198683 2.836364
v 4.167303 0.198683 0.000000
v 4.166524 0.000000 2.616436
v 4.166524 0.000000 0.219928
v 4.164807 0.000000 2.640074
v 4.164668 0.132455 2.618182
v 4.164668 0.132455 0.218182
v 4.164344 0.002915 0.218962
v 4.164228 0.000000 2.617402
v 4.164228 0.000000 0.218962
v 4.161826 0.000000 2.617988
v 4.161826 0.000000 0.218376
v 4.161016 0.040659 0.000000
v 4.159398 0.000000 2.836364
v 4.159398 0.000000 2.727273
v 4.159398 0.000000 2.618182
v 4.159398 0.000000 0.218182
v 4.159398 0.000000 0.195857
v 4.159398 0.000000 0.109091
v 4.159398 0.000000 0.022325
v 4.159398 0.000000 0.000000
v 4.079226 0.414289 2.836364
v 4.079226 0.414289 2.618182
v 4.079226 0.414289 0.218182
v 4.079226 0.414289 0.000000
v 4.061936 0.000000 2.836364
v 4.061936 0.000000 2.618182
v 4.061936 0.000000 0.218182
v 4.061936 0.000000 0.000000
v 3.983244 0.431213 2.836364
v 3.983244 0.431213 2.618182
v 3.983244 0.431213 0.218182
v 3.983244 0.431213 0.000000
v 3.964473 0.000000 2.836364
v 3.964473 0.000000 2.618182
v 3.964473 0.000000 0.218182
v 3.964473 0.000000 0.000000
v 3.887262 0.448137 2.836364
v 3.887262 0.448137 2.618182
v 3.887262 0.448137 0.218182
v 3.887262 0.448137 0.000000
v 3.867011 0.000000 2.836364
v 3.867011 0.000000 2.618182
v 3.867011 0.000000 0.218182
v 3.867011 0.000000 0.000000
v 3.791280 0.465062 2.836364
v 3.791280 0.465062 2.727273
v 3.791280 0.465062 2.618182
v 3.791280 0.465062 0.218182
v 3.791280 0.465062 0.109091
v 3.791280 0.465062 0.000000
v 3.784037 0.310041 2.618182
v 3.784037 0.310041 0.218182
v 3.780415 0.232531 2.836364
v 3.780415 0.232531 0.000000
v 3.776793 0.155021 2.618182
v 3.776793 0.155021 0.218182
v 3.769548 0.000000 2.836364
v 3.769548 0.000000 2.727273
v 3.769548 0.000000 2.618182
v 3.769548 0.000000 0.218182
v 3.769548 0.000000 0.109091
v 3.769548 0.000000 0.000000
v 3.695299 0.481986 2.836364
v 3.695299 0.481986 2.618182
v 3.695299 0.481986 0.218182
v 3.695299 0.481986 0.000000
v 3.672086 0.000000 2.836364
v 3.672086 0.000000 2.618182
v 3.672086 0.000000 0.218182
v 3.672086 0.000000 0.000000
v 3.599317 0.498910 2.836364
v 3.599317 0.498910 2.618182
v 3.599317 0.498910 0.218182
v 3.599317 0.498910 0.000000
v 3.574624 0.000000 2.836364
v 3.574624 0.000000 2.618182
v 3.574624 0.000000 0.218182
v 3.574624 0.000000 0.000000
v 3.503335 0.515834 2.836364
v 3.503335 0.515834 2.618182
v 3.503335 0.515834 0.218182
v 3.503335 0.515834 0.000000
v 3.477161 0.000000 2.836364
v 3.477161 0.000000 2.618182
v 3.477161 0.000000 0.218182
v 3.477161 0.000000 0.000000
v 3.407353 0.532758 2.836364
v 3.407353 0.532758 2.727273
v 3.407353 0.532758 2.618182
v 3.407353 0.532758 0.218182
v 3.407353 0.532758 0.109091
v 3.407353 0.532758 0.000000
v 3.398135 0.355172 2.618182
v 3.398135 0.355172 0.218182
v 3.393526 0.266379 2.836364
v 3.393526 0.266379 0.000000
v 3.388917 0.177586 2.618182
v 3.388917 0.177586 0.218182
v 3.379699 0.000000 2.836364
v 3.379699 0.000000 2.727273
v 3.379699 0.000000 2.618182
v 3.379699 0.000000 0.218182
v 3.379699 0.000000 0.109091
v 3.379699 0.000000 0.000000
v 3.311372 0.549683 2.836364
v 3.311372 0.549683 2.618182
v 3.311372 0.549683 0.218182
v 3.311372 0.549683 0.000000
v 3.282237 0.000000 2.836364
v 3.282237 0.000000 2.618182
v 3.282237 0.000000 0.218182
v 3.282237 0.000000 0.000000
v 3.215390 0.566607 2.836364
v 3.215390 0.566607 2.618182
v 3.215390 0.566607 0.218182
v 3.215390 0.566607 0.000000
v 3.184774 0.000000 2.836364
v 3.184774 0.000000 2.618182
v 3.184774 0.000000 0.218182
v 3.184774 0.000000 0.000000
v 3.119408 0.583531 2.836364
v 3.119408 0.583531 2.618182
v 3.119408 0.583531 0.218182
v 3.119408 0.583531 0.000000
v 3.087312 0.000000 2.836364
v 3.087312 0.000000 2.618182
v 3.087312 0.000000 0.218182
v 3.087312 0.000000 0.000000
v 3.023427 0.600455 2.836364
v 3.023427 0.600455 2.727273
v 3.023427 0.600455 2.618182
v 3.023427 0.600455 0.218182
v 3.023427 0.600455 0.109091
v 3.023427 0.600455 0.000000
v 3.012234 0.400303 2.618182
v 3.012234 0.400303 0.218182
v 3.006638 0.300227 2.836364
v 3.006638 0.300227 0.000000
v 3.001041 0.200151 2.618182
v 3.001041 0.200151 0.218182
v 2.989849 0.000000 2.836364
v 2.989849 0.000000 2.727273
v 2.989849 0.000000 2.618182
v 2.989849 0.000000 0.218182
v 2.989849 0.000000 0.109091
v 2.989849 0.000000 0.000000
v 2.927444 0.617379 2.836364
v 2.927444 0.617379 2.618182
v 2.927444 0.617379 0.218182
v 2.927444 0.617379 0.000000
v 2.892387 0.000000 2.836364
v 2.892387 0.000000 2.618182
v 2.892387 0.000000 0.218182
v 2.892387 0.000000 0.000000
v 2.831463 0.634303 2.836364
v 2.831463 0.634303 2.618182
v 2.831463 0.634303 0.218182
v 2.831463 0.634303 0.000000
v 2.794924 0.000000 2.836364
v 2.794924 0.000000 2.618182
v 2.794924 0.000000 0.218182
v 2.794924 0.000000 0.000000
v 2.735481 0.651227 2.836364
v 2.735481 0.651227 2.618182
v 2.735481 0.651227 0.218182
v 2.735481 0.651227 0.000000
v 2.697462 0.000000 2.836364
v 2.697462 0.000000 2.618182
v 2.697462 0.000000 0.218182
v 2.697462 0.000000 0.000000
v 2.639500 0.668152 2.836364
v 2.639500 0.668152 2.727273
v 2.639500 0.668152 2.618182
v 2.639500 0.668152 0.218182
v 2.639500 0.668152 0.109091
v 2.639500 0.668152 0.000000
v 2.626333 0.445435 2.618182
v 2.626333 0.445435 0.218182
v 2.619750 0.334076 2.836364
v 2.619750 0.334076 0.000000
v 2.613166 0.222717 2.618182
v 2.613166 0.222717 0.218182
v 2.599999 0.000000 2.836364
v 2.599999 0.000000 2.727273
v 2.599999 0.000000 2.618182
v 2.599999 0.000000 0.218182
v 2.599999 0.000000 0.109091
v 2.599999 0.000000 0.000000
v 2.543518 0.685076 2.836364
v 2.543518 0.685076 2.618182
v 2.543518 0.685076 0.218182
v 2.543518 0.685076 0.000000
v 2.502537 0.000000 2.836364
v 2.502537 0.000000 2.618182
v 2.502537 0.000000 0.218182
v 2.502537 0.000000 0.000000
v 2.447536 0.702000 2.836364
v 2.447536 0.702000 2.618182
v 2.447536 0.702000 0.218182
v 2.447536 0.702000 0.000000
v 2.405075 0.000000 2.836364
v 2.405075 0.000000 2.618182
v 2.405075 0.000000 0.218182
v 2.405075 0.000000 0.000000
v 2.351554 0.718924 2.836364
v 2.351554 0.718924 2.618182
v 2.351554 0.718924 0.218182
v 2.351554 0.718924 0.000000
v 2.307612 0.000000 2.836364
v 2.307612 0.000000 2.618182
v 2.307612 0.000000 0.218182
v 2.307612 0.000000 0.000000
v 2.255572 0.735848 2.836364
v 2.255572 0.735848 2.727273
v 2.255572 0.735848 2.618182
v 2.255572 0.735848 0.218182
v 2.255572 0.735848 0.109091
v 2.255572 0.735848 0.000000
v 2.240432 0.490565 2.618182
v 2.240432 0.490565 0.218182
v 2.232861 0.367924 2.836364
v 2.232861 0.367924 0.000000
v 2.225291 0.245282 2.618182
v 2.225291 0.245282 0.218182
v 2.210150 0.000000 2.836364
v 2.210150 0.000000 2.727273
v 2.210150 0.000000 2.618182
v 2.210150 0.000000 0.218182
v 2.210150 0.000000 0.109091
v 2.210150 0.000000 0.000000
v 2.159591 0.752772 2.836364
v 2.159591 0.752772 2.618182
v 2.159591 0.752772 0.218182
v 2.159591 0.752772 0.000000
v 2.112688 0.000000 2.836364
v 2.112688 0.000000 2.618182
v 2.112688 0.000000 0.218182
v 2.112688 0.000000 0.000000
v 2.063609 0.769697 2.836364
v 2.063609 0.769697 2.618182
v 2.063609 0.769697 0.218182
v 2.063609 0.769697 0.000000
v 2.015225 0.000000 2.836364
v 2.015225 0.000000 2.618182
v 2.015225 0.000000 0.218182
v 2.015225 0.000000 0.000000
v 1.967627 0.786621 2.836364
v 1.967627 0.786621 2.618182
v 1.967627 0.786621 0.218182
v 1.967627 0.786621 0.000000
v 1.917763 0.000000 2.836364
v 1.917763 0.000000 2.618182
v 1.917763 0.000000 0.218182
v 1.917763 0.000000 0.000000
v 1.871645 0.803545 2.836364
v 1.871645 0.803545 2.727273
v 1.871645 0.803545 2.618182
v 1.871645 0.803545 0.218182
v 1.871645 0.803545 0.109091
v 1.871645 0.803545 0.000000
v 1.854530 0.535697 2.618182
v 1.854530 0.535697 0.218182
v 1.845973 0.401772 2.836364
v 1.845973 0.401772 0.000000
v 1.837415 0.267848 2.618182
v 1.837415 0.267848 0.218182
v 1.820300 0.000000 2.836364
v 1.820300 0.000000 2.727273
v 1.820300 0.000000 2.618182
v 1.820300 0.000000 0.218182
v 1.820300 0.000000 0.109091
v 1.820300 0.000000 0.000000
v 1.775664 0.820469 2.836364
v 1.775664 0.820469 2.618182
v 1.775664 0.820469 0.218182
v 1.775664 0.820469 0.000000
v 1.722838 0.000000 2.836364
v 1.722838 0.000000 2.618182
v 1.722838 0.000000 0.218182
v 1.722838 0.000000 0.000000
v 1.679682 0.837393 2.836364
v 1.679682 0.837393 2.618182
v 1.679682 0.837393 0.218182
v 1.679682 0.837393 0.000000
v 1.625375 0.000000 2.836364
v 1.625375 0.000000 2.618182
v 1.625375 0.000000 0.218182
v 1.625375 0.000000 0.000000
v 1.583700 0.854318 2.836364
v 1.583700 0.854318 2.618182
v 1.583700 0.854318 0.218182
v 1.583700 0.854318 0.000000
v 1.527913 0.000000 2.836364
v 1.527913 0.000000 2.618182
v 1.527913 0.000000 0.218182
v 1.527913 0.000000 0.000000
v 1.487719 0.871242 2.836364
v 1.487719 0.871242 2.727273
v 1.487719 0.871242 2.618182
v 1.487719 0.871242 0.218182
v 1.487719 0.871242 0.109091
v 1.487719 0.871242 0.000000
v 1.468629 0.580828 2.618182
v 1.468629 0.580828 0.218182
v 1.459085 0.435621 2.836364
v 1.459085 0.435621 0.000000
v 1.449540 0.290414 2.618182
v 1.449540 0.290414 0.218182
v 1.430450 0.000000 2.836364
v 1.430450 0.000000 2.727273
v 1.430450 0.000000 2.618182
v 1.430450 0.000000 0.218182
v 1.430450 0.000000 0.109091
v 1.430450 0.000000 0.000000
v 1.391737 0.888166 2.836364
v 1.391737 0.888166 2.618182
v 1.391737 0.888166 0.218182
v 1.391737 0.888166 0.000000
v 1.332988 0.000000 2.836364
v 1.332988 0.000000 2.618182
v 1.332988 0.000000 0.218182
v 1.332988 0.000000 0.000000
v 1.295755 0.905090 2.836364
v 1.295755 0.905090 2.618182
v 1.295755 0.905090 0.218182
v 1.295755 0.905090 0.000000
v 1.235526 0.000000 2.836364
v 1.235526 0.000000 2.618182
v 1.235526 0.000000 0.218182
v 1.235526 0.000000 0.000000
v 1.199774 0.922014 2.836364
v 1.199774 0.922014 2.618182
v 1.199774 0.922014 0.218182
v 1.199774 0.922014 0.000000
v 1.138063 0.000000 2.836364
v 1.138063 0.000000 2.618182
v 1.138063 0.000000 0.218182
v 1.138063 0.000000 0.000000
v 1.103791 0.938939 2.836364
v 1.103791 0.938939 2.727273
v 1.103791 0.938939 2.618182
v 1.103791 0.938939 0.218182
v 1.103791 0.938939 0.109091
v 1.103791 0.938939 0.022325
v 1.103791 0.938939 0.000000
v 1.103327 0.932034 2.618182
v 1.103327 0.932034 0.218182
v 1.101400 0.939360 2.617988
v 1.101400 0.939360 0.218376
v 1.099035 0.939777 2.617402
v 1.099035 0.939777 0.218962
v 1.098570 0.932867 2.617402
v 1.098570 0.932867 0.218962
v 1.098464 0.939878 2.640074
v 1.097326 0.842865 2.836364
v 1.097326 0.842865 0.000000
v 1.096774 0.940176 2.616436
v 1.096774 0.940176 0.219928
v 1.094687 0.940544 2.615128
v 1.094687 0.940544 0.221235
v 1.094221 0.933628 0.221235
v 1.093195 0.940807 2.638768
v 1.093195 0.940807 0.197595
v 1.088157 0.941695 2.636617
v 1.087053 0.941890 2.725915
v 1.087053 0.941890 0.110449
v 1.083508 0.942515 2.633703
v 1.082728 0.625959 2.618182
v 1.082728 0.625959 0.218182
v 1.077948 0.626518 2.617402
v 1.077948 0.626518 0.218962
v 1.075643 0.943902 2.811755
v 1.075643 0.943902 0.024608
v 1.073577 0.627029 2.615128
v 1.073577 0.627029 0.221235
v 1.072707 0.944419 2.833842
v 1.072707 0.944419 0.002522
v 1.072196 0.469469 2.836364
v 1.072196 0.469469 0.000000
v 1.070498 0.944809 2.721812
v 1.070498 0.944809 0.114552
v 1.066192 0.847785 0.002522
v 1.061665 0.312979 2.618182
v 1.061665 0.312979 0.218182
v 1.056859 0.313259 2.617402
v 1.056859 0.313259 0.218962
v 1.054667 0.947600 2.715052
v 1.054667 0.947600 0.121311
v 1.052466 0.313514 2.615128
v 1.052466 0.313514 0.221235
v 1.047799 0.948812 2.804855
v 1.047067 0.096073 0.000000
v 1.043974 0.949486 2.577677
v 1.043974 0.949486 0.258687
v 1.041959 0.949841 2.826222
v 1.041959 0.949841 0.010142
v 1.041065 0.006904 2.618182
v 1.041065 0.006904 0.218182
v 1.040872 0.472209 2.833842
v 1.040872 0.472209 0.002522
v 1.040601 0.000000 2.836364
v 1.040601 0.000000 2.727273
v 1.040601 0.000000 2.618182
v 1.040601 0.000000 0.218182
v 1.040601 0.000000 0.109091
v 1.040601 0.000000 0.000000
v 1.040060 0.950176 2.705897
v 1.040060 0.950176 0.130466
v 1.038173 0.000000 2.617988
v 1.038173 0.000000 0.218376
v 1.036237 0.006910 2.617402
v 1.036237 0.006910 0.218962
v 1.035771 0.000000 2.617402
v 1.035771 0.000000 0.218962
v 1.035396 0.852652 2.826222
v 1.035396 0.852652 0.010142
v 1.035192 0.000000 2.640074
v 1.035192 0.000000 0.196289
v 1.033475 0.000000 2.616436
v 1.033475 0.000000 0.219928
v 1.031821 0.006915 0.221235
v 1.031356 0.000000 2.615128
v 1.031356 0.000000 0.221235
v 1.029841 0.000000 2.638768
v 1.023604 0.000000 2.725915
v 1.023604 0.000000 0.110449
v 1.021176 0.953506 2.793488
v 1.015552 0.096634 2.833842
v 1.015552 0.096634 0.002522
v 1.012559 0.955025 2.813669
v 1.012559 0.955025 0.022695
v 1.012018 0.000000 2.811755
v 1.009887 0.474920 2.826222
v 1.009887 0.474920 0.010142
v 1.009037 0.000000 2.833842
v 1.009037 0.000000 0.002522
v 1.006793 0.000000 2.721812
v 1.006793 0.000000 0.114552
v 1.005950 0.857306 2.813669
v 1.005950 0.857306 0.022695
v 0.996612 0.957837 2.778091
v 0.993259 0.958428 2.540225
v 0.993259 0.958428 0.296139
v 0.990718 0.000000 2.715052
v 0.990718 0.000000 0.121311
v 0.985433 0.959808 2.796666
v 0.985433 0.959808 0.039697
v 0.984378 0.097189 2.826222
v 0.984378 0.097189 0.010142
v 0.980260 0.477512 2.813669
v 0.980260 0.477512 0.022695
v 0.979860 0.000000 2.577677
v 0.979860 0.000000 0.258687
v 0.978780 0.861599 2.796666
v 0.977815 0.000000 2.826222
v 0.977815 0.000000 0.010142
v 0.975886 0.000000 2.705897
v 0.975886 0.000000 0.130466
v 0.956711 0.000000 2.793488
v 0.954571 0.097719 2.813669
v 0.954571 0.097719 0.022695
v 0.952924 0.479904 2.796666
v 0.947961 0.000000 2.813669
v 0.947961 0.000000 0.022695
v 0.942546 0.967371 2.502774
v 0.942546 0.967371 0.333590
v 0.934719 0.968750 2.759215
v 0.934719 0.968750 0.077149
v 0.931767 0.000000 0.058272
v 0.928364 0.000000 2.540225
v 0.928364 0.000000 0.296139
v 0.927069 0.098208 2.796666
v 0.920416 0.000000 2.796666
v 0.920416 0.000000 0.039697
v 0.891832 0.976313 2.465322
v 0.891832 0.976313 0.371042
v 0.884006 0.977693 2.721763
v 0.884006 0.977693 0.114600
v 0.876868 0.000000 2.502774
v 0.876868 0.000000 0.333590
v 0.869679 0.650875 2.465322
v 0.869679 0.650875 0.371042
v 0.868920 0.000000 2.759215
v 0.868920 0.000000 0.077149
v 0.847526 0.325437 2.465322
v 0.847526 0.325437 0.371042
v 0.841119 0.985255 2.427870
v 0.841119 0.985255 0.408493
v 0.837206 0.985945 2.556091
v 0.837206 0.985945 0.280273
v 0.833292 0.986635 2.684312
v 0.833292 0.986635 0.152052
v 0.825373 0.000000 2.465322
v 0.825373 0.000000 0.371042
v 0.817424 0.000000 2.721763
v 0.817424 0.000000 0.114600
v 0.790405 0.994197 2.390419
v 0.790405 0.994197 0.445945
v 0.782578 0.995577 2.646860
v 0.782578 0.995577 0.189504
v 0.773876 0.000000 2.427870
v 0.773876 0.000000 0.408493
v 0.769902 0.000000 2.556091
v 0.769902 0.000000 0.280273
v 0.765928 0.000000 2.684312
v 0.765928 0.000000 0.152052
v 0.765542 0.746683 2.646860
v 0.765542 0.746683 0.189504
v 0.748506 0.497788 2.646860
v 0.748506 0.497788 0.189504
v 0.739692 1.003139 2.352967
v 0.739692 1.003139 0.483397
v 0.731865 1.004519 2.609409
v 0.731865 1.004519 0.226955
v 0.731469 0.248894 2.646860
v 0.731469 0.248894 0.189504
v 0.722381 0.000000 2.390419
v 0.722381 0.000000 0.445945
v 0.714433 0.000000 2.646860
v 0.714433 0.000000 0.189504
v 0.688978 1.012081 2.315516
v 0.688978 1.012081 0.520848
v 0.681151 1.013461 2.571957
v 0.681151 1.013461 0.264407
v 0.670884 0.000000 2.352967
v 0.670884 0.000000 0.483397
v 0.665782 0.674721 2.315516
v 0.665782 0.674721 0.520848
v 0.663723 0.760096 2.571957
v 0.663723 0.760096 0.264407
v 0.662936 0.000000 2.609409
v 0.662936 0.000000 0.226955
v 0.646296 0.506731 2.571957
v 0.646296 0.506731 0.264407
v 0.642585 0.337360 2.315516
v 0.642585 0.337360 0.520848
v 0.638265 1.021023 2.278064
v 0.638265 1.021023 0.558300
v 0.634351 1.021713 2.406285
v 0.634351 1.021713 0.430079
v 0.630437 1.022404 2.534505
v 0.630437 1.022404 0.301858
v 0.628868 0.253366 2.571957
v 0.628868 0.253366 0.264407
v 0.619389 0.000000 2.315516
v 0.619389 0.000000 0.520848
v 0.611441 0.000000 2.571957
v 0.611441 0.000000 0.264407
v 0.587551 1.029965 2.240612
v 0.587551 1.029965 0.595751
v 0.579723 1.031346 2.497054
v 0.579723 1.031346 0.339310
v 0.567893 0.000000 2.278064
v 0.567893 0.000000 0.558300
v 0.563919 0.000000 2.406285
v 0.563919 0.000000 0.430079
v 0.561905 0.773509 2.497054
v 0.561905 0.773509 0.339310
v 0.559944 0.000000 2.534505
v 0.559944 0.000000 0.301858
v 0.544086 0.515673 2.497054
v 0.544086 0.515673 0.339310
v 0.536838 1.038908 2.203161
v 0.536838 1.038908 0.633203
v 0.529010 1.040288 2.459602
v 0.529010 1.040288 0.376761
v 0.526267 0.257836 2.497054
v 0.526267 0.257836 0.339310
v 0.516397 0.000000 2.240612
v 0.516397 0.000000 0.595751
v 0.508449 0.000000 2.497054
v 0.508449 0.000000 0.339310
v 0.486124 1.047850 2.165709
v 0.486124 1.047850 0.670654
v 0.478296 1.049230 2.422151
v 0.478296 1.049230 0.414213
v 0.464901 0.000000 2.203161
v 0.464901 0.000000 0.633203
v 0.461884 0.698566 2.165709
v 0.461884 0.698566 0.670654
v 0.460087 0.786922 2.422151
v 0.460087 0.786922 0.414213
v 0.456953 0.000000 2.459602
v 0.456953 0.000000 0.376761
v 0.441876 0.524615 2.422151
v 0.441876 0.524615 0.414213
v 0.437645 0.349283 2.165709
v 0.437645 0.349283 0.670654
v 0.435410 1.056792 2.128258
v 0.435410 1.056792 0.708106
v 0.431497 1.057482 2.256478
v 0.431497 1.057482 0.579885
v 0.427583 1.058172 2.384699
v 0.427583 1.058172 0.451665
v 0.423667 0.262307 2.422151
v 0.423667 0.262307 0.414213
v 0.413405 0.000000 2.165709
v 0.413405 0.000000 0.670654
v 0.405457 0.000000 2.422151
v 0.405457 0.000000 0.414213
v 0.384697 1.065734 2.090806
v 0.384697 1.065734 0.745558
v 0.376869 1.067114 2.347247
v 0.376869 1.067114 0.489116
v 0.361909 0.000000 2.128258
v 0.361909 0.000000 0.708106
v 0.358269 0.800336 2.347247
v 0.358269 0.800336 0.489116
v 0.357935 0.000000 2.256478
v 0.357935 0.000000 0.579885
v 0.353961 0.000000 2.384699
v 0.353961 0.000000 0.451665
v 0.339667 0.533557 2.347247
v 0.339667 0.533557 0.489116
v 0.333983 1.074677 2.053355
v 0.333983 1.074677 0.783009
v 0.326156 1.076056 2.309796
v 0.326156 1.076056 0.526568
v 0.321066 0.266778 2.347247
v 0.321066 0.266778 0.489116
v 0.310413 0.000000 2.090806
v 0.310413 0.000000 0.745558
v 0.302464 0.000000 2.347247
v 0.302464 0.000000 0.489116
v 0.283270 1.083619 2.015903
v 0.283270 1.083619 0.820461
v 0.281706 1.083894 2.014592
v 0.281706 1.083894 0.821772
v 0.280263 1.084149 2.013046
v 0.280263 1.084149 0.823318
v 0.278983 1.084374 2.011289
v 0.278983 1.084374 0.825075
v 0.277903 1.084565 2.009354
v 0.277903 1.084565 0.827010
v 0.277049 1.084715 2.007285
v 0.277049 1.084715 0.829079
v 0.276970 1.071236 0.827010
v 0.276439 1.084823 2.005131
v 0.276439 1.084823 0.831233
v 0.276078 1.084887 2.002944
v 0.276078 1.084887 0.833420
v 0.275961 1.084908 2.000775
v 0.275961 1.084908 1.927951
v 0.275961 1.084908 1.855127
v 0.275961 1.084908 1.782302
v 0.275961 1.084908 1.709478
v 0.275961 1.084908 1.636654
v 0.275961 1.084908 1.563830
v 0.275961 1.084908 1.491006
v 0.275961 1.084908 1.418182
v 0.275961 1.084908 1.345358
v 0.275961 1.084908 1.272534
v 0.275961 1.084908 1.199709
v 0.275961 1.084908 1.126885
v 0.275961 1.084908 1.054061
v 0.275961 1.084908 0.981237
v 0.275961 1.084908 0.908413
v 0.275961 1.084908 0.835589
v 0.275442 1.084999 2.272344
v 0.275442 1.084999 0.564019
v 0.275027 1.071574 2.000775
v 0.270758 1.085825 2.028769
v 0.270758 1.085825 0.807594
v 0.270628 0.903016 2.015903
v 0.270628 0.903016 0.820461
v 0.267836 1.086340 2.025638
v 0.267613 0.903457 2.013046
v 0.267613 0.903457 0.823318
v 0.265247 0.903804 2.009354
v 0.265247 0.903804 0.827010
v 0.265243 1.086797 2.022078
v 0.265243 1.086797 0.814286
v 0.263780 0.904019 2.005131
v 0.263780 0.904019 0.831233
v 0.263301 0.904089 2.000775
v 0.263301 0.904089 0.835589
v 0.263054 1.087183 2.018157
v 0.263054 1.087183 0.818206
v 0.260087 1.087706 0.826763
v 0.259356 1.087835 2.005170
v 0.259356 1.087835 0.831194
v 0.258917 0.000000 2.053355
v 0.258917 0.000000 0.783009
v 0.257987 0.722412 2.015903
v 0.257987 0.722412 0.820461
v 0.256450 0.813749 2.272344
v 0.256450 0.813749 0.564019
v 0.254965 0.722766 2.013046
v 0.254965 0.722766 0.823318
v 0.252592 0.723043 2.009354
v 0.252592 0.723043 0.827010
v 0.251121 0.723215 2.005131
v 0.251121 0.723215 0.831233
v 0.250969 0.000000 2.309796
v 0.250969 0.000000 0.526568
v 0.250641 0.723271 2.000775
v 0.250641 0.723271 1.709478
v 0.250641 0.723271 1.418182
v 0.250641 0.723271 1.126885
v 0.250641 0.723271 0.835589
v 0.245345 0.541809 2.015903
v 0.245345 0.541809 0.820461
v 0.242315 0.542074 2.013046
v 0.242315 0.542074 0.823318
v 0.239938 0.542282 2.009354
v 0.239938 0.542282 0.827010
v 0.238461 0.542411 2.005131
v 0.238461 0.542411 0.831233
v 0.237980 0.542453 2.000775
v 0.237980 0.542453 0.835589
v 0.237457 0.542499 2.272344
v 0.237457 0.542499 0.564019
v 0.232704 0.361206 2.015903
v 0.232704 0.361206 0.820461
v 0.229667 0.361382 2.013046
v 0.229667 0.361382 0.823318
v 0.228642 1.093251 2.106672
v 0.228642 1.093251 0.729692
v 0.227283 0.361521 2.009354
v 0.227283 0.361521 0.827010
v 0.225803 0.361608 2.005131
v 0.225803 0.361608 0.831233
v 0.225320 0.361636 2.000775
v 0.225320 0.361636 1.709478
v 0.225320 0.361636 1.418182
v 0.225320 0.361636 1.126885
v 0.225320 0.361636 0.835589
v 0.224729 1.093941 2.234893
v 0.224729 1.093941 0.601471
v 0.220062 0.180603 2.015903
v 0.220062 0.180603 0.820461
v 0.218466 0.271250 2.272344
v 0.218466 0.271250 0.564019
v 0.217692 1.095181 2.097493
v 0.217692 1.095181 0.738871
v 0.217017 0.180691 2.013046
v 0.217017 0.180691 0.823318
v 0.214627 0.180760 2.009354
v 0.214627 0.180760 0.827010
v 0.213144 0.180803 2.005131
v 0.213144 0.180803 0.831233
v 0.212660 0.180818 2.000775
v 0.212660 0.180818 0.835589
v 0.208353 0.013317 2.015903
v 0.207595 1.096962 2.086674
v 0.207595 1.096962 0.749690
v 0.207421 0.000000 2.015903
v 0.207421 0.000000 0.820461
v 0.205832 0.000000 2.014592
v 0.205832 0.000000 0.821772
v 0.204369 0.000000 2.013046
v 0.204369 0.000000 0.823318
v 0.203069 0.000000 2.011289
v 0.203069 0.000000 0.825075
v 0.202905 0.013329 0.827010
v 0.201972 0.000000 2.009354
v 0.201972 0.000000 0.827010
v 0.201104 0.000000 2.007285
v 0.201104 0.000000 0.829079
v 0.200933 0.013333 0.835589
v 0.200485 0.000000 2.005131
v 0.200485 0.000000 0.831233
v 0.200119 0.000000 2.002944
v 0.200119 0.000000 0.833420
v 0.200000 0.000000 2.000775
v 0.200000 0.000000 1.927951
v 0.200000 0.000000 1.855127
v 0.200000 0.000000 1.782302
v 0.200000 0.000000 1.709478
v 0.200000 0.000000 1.636654
v 0.200000 0.000000 1.563830
v 0.200000 0.000000 1.491006
v 0.200000 0.000000 1.418182
v 0.200000 0.000000 1.345358
v 0.200000 0.000000 1.272534
v 0.200000 0.000000 1.199709
v 0.200000 0.000000 1.126885
v 0.200000 0.000000 1.054061
v 0.200000 0.000000 0.981237
v 0.200000 0.000000 0.908413
v 0.200000 0.000000 0.835589
v 0.199473 0.000000 2.272344
v 0.199473 0.000000 0.564019
v 0.198639 1.098541 2.074374
v 0.198639 1.098541 0.761990
v 0.194716 0.000000 2.028769
v 0.191749 0.000000 2.025638
v 0.191075 1.099875 2.060829
v 0.191075 1.099875 0.775534
v 0.189116 0.000000 2.022078
v 0.186893 0.000000 2.018157
v 0.186893 0.000000 0.818206
v 0.185136 0.000000 0.822399
v 0.185098 1.100929 2.046345
v 0.185098 1.100929 0.790019
v 0.183881 0.000000 2.009601
v 0.180826 1.101682 2.031267
v 0.180826 1.101682 0.805097
v 0.178301 1.102128 2.015960
v 0.178301 1.102128 0.820404
v 0.177480 1.102272 2.000775
v 0.177480 1.102272 1.709478
v 0.177480 1.102272 1.418182
v 0.177480 1.102272 1.126885
v 0.177480 1.102272 0.835589
v 0.174015 1.102883 2.197441
v 0.174015 1.102883 0.638922
v 0.167385 1.008575 0.638922
v 0.164626 1.104538 2.166216
v 0.164626 1.104538 0.670148
v 0.154632 0.827162 2.197441
v 0.154632 0.827162 0.638922
v 0.153679 1.106469 2.180394
v 0.153679 1.106469 0.655970
v 0.151951 0.000000 2.106672
v 0.151951 0.000000 0.729692
v 0.147977 0.000000 2.234893
v 0.147977 0.000000 0.601471
v 0.147355 1.107584 2.147710
v 0.147022 1.011854 2.180394
v 0.144260 0.828528 2.189310
v 0.144260 0.828528 0.647053
v 0.140832 0.000000 2.097493
v 0.140832 0.000000 0.738871
v 0.135248 0.551441 2.197441
v 0.135248 0.551441 0.638922
v 0.134928 1.109776 2.160302
v 0.134928 1.109776 0.676062
v 0.134217 0.829852 2.180394
v 0.134217 0.829852 0.655970
v 0.130579 0.000000 2.086674
v 0.130579 0.000000 0.749690
v 0.128245 1.014878 0.676062
v 0.124837 0.552352 2.189310
v 0.124837 0.552352 0.647053
v 0.124572 0.831122 2.170714
v 0.124572 0.831122 0.665650
v 0.121485 0.000000 2.074374
v 0.121485 0.000000 0.761990
v 0.118295 1.112708 2.137458
v 0.118295 1.112708 0.698905
v 0.115865 0.275721 2.197441
v 0.115865 0.275721 0.638922
v 0.115393 0.832331 2.160302
v 0.115393 0.832331 0.676062
v 0.114755 0.553234 2.180394
v 0.114755 0.553234 0.655970
v 0.113804 0.000000 2.060829
v 0.113804 0.000000 0.775534
v 0.111591 1.017560 2.137458
v 0.111591 1.017560 0.698905
v 0.108871 1.114370 0.757639
v 0.107735 0.000000 2.046345
v 0.107735 0.000000 0.790019
v 0.106748 0.833470 2.149200
v 0.106748 0.833470 0.687164
v 0.105968 0.000000 0.654446
v 0.105413 0.276176 2.189310
v 0.105413 0.276176 0.647053
v 0.105073 0.554081 2.170714
v 0.105073 0.554081 0.665650
v 0.104247 1.115185 2.112305
v 0.104247 1.115185 0.724059
v 0.103397 0.000000 2.031267
v 0.103397 0.000000 0.805097
v 0.103111 0.094308 2.197441
v 0.103111 0.094308 0.638922
v 0.101565 1.115658 2.052933
v 0.100833 0.000000 2.015960
v 0.100833 0.000000 0.820404
v 0.099999 0.000000 2.000775
v 0.099999 0.000000 1.709478
v 0.099999 0.000000 1.418182
v 0.099999 0.000000 1.126885
v 0.099999 0.000000 0.835589
v 0.098696 0.834531 2.137458
v 0.098696 0.834531 0.698905
v 0.097245 1.116420 2.026749
v 0.097245 1.116420 0.809615
v 0.096481 0.000000 2.197441
v 0.096481 0.000000 0.638922
v 0.095859 0.554887 2.160302
v 0.095859 0.554887 0.676062
v 0.095293 0.276617 2.180394
v 0.095293 0.276617 0.655970
v 0.093145 1.117143 2.085405
v 0.093145 1.117143 0.750959
v 0.091295 0.835506 2.125138
v 0.091295 0.835506 0.711226
v 0.087180 0.555647 2.149200
v 0.087180 0.555647 0.687164
v 0.086409 1.021615 0.750959
v 0.085573 0.277040 2.170714
v 0.085573 0.277040 0.665650
v 0.085214 1.118541 2.057403
v 0.085214 1.118541 0.778961
v 0.084595 0.836389 2.112305
v 0.084595 0.836389 0.724059
v 0.082488 0.094615 2.180394
v 0.082488 0.094615 0.655970
v 0.080523 1.119368 2.028975
v 0.080523 1.119368 0.807389
v 0.079098 0.556354 2.137458
v 0.079098 0.556354 0.698905
v 0.079000 1.119637 2.000775
v 0.079000 1.119637 1.927951
v 0.079000 1.119637 1.855127
v 0.079000 1.119637 1.782302
v 0.079000 1.119637 1.709478
v 0.079000 1.119637 1.636654
v 0.079000 1.119637 1.563830
v 0.079000 1.119637 1.491006
v 0.079000 1.119637 1.418182
v 0.079000 1.119637 1.345358
v 0.079000 1.119637 1.272534
v 0.079000 1.119637 1.199709
v 0.079000 1.119637 1.126885
v 0.079000 1.119637 1.054061
v 0.079000 1.119637 0.981237
v 0.079000 1.119637 0.908413
v 0.079000 1.119637 0.835589
v 0.078635 0.837174 2.099034
v 0.078635 0.837174 0.737330
v 0.078466 1.022894 0.778961
v 0.076324 0.277444 2.160302
v 0.076324 0.277444 0.676062
v 0.075831 0.000000 2.180394
v 0.075831 0.000000 0.655970
v 0.073771 1.023650 2.028975
v 0.073450 0.837857 2.085405
v 0.073450 0.837857 0.750959
v 0.072244 1.023896 2.000775
v 0.072244 1.023896 0.835589
v 0.071669 0.557004 2.125138
v 0.071669 0.557004 0.711226
v 0.069410 0.000000 2.147710
v 0.069410 0.000000 0.688654
v 0.069063 0.838435 2.071499
v 0.069063 0.838435 0.764864
v 0.067613 0.277823 2.149200
v 0.067613 0.277823 0.687164
v 0.065488 0.838906 2.057403
v 0.065488 0.838906 0.778961
v 0.064941 0.557592 2.112305
v 0.064941 0.557592 0.724059
v 0.063472 0.094897 0.676062
v 0.062728 0.839269 2.043200
v 0.062728 0.839269 0.793163
v 0.060780 0.839526 2.028975
v 0.060780 0.839526 0.807389
v 0.059628 0.839678 2.014807
v 0.059628 0.839678 0.821556
v 0.059499 0.278177 2.137458
v 0.059499 0.278177 0.698905
v 0.059249 0.839727 2.000775
v 0.059249 0.839727 1.855127
v 0.059249 0.839727 1.709478
v 0.059249 0.839727 1.563830
v 0.059249 0.839727 1.418182
v 0.059249 0.839727 1.272534
v 0.059249 0.839727 1.126885
v 0.059249 0.839727 0.981237
v 0.059249 0.839727 0.835589
v 0.058960 0.558116 2.099034
v 0.058960 0.558116 0.737330
v 0.056790 0.000000 2.160302
v 0.056790 0.000000 0.676062
v 0.053853 0.000000 2.126670
v 0.053755 0.558571 2.085405
v 0.053755 0.558571 0.750959
v 0.052042 0.278502 2.125138
v 0.052042 0.278502 0.711226
v 0.049351 0.558957 2.071499
v 0.049351 0.558957 0.764864
v 0.046604 0.095148 2.137458
v 0.045762 0.559270 2.057403
v 0.045762 0.559270 0.778961
v 0.045289 0.278796 2.112305
v 0.045289 0.278796 0.724059
v 0.042992 0.559513 2.043200
v 0.042992 0.559513 0.793163
v 0.041036 0.559684 2.028975
v 0.041036 0.559684 0.807389
v 0.040715 0.000000 0.732862
v 0.039901 0.000000 2.137458
v 0.039901 0.000000 0.698905
v 0.039879 0.559785 2.014807
v 0.039879 0.559785 0.821556
v 0.039499 0.559818 2.000775
v 0.039499 0.559818 1.855127
v 0.039499 0.559818 1.709478
v 0.039499 0.559818 1.563830
v 0.039499 0.559818 1.418182
v 0.039499 0.559818 1.272534
v 0.039499 0.559818 1.126885
v 0.039499 0.559818 0.981237
v 0.039499 0.559818 0.835589
v 0.039285 0.279058 2.099034
v 0.039285 0.279058 0.737330
v 0.034060 0.279285 2.085405
v 0.034060 0.279285 0.750959
v 0.032359 0.095360 2.112305
v 0.029638 0.279478 2.071499
v 0.029638 0.279478 0.764864
v 0.026035 0.279635 2.057403
v 0.026035 0.279635 0.778961
v 0.025637 0.000000 2.112305
v 0.025637 0.000000 0.724059
v 0.023255 0.279757 2.043200
v 0.023255 0.279757 0.793163
v 0.022914 0.000000 2.052933
v 0.022914 0.000000 0.783431
v 0.021291 0.279841 2.028975
v 0.021291 0.279841 0.807389
v 0.021101 0.095528 0.750959
v 0.020130 0.279892 2.014807
v 0.020130 0.279892 0.821556
v 0.019750 0.279909 2.000775
v 0.019750 0.279909 1.855127
v 0.019750 0.279909 1.709478
v 0.019750 0.279909 1.563830
v 0.019750 0.279909 1.418182
v 0.019750 0.279909 1.272534
v 0.019750 0.279909 1.126885
v 0.019750 0.279909 0.981237
v 0.019750 0.279909 0.835589
v 0.018527 0.000000 2.026749
v 0.017101 0.000000 0.835589
v 0.014364 0.000000 2.085405
v 0.014364 0.000000 0.750959
v 0.008301 0.095717 2.028975
v 0.006755 0.095740 2.000775
v 0.006755 0.095740 0.835589
v 0.006310 0.000000 2.057403
v 0.006310 0.000000 0.778961
v 0.001547 0.000000 2.028975
v 0.001547 0.000000 0.807389
v 0.000000 0.000000 2.000775
v 0.000000 0.000000 1.927951
v 0.000000 0.000000 1.855127
v 0.000000 0.000000 1.782302
v 0.000000 0.000000 1.709478
v 0.000000 0.000000 1.636654
v 0.000000 0.000000 1.563830
v 0.000000 0.000000 1.491006
v 0.000000 0.000000 1.418182
v 0.000000 0.000000 1.345358
v 0.000000 0.000000 1.272534
v 0.000000 0.000000 1.199709
v 0.000000 0.000000 1.126885
v 0.000000 0.000000 1.054061
v 0.000000 0.000000 0.981237
v 0.000000 0.000000 0.908413
v 0.000000 0.000000 0.835589

vn 0.648816 0.760818 0.013911
vn 0.861866 0.507137 0.000000
vn 0.766046 0.642785 0.000000
vn 0.766046 0.642785 0.000000
vn 0.766046 0.642785 0.000000
vn 0.766046 0.642785 0.000000
vn 0.766046 0.642785 0.000000
vn 0.766046 0.642785 0.000000
vn 0.766046 0.642785 0.000000
vn 0.766046 0.642785 0.000000
vn 0.766046 0.642785 0.000000
vn 0.766046 0.642785 0.000000
vn 0.766046 0.642785 0.000000
vn 0.766046 0.642785 0.000000
vn 0.766046 0.642785 0.000000
vn 0.649097 0.760706 -0.000000
vn 0.878850 0.475124 -0.043359
vn 0.998439 -0.011348 0.054686
vn 0.999835 -0.000012 0.018173
vn 1.000000 0.000000 0.000000
vn 1.000000 0.000000 0.000000
vn 1.000000 0.000000 0.000000
vn 0.999622 0.003451 -0.027280
vn 0.999460 -0.000021 0.032868
vn 0.554347 -0.832147 0.015202
vn 0.832050 -0.554700 0.000000
vn 0.707107 -0.707107 0.000000
vn 0.707107 -0.707107 0.000000
vn 0.707107 -0.707107 0.000000
vn 0.707107 -0.707107 0.000000
vn 0.707107 -0.707107 0.000000
vn 0.707107 -0.707107 0.000000
vn 0.707107 -0.707107 0.000000
vn 0.707107 -0.707107 0.000000
vn 0.707107 -0.707107 0.000000
vn 0.707107 -0.707107 0.000000
vn 0.707107 -0.707107 0.000000
vn 0.707107 -0.707107 0.000000
vn 0.707107 -0.707107 0.000000
vn 0.554700 -0.832050 0.000000
vn 0.554347 -0.832147 -0.015202
vn 0.771063 0.632660 0.072134
vn 0.788082 0.611106 -0.073998
vn 0.992938 0.002694 0.118601
vn 0.992684 0.006712 -0.120555
vn 0.993929 -0.000147 0.110020
vn 0.703618 -0.707617 0.064807
vn 0.703623 -0.707620 -0.064723
vn 0.748933 0.644368 0.154563
vn 0.669464 0.731111 -0.131506
vn 0.980592 -0.010123 0.195796
vn 0.984998 -0.017627 -0.171662
vn 0.972956 -0.000534 0.230989
vn 0.972941 -0.000536 -0.231053
vn 0.975317 -0.000470 0.220807
vn 0.691838 -0.707737 0.143072
vn 0.814377 -0.555448 -0.168127
vn 0.817783 0.509149 0.268325
vn 0.622816 0.763847 -0.169231
vn 0.944577 -0.000968 0.328287
vn 0.935806 -0.011453 -0.352329
vn 0.947918 -0.000838 0.318512
vn 0.940621 -0.007279 -0.339380
vn 0.928776 0.019303 0.370139
vn 0.670695 -0.707916 0.221413
vn 0.764622 -0.579879 -0.281236
vn 0.173647 0.984808 -0.000006
vn 0.000000 -1.000000 0.000000
vn 0.000000 -1.000000 0.000000
vn 0.000000 -1.000000 0.000000
vn 0.601802 0.766102 0.225657
vn 0.714630 0.636008 -0.291198
vn 0.888084 -0.011999 0.459525
vn 0.898739 -0.013990 0.438261
vn 0.899175 -0.005618 -0.437554
vn 0.662752 -0.666771 0.340847
vn 0.659602 -0.678113 -0.324174
vn 0.678829 0.638762 0.362180
vn 0.664500 0.650528 -0.367768
vn 0.854490 -0.012604 -0.519316
vn 0.840663 -0.006242 0.541522
vn 0.833397 -0.002437 -0.552670
vn 0.866021 0.015354 -0.499772
vn 0.480574 -0.819347 0.312599
vn 0.591703 -0.708548 -0.384509
vn 0.173652 0.984807 -0.000000
vn 0.173650 0.984807 -0.000007
vn 0.000000 -1.000000 0.000000
vn 0.686962 0.514582 0.513117
vn 0.539966 0.772890 -0.333283
vn 0.785763 -0.013164 0.618387
vn 0.739807 -0.027926 -0.672239
vn 0.760416 -0.003072 0.649429
vn 0.761447 -0.002723 -0.648221
vn 0.811860 0.028507 0.583155
vn 0.738739 0.021747 -0.673641
vn 0.423997 -0.833020 0.355393
vn 0.647383 -0.556866 -0.520380
vn 0.173640 0.984809 0.000004
vn 0.499490 0.777430 0.382246
vn 0.511731 0.761273 -0.398239
vn 0.668919 -0.013719 0.743209
vn 0.694400 -0.003305 0.719582
vn 0.666218 0.006979 0.745725
vn 0.491938 -0.708825 0.505534
vn 0.313583 -0.888311 -0.335512
vn 0.173642 0.984809 -0.000003
vn 0.539430 0.645417 0.540789
vn 0.610243 0.485813 -0.625771
vn 0.607433 -0.004501 0.794358
vn 0.629999 -0.004301 -0.776584
vn 0.441248 -0.693830 0.569123
vn 0.542175 -0.524900 -0.656145
vn 0.173649 0.984808 -0.000005
vn 0.173649 0.984808 0.000000
vn 0.173649 0.984808 0.000000
vn 0.173649 0.984808 0.000000
vn 0.173650 0.984807 -0.000008
vn 0.173644 0.984809 0.000058
vn 0.173651 0.984807 -0.000020
vn 0.000000 -1.000000 0.000000
vn 0.000000 -1.000000 0.000000
vn 0.000000 -1.000000 0.000000
vn 0.000000 -1.000000 0.000000
vn 0.000000 -1.000000 0.000000
vn 0.000000 -1.000000 0.000000
vn 0.000000 -1.000000 0.000000
vn 0.173649 0.984808 -0.000004
vn 0.173646 0.984808 -0.000005
vn 0.000000 -1.000000 0.000000
vn 0.000000 -1.000000 0.000000
vn 0.173647 0.984808 -0.000004
vn 0.173648 0.984808 0.000010
vn 0.000000 -1.000000 0.000000
vn 0.000000 -1.000000 0.000000
vn 0.173652 0.984807 -0.000012
vn 0.173651 0.984807 0.000006
vn 0.000000 -1.000000 0.000000
vn 0.000000 -1.000000 0.000000
vn 0.173668 0.984804 -0.000028
vn 0.173671 0.984804 0.000033
vn 0.000000 -1.000000 0.000000
vn 0.000000 -1.000000 0.000000
vn 0.173631 0.984811 0.000019
vn 0.173634 0.984810 -0.000016
vn 0.000000 -1.000000 0.000000
vn 0.000000 -1.000000 0.000000
vn 0.173639 0.984809 0.000010
vn 0.173642 0.984809 -0.000010
vn 0.000000 -1.000000 0.000000
vn 0.000000 -1.000000 0.000000
vn 0.524555 0.652717 0.546628
vn 0.517437 0.661620 -0.542695
vn 0.498535 -0.543178 0.675589
vn 0.415131 -0.708411 -0.570806
vn 0.173653 0.984807 -0.000001
vn 0.173646 0.984808 -0.000002
vn 0.000000 -1.000000 0.000000
vn 0.000000 -1.000000 0.000000
vn 0.173646 0.984808 0.000010
vn 0.173643 0.984809 -0.000037
vn 0.173655 0.984806 -0.000006
vn 0.000000 -1.000000 0.000000
vn 0.000000 -1.000000 0.000000
vn 0.000000 -1.000000 0.000000
vn 0.000000 -1.000000 0.000000
vn 0.173674 0.984803 -0.000023
vn 0.173675 0.984803 0.000025
vn 0.000000 -1.000000 0.000000
vn 0.000000 -1.000000 0.000000
vn 0.173667 0.984804 -0.000022
vn 0.173702 0.984798 0.000061
vn 0.000000 -1.000000 0.000000
vn 0.173667 0.984804 -0.000049
vn 0.173637 0.984810 0.000008
vn 0.000000 -1.000000 0.000000
vn 0.000000 -1.000000 0.000000
vn 0.000000 -1.000000 0.000000
vn 0.173614 0.984814 0.000025
vn 0.000000 -1.000000 0.000000
vn 0.000000 -1.000000 0.000000
vn 0.517415 0.660452 0.544136
vn 0.564744 0.517995 -0.642453
vn -0.406265 0.913619 -0.015800
vn -0.697080 0.716957 -0.007183
vn -0.638148 0.769914 0.000000
vn -0.638148 0.769914 0.000000
vn -0.638148 0.769914 0.000000
vn -0.638148 0.769914 0.000000
vn -0.638148 0.769914 0.000000
vn -0.638148 0.769914 0.000000
vn -0.638148 0.769914 0.000000
vn -0.638148 0.769914 0.000000
vn -0.638148 0.769914 0.000000
vn -0.638148 0.769914 0.000000
vn -0.638148 0.769914 0.000000
vn -0.638148 0.769914 0.000000
vn -0.638148 0.769914 0.000000
vn -0.638154 0.769909 -0.000001
vn -0.444309 0.895725 0.016318
vn -0.885710 0.309467 0.346047
vn -0.334778 0.940677 -0.055229
vn -0.617166 0.782491 0.082544
vn -0.270613 0.957677 -0.098103
vn -0.385905 0.914422 0.122108
vn -0.998716 0.002112 -0.050613
vn -0.998820 0.012076 0.047039
vn -0.970093 0.006638 -0.242641
vn -0.970132 0.006697 0.242484
vn -0.997748 0.012065 -0.065981
vn -0.999927 0.012085 -0.000000
vn -0.999927 0.012085 0.000000
vn -0.999927 0.012085 0.000000
vn -0.997748 0.012065 0.065981
vn -0.575504 0.779595 -0.247036
vn -0.309056 0.936851 0.163689
vn -0.975181 0.011817 -0.221095
vn -0.975181 0.011817 0.221095
vn -0.998406 0.012072 -0.055130
vn -0.998406 0.012072 0.055130
vn -0.554762 0.762343 -0.333274
vn -0.314977 0.921181 0.228506
vn -0.929746 0.135669 -0.342295
vn -0.975084 0.011822 -0.221522
vn -0.975084 0.011822 0.221522
vn -0.997727 0.012062 -0.066303
vn -0.999927 0.012085 0.000000
vn -0.999927 0.012085 0.000000
vn -0.999927 0.012085 -0.000000
vn -0.997727 0.012062 0.066303
vn -0.888441 0.010850 -0.458863
vn -0.889138 -0.009593 0.457539
vn -0.974975 0.011815 -0.222000
vn -0.974975 0.011815 0.222000
vn 0.415046 -0.709562 0.569437
vn 0.488513 -0.558696 -0.670234
vn -0.999247 0.012078 -0.036870
vn -0.999247 0.012078 0.036870
vn -0.898733 0.010960 -0.438358
vn -0.898735 0.010960 0.438355
vn -0.993561 -0.020471 -0.111432
vn -0.903255 -0.268799 0.334482
vn -0.978860 0.014029 -0.204049
vn -0.979638 0.016966 0.200052
vn -0.333968 0.888697 -0.314138
vn -0.057480 0.987588 0.146168
vn -0.557414 -0.830095 -0.015243
vn -0.836664 -0.547716 -0.000001
vn -0.711367 -0.702821 0.000000
vn -0.711367 -0.702821 0.000000
vn -0.711367 -0.702821 0.000000
vn -0.711367 -0.702821 0.000000
vn -0.711367 -0.702821 0.000000
vn -0.711367 -0.702821 0.000000
vn -0.711367 -0.702821 0.000000
vn -0.711367 -0.702821 0.000000
vn -0.711367 -0.702821 0.000000
vn -0.711367 -0.702821 0.000000
vn -0.711367 -0.702821 0.000000
vn -0.711367 -0.702821 0.000000
vn -0.711367 -0.702821 -0.000000
vn -0.711362 -0.702826 0.000000
vn -0.557414 -0.830095 0.015243
vn -0.692393 -0.717430 -0.076717
vn -0.692393 -0.717430 0.076717
vn -0.898357 0.010956 -0.439129
vn -0.898359 0.010956 0.439126
vn -0.773426 -0.608909 -0.176185
vn -0.407173 -0.908697 0.092087
vn -0.898001 0.010951 -0.439857
vn -0.898003 0.010951 0.439854
vn -0.514766 -0.837953 -0.181248
vn -0.545426 -0.816192 0.190634
vn -0.414788 0.787486 -0.455870
vn -0.075091 0.976693 0.201079
vn -0.907935 0.011051 -0.418964
vn -0.907453 0.031735 0.418954
vn -0.757404 0.007126 -0.652908
vn -0.756567 -0.036247 0.652910
vn -0.896289 -0.037024 -0.441922
vn -0.499814 -0.830645 -0.245387
vn -0.344339 -0.923841 0.167179
vn -0.769312 0.009477 -0.638803
vn -0.769314 0.009477 0.638800
vn -0.241488 0.876020 -0.417459
vn 0.003398 0.984217 0.176935
vn -0.768631 0.009465 -0.639623
vn -0.768633 0.009465 0.639620
vn -0.582270 -0.719638 -0.378263
vn -0.257373 -0.952123 0.164991
vn -0.767961 0.009457 -0.640427
vn -0.767963 0.009457 0.640424
vn -0.780467 0.011830 -0.625085
vn -0.781279 0.055897 0.621674
vn -0.330781 0.739803 -0.585897
vn -0.247590 0.899745 0.359387
vn -0.684185 0.042289 -0.728082
vn -0.513679 -0.742781 -0.429430
vn -0.184306 -0.970991 0.152339
vn -0.625057 0.008432 -0.780534
vn -0.674016 -0.012646 0.738609
vn -0.649797 0.008082 -0.760065
vn -0.640143 0.008455 0.768209
vn -0.474168 -0.719190 -0.507869
vn -0.129173 -0.982183 0.136498
vn -0.639446 0.008875 -0.768785
vn -0.639338 0.008445 0.768880
vn -0.648181 0.008062 -0.761444
vn -0.638533 0.008433 0.769548
vn -0.630919 0.008398 -0.775804
vn -0.681708 0.030732 0.730979
vn -0.683033 -0.025010 -0.729959
vn -0.434788 -0.704575 -0.560832
vn -0.384030 -0.856853 0.343984
vn 0.518443 0.659241 0.544626
vn 0.405639 0.845432 -0.347422
vn 0.413808 -0.710647 0.568985
vn 0.261976 -0.895329 -0.360216
vn -0.311977 0.737791 -0.598610
vn -0.415342 0.579420 0.701259
vn -0.417421 -0.704512 -0.573954
vn -0.491597 -0.549607 0.675473
vn 0.518443 0.659240 0.544628
vn 0.454257 0.780970 -0.428645
vn 0.590510 -0.010018 0.806968
vn 0.590511 -0.010018 -0.806968
vn 0.413807 -0.710647 0.568985
vn 0.324741 -0.833765 -0.446520
vn -0.310895 0.738807 -0.597920
vn -0.311207 0.738772 0.597801
vn -0.592137 0.010673 0.805767
vn -0.591278 0.010246 0.806403
vn -0.590491 0.010232 0.806979
vn -0.589706 0.010216 0.807553
vn -0.588821 0.009835 0.808204
vn -0.418304 -0.703410 -0.574662
vn -0.418027 -0.703472 0.574788
vn 0.518442 0.659241 0.544627
vn 0.454257 0.780968 -0.428648
vn 0.173647 0.984808 -0.000001
vn 0.413807 -0.710647 0.568985
vn 0.324741 -0.833765 -0.446520
vn -0.310533 0.739628 -0.597093
vn -0.310672 0.739183 0.597571
vn 0.000000 -1.000000 0.000000
vn -0.418556 -0.702564 -0.575512
vn -0.418474 -0.703012 0.575025
vn 0.518359 0.658356 0.545776
vn 0.565636 0.514753 -0.644271
vn 0.413804 -0.711525 0.567890
vn 0.487154 -0.561889 -0.668552
vn -0.310534 0.739627 -0.597094
vn -0.192381 0.863280 0.466623
vn -0.591952 0.013133 0.805866
vn -0.591490 0.012321 -0.806218
vn -0.591250 0.012361 0.806393
vn -0.590428 0.013143 0.806983
vn -0.589072 0.011789 -0.807994
vn -0.589759 0.012327 0.807485
vn -0.588796 0.012715 0.808182
vn -0.418555 -0.702565 -0.575511
vn -0.328178 -0.829867 0.451244
vn 0.519213 0.657416 0.546098
vn 0.519212 0.657416 -0.546098
vn 0.412792 -0.712354 0.567587
vn 0.412792 -0.712353 -0.567587
vn -0.310531 0.739627 -0.597095
vn -0.113858 0.920434 0.373949
vn -0.418553 -0.702565 -0.575513
vn -0.264374 -0.893288 0.363515
vn 0.519212 0.657416 0.546097
vn 0.519212 0.657416 -0.546098
vn 0.590195 -0.014907 0.807123
vn 0.590195 -0.014907 -0.807123
vn 0.412791 -0.712354 0.567588
vn 0.412791 -0.712354 -0.567588
vn -0.309606 0.740317 -0.596721
vn -0.413284 0.583115 0.699410
vn -0.419333 -0.701788 -0.575894
vn -0.493057 -0.545886 0.677424
vn 0.519210 0.657417 0.546099
vn 0.519210 0.657417 -0.546099
vn 0.173648 0.984808 -0.000001
vn 0.173648 0.984808 -0.000000
vn -0.309411 0.741049 -0.595912
vn -0.309411 0.741048 0.595913
vn 0.412790 -0.712354 0.567589
vn 0.412790 -0.712354 -0.567588
vn 0.000000 -1.000000 0.000000
vn 0.000000 -1.000000 0.000000
vn -0.419436 -0.701046 -0.576722
vn -0.419435 -0.701046 0.576722
vn 0.519093 0.656726 0.547041
vn 0.519093 0.656726 -0.547041
vn -0.309410 0.741048 -0.595913
vn -0.309411 0.741048 0.595913
vn 0.412837 -0.713047 0.566684
vn 0.412836 -0.713047 -0.566684
vn -0.591104 0.017513 -0.806405
vn -0.591073 0.016732 0.806444
vn -0.588980 0.016596 -0.807977
vn -0.588927 0.016286 0.808022
vn -0.419435 -0.701046 -0.576722
vn -0.419435 -0.701046 0.576722
vn 0.519812 0.655976 0.547258
vn 0.519812 0.655976 -0.547258
vn -0.309410 0.741049 -0.595913
vn -0.309410 0.741049 0.595913
vn 0.411987 -0.713699 0.566480
vn 0.411987 -0.713699 -0.566480
vn -0.419434 -0.701046 -0.576723
vn -0.419434 -0.701046 0.576723
vn 0.519811 0.655976 0.547258
vn 0.519812 0.655976 -0.547258
vn 0.589936 -0.018762 0.807232
vn 0.589936 -0.018762 -0.807232
vn -0.308637 0.741592 -0.595637
vn -0.308637 0.741593 0.595637
vn 0.411986 -0.713699 0.566481
vn 0.411987 -0.713699 -0.566481
vn -0.420089 -0.700422 -0.577005
vn -0.420089 -0.700422 0.577005
vn 0.519811 0.655976 0.547258
vn 0.519812 0.655976 -0.547258
vn 0.173648 0.984808 -0.000000
vn 0.173648 0.984808 0.000000
vn -0.308509 0.742183 -0.594968
vn -0.308510 0.742183 0.594968
vn 0.411985 -0.713699 0.566482
vn 0.411986 -0.713699 -0.566482
vn 0.000000 -1.000000 0.000000
vn 0.000000 -1.000000 0.000000
vn -0.420138 -0.699828 -0.577690
vn -0.420139 -0.699827 0.577689
vn 0.519677 0.655421 0.548050
vn 0.519677 0.655422 -0.548050
vn -0.308509 0.742183 -0.594967
vn -0.308509 0.742183 0.594967
vn -0.590767 0.020872 -0.806572
vn -0.590767 0.020872 0.806572
vn 0.412063 -0.714260 0.565718
vn 0.412063 -0.714260 -0.565718
vn -0.588851 0.020113 -0.807991
vn -0.588851 0.020113 0.807991
vn -0.420139 -0.699828 -0.577689
vn -0.420138 -0.699828 0.577689
vn 0.563741 0.499659 0.657676
vn 0.520296 0.654808 -0.548196
vn -0.308511 0.742184 -0.594965
vn -0.308511 0.742184 0.594966
vn 0.322943 -0.835782 0.444045
vn 0.411334 -0.714786 -0.565583
vn -0.420137 -0.699828 -0.577689
vn -0.420137 -0.699828 0.577690
vn 0.443575 0.774735 0.450585
vn 0.535358 0.511959 -0.671781
vn 0.553568 -0.020625 -0.832548
vn 0.566368 -0.019665 0.823918
vn 0.568993 -0.020841 -0.822078
vn -0.307852 0.742623 -0.594759
vn -0.307852 0.742623 0.594759
vn 0.173650 0.984807 -0.000004
vn 0.557157 -0.020691 -0.830150
vn 0.389700 -0.714629 0.580895
vn 0.382477 -0.714503 -0.585830
vn -0.420699 -0.699315 -0.577902
vn -0.420699 -0.699315 0.577902
vn 0.000000 -1.000000 0.000000
vn 0.000000 -1.000000 0.000000
vn 0.388605 0.788017 0.477510
vn 0.419580 0.666007 -0.616755
vn 0.472921 -0.024511 0.880764
vn 0.460395 -0.017377 -0.887544
vn 0.430461 -0.022905 0.902318
vn 0.459329 -0.017338 -0.888097
vn 0.481064 -0.018059 -0.876499
vn 0.354271 -0.594922 0.721498
vn 0.358658 -0.565152 -0.742945
vn 0.000000 -1.000000 0.000000
vn 0.173646 0.984808 0.000002
vn 0.173646 0.984808 -0.000002
vn 0.355467 0.672743 0.648892
vn 0.321625 0.676256 -0.662748
vn 0.224643 -0.022377 0.974184
vn 0.315396 -0.012107 -0.948883
vn -0.190605 0.864776 -0.464578
vn -0.307773 0.743114 0.594187
vn 0.173650 0.984807 -0.000002
vn 0.329301 -0.019223 0.944029
vn 0.314584 -0.012076 -0.949153
vn 0.173646 0.984808 0.000003
vn 0.173646 0.984808 -0.000001
vn 0.000000 -1.000000 0.000000
vn 0.000000 -1.000000 0.000000
vn 0.338763 -0.012935 -0.940783
vn 0.226420 -0.690724 0.686756
vn 0.238305 -0.562144 -0.791963
vn -0.420716 -0.698822 -0.578486
vn -0.399629 -0.730408 0.553896
vn 0.000000 -1.000000 0.000000
vn 0.000000 -1.000000 0.000000
vn 0.000000 -1.000000 0.000000
vn 0.173648 0.984808 0.000000
vn 0.173647 0.984808 0.000000
vn 0.231757 0.798197 0.556031
vn 0.230980 0.808729 -0.540931
vn 0.160036 -0.006242 -0.987091
vn 0.173650 0.984807 -0.000002
vn 0.160245 0.002120 0.987075
vn 0.159602 -0.006225 -0.987162
vn 0.173652 0.984807 0.000002
vn 0.173652 0.984807 -0.000002
vn 0.000000 -1.000000 0.000000
vn 0.000000 -1.000000 0.000000
vn 0.227036 0.002934 0.973882
vn 0.185381 -0.007198 -0.982640
vn 0.173650 0.984807 0.000001
vn 0.173649 0.984808 0.000001
vn 0.111813 -0.710419 0.694841
vn 0.093331 -0.709938 -0.698053
vn -0.284038 0.740778 -0.608745
vn -0.284020 0.740789 0.608740
vn -0.514978 0.031477 0.856625
vn -0.294820 0.579311 -0.759921
vn -0.289131 0.591681 0.752540
vn 0.173656 0.984806 -0.000004
vn 0.173656 0.984806 0.000004
vn 0.000000 -1.000000 0.000000
vn 0.000000 -1.000000 0.000000
vn -0.030734 0.843842 -0.535711
vn -0.030723 0.843844 0.535708
vn -0.290083 0.030738 0.956508
vn -0.535029 0.021205 -0.844568
vn -0.536000 0.021035 0.843956
vn -0.037048 0.558244 -0.828849
vn -0.033587 0.570796 0.820405
vn 0.000000 -1.000000 0.000000
vn 0.000000 -1.000000 0.000000
vn 0.000000 -1.000000 0.000000
vn 0.159609 0.517552 0.840634
vn 0.173652 0.984807 -0.000000
vn 0.122606 0.822540 -0.555334
vn 0.122591 0.822541 0.555335
vn 0.173652 0.984807 0.000001
vn 0.173647 0.984808 -0.000002
vn 0.140449 0.542981 -0.827916
vn -0.078229 0.016543 0.996798
vn -0.292670 0.012038 -0.956138
vn -0.314061 0.012458 0.949321
vn -0.553036 0.021303 -0.832885
vn -0.551678 0.022035 0.833766
vn 0.000000 -1.000000 0.000000
vn -0.050206 0.002182 -0.998737
vn -0.060360 0.002399 0.998174
vn -0.343375 0.016023 -0.939062
vn -0.343504 0.013623 0.939052
vn -0.324269 -0.182384 -0.928216
vn -0.312017 -0.828474 -0.465055
vn -0.358068 -0.765800 0.534170
vn 0.040371 0.001738 0.999183
vn 0.026703 -0.001056 -0.999643
vn -0.247464 -0.841513 -0.480226
vn -0.314982 -0.725423 0.612003
vn 0.000000 -1.000000 0.000000
vn -0.072870 0.007680 -0.997312
vn -0.069917 0.003598 0.997546
vn -0.310523 -0.066789 0.948217
vn -0.193270 -0.790803 -0.580755
vn -0.140463 -0.893890 0.425711
vn -0.065367 -0.918828 -0.389206
vn -0.108787 -0.730134 0.674588
vn 0.053205 -0.002099 -0.998581
vn 0.037528 -0.708097 0.705117
vn 0.000000 -1.000000 0.000000
vn -0.013612 -0.947015 -0.320899
vn -0.025571 -0.773760 0.632962
vn 0.000000 -1.000000 0.000000
vn 0.000000 -1.000000 0.000000
vn 0.000000 -1.000000 0.000000
vn 0.028144 -0.707948 -0.705704
vn 0.122788 0.696364 0.707108
vn 0.122788 0.696364 -0.707108
vn 0.096323 0.546273 0.832051
vn 0.144483 0.819409 -0.554701
vn 0.000000 -0.707107 0.707107
vn -0.007656 -0.708683 -0.705485
vn -0.001770 -0.738900 0.673813
vn 0.000000 -0.707107 -0.707107
vn 0.122787 0.696363 0.707108
vn 0.122787 0.696363 -0.707108
vn 0.122787 0.696363 0.707108
vn 0.122787 0.696363 -0.707108
vn 0.000000 -0.707107 0.707107
vn 0.000000 -0.707107 -0.707107
vn 0.000000 -0.707107 0.707107
vn 0.000000 -0.707107 -0.707107
vn 0.122787 0.696363 0.707108
vn 0.122787 0.696363 -0.707108
vn 0.122787 0.696363 0.707108
vn 0.122787 0.696363 -0.707108
vn 0.000000 -0.707107 0.707107
vn 0.000000 -0.707107 -0.707107
vn 0.000000 -0.707107 0.707107
vn 0.000000 -0.707107 -0.707107
vn 0.122788 0.696364 0.707107
vn 0.173648 0.984808 0.000000
vn 0.122788 0.696364 -0.707107
vn 0.122788 0.696364 0.707107
vn 0.173648 0.984808 0.000000
vn 0.122788 0.696364 -0.707107
vn 0.000000 0.000000 -1.000000
vn 0.000000 0.000000 1.000000
vn 0.000000 0.000000 1.000000
vn 0.000000 0.000000 -1.000000
vn 0.000000 0.000000 -1.000000
vn 0.000000 0.000000 1.000000
vn 0.000000 -0.707107 0.707107
vn 0.000000 -1.000000 0.000000
vn 0.000000 -0.707107 -0.707107
vn 0.000000 -0.707107 0.707107
vn 0.000000 -1.000000 0.000000
vn 0.000000 -0.707107 -0.707107
vn 0.122788 0.696364 0.707108
vn 0.122788 0.696364 -0.707108
vn 0.122788 0.696364 0.707108
vn 0.122788 0.696364 -0.707108
vn 0.000000 -0.707107 0.707107
vn 0.000000 -0.707107 -0.707107
vn 0.000000 -0.707107 0.707107
vn 0.000000 -0.707107 -0.707107
vn 0.122789 0.696364 0.707107
vn 0.122789 0.696364 -0.707107
vn 0.122789 0.696364 0.707107
vn 0.122789 0.696364 -0.707107
vn 0.000000 -0.707107 0.707107
vn 0.000000 -0.707107 -0.707107
vn 0.000000 -0.707107 0.707107
vn 0.000000 -0.707107 -0.707107
vn 0.122788 0.696365 0.707106
vn 0.122788 0.696365 -0.707106
vn 0.122788 0.696365 0.707106
vn 0.122788 0.696365 -0.707106
vn 0.000000 -0.707107 0.707107
vn 0.000000 -0.707107 -0.707107
vn 0.000000 -0.707107 0.707107
vn 0.000000 -0.707107 -0.707107
vn 0.122788 0.696364 0.707107
vn 0.173648 0.984808 -0.000000
vn 0.122788 0.696364 -0.707107
vn 0.122788 0.696364 0.707107
vn 0.173648 0.984808 0.000000
vn 0.122788 0.696364 -0.707107
vn 0.000000 0.000000 -1.000000
vn 0.000000 0.000000 1.000000
vn 0.000000 0.000000 1.000000
vn 0.000000 0.000000 -1.000000
vn 0.000000 0.000000 -1.000000
vn 0.000000 0.000000 1.000000
vn 0.000000 -0.707107 0.707107
vn 0.000000 -1.000000 0.000000
vn 0.000000 -0.707107 -0.707107
vn 0.000000 -0.707107 0.707107
vn 0.000000 -1.000000 0.000000
vn 0.000000 -0.707107 -0.707107
vn 0.122788 0.696365 0.707106
vn 0.122788 0.696365 -0.707106
vn 0.122788 0.696365 0.707106
vn 0.122788 0.696365 -0.707106
vn 0.000000 -0.707107 0.707107
vn 0.000000 -0.707107 -0.707107
vn 0.000000 -0.707107 0.707107
vn 0.000000 -0.707107 -0.707107
vn 0.122788 0.696365 0.707106
vn 0.122788 0.696365 -0.707106
vn 0.122788 0.696365 0.707106
vn 0.122788 0.696365 -0.707106
vn 0.000000 -0.707107 0.707107
vn 0.000000 -0.707107 -0.707107
vn 0.000000 -0.707107 0.707107
vn 0.000000 -0.707107 -0.707107
vn 0.122788 0.696365 0.707106
vn 0.122788 0.696365 -0.707106
vn 0.122788 0.696365 0.707106
vn 0.122788 0.696365 -0.707106
vn 0.000000 -0.707107 0.707107
vn 0.000000 -0.707107 -0.707107
vn 0.000000 -0.707107 0.707107
vn 0.000000 -0.707107 -0.707107
vn 0.122787 0.696364 0.707107
vn 0.173648 0.984808 -0.000000
vn 0.122787 0.696364 -0.707107
vn 0.122787 0.696364 0.707107
vn 0.173648 0.984808 0.000000
vn 0.122787 0.696364 -0.707107
vn 0.000000 0.000000 -1.000000
vn 0.000000 0.000000 1.000000
vn 0.000000 0.000000 1.000000
vn 0.000000 0.000000 -1.000000
vn 0.000000 0.000000 -1.000000
vn 0.000000 0.000000 1.000000
vn 0.000000 -0.707107 0.707107
vn 0.000000 -1.000000 0.000000
vn 0.000000 -0.707107 -0.707107
vn 0.000000 -0.707107 0.707107
vn 0.000000 -1.000000 0.000000
vn 0.000000 -0.707107 -0.707107
vn 0.122788 0.696365 0.707106
vn 0.122788 0.696365 -0.707106
vn 0.122788 0.696365 0.707106
vn 0.122788 0.696365 -0.707106
vn 0.000000 -0.707107 0.707107
vn 0.000000 -0.707107 -0.707107
vn 0.000000 -0.707107 0.707107
vn 0.000000 -0.707107 -0.707107
vn 0.122788 0.696364 0.707107
vn 0.122788 0.696364 -0.707107
vn 0.122788 0.696364 0.707107
vn 0.122788 0.696364 -0.707107
vn 0.000000 -0.707107 0.707107
vn 0.000000 -0.707107 -0.707107
vn 0.000000 -0.707107 0.707107
vn 0.000000 -0.707107 -0.707107
vn 0.122789 0.696364 0.707107
vn 0.122789 0.696364 -0.707107
vn 0.122789 0.696364 0.707107
vn 0.122789 0.696364 -0.707107
vn 0.000000 -0.707107 0.707107
vn 0.000000 -0.707107 -0.707107
vn 0.000000 -0.707107 0.707107
vn 0.000000 -0.707107 -0.707107
vn 0.122787 0.696364 0.707107
vn 0.173649 0.984808 0.000000
vn 0.122787 0.696364 -0.707107
vn 0.122787 0.696364 0.707107
vn 0.173649 0.984808 0.000000
vn 0.122787 0.696364 -0.707107
vn 0.000000 0.000000 -1.000000
vn 0.000000 0.000000 1.000000
vn 0.000000 0.000000 1.000000
vn 0.000000 0.000000 -1.000000
vn 0.000000 0.000000 -1.000000
vn 0.000000 0.000000 1.000000
vn 0.000000 -0.707107 0.707107
vn 0.000000 -1.000000 0.000000
vn 0.000000 -0.707107 -0.707107
vn 0.000000 -0.707107 0.707107
vn 0.000000 -1.000000 0.000000
vn 0.000000 -0.707107 -0.707107
vn 0.122787 0.696363 0.707108
vn 0.122787 0.696363 -0.707108
vn 0.122787 0.696363 0.707108
vn 0.122787 0.696363 -0.707108
vn 0.000000 -0.707107 0.707107
vn 0.000000 -0.707107 -0.707107
vn 0.000000 -0.707107 0.707107
vn 0.000000 -0.707107 -0.707107
vn 0.122788 0.696363 0.707108
vn 0.122787 0.696363 -0.707108
vn 0.122787 0.696363 0.707108
vn 0.122788 0.696363 -0.707108
vn 0.000000 -0.707107 0.707107
vn 0.000000 -0.707107 -0.707107
vn 0.000000 -0.707107 0.707107
vn 0.000000 -0.707107 -0.707107
vn 0.122787 0.696364 0.707107
vn 0.122787 0.696364 -0.707107
vn 0.122787 0.696364 0.707107
vn 0.122787 0.696364 -0.707107
vn 0.000000 -0.707107 0.707107
vn 0.000000 -0.707107 -0.707107
vn 0.000000 -0.707107 0.707107
vn 0.000000 -0.707107 -0.707107
vn 0.122787 0.696364 0.707107
vn 0.173648 0.984808 0.000000
vn 0.122787 0.696364 -0.707107
vn 0.122787 0.696364 0.707107
vn 0.173648 0.984808 0.000000
vn 0.122787 0.696364 -0.707107
vn 0.000000 0.000000 -1.000000
vn 0.000000 0.000000 1.000000
vn 0.000000 0.000000 1.000000
vn 0.000000 0.000000 -1.000000
vn 0.000000 0.000000 -1.000000
vn 0.000000 0.000000 1.000000
vn 0.000000 -0.707107 0.707107
vn 0.000000 -1.000000 0.000000
vn 0.000000 -0.707107 -0.707107
vn 0.000000 -0.707107 0.707107
vn 0.000000 -1.000000 0.000000
vn 0.000000 -0.707107 -0.707107
vn 0.122788 0.696364 0.707108
vn 0.122788 0.696364 -0.707108
vn 0.122788 0.696364 0.707108
vn 0.122788 0.696364 -0.707108
vn 0.000000 -0.707107 0.707107
vn 0.000000 -0.707107 -0.707107
vn 0.000000 -0.707107 0.707107
vn 0.000000 -0.707107 -0.707107
vn 0.122789 0.696364 0.707107
vn 0.122789 0.696364 -0.707107
vn 0.122789 0.696364 0.707107
vn 0.122789 0.696364 -0.707107
vn 0.000000 -0.707107 0.707107
vn 0.000000 -0.707107 -0.707107
vn 0.000000 -0.707107 0.707107
vn 0.000000 -0.707107 -0.707107
vn 0.122788 0.696365 0.707106
vn 0.122788 0.696365 -0.707106
vn 0.122788 0.696365 0.707106
vn 0.122788 0.696365 -0.707106
vn 0.000000 -0.707107 0.707107
vn 0.000000 -0.707107 -0.707107
vn 0.000000 -0.707107 0.707107
vn 0.000000 -0.707107 -0.707107
vn 0.122788 0.696364 0.707107
vn 0.173648 0.984808 -0.000000
vn 0.122788 0.696364 -0.707107
vn 0.122788 0.696364 0.707107
vn 0.173648 0.984808 -0.000000
vn 0.122788 0.696364 -0.707107
vn 0.000000 0.000000 -1.000000
vn 0.000000 0.000000 1.000000
vn 0.000000 0.000000 1.000000
vn 0.000000 0.000000 -1.000000
vn 0.000000 0.000000 -1.000000
vn 0.000000 0.000000 1.000000
vn 0.000000 -0.707107 0.707107
vn 0.000000 -1.000000 0.000000
vn 0.000000 -0.707107 -0.707107
vn 0.000000 -0.707107 0.707107
vn 0.000000 -1.000000 0.000000
vn 0.000000 -0.707107 -0.707107
vn 0.122788 0.696365 0.707106
vn 0.122788 0.696365 -0.707106
vn 0.122788 0.696365 0.707106
vn 0.122788 0.696365 -0.707106
vn 0.000000 -0.707107 0.707107
vn 0.000000 -0.707107 -0.707107
vn 0.000000 -0.707107 0.707107
vn 0.000000 -0.707107 -0.707107
vn 0.122788 0.696365 0.707106
vn 0.122788 0.696365 -0.707106
vn 0.122788 0.696365 0.707106
vn 0.122788 0.696365 -0.707106
vn 0.000000 -0.707107 0.707107
vn 0.000000 -0.707107 -0.707107
vn 0.000000 -0.707107 0.707107
vn 0.000000 -0.707107 -0.707107
vn 0.122788 0.696365 0.707106
vn 0.122788 0.696365 -0.707106
vn 0.122788 0.696365 0.707106
vn 0.122788 0.696365 -0.707106
vn 0.000000 -0.707107 0.707107
vn 0.000000 -0.707107 -0.707107
vn 0.000000 -0.707107 0.707107
vn 0.000000 -0.707107 -0.707107
vn 0.122788 0.696364 0.707107
vn 0.173648 0.984808 -0.000000
vn 0.122788 0.696364 -0.707107
vn 0.122788 0.696364 0.707107
vn 0.173648 0.984808 -0.000000
vn 0.122788 0.696364 -0.707107
vn 0.000000 0.000000 -1.000000
vn 0.000000 0.000000 1.000000
vn 0.000000 0.000000 1.000000
vn 0.000000 0.000000 -1.000000
vn 0.000000 0.000000 -1.000000
vn 0.000000 0.000000 1.000000
vn 0.000000 -0.707107 0.707107
vn 0.000000 -1.000000 0.000000
vn 0.000000 -0.707107 -0.707107
vn 0.000000 -0.707107 0.707107
vn 0.000000 -1.000000 0.000000
vn 0.000000 -0.707107 -0.707107
vn 0.122788 0.696365 0.707106
vn 0.122788 0.696365 -0.707106
vn 0.122788 0.696365 0.707106
vn 0.122788 0.696365 -0.707106
vn 0.000000 -0.707107 0.707107
vn 0.000000 -0.707107 -0.707107
vn 0.000000 -0.707107 0.707107
vn 0.000000 -0.707107 -0.707107
vn 0.122788 0.696365 0.707106
vn 0.122788 0.696365 -0.707106
vn 0.122788 0.696365 0.707106
vn 0.122788 0.696365 -0.707106
vn 0.000000 -0.707107 0.707107
vn 0.000000 -0.707107 -0.707107
vn 0.000000 -0.707107 0.707107
vn 0.000000 -0.707107 -0.707107
vn 0.096324 0.546273 0.832050
vn 0.096324 0.546273 -0.832050
vn 0.096324 0.546273 0.832050
vn 0.122789 0.696364 -0.707107
vn 0.000000 -0.707107 0.707107
vn 0.000000 -0.554700 -0.832050
vn 0.000000 -0.554700 0.832050
vn 0.000000 -0.554700 -0.832050
vn 0.122593 0.822735 0.555049
vn 0.173639 0.984809 -0.000001
vn 0.166320 0.816513 -0.552851
vn 0.166353 0.816506 0.552852
vn 0.173645 0.984808 0.000000
vn 0.173648 0.984808 -0.000002
vn 0.094774 0.700051 -0.707776
vn 0.094322 -0.001616 -0.995540
vn 0.094335 -0.001619 0.995539
vn 0.233675 0.687080 -0.687980
vn 0.227695 0.539370 0.810701
vn 0.313749 0.796209 -0.517313
vn 0.339201 0.671294 0.659020
vn 0.397487 -0.002662 -0.917604
vn 0.336290 -0.014555 0.941646
vn 0.173645 0.984808 0.000008
vn -0.080599 0.002168 0.996744
vn -0.053280 0.003589 -0.998573
vn 0.387187 0.790843 -0.473976
vn 0.466704 0.515253 0.718820
vn 0.490395 0.680980 -0.543856
vn 0.441847 0.777558 0.447409
vn 0.526458 -0.029904 0.849675
vn 0.173645 0.984808 -0.000001
vn 0.173638 0.984810 0.000000
vn 0.173668 0.984804 0.000011
vn 0.173643 0.984809 -0.000003
vn 0.173642 0.984809 0.000002
vn 0.173623 0.984812 -0.000013
vn 0.068680 -0.004623 -0.997628
vn 0.068684 -0.004623 0.997628
vn 0.312985 -0.021070 -0.949524
vn 0.312983 -0.021070 0.949525
vn 0.173643 0.984809 0.000004
vn 0.173645 0.984808 -0.000003
vn 0.551406 -0.037549 -0.833392
vn 0.541377 -0.036535 0.839986
vn -0.037792 0.555521 0.830643
vn -0.023136 0.605684 -0.795369
vn -0.026596 0.001791 0.999645
vn -0.019955 0.001343 -0.999800
vn 0.173653 0.984807 0.000001
vn 0.173647 0.984808 0.000001
vn -0.175096 0.011810 -0.984481
vn 0.045726 -0.003077 -0.998949
vn 0.045728 -0.003078 0.998949
vn 0.262000 -0.017636 -0.964907
vn 0.262001 -0.017637 0.964906
vn 0.173653 0.984807 0.000004
vn 0.173653 0.984807 -0.000003
vn 0.532489 -0.035556 -0.845690
vn 0.524501 -0.035343 0.850676
vn 0.173644 0.984808 0.000001
vn -0.047857 0.003223 -0.998849
vn 0.515418 0.661966 -0.544192
vn 0.570050 0.498906 0.652791
vn -0.118791 0.726859 0.676436
vn -0.188741 0.576152 -0.795252
vn 0.093247 -0.011011 -0.995582
vn 0.093260 -0.011009 0.995581
vn -0.159082 0.012087 0.987191
vn -0.132716 0.008944 -0.991114
vn -0.037626 -0.706092 0.707119
vn 0.000000 -1.000000 0.000000
vn 0.022049 -0.832711 -0.553269
vn 0.022064 -0.832711 0.553267
vn 0.000000 -1.000000 0.000000
vn -0.044276 -0.552910 -0.832064
vn 0.173651 0.984807 0.000001
vn 0.173652 0.984807 -0.000002
vn 0.111214 -0.714967 -0.690257
vn 0.131026 -0.567065 0.813185
vn 0.392542 -0.050609 -0.918341
vn 0.334047 -0.030591 0.942060
vn 0.218887 -0.715608 -0.663320
vn 0.218876 -0.715609 0.663323
vn -0.281959 0.016237 0.959289
vn -0.314073 0.021213 -0.949162
vn 0.000000 -1.000000 0.000000
vn 0.000000 -1.000000 0.000000
vn 0.313444 -0.728658 -0.608942
vn 0.268942 -0.809208 0.522353
vn 0.524209 -0.040870 0.850608
vn 0.290926 -0.852755 -0.433786
vn 0.386335 -0.720472 0.575904
vn 0.000000 -1.000000 0.000000
vn 0.000000 -1.000000 0.000000
vn 0.000000 -1.000000 0.000000
vn 0.173648 0.984808 -0.000004
vn -0.158983 0.010721 0.987223
vn -0.158965 0.010720 -0.987226
vn -0.222955 0.739623 0.635019
vn -0.111916 0.856973 -0.503062
vn 0.000000 -1.000000 0.000000
vn -0.298547 0.020156 0.954182
vn -0.288471 0.019472 -0.957291
vn -0.154814 -0.548586 0.821637
vn -0.131557 -0.703702 -0.698209
vn 0.000000 -1.000000 0.000000
vn 0.000000 -1.000000 0.000000
vn -0.458610 0.031021 0.888096
vn -0.477891 0.028130 -0.877969
vn 0.173654 0.984807 0.000003
vn 0.522967 0.648071 -0.553633
vn 0.522968 0.648071 0.553632
vn 0.000000 -1.000000 0.000000
vn 0.000000 -1.000000 0.000000
vn -0.169600 0.864697 0.472796
vn -0.171589 0.862928 -0.475302
vn -0.324163 0.021899 0.945748
vn -0.324161 0.021899 -0.945748
vn -0.435057 0.029414 0.899923
vn -0.505705 0.034252 -0.862027
vn 0.469346 -0.597129 -0.650501
vn 0.480313 -0.577176 0.660429
vn -0.551671 0.037359 0.833224
vn -0.175104 -0.829276 0.530697
vn -0.140937 -0.893130 -0.427148
vn 0.000000 -1.000000 0.000000
vn 0.000000 -1.000000 0.000000
vn 0.000000 -1.000000 0.000000
vn -0.471541 0.031906 0.881267
vn -0.493277 0.038397 -0.869024
vn -0.563633 0.038212 0.825141
vn -0.414250 -0.425937 0.804348
vn -0.366226 -0.538667 -0.758760
vn 0.523100 0.647979 -0.553615
vn 0.523099 0.647979 0.553615
vn -0.303427 0.748536 0.589598
vn -0.402824 0.590882 -0.698993
vn 0.000000 -1.000000 0.000000
vn 0.407640 -0.721041 -0.560293
vn 0.407641 -0.721041 0.560293
vn -0.550468 0.037278 0.834024
vn -0.401152 -0.693914 0.597964
vn -0.403515 -0.689458 -0.601517
vn 0.523098 0.647979 -0.553617
vn 0.523098 0.647979 0.553617
vn -0.378441 0.642648 0.666173
vn -0.377520 0.641586 -0.667718
vn 0.407498 -0.721112 -0.560305
vn 0.407498 -0.721112 0.560306
vn 0.588704 -0.040118 -0.807352
vn 0.588704 -0.040118 0.807352
vn -0.424097 -0.692889 0.583135
vn -0.421000 -0.689500 -0.589363
vn 0.587992 -0.039977 -0.807878
vn 0.587992 -0.039977 0.807878
vn 0.523097 0.647979 -0.553617
vn 0.523098 0.647979 0.553617
vn 0.173648 0.984808 0.000001
vn 0.173648 0.984808 -0.000001
vn -0.303318 0.748671 0.589483
vn -0.303318 0.748671 -0.589483
vn 0.407496 -0.721112 -0.560307
vn 0.407496 -0.721112 0.560308
vn -0.479607 -0.579187 0.659181
vn -0.478544 -0.578294 -0.660736
vn 0.523035 0.647914 -0.553752
vn 0.523035 0.647914 0.553752
vn -0.303318 0.748671 0.589483
vn -0.303318 0.748671 -0.589483
vn 0.407495 -0.721112 -0.560308
vn 0.407495 -0.721112 0.560307
vn 0.000000 -1.000000 0.000000
vn 0.000000 -1.000000 0.000000
vn -0.424184 -0.692738 0.583251
vn -0.424185 -0.692738 -0.583250
vn -0.588779 0.040344 0.807287
vn -0.588779 0.040344 -0.807286
vn -0.588337 0.040203 0.807616
vn -0.586038 0.040046 -0.809294
vn 0.523159 0.647828 -0.553736
vn 0.523159 0.647828 0.553736
vn -0.405492 0.597369 0.691901
vn -0.405491 0.597369 -0.691901
vn -0.587874 0.040282 0.807949
vn -0.587875 0.040282 -0.807949
vn 0.407549 -0.721186 -0.560174
vn 0.407548 -0.721186 0.560174
vn -0.424182 -0.692738 0.583252
vn -0.424182 -0.692738 -0.583252
vn 0.523159 0.647828 -0.553736
vn 0.523159 0.647828 0.553736
vn -0.187681 0.867216 0.461207
vn -0.187681 0.867216 -0.461207
vn 0.407410 -0.721252 -0.560190
vn 0.407410 -0.721252 0.560190
vn 0.588660 -0.040517 -0.807365
vn 0.588660 -0.040516 0.807365
vn -0.588667 0.040519 0.807359
vn -0.588667 0.040519 -0.807359
vn -0.498444 -0.531122 0.685174
vn -0.498443 -0.531122 -0.685174
vn -0.588319 0.040401 0.807619
vn -0.588319 0.040401 -0.807619
vn 0.587972 -0.040383 -0.807873
vn 0.587972 -0.040383 0.807873
vn 0.523159 0.647828 -0.553736
vn 0.523159 0.647828 0.553736
vn 0.173649 0.984808 -0.000000
vn 0.173648 0.984808 0.000000
vn -0.405428 0.597478 0.691844
vn -0.405428 0.597478 -0.691844
vn -0.587956 0.040470 0.807880
vn -0.587956 0.040469 -0.807880
vn 0.407412 -0.721252 -0.560189
vn 0.407412 -0.721252 0.560188
vn -0.332250 -0.825169 0.456844
vn -0.332250 -0.825169 -0.456844
vn 0.523098 0.647767 -0.553865
vn 0.523098 0.647767 0.553865
vn -0.303216 0.748798 0.589374
vn -0.303215 0.748798 -0.589374
vn 0.407411 -0.721252 -0.560190
vn 0.407410 -0.721252 0.560190
vn 0.000000 -1.000000 0.000000
vn 0.000000 -1.000000 0.000000
vn -0.588648 0.040706 0.807364
vn -0.588647 0.040706 -0.807364
vn -0.498484 -0.531007 0.685234
vn -0.498484 -0.531007 -0.685234
vn -0.588304 0.040594 0.807620
vn -0.588304 0.040594 -0.807620
vn 0.523216 0.647685 -0.553849
vn 0.523217 0.647685 0.553848
vn -0.405375 0.597582 0.691785
vn -0.405374 0.597582 -0.691786
vn -0.587948 0.040658 0.807876
vn -0.587948 0.040658 -0.807876
vn 0.407463 -0.721321 -0.560063
vn 0.407463 -0.721321 0.560063
vn -0.424264 -0.692599 0.583358
vn -0.424264 -0.692599 -0.583358
vn 0.523219 0.647685 -0.553847
vn 0.523219 0.647685 0.553847
vn -0.187620 0.867269 0.461133
vn -0.187620 0.867269 -0.461132
vn 0.407332 -0.721382 -0.560079
vn 0.407333 -0.721382 0.560079
vn 0.588635 -0.040914 -0.807363
vn 0.588635 -0.040914 0.807363
vn -0.588627 0.040889 0.807370
vn -0.588627 0.040889 -0.807370
vn -0.498525 -0.530896 0.685290
vn -0.498525 -0.530896 -0.685290
vn -0.588290 0.040779 0.807621
vn -0.588290 0.040779 -0.807621
vn 0.587980 -0.040829 -0.807845
vn 0.587980 -0.040829 0.807845
vn 0.523219 0.647685 -0.553846
vn 0.523218 0.647685 0.553847
vn 0.173648 0.984808 0.000000
vn 0.173648 0.984808 -0.000000
vn -0.405320 0.597682 0.691731
vn -0.405319 0.597682 -0.691732
vn -0.587939 0.040841 0.807873
vn -0.587939 0.040841 -0.807874
vn 0.407331 -0.721382 -0.560080
vn 0.407330 -0.721382 0.560080
vn -0.332304 -0.825105 0.456920
vn -0.332304 -0.825105 -0.456919
vn 0.523181 0.647635 -0.553941
vn 0.523181 0.647635 0.553941
vn -0.303122 0.748914 0.589274
vn -0.303122 0.748914 -0.589275
vn 0.407331 -0.721382 -0.560080
vn 0.407330 -0.721382 0.560080
vn -0.588606 0.041064 0.807377
vn -0.588606 0.041064 -0.807377
vn 0.000000 -1.000000 0.000000
vn 0.000000 -1.000000 0.000000
vn -0.498562 -0.530788 0.685346
vn -0.498562 -0.530789 -0.685346
vn -0.588275 0.040958 0.807623
vn -0.588275 0.040958 -0.807623
vn 0.458254 0.774802 -0.435529
vn 0.520873 0.665507 0.534595
vn -0.405263 0.597780 0.691680
vn -0.405264 0.597780 -0.691679
vn -0.587930 0.041018 0.807871
vn -0.587930 0.041018 -0.807871
vn 0.407356 -0.721439 -0.559988
vn 0.407357 -0.721439 0.559988
vn -0.424335 -0.692468 0.583462
vn -0.424335 -0.692468 -0.583462
vn 0.638430 0.588929 -0.495551
vn 0.516362 0.695145 0.500143
vn 0.433636 0.850257 -0.298367
vn 0.567726 0.673566 0.473282
vn 0.486976 0.826966 -0.281036
vn 0.541988 0.770625 0.335241
vn 0.537565 0.804397 -0.252921
vn 0.583482 0.759426 0.287786
vn 0.681887 0.679257 -0.271366
vn 0.723046 0.624022 0.296312
vn 0.618715 0.767586 -0.167343
vn 0.635631 0.752047 0.174354
vn 0.896249 -0.020149 0.443094
vn 0.761091 0.632233 -0.144989
vn 0.644550 0.755978 0.114242
vn 0.781066 0.620138 -0.073242
vn 0.757540 0.648989 0.070334
vn 0.787706 0.615779 -0.018306
vn 0.788037 0.615627 0.000000
vn 0.788037 0.615628 0.000000
vn 0.788037 0.615628 0.000000
vn 0.788037 0.615628 0.000000
vn 0.788037 0.615628 0.000000
vn 0.788037 0.615628 0.000000
vn 0.788037 0.615628 0.000000
vn 0.788037 0.615628 0.000000
vn 0.788037 0.615628 0.000000
vn 0.788037 0.615628 0.000000
vn 0.788037 0.615628 0.000000
vn 0.788037 0.615628 0.000000
vn 0.788037 0.615628 0.000000
vn 0.788037 0.615628 0.000000
vn 0.773472 0.633805 0.005685
vn 0.747124 0.664467 0.017043
vn -0.187562 0.867318 0.461064
vn -0.187561 0.867318 -0.461064
vn 0.926839 0.031563 -0.374130
vn 0.173629 0.984811 -0.000021
vn 0.173647 0.984808 0.000004
vn 0.670036 -0.051381 -0.740548
vn 0.633541 -0.046783 0.772293
vn 0.173648 0.984808 0.000004
vn 0.780491 -0.065441 -0.621732
vn 0.781484 -0.055981 0.621408
vn 0.905728 -0.068216 -0.418335
vn 0.906146 -0.063442 0.418181
vn 0.173638 0.984810 -0.000012
vn 0.173634 0.984810 0.000018
vn 0.977416 -0.069617 -0.199530
vn 0.977417 -0.069642 0.199512
vn 0.996884 -0.069797 -0.036745
vn 0.996522 -0.072509 0.041057
vn 0.173644 0.984809 -0.000009
vn 0.173639 0.984809 0.000017
vn 0.173651 0.984807 -0.000036
vn 0.173654 0.984807 0.000018
vn 0.173655 0.984807 -0.000033
vn 0.407257 -0.721502 -0.559979
vn 0.474731 -0.605609 0.638645
vn 0.646448 -0.045250 -0.761615
vn 0.646448 -0.045250 0.761615
vn -0.588587 0.041235 0.807382
vn -0.588587 0.041235 -0.807382
vn 0.766154 -0.053633 -0.640416
vn 0.766156 -0.053633 0.640413
vn 0.895878 -0.062719 -0.439850
vn 0.895880 -0.062719 0.439847
vn 0.972704 -0.068104 -0.221829
vn 0.972704 -0.068104 0.221829
vn -0.498601 -0.530685 0.685398
vn -0.498602 -0.530685 -0.685398
vn 0.995373 -0.069693 -0.066147
vn 0.997558 -0.069845 0.000000
vn 0.997558 -0.069845 0.000000
vn 0.997558 -0.069845 -0.000000
vn 0.995373 -0.069693 0.066147
vn 0.636833 -0.044517 -0.769716
vn 0.636833 -0.044517 0.769716
vn 0.766044 -0.053626 -0.640548
vn 0.766046 -0.053626 0.640545
vn 0.895803 -0.062714 -0.440004
vn 0.895805 -0.062714 0.440001
vn 0.972648 -0.068097 -0.222077
vn 0.972648 -0.068097 0.222077
vn 0.996037 -0.069740 -0.055193
vn 0.996037 -0.069740 0.055193
vn -0.588260 0.041131 0.807625
vn -0.588260 0.041131 -0.807625
vn 0.636676 -0.044565 -0.769843
vn 0.636676 -0.044565 0.769843
vn 0.739276 -0.051750 -0.671411
vn 0.739278 -0.051750 0.671409
vn 0.173646 0.984808 0.000001
vn 0.173646 0.984808 -0.000001
vn 0.877652 -0.061443 -0.475344
vn 0.877654 -0.061443 0.475340
vn 0.963511 -0.067458 -0.259030
vn 0.963511 -0.067458 0.259030
vn 0.994843 -0.069653 -0.073730
vn 0.997558 -0.069845 0.000000
vn 0.997558 -0.069845 0.000000
vn 0.997558 -0.069845 -0.000000
vn 0.994843 -0.069653 0.073730
vn -0.302983 0.748989 0.589251
vn -0.378154 0.643235 -0.665769
vn 0.629692 -0.044044 -0.775595
vn 0.633211 -0.041821 0.772848
vn -0.587922 0.041188 0.807868
vn -0.587922 0.041188 -0.807868
vn 0.173648 0.984808 0.000002
vn 0.173646 0.984808 -0.000001
vn 0.781195 -0.053477 -0.621992
vn 0.781196 -0.053420 0.621996
vn 0.906154 -0.058666 -0.418860
vn 0.905865 -0.063422 0.418792
vn 0.978058 -0.058069 -0.200078
vn 0.976626 -0.067877 0.203949
vn 0.993329 -0.064631 -0.095504
vn 0.996879 -0.069797 0.036882
vn 0.851259 -0.154422 -0.501509
vn 0.173643 0.984809 -0.000005
vn 0.173647 0.984808 -0.000001
vn 0.423725 -0.722244 -0.546645
vn 0.309862 -0.862698 0.399672
vn 0.367902 -0.842288 -0.393953
vn 0.353149 -0.855823 0.377958
vn 0.405997 -0.848120 -0.340381
vn 0.405623 -0.848486 0.339913
vn 0.432095 -0.856942 -0.280969
vn 0.571682 -0.731557 0.371489
vn 0.834918 -0.089289 0.543084
vn 0.563934 -0.777907 -0.277197
vn 0.482584 -0.843193 0.236935
vn 0.445241 -0.881521 -0.157101
vn 0.640685 -0.733924 0.225562
vn 0.990804 -0.076904 0.111321
vn 0.547202 -0.827674 -0.124600
vn 0.774892 -0.606970 0.176440
vn 0.519843 -0.852269 -0.058308
vn 0.429324 -0.901897 0.047580
vn 0.602925 -0.790681 -0.106330
vn 0.681966 -0.731384 0.000000
vn 0.681966 -0.731384 -0.000000
vn 0.681966 -0.731384 0.000000
vn 0.681966 -0.731384 0.000000
vn 0.681966 -0.731384 0.000000
vn 0.681966 -0.731384 0.000000
vn 0.681966 -0.731384 0.000000
vn 0.681966 -0.731384 0.000000
vn 0.681966 -0.731384 0.000000
vn 0.681966 -0.731384 0.000000
vn 0.681966 -0.731384 0.000000
vn 0.681966 -0.731384 0.000000
vn 0.681966 -0.731384 0.000000
vn 0.681966 -0.731384 0.000000
vn 0.804489 -0.593968 0.000000
vn 0.681588 -0.731497 0.018714
vn -0.332355 -0.825046 0.456989
vn -0.332355 -0.825046 -0.456989
vn 0.173653 0.984807 0.000005
vn 0.173651 0.984807 -0.000003
vn 0.000000 -1.000000 0.000000
vn 0.000000 -1.000000 0.000000
vn 0.173645 0.984808 -0.000009
vn 0.173645 0.984808 0.000011
vn 0.000000 -1.000000 0.000000
vn 0.000000 -1.000000 0.000000
vn 0.000000 -1.000000 0.000000
vn 0.000000 -1.000000 0.000000
vn 0.173650 0.984807 0.000005
vn 0.173650 0.984807 0.000001
vn 0.000000 -1.000000 0.000000
vn 0.173649 0.984808 0.000009
vn 0.173652 0.984807 -0.000006
vn 0.173647 0.984808 -0.000007
vn 0.173650 0.984807 -0.000012
vn 0.173647 0.984808 -0.000005
vn 0.173648 0.984808 0.000000
vn 0.173648 0.984808 0.000000
vn 0.173648 0.984808 0.000000
vn 0.173647 0.984808 0.000005
vn -0.433668 0.601049 0.671321
vn -0.321165 0.751466 -0.576326
vn -0.637182 0.044243 -0.769442
vn 0.173657 0.984806 -0.000003
vn 0.173655 0.984806 0.000004
vn -0.605963 0.043241 0.794316
vn -0.600778 0.042224 -0.798300
vn -0.372975 0.758480 0.534414
vn -0.489986 0.603808 -0.628753
vn 0.000000 -1.000000 0.000000
vn 0.000000 -1.000000 0.000000
vn -0.534590 -0.417256 0.734923
vn -0.479792 -0.578568 -0.659590
vn 0.173653 0.984807 -0.000001
vn -0.697323 0.049126 0.715072
vn -0.641144 0.046007 0.766041
vn -0.641150 0.045979 -0.766037
vn 0.000000 -1.000000 0.000000
vn 0.000000 -1.000000 0.000000
vn -0.596425 0.041873 0.801576
vn -0.596426 0.041874 -0.801575
vn -0.438361 0.764307 0.472943
vn -0.573328 0.616095 -0.540113
vn -0.686712 0.048319 0.725322
vn -0.685833 0.051294 -0.725949
vn 0.000000 -1.000000 0.000000
vn 0.000000 -1.000000 0.000000
vn -0.743865 0.052197 -0.666289
vn -0.628477 0.044195 0.776572
vn -0.628481 0.044195 -0.776569
vn -0.729515 0.052262 0.681966
vn -0.729510 0.052287 -0.681968
vn 0.000000 -1.000000 0.000000
vn 0.000000 -1.000000 0.000000
vn -0.490884 0.773238 0.401418
vn -0.333262 0.889144 -0.313623
vn -0.600198 0.042184 0.798738
vn -0.600201 0.042184 -0.798736
vn -0.768911 0.057251 0.636788
vn -0.769741 0.054199 -0.636051
vn -0.674606 0.047458 0.736651
vn -0.674606 0.047458 -0.736651
vn 0.000000 -1.000000 0.000000
vn 0.000000 -1.000000 0.000000
vn -0.836583 0.060038 0.544540
vn -0.850073 0.059719 -0.523268
vn 0.173649 0.984808 -0.000001
vn 0.000000 -1.000000 0.000000
vn 0.000000 -1.000000 0.000000
vn -0.806778 0.057779 0.588023
vn -0.806279 0.057183 -0.588765
vn 0.000000 -1.000000 0.000000
vn -0.640018 0.044641 0.767062
vn -0.640020 0.044641 -0.767060
vn -0.718226 0.050546 0.693971
vn -0.718227 0.050546 -0.693970
vn -0.531153 0.777855 0.335885
vn -0.681635 0.623630 -0.382701
vn 0.000000 -1.000000 0.000000
vn 0.000000 -1.000000 0.000000
vn -0.612209 0.042593 0.789548
vn -0.616216 0.042955 -0.786405
vn 0.173650 0.984807 -0.000000
vn 0.000000 -1.000000 0.000000
vn 0.000000 -1.000000 0.000000
vn 0.000000 -1.000000 0.000000
vn 0.000000 -1.000000 0.000000
vn 0.000000 -1.000000 0.000000
vn 0.000000 -1.000000 0.000000
vn 0.000000 -1.000000 0.000000
vn -0.840836 0.059243 0.538038
vn -0.840837 0.059243 -0.538037
vn 0.173645 0.984808 0.000002
vn 0.173645 0.984808 0.000002
vn -0.448323 -0.691674 0.566210
vn -0.442355 -0.691903 -0.570607
vn -0.759130 0.053443 0.648742
vn -0.759128 0.053442 -0.648744
vn -0.686278 0.048288 0.725735
vn -0.686279 0.048288 -0.725733
vn -0.795788 0.521577 0.307700
vn -0.725626 0.631933 -0.272263
vn -0.871471 0.062355 0.486467
vn -0.871471 0.062355 -0.486468
vn -0.797104 0.056135 0.601228
vn -0.797101 0.056135 -0.601230
vn -0.930113 0.065376 -0.361409
vn -0.729263 0.050402 0.682374
vn -0.728523 0.050893 -0.683129
vn -0.752022 0.634161 0.179732
vn -0.414465 0.901010 -0.128059
vn -0.898598 0.067092 0.433614
vn -0.898233 0.066448 -0.434468
vn -0.698975 0.049375 0.713439
vn -0.681826 0.047209 -0.729989
vn -0.611567 0.788256 0.068106
vn -0.768209 0.632924 -0.096236
vn -0.831936 0.058607 0.551767
vn -0.831937 0.058607 -0.551767
vn -0.614961 0.788295 0.020361
vn -0.731254 0.682106 -0.000001
vn -0.429978 0.902839 0.000000
vn -0.771598 0.636111 0.000000
vn -0.615412 0.788206 0.000000
vn -0.771598 0.636111 0.000000
vn -0.429978 0.902839 0.000000
vn -0.771598 0.636111 0.000000
vn -0.615412 0.788206 0.000000
vn -0.771598 0.636111 0.000000
vn -0.429978 0.902839 0.000000
vn -0.771598 0.636111 0.000000
vn -0.615412 0.788206 0.000000
vn -0.771598 0.636111 0.000000
vn -0.429978 0.902839 0.000000
vn -0.731254 0.682106 0.000001
vn -0.614961 0.788295 -0.020361
vn -0.916290 0.066265 0.394995
vn -0.922784 0.066004 -0.379623
vn -0.977597 0.068829 -0.198914
vn -0.768958 0.051028 0.637260
vn -0.769378 0.054174 -0.636492
vn -0.493574 -0.690650 0.528571
vn -0.558046 -0.575790 -0.597537
vn -0.987723 0.071688 0.138795
vn -0.943412 0.066532 0.324882
vn -0.943412 0.066532 -0.324882
vn -0.996991 0.070695 0.031799
vn -0.996056 0.069749 -0.054846
vn -0.863553 0.060851 0.500572
vn -0.863554 0.060851 -0.500572
vn 0.000000 -1.000000 0.000000
vn 0.000000 -1.000000 0.000000
vn -0.963818 0.069557 0.257326
vn -0.960282 0.068111 -0.270589
vn -0.806584 0.055873 0.588473
vn -0.806584 0.055867 -0.588474
vn -0.974087 0.072250 0.214324
vn -0.974352 0.068733 -0.214277
vn -0.891832 0.062861 0.447977
vn -0.891832 0.062861 -0.447978
vn -0.779175 0.052955 -0.624566
vn -0.984792 0.070355 0.158854
vn -0.984792 0.070357 -0.158851
vn -0.992147 0.070001 0.103654
vn -0.991826 0.072834 -0.104766
vn -0.996254 0.070642 0.049879
vn -0.996266 0.071126 -0.048948
vn -0.840553 0.059223 0.538482
vn -0.840783 0.055471 -0.538523
vn -0.997461 0.070380 0.010861
vn -0.997520 0.070384 0.000000
vn -0.997520 0.070384 0.000000
vn -0.997520 0.070384 0.000000
vn -0.997520 0.070384 0.000000
vn -0.997520 0.070384 0.000000
vn -0.997520 0.070384 0.000000
vn -0.997520 0.070384 0.000000
vn -0.997479 0.070381 -0.009050
vn -0.916729 0.064631 0.394247
vn -0.916729 0.064631 -0.394246
vn -0.654764 -0.519977 0.548551
vn -0.555802 -0.688504 -0.465881
vn 0.000000 -1.000000 0.000000
vn -0.938197 0.066157 0.339721
vn -0.938197 0.066157 -0.339721
vn -0.870824 0.060977 0.487798
vn -0.870267 0.058603 -0.489081
vn -0.956274 0.067445 0.284589
vn -0.956274 0.067445 -0.284589
vn -0.818269 0.057832 0.571919
vn -0.970972 0.068492 0.229178
vn -0.970972 0.068492 -0.229178
vn -0.898708 0.063352 0.433948
vn -0.898945 0.059624 -0.433985
vn -0.982356 0.069302 0.173708
vn -0.982356 0.069302 -0.173708
vn -0.990502 0.069883 0.118418
vn -0.990502 0.069883 -0.118418
vn 0.000000 -1.000000 0.000000
vn -0.617750 -0.686285 0.383924
vn -0.603485 -0.686429 -0.405736
vn -0.995506 0.070240 0.063509
vn -0.995506 0.070240 -0.063509
vn -0.997400 0.070374 0.015509
vn -0.997520 0.070382 0.000000
vn -0.997520 0.070382 0.000000
vn -0.997520 0.070382 0.000000
vn -0.997520 0.070382 0.000000
vn -0.997520 0.070382 0.000000
vn -0.997520 0.070382 0.000000
vn -0.997520 0.070382 0.000000
vn -0.997400 0.070374 -0.015508
vn -0.922769 0.064122 0.379980
vn -0.922768 0.064134 -0.379981
vn -0.943530 0.062809 0.325279
vn -0.943285 0.066523 -0.325251
vn -0.905108 0.061901 0.420651
vn -0.959968 0.065075 0.272447
vn -0.960538 0.066831 -0.270002
vn -0.974540 0.065220 0.214517
vn -0.974548 0.065105 -0.214516
vn -0.511456 -0.821810 0.251078
vn -0.774009 -0.517293 -0.365127
vn -0.984886 0.068610 0.159038
vn -0.984596 0.066919 -0.161534
vn 0.000000 -1.000000 0.000000
vn 0.000000 -1.000000 0.000000
vn -0.992131 0.069999 0.103805
vn -0.992361 0.066651 -0.103815
vn -0.941317 0.063450 -0.331507
vn -0.996301 0.069946 0.049922
vn -0.996381 0.069470 -0.048975
vn -0.997479 0.070380 0.009041
vn -0.997520 0.070382 0.000000
vn -0.997520 0.070382 0.000000
vn -0.997520 0.070382 0.000000
vn -0.997520 0.070382 0.000000
vn -0.997520 0.070382 0.000000
vn -0.997520 0.070382 0.000000
vn -0.997520 0.070382 0.000000
vn -0.997461 0.070379 -0.010850
vn 0.000000 -1.000000 0.000000
vn 0.000000 -1.000000 0.000000
vn -0.803685 -0.515825 0.296673
vn -0.538200 -0.821249 -0.189449
vn -0.987971 0.067701 0.139034
vn -0.997038 0.069999 0.031856
vn -0.996275 0.068403 -0.052513
vn -0.839209 -0.514106 0.177268
vn -0.833418 -0.514369 -0.202086
vn -0.727885 -0.682413 0.067049
vn -0.727886 -0.682111 -0.070052
vn -0.731146 -0.681926 0.020038
vn -0.826424 -0.563049 -0.000001
vn -0.572225 -0.820097 0.000000
vn -0.858337 -0.513086 0.000000
vn -0.731568 -0.681769 0.000000
vn -0.858337 -0.513086 0.000000
vn -0.572225 -0.820097 0.000000
vn -0.858337 -0.513086 0.000000
vn -0.731568 -0.681769 0.000000
vn -0.858337 -0.513086 0.000000
vn -0.572225 -0.820097 0.000000
vn -0.858337 -0.513086 0.000000
vn -0.731568 -0.681769 0.000000
vn -0.858337 -0.513086 0.000000
vn -0.572225 -0.820097 0.000000
vn -0.826424 -0.563049 0.000001
vn -0.731146 -0.681926 -0.020038

f 157//157 109//109 153//153
f 157//157 183//183 316//316
f 183//183 157//157 153//153
f 368//368 339//339 384//384
f 384//384 349//349 364//364
f 349//349 384//384 339//339
f 324//324 353//353 316//316
f 384//384 372//372 382//382
f 426//426 394//394 406//406
f 394//394 384//384 382//382
f 426//426 414//414 424//424
f 481//481 436//436 448//448
f 462//462 448//448 456//456
f 436//436 426//426 424//424
f 414//414 426//426 406//406
f 372//372 384//384 364//364
f 488//488 471//471 483//483
f 546//546 545//545 506//506
f 506//506 508//508 483//483
f 544//544 584//584 592//592
f 609//609 600//600 610//610
f 600//600 609//609 592//592
f 584//584 545//545 546//546
f 609//609 626//626 634//634
f 651//651 642//642 652//652
f 642//642 651//651 634//634
f 651//651 668//668 676//676
f 693//693 684//684 694//694
f 693//693 694//694 710//710
f 684//684 693//693 676//676
f 668//668 651//651 652//652
f 626//626 609//609 610//610
f 471//471 462//462 456//456
f 735//735 718//718 726//726
f 735//735 736//736 752//752
f 736//736 735//735 726//726
f 777//777 760//760 768//768
f 777//777 778//778 794//794
f 778//778 777//777 768//768
f 760//760 735//735 752//752
f 819//819 802//802 810//810
f 819//819 820//820 836//836
f 820//820 819//819 810//810
f 861//861 844//844 852//852
f 861//861 862//862 878//878
f 861//861 878//878 886//886
f 862//862 861//861 852//852
f 844//844 819//819 836//836
f 802//802 777//777 794//794
f 904//904 894//894 905//905
f 933//933 937//937 956//956
f 937//937 933//933 904//904
f 1007//1007 968//968 948//948
f 968//968 1028//1028 1038//1038
f 1050//1050 1038//1038 1052//1052
f 1028//1028 968//968 1007//1007
f 991//991 933//933 956//956
f 1050//1050 1060//1060 1074//1074
f 1100//1100 1084//1084 1102//1102
f 1084//1084 1050//1050 1074//1074
f 1100//1100 1112//1112 1126//1126
f 1152//1152 1136//1136 1154//1154
f 1152//1152 1154//1154 1164//1164
f 1136//1136 1100//1100 1126//1126
f 1112//1112 1100//1100 1102//1102
f 1060//1060 1050//1050 1052//1052
f 894//894 903//903 886//886
f 718//718 693//693 710//710
f 384//384 394//394 426//426
f 316//316 344//344 157//157
f 462//462 488//488 492//492
f 488//488 483//483 508//508
f 436//436 481//481 426//426
f 339//339 368//368 324//324
f 448//448 462//462 481//481
f 481//481 487//487 461//461
f 488//488 504//504 492//492
f 512//512 492//492 504//504
f 492//492 512//512 481//481
f 462//462 492//492 481//481
f 426//426 428//428 418//418
f 488//488 508//508 518//518
f 1220//1220 1289//1289 1278//1278
f 1370//1370 1289//1289 1367//1367
f 1370//1370 1278//1278 1289//1289
f 545//545 544//544 508//508
f 1178//1178 1220//1220 1152//1152
f 948//948 933//933 991//991
f 933//933 926//926 903//903
f 1050//1050 1084//1084 1100//1100
f 735//735 760//760 777//777
f 545//545 584//584 544//544
f 1374//1374 1370//1370 1367//1367
f 462//462 471//471 488//488
f 518//518 544//544 527//527
f 609//609 634//634 651//651
f 633//633 609//609 651//651
f 609//609 599//599 591//591
f 544//544 592//592 609//609
f 693//693 718//718 735//735
f 717//717 693//693 735//735
f 819//819 844//844 861//861
f 801//801 777//777 819//819
f 843//843 819//819 861//861
f 861//861 886//886 903//903
f 777//777 759//759 735//735
f 777//777 802//802 819//819
f 693//693 675//675 651//651
f 651//651 676//676 693//693
f 923//923 903//903 926//926
f 933//933 948//948 941//941
f 923//923 941//941 948//948
f 941//941 923//923 926//926
f 933//933 941//941 926//926
f 968//968 1038//1038 1050//1050
f 1003//1003 968//968 1050//1050
f 1164//1164 1178//1178 1152//1152
f 1110//1110 1100//1100 1152//1152
f 1162//1162 1152//1152 1278//1278
f 1220//1220 1278//1278 1152//1152
f 1100//1100 1058//1058 1050//1050
f 1100//1100 1136//1136 1152//1152
f 968//968 923//923 948//948
f 903//903 885//885 861//861
f 894//894 904//904 903//903
f 518//518 527//527 504//504
f 1295//1295 1278//1278 1370//1370
f 1388//1388 1370//1370 1374//1374
f 1412//1412 1401//1401 1423//1423
f 1388//1388 1401//1401 1370//1370
f 1412//1412 1447//1447 1456//1456
f 1439//1439 1462//1462 1481//1481
f 1462//1462 1439//1439 1456//1456
f 1447//1447 1412//1412 1423//1423
f 1365//1365 1480//1480 1479//1479
f 1364//1364 1478//1478 1477//1477
f 1478//1478 1364//1364 1479//1479
f 1364//1364 1476//1476 1475//1475
f 1363//1363 1474//1474 1473//1473
f 1363//1363 1473//1473 1472//1472
f 1474//1474 1363//1363 1475//1475
f 1476//1476 1364//1364 1477//1477
f 1480//1480 1439//1439 1481//1481
f 1412//1412 1345//1345 1370//1370
f 1223//1223 1295//1295 1306//1306
f 1365//1365 1439//1439 1480//1480
f 1412//1412 1439//1439 1358//1358
f 1401//1401 1412//1412 1370//1370
f 1306//1306 1370//1370 1345//1345
f 1412//1412 1349//1349 1345//1345
f 1349//1349 1238//1238 1232//1232
f 1412//1412 1358//1358 1355//1355
f 1239//1239 1355//1355 1358//1358
f 1360//1360 1241//1241 1239//1239
f 1439//1439 1360//1360 1358//1358
f 1355//1355 1238//1238 1349//1349
f 1412//1412 1355//1355 1349//1349
f 1345//1345 1232//1232 1306//1306
f 1365//1365 1360//1360 1439//1439
f 1362//1362 1471//1471 1470//1470
f 1362//1362 1469//1469 1468//1468
f 1469//1469 1362//1362 1470//1470
f 1363//1363 1472//1472 1471//1471
f 1216//1216 1365//1365 1364//1364
f 1467//1467 1362//1362 1468//1468
f 1362//1362 1363//1363 1471//1471
f 1208//1208 1363//1363 1362//1362
f 1362//1362 1467//1467 1361//1361
f 1363//1363 1212//1212 1364//1364
f 1475//1475 1363//1363 1364//1364
f 1479//1479 1364//1364 1365//1365
f 1365//1365 1241//1241 1360//1360
f 1412//1412 1456//1456 1439//1439
f 1306//1306 1295//1295 1370//1370
f 1295//1295 1223//1223 1278//1278
f 1438//1438 1466//1466 1465//1465
f 1455//1455 1428//1428 1461//1461
f 1461//1461 1438//1438 1465//1465
f 1428//1428 1446//1446 1422//1422
f 1379//1379 1400//1400 1387//1387
f 1400//1400 1379//1379 1422//1422
f 1446//1446 1428//1428 1455//1455
f 1369//1369 1373//1373 1366//1366
f 1277//1277 1288//1288 1219//1219
f 1288//1288 1369//1369 1366//1366
f 1151//1151 1177//1177 1163//1163
f 1151//1151 1153//1153 1135//1135
f 1099//1099 1135//1135 1125//1125
f 1153//1153 1151//1151 1163//1163
f 1177//1177 1151//1151 1219//1219
f 1373//1373 1369//1369 1387//1387
f 1099//1099 1111//1111 1101//1101
f 1049//1049 1083//1083 1073//1073
f 1083//1083 1099//1099 1101//1101
f 1049//1049 1059//1059 1051//1051
f 967//967 1027//1027 1001//1001
f 1037//1037 1049//1049 1051//1051
f 1059//1059 1049//1049 1073//1073
f 990//990 987//987 1006//1006
f 932//932 955//955 936//936
f 955//955 951//951 990//990
f 899//899 891//891 900//900
f 883//883 875//875 858//858
f 875//875 857//857 858//858
f 900//900 891//891 883//883
f 899//899 932//932 936//936
f 1006//1006 1001//1001 1027//1027
f 1111//1111 1099//1099 1125//1125
f 849//849 841//841 858//858
f 833//833 815//815 816//816
f 816//816 841//841 833//833
f 807//807 799//799 816//816
f 791//791 773//773 774//774
f 774//774 799//799 791//791
f 816//816 815//815 807//807
f 765//765 757//757 774//774
f 749//749 731//731 732//732
f 732//732 757//757 749//749
f 723//723 715//715 732//732
f 707//707 689//689 690//690
f 689//689 681//681 690//690
f 690//690 715//715 707//707
f 732//732 731//731 723//723
f 774//774 773//773 765//765
f 673//673 665//665 648//648
f 647//647 639//639 648//648
f 648//648 665//665 647//647
f 631//631 623//623 606//606
f 605//605 597//597 606//606
f 597//597 589//589 606//606
f 606//606 623//623 605//605
f 648//648 639//639 631//631
f 505//505 517//517 541//541
f 470//470 491//491 503//503
f 482//482 503//503 517//517
f 455//455 447//447 480//480
f 435//435 423//423 425//425
f 423//423 413//413 425//425
f 480//480 447//447 435//435
f 455//455 480//480 491//491
f 541//541 581//581 540//540
f 690//690 681//681 673//673
f 858//858 857//857 849//849
f 393//393 425//425 405//405
f 371//371 383//383 381//381
f 393//393 381//381 383//383
f 1428//1428 1357//1357 1438//1438
f 363//363 348//348 383//383
f 363//363 383//383 371//371
f 1379//1379 1348//1348 1428//1428
f 1379//1379 1428//1428 1422//1422
f 338//338 340//340 348//348
f 315//315 340//340 323//323
f 338//338 323//323 340//340
f 152//152 156//156 182//182
f 152//152 108//108 107//107
f 108//108 100//100 107//107
f 156//156 152//152 107//107
f 315//315 182//182 340//340
f 1288//1288 1277//1277 1369//1369
f 1240//1240 1361//1361 1359//1359
f 1428//1428 1348//1348 1354//1354
f 1354//1354 1357//1357 1428//1428
f 1357//1357 1240//1240 1359//1359
f 1361//1361 1438//1438 1359//1359
f 1348//1348 1379//1379 1344//1344
f 1237//1237 1354//1354 1348//1348
f 1369//1369 1294//1294 1379//1379
f 1305//1305 1226//1226 1344//1344
f 1294//1294 1222//1222 1305//1305
f 1344//1344 1231//1231 1348//1348
f 1344//1344 1379//1379 1305//1305
f 1354//1354 1240//1240 1357//1357
f 1277//1277 1294//1294 1369//1369
f 951//951 987//987 990//990
f 987//987 947//947 1001//1001
f 425//425 413//413 405//405
f 541//541 589//589 581//581
f 951//951 955//955 932//932
f 1083//1083 1049//1049 1099//1099
f 1161//1161 1277//1277 1151//1151
f 987//987 951//951 940//940
f 1037//1037 1027//1027 967//967
f 1049//1049 1057//1057 1099//1099
f 925//925 940//940 951//951
f 1099//1099 1097//1097 1109//1109
f 1135//1135 1099//1099 1151//1151
f 1219//1219 1151//1151 1277//1277
f 107//107 99//99 148//148
f 1277//1277 1222//1222 1294//1294
f 900//900 925//925 932//932
f 1361//1361 1466//1466 1438//1438
f 99//99 107//107 100//100
f 78//78 87//87 99//99
f 86//86 71//71 58//58
f 71//71 86//86 87//87
f 42//42 119//119 128//128
f 1//1 2//2 114//114
f 1//1 114//114 119//119
f 49//49 86//86 58//58
f 3//3 4//4 115//115
f 5//5 6//6 115//115
f 115//115 4//4 5//5
f 7//7 8//8 116//116
f 10//10 11//11 116//116
f 11//11 12//12 117//117
f 116//116 9//9 10//10
f 115//115 6//6 7//7
f 114//114 2//2 3//3
f 13//13 14//14 117//117
f 15//15 16//16 118//118
f 117//117 14//14 15//15
f 8//8 9//9 116//116
f 87//87 140//140 144//144
f 67//67 118//118 16//16
f 117//117 12//12 13//13
f 86//86 136//136 140//140
f 17//17 67//67 16//16
f 49//49 128//128 86//86
f 67//67 17//17 43//43
f 59//59 133//133 50//50
f 50//50 67//67 43//43
f 79//79 141//141 72//72
f 101//101 149//149 90//90
f 109//109 157//157 101//101
f 90//90 145//145 79//79
f 72//72 137//137 59//59
f 50//50 129//129 67//67
f 99//99 100//100 89//89
f 967//967 1049//1049 1037//1037
f 1361//1361 1204//1204 1362//1362
f 320//320 157//157 330//330
f 330//330 157//157 344//344
f 368//368 384//384 378//378
f 386//386 384//384 396//396
f 378//378 384//384 386//386
f 408//408 384//384 418//418
f 527//527 531//531 512//512
f 408//408 396//396 384//384
f 428//428 426//426 438//438
f 450//450 426//426 461//461
f 438//438 426//426 450//450
f 487//487 481//481 512//512
f 296//296 157//157 320//320
f 512//512 522//522 487//487
f 512//512 525//525 522//522
f 527//527 543//543 536//536
f 583//583 544//544 591//591
f 543//543 544//544 583//583
f 527//527 536//536 531//531
f 599//599 609//609 608//608
f 625//625 609//609 633//633
f 608//608 609//609 625//625
f 641//641 651//651 650//650
f 667//667 651//651 675//675
f 675//675 693//693 683//683
f 650//650 651//651 667//667
f 633//633 651//651 641//641
f 693//693 692//692 683//683
f 1306//1306 1232//1232 1223//1223
f 1082//1082 1100//1100 1098//1098
f 1238//1238 1194//1194 1192//1192
f 1223//1223 1232//1232 1190//1190
f 1239//1239 1238//1238 1355//1355
f 1196//1196 1238//1238 1239//1239
f 1241//1241 1201//1201 1199//1199
f 1363//1363 1209//1209 1210//1210
f 693//693 717//717 709//709
f 968//968 920//920 923//923
f 1217//1217 1241//1241 1365//1365
f 927//927 967//967 924//924
f 967//967 927//927 953//953
f 947//947 940//940 922//922
f 924//924 917//917 927//927
f 1237//1237 1195//1195 1240//1240
f 1226//1226 1189//1189 1231//1231
f 1222//1222 1187//1187 1226//1226
f 1222//1222 1277//1277 1175//1175
f 1231//1231 1191//1191 1237//1237
f 1354//1354 1237//1237 1240//1240
f 1123//1123 1133//1133 1151//1151
f 735//735 725//725 717//717
f 693//693 709//709 692//692
f 734//734 725//725 735//735
f 751//751 735//735 759//759
f 751//751 734//734 735//735
f 767//767 777//777 776//776
f 793//793 777//777 801//801
f 801//801 819//819 809//809
f 776//776 777//777 793//793
f 759//759 777//777 767//767
f 818//818 819//819 835//835
f 843//843 861//861 851//851
f 835//835 819//819 843//843
f 860//860 861//861 877//877
f 885//885 903//903 893//893
f 893//893 903//903 902//902
f 877//877 861//861 885//885
f 851//851 861//861 860//860
f 809//809 819//819 818//818
f 903//903 923//923 902//902
f 512//512 504//504 527//527
f 923//923 909//909 902//902
f 923//923 918//918 911//911
f 923//923 911//911 909//909
f 920//920 968//968 954//954
f 1003//1003 1050//1050 1026//1026
f 954//954 968//968 1003//1003
f 923//923 920//920 918//918
f 1036//1036 1050//1050 1048//1048
f 1058//1058 1100//1100 1072//1072
f 1048//1048 1050//1050 1058//1058
f 1098//1098 1100//1100 1110//1110
f 1124//1124 1152//1152 1134//1134
f 1134//1134 1152//1152 1150//1150
f 1110//1110 1152//1152 1124//1124
f 1072//1072 1100//1100 1082//1082
f 1026//1026 1050//1050 1036//1036
f 1162//1162 1278//1278 1176//1176
f 1223//1223 1186//1186 1176//1176
f 1278//1278 1223//1223 1176//1176
f 1223//1223 1190//1190 1188//1188
f 1238//1238 1196//1196 1194//1194
f 1232//1232 1192//1192 1190//1190
f 1223//1223 1188//1188 1186//1186
f 1241//1241 1217//1217 1218//1218
f 1241//1241 1218//1218 1201//1201
f 1216//1216 1364//1364 1215//1215
f 1214//1214 1364//1364 1213//1213
f 1215//1215 1364//1364 1214//1214
f 1217//1217 1365//1365 1216//1216
f 1239//1239 1199//1199 1196//1196
f 1150//1150 1152//1152 1162//1162
f 1211//1211 1363//1363 1210//1210
f 1208//1208 1362//1362 1207//1207
f 1209//1209 1363//1363 1208//1208
f 1206//1206 1362//1362 1205//1205
f 1204//1204 1361//1361 1203//1203
f 1205//1205 1362//1362 1204//1204
f 1207//1207 1362//1362 1206//1206
f 1240//1240 1202//1202 1203//1203
f 1240//1240 1198//1198 1200//1200
f 1240//1240 1200//1200 1202//1202
f 1237//1237 1193//1193 1195//1195
f 1361//1361 1240//1240 1203//1203
f 1222//1222 1175//1175 1185//1185
f 1161//1161 1151//1151 1149//1149
f 1175//1175 1277//1277 1161//1161
f 1123//1123 1151//1151 1109//1109
f 1097//1097 1099//1099 1081//1081
f 1081//1081 1099//1099 1071//1071
f 1149//1149 1151//1151 1133//1133
f 1057//1057 1049//1049 1047//1047
f 1035//1035 1049//1049 1025//1025
f 1047//1047 1049//1049 1035//1035
f 1049//1049 967//967 1002//1002
f 927//927 919//919 953//953
f 967//967 953//953 1002//1002
f 1025//1025 1049//1049 1002//1002
f 1222//1222 1185//1185 1187//1187
f 1212//1212 1363//1363 1211//1211
f 910//910 917//917 924//924
f 940//940 925//925 914//914
f 884//884 900//900 858//858
f 858//858 900//900 883//883
f 925//925 900//900 914//914
f 799//799 774//774 816//816
f 858//858 841//841 816//816
f 758//758 774//774 732//732
f 732//732 774//774 757//757
f 690//690 732//732 715//715
f 774//774 800//800 816//816
f 842//842 858//858 816//816
f 674//674 690//690 648//648
f 648//648 631//631 606//606
f 541//541 590//590 606//606
f 541//541 517//517 526//526
f 589//589 541//541 606//606
f 632//632 648//648 606//606
f 503//503 526//526 517//517
f 503//503 491//491 511//511
f 491//491 480//480 511//511
f 526//526 503//503 511//511
f 690//690 673//673 648//648
f 716//716 732//732 690//690
f 922//922 914//914 908//908
f 900//900 892//892 901//901
f 908//908 914//914 901//901
f 910//910 922//922 908//908
f 892//892 900//900 884//884
f 876//876 858//858 859//859
f 859//859 858//858 850//850
f 884//884 858//858 876//876
f 858//858 842//842 850//850
f 842//842 816//816 834//834
f 817//817 816//816 808//808
f 834//834 816//816 817//817
f 800//800 774//774 792//792
f 775//775 774//774 766//766
f 766//766 774//774 758//758
f 792//792 774//774 775//775
f 910//910 924//924 922//922
f 511//511 524//524 530//530
f 393//393 383//383 425//425
f 425//425 383//383 417//417
f 182//182 156//156 340//340
f 319//319 156//156 179//179
f 329//329 340//340 156//156
f 348//348 340//340 383//383
f 174//174 179//179 144//144
f 136//136 167//167 171//171
f 140//140 171//171 174//174
f 148//148 179//179 156//156
f 107//107 148//148 156//156
f 86//86 128//128 132//132
f 167//167 132//132 128//128
f 114//114 184//184 202//202
f 119//119 202//202 204//204
f 7//7 116//116 115//115
f 115//115 116//116 190//190
f 15//15 118//118 117//117
f 199//199 118//118 160//160
f 118//118 120//120 161//161
f 67//67 120//120 118//118
f 198//198 117//117 118//118
f 11//11 117//117 116//116
f 186//186 114//114 115//115
f 3//3 115//115 114//114
f 132//132 167//167 136//136
f 86//86 132//132 136//136
f 133//133 162//162 129//129
f 129//129 161//161 120//120
f 340//340 377//377 383//383
f 285//285 179//179 174//174
f 117//117 194//194 116//116
f 171//171 245//245 274//274
f 167//167 221//221 245//245
f 167//167 128//128 204//204
f 200//200 160//160 161//161
f 486//486 511//511 480//480
f 161//161 129//129 162//162
f 141//141 172//172 137//137
f 175//175 145//145 149//149
f 175//175 172//172 141//141
f 161//161 162//162 205//205
f 157//157 175//175 149//149
f 172//172 175//175 246//246
f 296//296 175//175 157//157
f 162//162 168//168 216//216
f 168//168 162//162 133//133
f 172//172 246//246 168//168
f 480//480 425//425 460//460
f 67//67 129//129 120//120
f 758//758 732//732 750//750
f 435//435 425//425 480//480
f 732//732 733//733 750//750
f 732//732 716//716 724//724
f 732//732 724//724 733//733
f 690//690 691//691 708//708
f 690//690 674//674 682//682
f 690//690 682//682 691//691
f 690//690 708//708 716//716
f 648//648 649//649 666//666
f 648//648 632//632 640//640
f 648//648 640//640 649//649
f 606//606 607//607 624//624
f 541//541 582//582 590//590
f 606//606 598//598 607//607
f 606//606 624//624 632//632
f 648//648 666//666 674//674
f 526//526 535//535 542//542
f 526//526 530//530 535//535
f 511//511 486//486 521//521
f 425//425 449//449 460//460
f 425//425 437//437 449//449
f 480//480 460//460 486//486
f 511//511 521//521 524//524
f 425//425 417//417 427//427
f 383//383 395//395 407//407
f 383//383 407//407 417//417
f 383//383 377//377 385//385
f 340//340 352//352 367//367
f 340//340 343//343 352//352
f 340//340 367//367 377//377
f 383//383 385//385 395//395
f 425//425 427//427 437//437
f 541//541 542//542 582//582
f 156//156 319//319 329//329
f 179//179 285//285 295//295
f 179//179 295//295 319//319
f 167//167 215//215 221//221
f 174//174 274//274 285//285
f 114//114 185//185 184//184
f 115//115 187//187 186//186
f 115//115 189//189 188//188
f 115//115 190//190 189//189
f 115//115 188//188 187//187
f 114//114 186//186 185//185
f 167//167 204//204 215//215
f 116//116 192//192 191//191
f 116//116 194//194 193//193
f 116//116 193//193 192//192
f 117//117 196//196 195//195
f 117//117 198//198 197//197
f 118//118 199//199 198//198
f 117//117 197//197 196//196
f 117//117 195//195 194//194
f 161//161 203//203 200//200
f 162//162 216//216 205//205
f 161//161 205//205 203//203
f 175//175 286//286 275//275
f 175//175 296//296 286//286
f 175//175 275//275 246//246
f 168//168 222//222 216//216
f 160//160 200//200 199//199
f 116//116 191//191 190//190
f 340//340 329//329 343//343
f 159//159 155//155 113//113
f 159//159 318//318 236//236
f 236//236 155//155 159//159
f 370//370 390//390 342//342
f 390//390 366//366 351//351
f 351//351 342//342 390//390
f 328//328 318//318 362//362
f 390//390 388//388 376//376
f 432//432 410//410 398//398
f 398//398 388//388 390//390
f 432//432 430//430 420//420
f 494//494 452//452 442//442
f 469//469 465//465 452//452
f 442//442 430//430 432//432
f 420//420 410//410 432//432
f 376//376 366//366 390//390
f 479//479 497//497 478//478
f 579//579 580//580 520//520
f 520//520 497//497 479//479
f 578//578 596//596 588//588
f 621//621 622//622 604//604
f 604//604 596//596 621//621
f 588//588 580//580 579//579
f 621//621 638//638 630//630
f 663//663 664//664 646//646
f 646//646 638//638 663//663
f 663//663 680//680 672//672
f 705//705 706//706 688//688
f 705//705 714//714 706//706
f 688//688 680//680 705//705
f 672//672 664//664 663//663
f 630//630 622//622 621//621
f 478//478 465//465 479//479
f 747//747 730//730 722//722
f 747//747 756//756 748//748
f 748//748 730//730 747//747
f 789//789 772//772 764//764
f 789//789 798//798 790//790
f 790//790 772//772 789//789
f 764//764 756//756 747//747
f 831//831 814//814 806//806
f 831//831 840//840 832//832
f 832//832 814//814 831//831
f 873//873 856//856 848//848
f 873//873 882//882 874//874
f 873//873 890//890 882//882
f 874//874 856//856 873//873
f 848//848 840//840 831//831
f 806//806 798//798 789//789
f 965//965 966//966 898//898
f 1016//1016 996//996 986//986
f 996//996 966//966 965//965
f 1029//1029 1034//1034 1024//1024
f 1018//1018 1056//1056 1044//1044
f 1064//1064 1066//1066 1056//1056
f 1044//1044 1034//1034 1029//1029
f 1024//1024 1016//1016 1029//1029
f 1064//1064 1092//1092 1080//1080
f 1116//1116 1120//1120 1108//1108
f 1108//1108 1092//1092 1064//1064
f 1116//1116 1144//1144 1132//1132
f 1170//1170 1172//1172 1160//1160
f 1170//1170 1184//1184 1172//1172
f 1160//1160 1144//1144 1116//1116
f 1132//1132 1120//1120 1116//1116
f 1080//1080 1066//1066 1064//1064
f 898//898 890//890 965//965
f 722//722 714//714 705//705
f 390//390 432//432 398//398
f 318//318 159//159 347//347
f 479//479 579//579 520//520
f 479//479 469//469 502//502
f 442//442 432//432 494//494
f 342//342 328//328 370//370
f 452//452 494//494 469//469
f 494//494 432//432 467//467
f 479//479 502//502 514//514
f 529//529 514//514 502//502
f 502//502 494//494 529//529
f 432//432 390//390 422//422
f 538//538 479//479 514//514
f 1343//1343 1376//1376 1378//1378
f 1417//1417 1441//1441 1378//1378
f 1417//1417 1378//1378 1376//1376
f 764//764 747//747 789//789
f 479//479 538//538 579//579
f 1488//1488 1441//1441 1417//1417
f 1255//1255 1170//1170 1343//1343
f 1116//1116 1170//1170 1160//1160
f 1417//1417 1497//1497 1488//1488
f 538//538 578//578 579//579
f 1029//1029 1018//1018 1044//1044
f 578//578 588//588 579//579
f 538//538 514//514 577//577
f 578//578 621//621 596//596
f 595//595 621//621 578//578
f 663//663 705//705 680//680
f 679//679 705//705 663//663
f 663//663 621//621 637//637
f 621//621 663//663 638//638
f 789//789 831//831 806//806
f 789//789 747//747 763//763
f 873//873 965//965 890//890
f 873//873 831//831 847//847
f 831//831 789//789 805//805
f 831//831 873//873 848//848
f 747//747 705//705 721//721
f 705//705 747//747 722//722
f 978//978 986//986 965//965
f 1029//1029 998//998 1005//1005
f 978//978 1005//1005 998//998
f 998//998 986//986 978//978
f 1016//1016 998//998 1029//1029
f 1018//1018 1064//1064 1056//1056
f 1031//1031 1064//1064 1018//1018
f 1184//1184 1170//1170 1255//1255
f 1130//1130 1170//1170 1116//1116
f 1182//1182 1376//1376 1170//1170
f 1343//1343 1170//1170 1376//1376
f 1116//1116 1064//1064 1078//1078
f 1064//1064 1116//1116 1108//1108
f 1018//1018 1005//1005 980//980
f 1029//1029 1005//1005 1018//1018
f 965//965 873//873 889//889
f 578//578 538//538 577//577
f 1376//1376 1384//1384 1417//1417
f 1497//1497 1546//1546 1527//1527
f 1544//1544 1590//1590 1568//1568
f 1568//1568 1546//1546 1544//1544
f 1572//1572 1597//1597 1595//1595
f 1588//1588 1613//1613 1614//1614
f 1614//1614 1597//1597 1588//1588
f 1595//1595 1590//1590 1572//1572
f 1434//1434 1611//1611 1612//1612
f 1434//1434 1609//1609 1610//1610
f 1610//1610 1611//1611 1434//1434
f 1433//1433 1607//1607 1608//1608
f 1433//1433 1605//1605 1606//1606
f 1433//1433 1604//1604 1605//1605
f 1606//1606 1607//1607 1433//1433
f 1608//1608 1609//1609 1434//1434
f 1612//1612 1613//1613 1435//1435
f 1399//1399 1544//1544 1497//1497
f 1488//1488 1497//1497 1527//1527
f 1572//1572 1588//1588 1597//1597
f 1544//1544 1414//1414 1572//1572
f 1384//1384 1392//1392 1497//1497
f 1544//1544 1572//1572 1590//1590
f 1497//1497 1392//1392 1399//1399
f 1352//1352 1399//1399 1392//1392
f 1544//1544 1409//1409 1414//1414
f 1414//1414 1409//1409 1352//1352
f 1353//1353 1425//1425 1414//1414
f 1572//1572 1414//1414 1425//1425
f 1409//1409 1399//1399 1352//1352
f 1544//1544 1399//1399 1409//1409
f 1392//1392 1384//1384 1310//1310
f 1430//1430 1572//1572 1425//1425
f 1432//1432 1602//1602 1603//1603
f 1613//1613 1588//1588 1435//1435
f 1602//1602 1432//1432 1601//1601
f 1433//1433 1608//1608 1434//1434
f 1588//1588 1430//1430 1435//1435
f 1435//1435 1430//1430 1324//1324
f 1433//1433 1432//1432 1604//1604
f 1335//1335 1433//1433 1434//1434
f 1432//1432 1433//1433 1331//1331
f 1604//1604 1432//1432 1603//1603
f 1434//1434 1435//1435 1339//1339
f 1435//1435 1434//1434 1612//1612
f 1430//1430 1588//1588 1572//1572
f 1600//1600 1601//1601 1432//1432
f 1430//1430 1425//1425 1353//1353
f 1497//1497 1544//1544 1546//1546
f 1497//1497 1417//1417 1384//1384
f 1384//1384 1376//1376 1308//1308
f 1431//1431 1599//1599 1600//1600
f 1587//1587 1596//1596 1598//1598
f 1598//1598 1599//1599 1587//1587
f 1571//1571 1589//1589 1594//1594
f 1528//1528 1545//1545 1567//1567
f 1567//1567 1589//1589 1571//1571
f 1594//1594 1596//1596 1571//1571
f 1496//1496 1487//1487 1526//1526
f 1375//1375 1377//1377 1440//1440
f 1440//1440 1487//1487 1496//1496
f 1169//1169 1254//1254 1342//1342
f 1169//1169 1171//1171 1183//1183
f 1169//1169 1159//1159 1171//1171
f 1183//1183 1254//1254 1169//1169
f 1342//1342 1377//1377 1375//1375
f 1526//1526 1545//1545 1496//1496
f 1115//1115 1131//1131 1143//1143
f 1115//1115 1107//1107 1119//1119
f 1119//1119 1131//1131 1115//1115
f 1063//1063 1079//1079 1091//1091
f 1063//1063 1055//1055 1065//1065
f 1065//1065 1079//1079 1063//1063
f 1091//1091 1107//1107 1063//1063
f 1019//1019 1033//1033 1043//1043
f 1019//1019 1015//1015 1023//1023
f 1023//1023 1033//1033 1019//1019
f 992//992 961//961 995//995
f 895//895 962//962 887//887
f 887//887 870//870 879//879
f 962//962 895//895 961//961
f 995//995 1015//1015 992//992
f 1017//1017 1043//1043 1055//1055
f 1143//1143 1159//1159 1115//1115
f 869//869 870//870 853//853
f 845//845 828//828 837//837
f 870//870 845//845 853//853
f 827//827 828//828 811//811
f 803//803 786//786 795//795
f 828//828 803//803 811//811
f 828//828 827//827 837//837
f 785//785 786//786 769//769
f 761//761 744//744 753//753
f 786//786 761//761 769//769
f 743//743 744//744 727//727
f 719//719 702//702 711//711
f 711//711 702//702 701//701
f 744//744 719//719 727//727
f 744//744 743//743 753//753
f 786//786 785//785 795//795
f 677//677 660//660 669//669
f 659//659 660//660 643//643
f 660//660 659//659 669//669
f 635//635 618//618 627//627
f 617//617 618//618 601//601
f 601//601 618//618 593//593
f 618//618 617//617 627//627
f 660//660 635//635 643//643
f 585//585 574//574 573//573
f 500//500 519//519 573//573
f 500//500 573//573 574//574
f 500//500 477//477 496//496
f 468//468 451//451 464//464
f 451//451 493//493 441//441
f 464//464 477//477 468//468
f 496//496 519//519 500//500
f 574//574 585//585 593//593
f 702//702 685//685 701//701
f 870//870 869//869 879//879
f 419//419 429//429 431//431
f 397//397 409//409 431//431
f 419//419 431//431 409//409
f 389//389 387//387 397//397
f 1571//1571 1587//1587 1424//1424
f 375//375 387//387 389//389
f 389//389 365//365 375//375
f 1528//1528 1567//1567 1571//1571
f 350//350 365//365 389//389
f 327//327 341//341 345//345
f 350//350 345//345 341//341
f 235//235 317//317 345//345
f 112//112 154//154 158//158
f 105//105 112//112 158//158
f 235//235 158//158 154//154
f 327//327 345//345 317//317
f 1356//1356 1429//1429 1431//1431
f 1375//1375 1440//1440 1496//1496
f 1496//1496 1528//1528 1391//1391
f 1571//1571 1424//1424 1413//1413
f 1431//1431 1429//1429 1587//1587
f 1528//1528 1571//1571 1408//1408
f 1356//1356 1413//1413 1424//1424
f 1528//1528 1408//1408 1398//1398
f 1398//1398 1408//1408 1350//1350
f 1391//1391 1398//1398 1347//1347
f 1408//1408 1413//1413 1351//1351
f 1424//1424 1429//1429 1356//1356
f 1383//1383 1496//1496 1391//1391
f 1019//1019 992//992 1015//1015
f 685//685 702//702 677//677
f 500//500 501//501 468//468
f 431//431 429//429 441//441
f 1019//1019 997//997 992//992
f 477//477 500//500 468//468
f 1169//1169 1342//1342 1375//1375
f 1346//1346 1375//1375 1383//1383
f 1063//1063 1107//1107 1115//1115
f 1129//1129 1115//1115 1169//1169
f 1077//1077 1063//1063 1115//1115
f 1019//1019 1043//1043 1017//1017
f 1169//1169 1375//1375 1181//1181
f 1115//1115 1159//1159 1169//1169
f 1375//1375 1496//1496 1383//1383
f 97//97 105//105 150//150
f 1346//1346 1383//1383 1391//1391
f 962//962 961//961 992//992
f 1431//1431 1587//1587 1599//1599
f 493//493 451//451 468//468
f 84//84 97//97 146//146
f 65//65 76//76 138//138
f 76//76 84//84 142//142
f 47//47 56//56 130//130
f 26//26 121//121 27//27
f 121//121 26//26 25//25
f 56//56 65//65 134//134
f 28//28 122//122 29//29
f 30//30 122//122 31//31
f 122//122 30//30 29//29
f 32//32 123//123 33//33
f 34//34 123//123 35//35
f 35//35 124//124 36//36
f 123//123 34//34 33//33
f 123//123 32//32 31//31
f 122//122 28//28 27//27
f 37//37 124//124 38//38
f 39//39 125//125 40//40
f 124//124 39//39 38//38
f 41//41 40//40 68//68
f 40//40 125//125 68//68
f 48//48 41//41 69//69
f 68//68 69//69 41//41
f 69//69 70//70 48//48
f 127//127 69//69 68//68
f 36//36 124//124 37//37
f 70//70 66//66 57//57
f 88//88 85//85 77//77
f 77//77 66//66 88//88
f 85//85 88//88 98//98
f 70//70 69//69 131//131
f 88//88 106//106 98//98
f 113//113 106//106 159//159
f 151//151 106//106 88//88
f 70//70 88//88 66//66
f 88//88 70//70 135//135
f 25//25 47//47 126//126
f 1017//1017 1055//1055 1063//1063
f 1431//1431 1600//1600 1432//1432
f 1431//1431 1432//1432 1327//1327
f 322//322 337//337 159//159
f 337//337 347//347 159//159
f 370//370 380//380 390//390
f 392//392 404//404 390//390
f 380//380 392//392 390//390
f 587//587 578//578 577//577
f 514//514 569//569 577//577
f 432//432 422//422 434//434
f 412//412 390//390 404//404
f 434//434 446//446 432//432
f 467//467 499//499 494//494
f 446//446 454//454 432//432
f 499//499 529//529 494//494
f 314//314 322//322 159//159
f 529//529 499//499 559//559
f 529//529 563//563 569//569
f 529//529 559//559 563//563
f 577//577 571//571 576//576
f 587//587 595//595 578//578
f 577//577 576//576 587//587
f 577//577 569//569 571//571
f 603//603 620//620 621//621
f 629//629 637//637 621//621
f 620//620 629//629 621//621
f 645//645 662//662 663//663
f 671//671 679//679 663//663
f 679//679 687//687 705//705
f 662//662 671//671 663//663
f 637//637 645//645 663//663
f 595//595 603//603 621//621
f 705//705 687//687 704//704
f 1114//1114 1130//1130 1116//1116
f 1353//1353 1324//1324 1430//1430
f 1433//1433 1333//1333 1332//1332
f 1353//1353 1352//1352 1317//1317
f 1413//1413 1356//1356 1351//1351
f 746//746 747//747 729//729
f 729//729 747//747 721//721
f 980//980 1005//1005 978//978
f 1356//1356 1318//1318 1351//1351
f 1019//1019 1017//1017 1004//1004
f 984//984 1004//1004 1017//1017
f 992//992 997//997 985//985
f 985//985 997//997 977//977
f 997//997 1004//1004 984//984
f 1019//1019 1004//1004 997//997
f 1350//1350 1351//1351 1313//1313
f 982//982 984//984 1017//1017
f 1375//1375 1346//1346 1242//1242
f 1346//1346 1347//1347 1309//1309
f 1169//1169 1157//1157 1137//1137
f 1347//1347 1350//1350 1311//1311
f 747//747 746//746 755//755
f 705//705 704//704 713//713
f 771//771 788//788 789//789
f 763//763 771//771 789//789
f 797//797 805//805 789//789
f 813//813 830//830 831//831
f 830//830 839//839 831//831
f 805//805 813//813 831//831
f 788//788 797//797 789//789
f 847//847 855//855 873//873
f 872//872 881//881 873//873
f 855//855 872//872 873//873
f 889//889 897//897 965//965
f 978//978 964//964 970//970
f 897//897 964//964 965//965
f 978//978 970//970 974//974
f 569//569 514//514 529//529
f 978//978 974//974 980//980
f 983//983 1013//1013 1018//1018
f 1031//1031 1040//1040 1064//1064
f 1054//1054 1062//1062 1064//1064
f 1040//1040 1054//1054 1064//1064
f 1013//1013 1031//1031 1018//1018
f 1078//1078 1086//1086 1116//1116
f 1106//1106 1114//1114 1116//1116
f 1086//1086 1106//1106 1116//1116
f 1138//1138 1158//1158 1170//1170
f 1166//1166 1182//1182 1170//1170
f 1182//1182 1243//1243 1376//1376
f 1158//1158 1166//1166 1170//1170
f 1130//1130 1138//1138 1170//1170
f 1062//1062 1078//1078 1064//1064
f 1392//1392 1312//1312 1352//1352
f 1352//1352 1314//1314 1317//1317
f 1353//1353 1319//1319 1322//1322
f 1353//1353 1322//1322 1324//1324
f 1352//1352 1312//1312 1314//1314
f 1341//1341 1340//1340 1435//1435
f 1339//1339 1338//1338 1434//1434
f 1340//1340 1339//1339 1435//1435
f 1337//1337 1336//1336 1434//1434
f 1335//1335 1334//1334 1433//1433
f 1334//1334 1333//1333 1433//1433
f 1336//1336 1335//1335 1434//1434
f 1338//1338 1337//1337 1434//1434
f 1243//1243 1308//1308 1376//1376
f 1329//1329 1328//1328 1432//1432
f 1330//1330 1329//1329 1432//1432
f 1327//1327 1326//1326 1431//1431
f 1431//1431 1325//1325 1356//1356
f 1326//1326 1325//1325 1431//1431
f 1356//1356 1323//1323 1321//1321
f 1351//1351 1318//1318 1316//1316
f 1356//1356 1321//1321 1318//1318
f 1346//1346 1309//1309 1307//1307
f 1346//1346 1307//1307 1242//1242
f 1347//1347 1311//1311 1309//1309
f 1356//1356 1325//1325 1323//1323
f 1181//1181 1165//1165 1169//1169
f 1137//1137 1129//1129 1169//1169
f 1165//1165 1157//1157 1169//1169
f 1113//1113 1105//1105 1115//1115
f 1085//1085 1077//1077 1115//1115
f 1077//1077 1061//1061 1063//1063
f 1105//1105 1085//1085 1115//1115
f 1129//1129 1113//1113 1115//1115
f 1053//1053 1039//1039 1063//1063
f 1017//1017 1063//1063 1030//1030
f 1017//1017 1012//1012 982//982
f 984//984 979//979 973//973
f 973//973 969//969 984//984
f 984//984 982//982 979//979
f 1017//1017 1030//1030 1012//1012
f 1061//1061 1053//1053 1063//1063
f 1332//1332 1331//1331 1433//1433
f 888//888 870//870 962//962
f 828//828 845//845 870//870
f 804//804 786//786 828//828
f 744//744 761//761 786//786
f 803//803 828//828 786//786
f 846//846 828//828 870//870
f 702//702 744//744 720//720
f 702//702 660//660 677//677
f 636//636 618//618 660//660
f 574//574 593//593 618//618
f 618//618 635//635 660//660
f 678//678 660//660 702//702
f 702//702 719//719 744//744
f 762//762 744//744 786//786
f 500//500 574//574 537//537
f 564//564 537//537 574//574
f 500//500 513//513 501//501
f 513//513 552//552 501//501
f 513//513 537//537 564//564
f 500//500 537//537 513//513
f 501//501 539//539 493//493
f 466//466 431//431 493//493
f 389//389 431//431 421//421
f 441//441 493//493 431//431
f 552//552 564//564 570//570
f 468//468 501//501 493//493
f 887//887 962//962 870//870
f 594//594 574//574 618//618
f 962//962 963//963 896//896
f 969//969 963//963 977//977
f 896//896 888//888 962//962
f 870//870 888//888 880//880
f 880//880 871//871 870//870
f 854//854 846//846 870//870
f 871//871 854//854 870//870
f 828//828 846//846 838//838
f 812//812 828//828 829//829
f 804//804 796//796 786//786
f 828//828 812//812 804//804
f 829//829 828//828 838//838
f 787//787 786//786 796//796
f 762//762 786//786 770//770
f 552//552 562//562 539//539
f 770//770 786//786 787//787
f 558//558 528//528 539//539
f 963//963 962//962 977//977
f 498//498 493//493 528//528
f 350//350 389//389 345//345
f 345//345 336//336 158//158
f 180//180 150//150 158//158
f 180//180 158//158 321//321
f 235//235 345//345 158//158
f 176//176 142//142 146//146
f 169//169 134//134 138//138
f 138//138 142//142 176//176
f 146//146 150//150 180//180
f 165//165 126//126 130//130
f 27//27 121//121 122//122
f 121//121 249//249 122//122
f 121//121 126//126 165//165
f 35//35 123//123 124//124
f 125//125 124//124 261//261
f 125//125 163//163 164//164
f 131//131 127//127 166//166
f 163//163 125//125 262//262
f 39//39 124//124 125//125
f 253//253 123//123 122//122
f 31//31 122//122 123//123
f 130//130 134//134 169//169
f 170//170 173//173 135//135
f 170//170 135//135 131//131
f 169//169 138//138 176//176
f 169//169 176//176 281//281
f 176//176 180//180 298//298
f 121//121 165//165 247//247
f 165//165 169//169 272//272
f 166//166 164//164 269//269
f 163//163 263//263 164//164
f 124//124 123//123 257//257
f 176//176 146//146 180//180
f 269//269 170//170 166//166
f 88//88 139//139 143//143
f 143//143 139//139 177//177
f 88//88 147//147 151//151
f 181//181 151//151 147//147
f 143//143 177//177 178//178
f 88//88 143//143 147//147
f 177//177 173//173 290//290
f 151//151 181//181 159//159
f 178//178 305//305 181//181
f 173//173 170//170 282//282
f 178//178 177//177 299//299
f 88//88 135//135 139//139
f 389//389 379//379 345//345
f 70//70 131//131 135//135
f 744//744 762//762 754//754
f 397//397 431//431 389//389
f 744//744 754//754 745//745
f 744//744 745//745 728//728
f 702//702 712//712 703//703
f 702//702 686//686 678//678
f 702//702 703//703 686//686
f 702//702 720//720 712//712
f 660//660 670//670 661//661
f 660//660 644//644 636//636
f 660//660 661//661 644//644
f 618//618 628//628 619//619
f 618//618 602//602 594//594
f 574//574 594//594 586//586
f 618//618 619//619 602//602
f 618//618 636//636 628//628
f 660//660 678//678 670//670
f 564//564 575//575 570//570
f 552//552 568//568 562//562
f 528//528 558//558 498//498
f 431//431 466//466 453//453
f 431//431 453//453 445//445
f 493//493 498//498 466//466
f 539//539 562//562 558//558
f 389//389 411//411 403//403
f 389//389 421//421 411//411
f 389//389 391//391 379//379
f 345//345 369//369 361//361
f 345//345 361//361 346//346
f 345//345 379//379 369//369
f 389//389 403//403 391//391
f 431//431 445//445 433//433
f 574//574 586//586 575//575
f 158//158 336//336 321//321
f 180//180 313//313 304//304
f 180//180 321//321 313//313
f 176//176 298//298 289//289
f 169//169 281//281 272//272
f 176//176 289//289 281//281
f 180//180 304//304 298//298
f 165//165 268//268 264//264
f 121//121 247//247 248//248
f 165//165 264//264 247//247
f 122//122 249//249 250//250
f 122//122 251//251 252//252
f 122//122 252//252 253//253
f 122//122 250//250 251//251
f 121//121 248//248 249//249
f 123//123 254//254 255//255
f 123//123 256//256 257//257
f 123//123 255//255 256//256
f 124//124 258//258 259//259
f 125//125 261//261 262//262
f 124//124 259//259 260//260
f 124//124 257//257 258//258
f 164//164 263//263 265//265
f 170//170 269//269 273//273
f 178//178 299//299 305//305
f 181//181 305//305 314//314
f 177//177 290//290 299//299
f 163//163 262//262 263//263
f 123//123 253//253 254//254
f 345//345 346//346 336//336
f 356//356 332//332 331//331
f 332//332 303//303 301//301
f 1251//1251 1249//1249 1228//1228
f 1249//1249 1245//1245 1225//1225
f 1260//1260 1253//1253 1234//1234
f 1253//1253 1251//1251 1230//1230
f 1250//1250 1252//1252 1229//1229
f 1252//1252 1256//1256 1233//1233
f 1244//1244 1248//1248 1224//1224
f 1248//1248 1250//1250 1227//1227
f 239//239 283//283 231//231
f 283//283 302//302 278//278
f 210//210 217//217 206//206
f 217//217 239//239 208//208
f 240//240 218//218 209//209
f 218//218 214//214 207//207
f 303//303 284//284 279//279
f 284//284 240//240 232//232
f 359//359 334//334 333//333
f 357//357 333//333 332//332
f 333//333 307//307 303//303
f 334//334 309//309 307//307
f 357//357 402//402 359//359
f 400//400 357//357 356//356
f 402//402 357//357 400//400
f 444//444 402//402 400//400
f 551//551 444//444 440//440
f 556//556 551//551 534//534
f 566//566 556//556 549//549
f 616//616 566//566 554//554
f 658//658 616//616 612//612
f 700//700 658//658 654//654
f 742//742 700//700 696//696
f 784//784 742//742 738//738
f 826//826 784//784 780//780
f 868//868 826//826 822//822
f 944//944 868//868 864//864
f 946//946 944//944 929//929
f 950//950 946//946 931//931
f 1046//1046 950//950 935//935
f 1096//1096 1046//1046 1042//1042
f 1148//1148 1096//1096 1088//1088
f 1262//1262 1140//1140 1245//1245
f 1148//1148 1262//1262 1274//1274
f 1140//1140 1262//1262 1148//1148
f 1280//1280 1276//1276 1264//1264
f 1266//1266 1264//1264 1249//1249
f 1264//1264 1262//1262 1245//1245
f 1276//1276 1274//1274 1262//1262
f 1287//1287 1282//1282 1268//1268
f 1270//1270 1268//1268 1253//1253
f 1268//1268 1266//1266 1251//1251
f 1282//1282 1280//1280 1266//1266
f 1270//1270 1286//1286 1287//1287
f 1259//1259 1270//1270 1260//1260
f 1286//1286 1270//1270 1259//1259
f 1285//1285 1286//1286 1259//1259
f 1284//1284 1285//1285 1258//1258
f 1269//1269 1257//1257 1256//1256
f 1284//1284 1269//1269 1283//1283
f 1257//1257 1269//1269 1284//1284
f 1279//1279 1281//1281 1265//1265
f 1265//1265 1267//1267 1250//1250
f 1267//1267 1269//1269 1252//1252
f 1281//1281 1283//1283 1267//1267
f 1273//1273 1275//1275 1261//1261
f 1261//1261 1263//1263 1244//1244
f 1263//1263 1265//1265 1248//1248
f 1275//1275 1279//1279 1263//1263
f 1261//1261 1147//1147 1273//1273
f 1139//1139 1261//1261 1244//1244
f 1147//1147 1261//1261 1139//1139
f 1095//1095 1147//1147 1087//1087
f 1045//1045 1095//1095 1041//1041
f 949//949 1045//1045 934//934
f 945//945 949//949 930//930
f 943//943 945//945 928//928
f 867//867 943//943 863//863
f 825//825 867//867 821//821
f 783//783 825//825 779//779
f 741//741 783//783 737//737
f 699//699 741//741 695//695
f 657//657 699//699 653//653
f 615//615 657//657 611//611
f 565//565 615//615 553//553
f 555//555 565//565 548//548
f 550//550 555//555 533//533
f 443//443 550//550 439//439
f 401//401 443//443 399//399
f 358//358 401//401 355//355
f 306//306 355//355 302//302
f 358//358 306//306 308//308
f 355//355 306//306 358//358
f 270//270 291//291 266//266
f 266//266 287//287 239//239
f 287//287 306//306 283//283
f 291//291 308//308 287//287
f 226//226 233//233 219//219
f 219//219 224//224 210//210
f 224//224 266//266 217//217
f 233//233 270//270 224//224
f 219//219 227//227 226//226
f 211//211 219//219 210//210
f 227//227 219//219 211//211
f 228//228 227//227 211//211
f 229//229 228//228 212//212
f 220//220 213//213 214//214
f 229//229 220//220 230//230
f 213//213 220//220 229//229
f 271//271 234//234 225//225
f 267//267 225//225 218//218
f 225//225 220//220 214//214
f 234//234 230//230 220//220
f 309//309 292//292 288//288
f 307//307 288//288 284//284
f 288//288 267//267 240//240
f 292//292 271//271 267//267
f 360//360 335//335 334//334
f 335//335 311//311 309//309
f 1299//1299 1297//1297 1280//1280
f 1297//1297 1291//1291 1276//1276
f 1303//1303 1301//1301 1287//1287
f 1301//1301 1299//1299 1282//1282
f 1298//1298 1300//1300 1281//1281
f 1300//1300 1302//1302 1283//1283
f 1290//1290 1296//1296 1275//1275
f 1296//1296 1298//1298 1279//1279
f 276//276 293//293 270//270
f 293//293 310//310 291//291
f 237//237 243//243 226//226
f 243//243 276//276 233//233
f 277//277 244//244 234//234
f 244//244 238//238 230//230
f 311//311 294//294 292//292
f 294//294 277//277 271//271
f 301//301 296//296 320//320
f 331//331 330//330 344//344
f 330//330 331//331 320//320
f 354//354 353//353 368//368
f 400//400 378//378 386//386
f 400//400 386//386 396//396
f 378//378 354//354 368//368
f 353//353 354//354 344//344
f 400//400 408//408 418//418
f 440//440 428//428 438//438
f 428//428 440//440 418//418
f 440//440 450//450 461//461
f 523//523 487//487 522//522
f 523//523 522//522 525//525
f 487//487 534//534 461//461
f 450//450 440//440 438//438
f 408//408 400//400 396//396
f 532//532 531//531 536//536
f 547//547 543//543 583//583
f 543//543 547//547 536//536
f 612//612 591//591 599//599
f 612//612 608//608 625//625
f 612//612 625//625 633//633
f 608//608 612//612 599//599
f 591//591 554//554 583//583
f 654//654 641//641 650//650
f 654//654 667//667 675//675
f 696//696 675//675 683//683
f 667//667 654//654 650//650
f 696//696 692//692 709//709
f 738//738 717//717 725//725
f 738//738 725//725 734//734
f 717//717 696//696 709//709
f 692//692 696//696 683//683
f 641//641 654//654 633//633
f 531//531 532//532 525//525
f 738//738 751//751 759//759
f 780//780 767//767 776//776
f 767//767 780//780 759//759
f 780//780 793//793 801//801
f 822//822 809//809 818//818
f 822//822 818//818 835//835
f 809//809 822//822 801//801
f 793//793 780//780 776//776
f 864//864 843//843 851//851
f 864//864 860//860 877//877
f 860//860 864//864 851//851
f 929//929 885//885 893//893
f 907//907 902//902 909//909
f 913//913 909//909 911//911
f 902//902 907//907 893//893
f 885//885 864//864 877//877
f 843//843 822//822 835//835
f 921//921 918//918 920//920
f 935//935 954//954 1003//1003
f 954//954 921//921 920//920
f 1042//1042 1026//1026 1036//1036
f 1042//1042 1048//1048 1058//1058
f 1088//1088 1058//1058 1072//1072
f 1048//1048 1042//1042 1036//1036
f 1026//1026 1042//1042 1003//1003
f 1088//1088 1082//1082 1098//1098
f 1140//1140 1110//1110 1124//1124
f 1140//1140 1124//1124 1134//1134
f 1110//1110 1088//1088 1098//1098
f 1140//1140 1150//1150 1162//1162
f 1197//1197 1176//1176 1186//1186
f 1197//1197 1186//1186 1188//1188
f 1176//1176 1225//1225 1162//1162
f 1150//1150 1140//1140 1134//1134
f 1082//1082 1088//1088 1072//1072
f 918//918 913//913 911//911
f 751//751 738//738 734//734
f 532//532 536//536 547//547
f 532//532 547//547 554//554
f 583//583 554//554 547//547
f 780//780 738//738 759//759
f 532//532 549//549 523//523
f 913//913 907//907 909//909
f 400//400 354//354 378//378
f 921//921 935//935 913//913
f 440//440 400//400 418//418
f 913//913 931//931 907//907
f 354//354 331//331 344//344
f 331//331 301//301 320//320
f 918//918 921//921 913//913
f 1197//1197 1190//1190 1192//1192
f 1197//1197 1194//1194 1196//1196
f 1194//1194 1197//1197 1192//1192
f 1188//1188 1190//1190 1197//1197
f 1088//1088 1110//1110 1140//1140
f 1230//1230 1228//1228 1197//1197
f 1225//1225 1197//1197 1228//1228
f 1199//1199 1197//1197 1196//1196
f 1225//1225 1176//1176 1197//1197
f 935//935 921//921 954//954
f 1230//1230 1197//1197 1234//1234
f 400//400 356//356 354//354
f 523//523 525//525 532//532
f 440//440 461//461 534//534
f 487//487 523//523 534//534
f 554//554 591//591 612//612
f 654//654 675//675 696//696
f 696//696 717//717 738//738
f 612//612 633//633 654//654
f 822//822 843//843 864//864
f 893//893 907//907 929//929
f 864//864 885//885 929//929
f 935//935 1003//1003 1042//1042
f 1140//1140 1162//1162 1225//1225
f 1225//1225 1245//1245 1140//1140
f 1042//1042 1058//1058 1088//1088
f 780//780 801//801 822//822
f 1201//1201 1197//1197 1199//1199
f 1217//1217 1197//1197 1218//1218
f 1201//1201 1218//1218 1197//1197
f 1259//1259 1216//1216 1215//1215
f 1259//1259 1214//1214 1213//1213
f 1259//1259 1213//1213 1212//1212
f 1214//1214 1259//1259 1215//1215
f 1216//1216 1236//1236 1217//1217
f 1258//1258 1211//1211 1210//1210
f 1258//1258 1209//1209 1208//1208
f 1209//1209 1258//1258 1210//1210
f 1257//1257 1207//1207 1206//1206
f 1257//1257 1205//1205 1204//1204
f 1235//1235 1204//1204 1203//1203
f 1205//1205 1257//1257 1206//1206
f 1207//1207 1257//1257 1208//1208
f 1211//1211 1258//1258 1212//1212
f 1236//1236 1216//1216 1259//1259
f 1233//1233 1235//1235 1221//1221
f 1203//1203 1221//1221 1235//1235
f 1257//1257 1258//1258 1208//1208
f 1203//1203 1202//1202 1221//1221
f 1236//1236 1259//1259 1260//1260
f 1257//1257 1204//1204 1235//1235
f 1235//1235 1256//1256 1257//1257
f 1259//1259 1212//1212 1258//1258
f 1200//1200 1221//1221 1202//1202
f 1195//1195 1221//1221 1198//1198
f 1193//1193 1221//1221 1195//1195
f 1200//1200 1198//1198 1221//1221
f 1221//1221 1193//1193 1191//1191
f 1191//1191 1189//1189 1221//1221
f 1187//1187 1221//1221 1189//1189
f 1227//1227 1221//1221 1224//1224
f 1229//1229 1221//1221 1227//1227
f 1229//1229 1233//1233 1221//1221
f 1197//1197 1217//1217 1236//1236
f 1197//1197 1236//1236 1234//1234
f 1185//1185 1221//1221 1187//1187
f 1224//1224 1175//1175 1161//1161
f 1175//1175 1224//1224 1185//1185
f 1139//1139 1149//1149 1133//1133
f 1139//1139 1123//1123 1109//1109
f 1087//1087 1109//1109 1097//1097
f 1123//1123 1139//1139 1133//1133
f 1149//1149 1139//1139 1161//1161
f 1087//1087 1081//1081 1071//1071
f 1041//1041 1057//1057 1047//1047
f 1057//1057 1087//1087 1071//1071
f 1041//1041 1035//1035 1025//1025
f 934//934 1002//1002 953//953
f 912//912 953//953 919//919
f 1002//1002 1041//1041 1025//1025
f 1035//1035 1041//1041 1047//1047
f 1081//1081 1087//1087 1097//1097
f 912//912 917//917 910//910
f 906//906 908//908 901//901
f 908//908 912//912 910//910
f 928//928 892//892 884//884
f 863//863 876//876 859//859
f 863//863 859//859 850//850
f 876//876 863//863 884//884
f 892//892 906//906 901//901
f 821//821 842//842 834//834
f 821//821 817//817 808//808
f 821//821 808//808 800//800
f 817//817 821//821 834//834
f 779//779 792//792 775//775
f 779//779 766//766 758//758
f 737//737 758//758 750//750
f 766//766 779//779 775//775
f 792//792 779//779 800//800
f 842//842 863//863 850//850
f 917//917 912//912 919//919
f 737//737 733//733 724//724
f 695//695 716//716 708//708
f 716//716 737//737 724//724
f 695//695 691//691 682//682
f 653//653 674//674 666//666
f 653//653 666//666 649//649
f 674//674 695//695 682//682
f 691//691 695//695 708//708
f 653//653 640//640 632//632
f 611//611 624//624 607//607
f 624//624 611//611 632//632
f 611//611 598//598 590//590
f 553//553 582//582 542//542
f 553//553 542//542 535//535
f 582//582 553//553 590//590
f 598//598 611//611 607//607
f 640//640 653//653 649//649
f 548//548 530//530 524//524
f 533//533 521//521 486//486
f 521//521 533//533 524//524
f 439//439 460//460 449//449
f 439//439 437//437 427//427
f 439//439 427//427 417//417
f 437//437 439//439 449//449
f 460//460 533//533 486//486
f 399//399 407//407 395//395
f 399//399 385//385 377//377
f 355//355 377//377 367//367
f 385//385 399//399 395//395
f 355//355 352//352 343//343
f 300//300 329//329 319//319
f 297//297 319//319 295//295
f 329//329 355//355 343//343
f 352//352 355//355 367//367
f 407//407 399//399 417//417
f 530//530 548//548 535//535
f 733//733 737//737 750//750
f 892//892 928//928 906//906
f 300//300 319//319 297//297
f 297//297 285//285 274//274
f 295//295 285//285 297//297
f 906//906 928//928 930//930
f 912//912 908//908 906//906
f 1139//1139 1244//1244 1224//1224
f 1224//1224 1221//1221 1185//1185
f 674//674 653//653 695//695
f 297//297 278//278 300//300
f 1087//1087 1057//1057 1041//1041
f 1161//1161 1139//1139 1224//1224
f 223//223 231//231 278//278
f 223//223 274//274 245//245
f 223//223 221//221 215//215
f 221//221 223//223 245//245
f 208//208 231//231 223//223
f 297//297 274//274 223//223
f 204//204 202//202 223//223
f 223//223 202//202 184//184
f 208//208 223//223 206//206
f 215//215 204//204 223//223
f 1139//1139 1109//1109 1087//1087
f 1041//1041 1002//1002 934//934
f 912//912 930//930 934//934
f 953//953 912//912 934//934
f 928//928 884//884 863//863
f 821//821 800//800 779//779
f 779//779 758//758 737//737
f 863//863 842//842 821//821
f 653//653 632//632 611//611
f 553//553 535//535 548//548
f 548//548 524//524 533//533
f 611//611 590//590 553//553
f 439//439 417//417 399//399
f 300//300 355//355 329//329
f 300//300 302//302 355//355
f 399//399 377//377 355//355
f 533//533 460//460 439//439
f 737//737 716//716 695//695
f 185//185 223//223 184//184
f 211//211 186//186 187//187
f 186//186 206//206 185//185
f 211//211 188//188 189//189
f 212//212 190//190 191//191
f 212//212 191//191 192//192
f 190//190 211//211 189//189
f 188//188 211//211 187//187
f 212//212 193//193 194//194
f 213//213 195//195 196//196
f 195//195 213//213 194//194
f 213//213 197//197 198//198
f 201//201 199//199 200//200
f 201//201 200//200 203//203
f 199//199 207//207 198//198
f 197//197 213//213 196//196
f 193//193 212//212 192//192
f 207//207 199//199 201//201
f 201//201 203//203 205//205
f 201//201 209//209 207//207
f 213//213 212//212 194//194
f 232//232 209//209 201//201
f 206//206 211//211 210//210
f 213//213 198//198 207//207
f 207//207 214//214 213//213
f 211//211 190//190 212//212
f 216//216 201//201 205//205
f 246//246 201//201 222//222
f 275//275 201//201 246//246
f 216//216 222//222 201//201
f 201//201 275//275 286//286
f 286//286 296//296 201//201
f 296//296 301//301 201//201
f 279//279 201//201 301//301
f 279//279 232//232 201//201
f 211//211 206//206 186//186
f 185//185 206//206 223//223
f 335//335 322//322 311//311
f 360//360 359//359 402//402
f 360//360 362//362 347//347
f 335//335 347//347 337//337
f 335//335 337//337 322//322
f 362//362 360//360 370//370
f 444//444 434//434 422//422
f 567//567 551//551 556//556
f 567//567 499//499 551//551
f 551//551 499//499 467//467
f 616//616 595//595 566//566
f 567//567 556//556 566//566
f 567//567 566//566 587//587
f 380//380 402//402 392//392
f 380//380 360//360 402//402
f 380//380 370//370 360//360
f 402//402 404//404 392//392
f 402//402 422//422 412//412
f 402//402 412//412 404//404
f 444//444 446//446 434//434
f 444//444 467//467 454//454
f 444//444 454//454 446//446
f 567//567 563//563 559//559
f 567//567 571//571 569//569
f 567//567 576//576 571//571
f 567//567 569//569 563//563
f 616//616 620//620 603//603
f 616//616 629//629 620//620
f 616//616 603//603 595//595
f 567//567 587//587 576//576
f 567//567 559//559 499//499
f 637//637 629//629 616//616
f 700//700 679//679 658//658
f 742//742 784//784 763//763
f 721//721 700//700 742//742
f 944//944 889//889 868//868
f 946//946 972//972 958//958
f 950//950 981//981 972//972
f 958//958 897//897 944//944
f 868//868 847//847 826//826
f 1046//1046 1096//1096 1078//1078
f 1291//1291 1148//1148 1274//1274
f 1182//1182 1148//1148 1291//1291
f 1303//1303 1287//1287 1286//1286
f 1327//1327 1284//1284 1302//1302
f 1302//1302 1284//1284 1283//1283
f 1335//1335 1286//1286 1285//1285
f 1046//1046 1040//1040 1031//1031
f 972//972 970//970 958//958
f 1315//1315 1243//1243 1291//1291
f 1148//1148 1138//1138 1130//1130
f 981//981 980//980 972//972
f 645//645 658//658 662//662
f 826//826 805//805 784//784
f 662//662 658//658 671//671
f 645//645 637//637 658//658
f 700//700 687//687 679//679
f 1315//1315 1297//1297 1299//1299
f 1320//1320 1301//1301 1303//1303
f 1285//1285 1284//1284 1331//1331
f 1286//1286 1339//1339 1303//1303
f 1301//1301 1315//1315 1299//1299
f 1315//1315 1320//1320 1322//1322
f 1304//1304 1302//1302 1300//1300
f 1298//1298 1304//1304 1300//1300
f 1296//1296 1304//1304 1298//1298
f 1303//1303 1340//1340 1320//1320
f 1315//1315 1301//1301 1320//1320
f 1315//1315 1291//1291 1297//1297
f 1013//1013 981//981 950//950
f 637//637 616//616 658//658
f 700//700 704//704 687//687
f 700//700 721//721 713//713
f 700//700 713//713 704//704
f 742//742 746//746 729//729
f 742//742 763//763 755//755
f 784//784 771//771 763//763
f 742//742 755//755 746//746
f 742//742 729//729 721//721
f 784//784 797//797 788//788
f 826//826 813//813 805//805
f 826//826 839//839 830//830
f 868//868 855//855 847//847
f 868//868 872//872 855//855
f 826//826 830//830 813//813
f 784//784 788//788 771//771
f 958//958 964//964 897//897
f 944//944 897//897 889//889
f 972//972 974//974 970//970
f 981//981 983//983 980//980
f 981//981 1013//1013 983//983
f 1046//1046 1062//1062 1054//1054
f 1046//1046 1078//1078 1062//1062
f 1046//1046 1054//1054 1040//1040
f 1096//1096 1106//1106 1086//1086
f 1096//1096 1130//1130 1114//1114
f 1096//1096 1114//1114 1106//1106
f 1096//1096 1086//1086 1078//1078
f 950//950 1031//1031 1013//1013
f 868//868 881//881 872//872
f 1148//1148 1166//1166 1158//1158
f 1291//1291 1243//1243 1182//1182
f 1148//1148 1182//1182 1166//1166
f 1315//1315 1310//1310 1308//1308
f 1315//1315 1314//1314 1312//1312
f 1315//1315 1317//1317 1314//1314
f 1315//1315 1312//1312 1310//1310
f 1315//1315 1308//1308 1243//1243
f 1315//1315 1322//1322 1319//1319
f 1320//1320 1341//1341 1324//1324
f 1320//1320 1324//1324 1322//1322
f 1303//1303 1339//1339 1340//1340
f 1286//1286 1337//1337 1338//1338
f 1286//1286 1336//1336 1337//1337
f 1286//1286 1338//1338 1339//1339
f 1320//1320 1340//1340 1341//1341
f 1315//1315 1319//1319 1317//1317
f 1285//1285 1334//1334 1335//1335
f 1285//1285 1332//1332 1333//1333
f 1285//1285 1333//1333 1334//1334
f 1284//1284 1330//1330 1331//1331
f 1284//1284 1328//1328 1329//1329
f 1284//1284 1327//1327 1328//1328
f 1284//1284 1329//1329 1330//1330
f 1285//1285 1331//1331 1332//1332
f 1302//1302 1325//1325 1326//1326
f 1325//1325 1304//1304 1323//1323
f 1321//1321 1323//1323 1304//1304
f 1304//1304 1325//1325 1302//1302
f 1316//1316 1318//1318 1304//1304
f 1311//1311 1313//1313 1304//1304
f 1309//1309 1311//1311 1304//1304
f 1316//1316 1304//1304 1313//1313
f 1321//1321 1304//1304 1318//1318
f 1302//1302 1326//1326 1327//1327
f 1286//1286 1335//1335 1336//1336
f 1148//1148 1158//1158 1138//1138
f 1307//1307 1309//1309 1304//1304
f 1147//1147 1290//1290 1273//1273
f 1304//1304 1290//1290 1242//1242
f 1147//1147 1181//1181 1290//1290
f 1304//1304 1296//1296 1290//1290
f 1290//1290 1181//1181 1242//1242
f 1147//1147 1157//1157 1165//1165
f 1147//1147 1137//1137 1157//1157
f 1147//1147 1165//1165 1181//1181
f 1242//1242 1307//1307 1304//1304
f 1129//1129 1137//1137 1147//1147
f 1095//1095 1045//1045 1077//1077
f 971//971 949//949 945//945
f 971//971 1012//1012 949//949
f 969//969 971//971 957//957
f 943//943 957//957 945//945
f 888//888 943//943 867//867
f 957//957 943//943 896//896
f 1095//1095 1113//1113 1129//1129
f 949//949 1030//1030 1045//1045
f 1129//1129 1147//1147 1095//1095
f 1095//1095 1105//1105 1113//1113
f 1095//1095 1077//1077 1085//1085
f 1095//1095 1085//1085 1105//1105
f 1045//1045 1053//1053 1061//1061
f 949//949 1012//1012 1030//1030
f 1045//1045 1039//1039 1053//1053
f 1045//1045 1061//1061 1077//1077
f 971//971 979//979 982//982
f 971//971 969//969 973//973
f 957//957 963//963 969//969
f 971//971 973//973 979//979
f 943//943 888//888 896//896
f 867//867 871//871 880//880
f 867//867 854//854 871//871
f 867//867 880//880 888//888
f 957//957 896//896 963//963
f 971//971 982//982 1012//1012
f 846//846 854//854 867//867
f 783//783 796//796 804//804
f 699//699 720//720 741//741
f 741//741 754//754 762//762
f 565//565 594//594 615//615
f 557//557 565//565 555//555
f 557//557 555//555 550//550
f 557//557 586//586 565//565
f 615//615 628//628 636//636
f 443//443 401//401 421//421
f 310//310 358//358 308//308
f 336//336 358//358 310//310
f 237//237 226//226 227//227
f 229//229 238//238 261//261
f 238//238 229//229 230//230
f 228//228 254//254 253//253
f 466//466 550//550 443//443
f 293//293 312//312 310//310
f 321//321 310//310 312//312
f 293//293 276//276 280//280
f 280//280 312//312 293//293
f 812//812 829//829 825//825
f 358//358 379//379 401//401
f 678//678 699//699 657//657
f 498//498 557//557 550//550
f 829//829 838//838 825//825
f 838//838 846//846 825//825
f 298//298 312//312 280//280
f 241//241 243//243 237//237
f 242//242 238//238 244//244
f 242//242 244//244 277//277
f 229//229 258//258 257//257
f 227//227 249//249 237//237
f 268//268 280//280 241//241
f 262//262 238//238 242//242
f 311//311 242//242 294//294
f 242//242 277//277 294//294
f 314//314 242//242 311//311
f 237//237 248//248 241//241
f 280//280 243//243 241//241
f 280//280 276//276 243//243
f 812//812 825//825 804//804
f 846//846 867//867 825//825
f 783//783 770//770 787//787
f 783//783 787//787 796//796
f 741//741 728//728 745//745
f 741//741 745//745 754//754
f 783//783 762//762 770//770
f 699//699 703//703 712//712
f 699//699 678//678 686//686
f 699//699 686//686 703//703
f 657//657 661//661 670//670
f 657//657 636//636 644//644
f 657//657 644//644 661//661
f 657//657 670//670 678//678
f 699//699 712//712 720//720
f 615//615 602//602 619//619
f 565//565 586//586 594//594
f 557//557 570//570 575//575
f 557//557 562//562 568//568
f 557//557 558//558 562//562
f 557//557 568//568 570//570
f 557//557 575//575 586//586
f 550//550 466//466 498//498
f 443//443 445//445 453//453
f 443//443 433//433 445//445
f 443//443 453//453 466//466
f 401//401 411//411 421//421
f 401//401 391//391 403//403
f 401//401 403//403 411//411
f 443//443 421//421 433//433
f 557//557 498//498 558//558
f 615//615 619//619 628//628
f 358//358 361//361 369//369
f 358//358 336//336 346//346
f 358//358 346//346 361//361
f 312//312 313//313 321//321
f 312//312 298//298 304//304
f 280//280 289//289 298//298
f 312//312 304//304 313//313
f 310//310 321//321 336//336
f 280//280 272//272 281//281
f 241//241 264//264 268//268
f 241//241 247//247 264//264
f 280//280 268//268 272//272
f 237//237 249//249 248//248
f 227//227 251//251 250//250
f 227//227 252//252 251//251
f 227//227 250//250 249//249
f 241//241 248//248 247//247
f 280//280 281//281 289//289
f 228//228 256//256 255//255
f 228//228 255//255 254//254
f 229//229 260//260 259//259
f 229//229 261//261 260//260
f 229//229 259//259 258//258
f 228//228 257//257 256//256
f 242//242 263//263 262//262
f 242//242 269//269 265//265
f 242//242 273//273 269//269
f 242//242 265//265 263//263
f 242//242 290//290 282//282
f 242//242 305//305 299//299
f 242//242 314//314 305//305
f 242//242 299//299 290//290
f 242//242 282//282 273//273
f 238//238 262//262 261//261
f 227//227 253//253 252//252
f 358//358 369//369 379//379
f 1121//1121 1127//1127 1103//1103
f 1093//1093 1103//1103 1075//1075
f 1173//1173 1179//1179 1155//1155
f 1145//1145 1155//1155 1127//1127
f 1385//1385 1402//1402 1292//1292
f 1271//1271 1292//1292 1179//1179
f 1406//1406 1444//1444 1418//1418
f 1394//1394 1418//1418 1402//1402
f 1442//1442 1485//1485 1453//1453
f 1420//1420 1453//1453 1444//1444
f 1463//1463 1513//1513 1500//1500
f 1450//1450 1500//1500 1485//1485
f 1504//1504 1538//1538 1531//1531
f 1494//1494 1531//1531 1513//1513
f 1529//1529 1560//1560 1558//1558
f 1524//1524 1558//1558 1538//1538
f 1536//1536 1565//1565 1563//1563
f 1533//1533 1563//1563 1560//1560
f 1542//1542 1573//1573 1569//1569
f 1540//1540 1569//1569 1565//1565
f 1549//1549 1578//1578 1576//1576
f 1547//1547 1576//1576 1573//1573
f 1551//1551 1580//1580 1579//1579
f 1550//1550 1579//1579 1578//1578
f 1553//1553 1582//1582 1581//1581
f 1552//1552 1581//1581 1580//1580
f 1555//1555 1584//1584 1583//1583
f 1554//1554 1583//1583 1582//1582
f 1557//1557 1586//1586 1585//1585
f 1556//1556 1585//1585 1584//1584
f 1543//1543 1574//1574 1548//1548
f 1548//1548 1577//1577 1557//1557
f 1537//1537 1566//1566 1541//1541
f 1541//1541 1570//1570 1543//1543
f 1530//1530 1561//1561 1534//1534
f 1534//1534 1564//1564 1537//1537
f 1505//1505 1539//1539 1525//1525
f 1525//1525 1559//1559 1530//1530
f 1464//1464 1514//1514 1495//1495
f 1495//1495 1532//1532 1505//1505
f 1443//1443 1486//1486 1451//1451
f 1451//1451 1501//1501 1464//1464
f 1407//1407 1445//1445 1421//1421
f 1421//1421 1454//1454 1443//1443
f 1386//1386 1403//1403 1395//1395
f 1395//1395 1419//1419 1407//1407
f 1174//1174 1180//1180 1272//1272
f 1272//1272 1293//1293 1386//1386
f 1122//1122 1128//1128 1146//1146
f 1146//1146 1156//1156 1174//1174
f 1070//1070 1076//1076 1094//1094
f 1094//1094 1104//1104 1122//1122
f 1117//1117 1121//1121 1089//1089
f 1089//1089 1093//1093 1067//1067
f 1167//1167 1173//1173 1141//1141
f 1141//1141 1145//1145 1117//1117
f 1371//1371 1385//1385 1246//1246
f 1246//1246 1271//1271 1167//1167
f 1389//1389 1406//1406 1381//1381
f 1381//1381 1394//1394 1371//1371
f 1404//1404 1442//1442 1396//1396
f 1396//1396 1420//1420 1389//1389
f 1436//1436 1463//1463 1415//1415
f 1415//1415 1450//1450 1404//1404
f 1457//1457 1504//1504 1448//1448
f 1448//1448 1494//1494 1436//1436
f 1490//1490 1529//1529 1482//1482
f 1482//1482 1524//1524 1457//1457
f 1502//1502 1536//1536 1498//1498
f 1498//1498 1533//1533 1490//1490
f 1509//1509 1542//1542 1507//1507
f 1507//1507 1540//1540 1502//1502
f 1515//1515 1549//1549 1511//1511
f 1511//1511 1547//1547 1509//1509
f 1517//1517 1551//1551 1550//1550
f 1516//1516 1550//1550 1549//1549
f 1519//1519 1553//1553 1552//1552
f 1518//1518 1552//1552 1551//1551
f 1521//1521 1555//1555 1554//1554
f 1520//1520 1554//1554 1553//1553
f 1523//1523 1557//1557 1556//1556
f 1522//1522 1556//1556 1555//1555
f 1510//1510 1543//1543 1548//1548
f 1512//1512 1548//1548 1557//1557
f 1503//1503 1537//1537 1541//1541
f 1508//1508 1541//1541 1543//1543
f 1491//1491 1530//1530 1534//1534
f 1499//1499 1534//1534 1537//1537
f 1458//1458 1505//1505 1525//1525
f 1483//1483 1525//1525 1530//1530
f 1437//1437 1464//1464 1495//1495
f 1449//1449 1495//1495 1505//1505
f 1405//1405 1443//1443 1451//1451
f 1416//1416 1451//1451 1464//1464
f 1390//1390 1407//1407 1421//1421
f 1397//1397 1421//1421 1443//1443
f 1372//1372 1386//1386 1395//1395
f 1382//1382 1395//1395 1407//1407
f 1168//1168 1174//1174 1272//1272
f 1247//1247 1272//1272 1386//1386
f 1118//1118 1122//1122 1146//1146
f 1142//1142 1146//1146 1174//1174
f 1068//1068 1070//1070 1094//1094
f 1090//1090 1094//1094 1122//1122
f 96//96 106//106 113//113
f 85//85 98//98 83//83
f 83//83 77//77 85//85
f 98//98 106//106 96//96
f 57//57 66//66 54//54
f 41//41 48//48 23//23
f 23//23 40//40 41//41
f 48//48 57//57 45//45
f 66//66 77//77 83//83
f 22//22 38//38 39//39
f 22//22 36//36 37//37
f 22//22 35//35 36//36
f 37//37 38//38 22//22
f 21//21 33//33 34//34
f 21//21 31//31 32//32
f 20//20 30//30 31//31
f 32//32 33//33 21//21
f 34//34 35//35 21//21
f 39//39 40//40 23//23
f 20//20 28//28 29//29
f 19//19 26//26 27//27
f 24//24 25//25 26//26
f 27//27 28//28 20//20
f 56//56 47//47 46//46
f 64//64 76//76 65//65
f 95//95 84//84 76//76
f 65//65 56//56 55//55
f 47//47 25//25 24//24
f 105//105 97//97 95//95
f 104//104 154//154 112//112
f 110//110 235//235 154//154
f 112//112 105//105 104//104
f 325//325 327//327 317//317
f 325//325 350//350 341//341
f 373//373 365//365 350//350
f 341//341 327//327 325//325
f 317//317 235//235 325//325
f 97//97 84//84 95//95
f 29//29 30//30 20//20
f 373//373 387//387 375//375
f 415//415 409//409 397//397
f 415//415 419//419 409//409
f 397//397 387//387 373//373
f 415//415 441//441 429//429
f 458//458 464//464 451//451
f 477//477 464//464 458//458
f 451//451 441//441 458//458
f 429//429 419//419 415//415
f 515//515 519//519 496//496
f 560//560 585//585 573//573
f 560//560 593//593 585//585
f 573//573 519//519 515//515
f 613//613 617//617 601//601
f 613//613 635//635 627//627
f 655//655 643//643 635//635
f 627//627 617//617 613//613
f 601//601 593//593 613//613
f 496//496 477//477 515//515
f 655//655 669//669 659//659
f 697//697 685//685 677//677
f 697//697 701//701 685//685
f 677//677 669//669 655//655
f 697//697 719//719 711//711
f 727//727 739//739 743//743
f 743//743 739//739 753//753
f 739//739 727//727 719//719
f 711//711 701//701 697//697
f 761//761 781//781 769//769
f 785//785 781//781 795//795
f 795//795 781//781 803//803
f 781//781 785//785 769//769
f 811//811 823//823 827//827
f 827//827 823//823 837//837
f 853//853 865//865 869//869
f 869//869 865//865 879//879
f 823//823 845//845 837//837
f 823//823 811//811 803//803
f 739//739 761//761 753//753
f 659//659 643//643 655//655
f 375//375 365//365 373//373
f 94//94 96//96 111//111
f 94//94 82//82 96//96
f 94//94 92//92 80//80
f 75//75 83//83 82//82
f 92//92 94//94 111//111
f 83//83 63//63 66//66
f 83//83 75//75 63//63
f 61//61 63//63 75//75
f 52//52 45//45 54//54
f 52//52 23//23 45//45
f 52//52 54//54 63//63
f 75//75 82//82 80//80
f 39//39 23//23 22//22
f 55//55 46//46 44//44
f 95//95 76//76 64//64
f 95//95 64//64 74//74
f 154//154 104//104 110//110
f 64//64 55//55 53//53
f 20//20 31//31 21//21
f 11//11 21//21 22//22
f 104//104 95//95 93//93
f 44//44 46//46 19//19
f 397//397 373//373 415//415
f 560//560 573//573 515//515
f 853//853 845//845 865//865
f 21//21 35//35 22//22
f 47//47 24//24 46//46
f 19//19 27//27 20//20
f 22//22 23//23 15//15
f 26//26 19//19 24//24
f 3//3 19//19 20//20
f 51//51 53//53 44//44
f 62//62 53//53 51//51
f 44//44 19//19 18//18
f 73//73 81//81 74//74
f 103//103 93//93 91//91
f 102//102 110//110 103//103
f 104//104 103//103 110//110
f 93//93 81//81 91//91
f 95//95 81//81 93//93
f 73//73 74//74 60//60
f 64//64 62//62 74//74
f 325//325 373//373 350//350
f 373//373 325//325 348//348
f 435//435 458//458 415//415
f 472//472 474//474 458//458
f 477//477 474//474 515//515
f 415//415 373//373 393//393
f 415//415 458//458 441//441
f 515//515 489//489 509//509
f 484//484 509//509 489//489
f 484//484 560//560 509//509
f 613//613 655//655 635//635
f 631//631 655//655 613//613
f 673//673 697//697 655//655
f 655//655 697//697 677//677
f 613//613 560//560 589//589
f 560//560 613//613 593//593
f 484//484 489//489 472//472
f 515//515 474//474 489//489
f 325//325 110//110 182//182
f 110//110 325//325 235//235
f 20//20 21//21 7//7
f 865//865 887//887 879//879
f 895//895 938//938 961//961
f 988//988 995//995 961//961
f 1008//1008 1015//1015 995//995
f 961//961 938//938 988//988
f 1033//1033 1023//1023 1032//1032
f 1043//1043 1022//1022 1055//1055
f 1075//1075 1065//1065 1055//1055
f 1043//1043 1033//1033 1032//1032
f 1023//1023 1015//1015 1008//1008
f 1075//1075 1091//1091 1079//1079
f 1103//1103 1119//1119 1107//1107
f 1127//1127 1131//1131 1119//1119
f 1107//1107 1091//1091 1103//1103
f 1155//1155 1159//1159 1143//1143
f 1179//1179 1183//1183 1171//1171
f 1179//1179 1254//1254 1183//1183
f 1171//1171 1159//1159 1155//1155
f 1143//1143 1131//1131 1127//1127
f 1079//1079 1065//1065 1075//1075
f 1008//1008 1020//1020 1023//1023
f 1010//1010 1020//1020 1008//1008
f 1055//1055 1069//1069 1075//1075
f 1022//1022 1043//1043 1032//1032
f 1119//1119 1103//1103 1127//1127
f 1032//1032 1020//1020 1022//1022
f 988//988 1008//1008 995//995
f 1075//1075 1103//1103 1091//1091
f 1155//1155 1179//1179 1171//1171
f 1179//1179 1292//1292 1254//1254
f 1127//1127 1155//1155 1143//1143
f 988//988 959//959 993//993
f 1426//1426 1440//1440 1377//1377
f 1459//1459 1526//1526 1487//1487
f 1487//1487 1440//1440 1459//1459
f 1426//1426 1377//1377 1402//1402
f 1402//1402 1418//1418 1426//1426
f 1426//1426 1418//1418 1459//1459
f 1453//1453 1459//1459 1444//1444
f 1418//1418 1444//1444 1459//1459
f 1535//1535 1526//1526 1459//1459
f 1292//1292 1402//1402 1377//1377
f 1453//1453 1485//1485 1459//1459
f 887//887 938//938 895//895
f 1567//1567 1545//1545 1562//1562
f 1563//1563 1594//1594 1589//1589
f 1591//1591 1596//1596 1594//1594
f 1589//1589 1567//1567 1562//1562
f 1592//1592 1599//1599 1598//1598
f 1579//1579 1601//1601 1600//1600
f 1580//1580 1602//1602 1601//1601
f 1600//1600 1599//1599 1579//1579
f 1598//1598 1596//1596 1592//1592
f 1581//1581 1604//1604 1603//1603
f 1582//1582 1606//1606 1605//1605
f 1582//1582 1607//1607 1606//1606
f 1605//1605 1604//1604 1581//1581
f 1583//1583 1609//1609 1608//1608
f 1584//1584 1611//1611 1610//1610
f 1585//1585 1612//1612 1611//1611
f 1610//1610 1609//1609 1584//1584
f 1608//1608 1607//1607 1583//1583
f 1603//1603 1602//1602 1580//1580
f 1593//1593 1614//1614 1613//1613
f 1570//1570 1595//1595 1597//1597
f 1575//1575 1590//1590 1595//1595
f 1597//1597 1614//1614 1593//1593
f 1532//1532 1546//1546 1568//1568
f 1488//1488 1527//1527 1506//1506
f 1427//1427 1441//1441 1488//1488
f 1527//1527 1546//1546 1506//1506
f 1568//1568 1590//1590 1575//1575
f 1293//1293 1343//1343 1378//1378
f 1180//1180 1184//1184 1255//1255
f 1180//1180 1172//1172 1184//1184
f 1255//1255 1343//1343 1293//1293
f 1156//1156 1144//1144 1160//1160
f 1128//1128 1120//1120 1132//1132
f 1104//1104 1108//1108 1120//1120
f 1132//1132 1144//1144 1128//1128
f 1160//1160 1172//1172 1156//1156
f 1378//1378 1441//1441 1427//1427
f 1613//1613 1612//1612 1585//1585
f 1076//1076 1080//1080 1092//1092
f 1076//1076 1056//1056 1066//1066
f 1056//1056 1011//1011 1044//1044
f 1066//1066 1080//1080 1076//1076
f 1021//1021 1024//1024 1034//1034
f 996//996 1016//1016 1009//1009
f 989//989 966//966 996//996
f 1016//1016 1024//1024 1009//1009
f 1034//1034 1044//1044 1021//1021
f 898//898 939//939 890//890
f 882//882 866//866 874//874
f 874//874 866//866 856//856
f 866//866 882//882 890//890
f 848//848 824//824 840//840
f 832//832 824//824 814//814
f 814//814 824//824 806//806
f 824//824 832//832 840//840
f 866//866 848//848 856//856
f 898//898 966//966 952//952
f 798//798 782//782 790//790
f 772//772 782//782 764//764
f 764//764 740//740 756//756
f 782//782 772//772 790//790
f 748//748 740//740 730//730
f 714//714 698//698 706//706
f 706//706 698//698 688//688
f 740//740 722//722 730//730
f 740//740 748//748 756//756
f 680//680 656//656 672//672
f 664//664 656//656 646//646
f 646//646 656//656 638//638
f 656//656 664//664 672//672
f 630//630 614//614 622//622
f 622//622 614//614 604//604
f 596//596 561//561 588//588
f 561//561 572//572 588//588
f 614//614 596//596 604//604
f 614//614 630//630 638//638
f 698//698 680//680 688//688
f 782//782 798//798 806//806
f 1092//1092 1108//1108 1104//1104
f 1535//1535 1485//1485 1500//1500
f 1562//1562 1535//1535 1531//1531
f 1500//1500 1513//1513 1535//1535
f 1562//1562 1563//1563 1589//1589
f 1526//1526 1535//1535 1545//1545
f 1562//1562 1531//1531 1538//1538
f 1562//1562 1558//1558 1560//1560
f 1562//1562 1560//1560 1563//1563
f 1562//1562 1538//1538 1558//1558
f 1594//1594 1563//1563 1591//1591
f 1599//1599 1592//1592 1578//1578
f 1576//1576 1592//1592 1591//1591
f 1532//1532 1506//1506 1546//1546
f 1570//1570 1597//1597 1593//1593
f 1595//1595 1570//1570 1575//1575
f 1607//1607 1582//1582 1583//1583
f 1591//1591 1565//1565 1569//1569
f 1591//1591 1573//1573 1576//1576
f 1592//1592 1576//1576 1578//1578
f 1591//1591 1569//1569 1573//1573
f 1565//1565 1591//1591 1563//1563
f 1599//1599 1578//1578 1579//1579
f 1568//1568 1575//1575 1532//1532
f 1579//1579 1580//1580 1601//1601
f 1581//1581 1582//1582 1605//1605
f 1583//1583 1584//1584 1609//1609
f 1580//1580 1581//1581 1603//1603
f 1585//1585 1586//1586 1613//1613
f 1593//1593 1586//1586 1577//1577
f 1593//1593 1577//1577 1574//1574
f 1613//1613 1586//1586 1593//1593
f 1584//1584 1585//1585 1611//1611
f 1575//1575 1570//1570 1566//1566
f 1575//1575 1564//1564 1561//1561
f 1575//1575 1561//1561 1559//1559
f 1575//1575 1566//1566 1564//1564
f 1575//1575 1539//1539 1532//1532
f 1506//1506 1532//1532 1514//1514
f 1506//1506 1501//1501 1486//1486
f 1506//1506 1486//1486 1454//1454
f 1506//1506 1514//1514 1501//1501
f 1575//1575 1559//1559 1539//1539
f 1593//1593 1574//1574 1570//1570
f 1460//1460 1506//1506 1454//1454
f 520//520 580//580 572//572
f 478//478 497//497 495//495
f 465//465 478//478 476//476
f 497//497 520//520 516//516
f 452//452 459//459 442//442
f 430//430 416//416 420//420
f 420//420 416//416 410//410
f 416//416 430//430 442//442
f 452//452 465//465 463//463
f 398//398 374//374 388//388
f 376//376 374//374 366//366
f 366//366 374//374 351//351
f 374//374 376//376 388//388
f 342//342 326//326 328//328
f 318//318 326//326 236//236
f 236//236 111//111 155//155
f 326//326 318//318 328//328
f 326//326 342//342 351//351
f 416//416 398//398 410//410
f 1419//1419 1460//1460 1445//1445
f 1454//1454 1445//1445 1460//1460
f 1403//1403 1427//1427 1419//1419
f 1460//1460 1419//1419 1427//1427
f 1378//1378 1403//1403 1293//1293
f 939//939 898//898 952//952
f 1293//1293 1180//1180 1255//1255
f 1156//1156 1128//1128 1144//1144
f 1128//1128 1104//1104 1120//1120
f 1180//1180 1156//1156 1172//1172
f 1092//1092 1104//1104 1076//1076
f 989//989 1009//1009 994//994
f 572//572 580//580 588//588
f 966//966 989//989 952//952
f 989//989 960//960 952//952
f 994//994 1009//1009 1011//1011
f 1009//1009 1024//1024 1021//1021
f 516//516 572//572 510//510
f 714//714 722//722 698//698
f 495//495 516//516 490//490
f 476//476 495//495 475//475
f 463//463 476//476 459//459
f 113//113 155//155 111//111
f 1076//1076 1070//1070 1056//1056
f 1011//1011 1021//1021 1044//1044
f 459//459 452//452 463//463
f 1427//1427 1403//1403 1378//1378
f 1488//1488 1460//1460 1427//1427
f 1535//1535 1459//1459 1485//1485
f 739//739 697//697 715//715
f 92//92 109//109 101//101
f 75//75 80//80 61//61
f 92//92 79//79 80//80
f 61//61 80//80 72//72
f 101//101 90//90 92//92
f 92//92 90//90 79//79
f 61//61 59//59 50//50
f 80//80 79//79 72//72
f 52//52 61//61 50//50
f 44//44 18//18 51//51
f 18//18 42//42 51//51
f 60//60 51//51 49//49
f 60//60 58//58 73//73
f 8//8 21//21 9//9
f 73//73 91//91 81//81
f 16//16 23//23 17//17
f 102//102 91//91 89//89
f 73//73 78//78 91//91
f 23//23 16//16 15//15
f 43//43 17//17 52//52
f 43//43 52//52 50//50
f 152//152 110//110 102//102
f 23//23 52//52 17//17
f 13//13 12//12 22//22
f 12//12 11//11 22//22
f 14//14 13//13 22//22
f 10//10 9//9 21//21
f 7//7 6//6 20//20
f 6//6 5//5 20//20
f 8//8 7//7 21//21
f 11//11 10//10 21//21
f 4//4 3//3 20//20
f 19//19 2//2 18//18
f 18//18 2//2 1//1
f 3//3 2//2 19//19
f 51//51 42//42 49//49
f 73//73 58//58 71//71
f 73//73 71//71 78//78
f 18//18 1//1 42//42
f 5//5 4//4 20//20
f 373//373 371//371 381//381
f 757//757 781//781 739//739
f 823//823 865//865 845//845
f 841//841 865//865 823//823
f 938//938 891//891 915//915
f 938//938 915//915 959//959
f 938//938 865//865 883//883
f 938//938 887//887 865//865
f 823//823 781//781 799//799
f 993//993 975//975 1010//1010
f 1069//1069 1022//1022 1037//1037
f 1037//1037 1067//1067 1069//1069
f 1055//1055 1022//1022 1069//1069
f 1022//1022 1010//1010 999//999
f 975//975 993//993 959//959
f 1089//1089 1067//1067 1073//1073
f 1167//1167 1141//1141 1153//1153
f 1246//1246 1167//1167 1177//1177
f 1101//1101 1117//1117 1089//1089
f 1366//1366 1380//1380 1371//1371
f 1380//1380 1389//1389 1381//1381
f 1380//1380 1396//1396 1389//1389
f 1381//1381 1371//1371 1380//1380
f 1371//1371 1246//1246 1288//1288
f 823//823 803//803 781//781
f 975//975 955//955 999//999
f 1415//1415 1404//1404 1410//1410
f 1436//1436 1415//1415 1410//1410
f 975//975 959//959 915//915
f 482//482 484//484 472//472
f 739//739 781//781 761//761
f 1027//1027 1022//1022 1014//1014
f 1014//1014 999//999 990//990
f 1396//1396 1380//1380 1404//1404
f 1141//1141 1117//1117 1125//1125
f 975//975 915//915 936//936
f 623//623 631//631 613//613
f 540//540 560//560 484//484
f 1404//1404 1380//1380 1410//1410
f 1410//1410 1457//1457 1448//1448
f 1482//1482 1446//1446 1490//1490
f 1455//1455 1489//1489 1498//1498
f 1482//1482 1457//1457 1410//1410
f 1489//1489 1507//1507 1502//1502
f 1498//1498 1490//1490 1446//1446
f 1489//1489 1502//1502 1498//1498
f 1511//1511 1509//1509 1489//1489
f 1507//1507 1489//1489 1509//1509
f 1489//1489 1492//1492 1511//1511
f 1482//1482 1410//1410 1422//1422
f 1410//1410 1448//1448 1436//1436
f 1387//1387 1410//1410 1380//1380
f 89//89 91//91 78//78
f 102//102 108//108 152//152
f 102//102 100//100 108//108
f 315//315 323//323 325//325
f 338//338 348//348 325//325
f 323//323 338//338 325//325
f 182//182 315//315 325//325
f 405//405 413//413 415//415
f 413//413 423//423 415//415
f 393//393 405//405 415//415
f 435//435 447//447 458//458
f 472//472 447//447 455//455
f 472//472 455//455 470//470
f 458//458 447//447 472//472
f 423//423 435//435 415//415
f 363//363 371//371 373//373
f 484//484 482//482 505//505
f 540//540 581//581 560//560
f 581//581 589//589 560//560
f 484//484 505//505 540//540
f 597//597 605//605 613//613
f 631//631 639//639 655//655
f 639//639 647//647 655//655
f 605//605 623//623 613//613
f 589//589 597//597 613//613
f 665//665 673//673 655//655
f 681//681 689//689 697//697
f 689//689 707//707 697//697
f 673//673 681//681 697//697
f 697//697 739//739 719//719
f 739//739 715//715 723//723
f 739//739 731//731 749//749
f 739//739 749//749 757//757
f 739//739 723//723 731//731
f 647//647 665//665 655//655
f 472//472 470//470 482//482
f 781//781 765//765 773//773
f 823//823 799//799 807//807
f 781//781 773//773 791//791
f 823//823 815//815 833//833
f 865//865 841//841 849//849
f 865//865 849//849 857//857
f 823//823 833//833 841//841
f 823//823 807//807 815//815
f 865//865 875//875 883//883
f 915//915 891//891 899//899
f 915//915 899//899 936//936
f 999//999 955//955 990//990
f 1014//1014 1006//1006 1027//1027
f 1022//1022 1027//1027 1037//1037
f 975//975 936//936 955//955
f 865//865 857//857 875//875
f 1067//1067 1051//1051 1059//1059
f 1089//1089 1083//1083 1101//1101
f 1067//1067 1059//1059 1073//1073
f 1117//1117 1111//1111 1125//1125
f 1167//1167 1153//1153 1163//1163
f 1117//1117 1101//1101 1111//1111
f 1371//1371 1288//1288 1366//1366
f 1380//1380 1366//1366 1373//1373
f 1410//1410 1387//1387 1400//1400
f 1410//1410 1400//1400 1422//1422
f 1498//1498 1446//1446 1455//1455
f 1489//1489 1455//1455 1461//1461
f 1482//1482 1422//1422 1446//1446
f 1380//1380 1373//1373 1387//1387
f 1167//1167 1163//1163 1177//1177
f 1067//1067 1037//1037 1051//1051
f 781//781 757//757 765//765
f 1461//1461 1465//1465 1492//1492
f 1466//1466 1516//1516 1515//1515
f 1518//1518 1517//1517 1470//1470
f 1519//1519 1518//1518 1472//1472
f 1517//1517 1516//1516 1468//1468
f 1521//1521 1520//1520 1476//1476
f 1480//1480 1493//1493 1523//1523
f 1493//1493 1512//1512 1523//1523
f 1522//1522 1521//1521 1478//1478
f 1520//1520 1519//1519 1474//1474
f 1484//1484 1508//1508 1510//1510
f 1484//1484 1499//1499 1503//1503
f 1452//1452 1491//1491 1499//1499
f 1503//1503 1508//1508 1484//1484
f 1452//1452 1458//1458 1483//1483
f 1411//1411 1437//1437 1449//1449
f 1411//1411 1416//1416 1437//1437
f 1449//1449 1458//1458 1411//1411
f 1483//1483 1491//1491 1452//1452
f 1510//1510 1512//1512 1493//1493
f 1466//1466 1492//1492 1465//1465
f 1511//1511 1492//1492 1515//1515
f 1466//1466 1467//1467 1516//1516
f 1517//1517 1468//1468 1469//1469
f 1469//1469 1470//1470 1517//1517
f 1472//1472 1473//1473 1519//1519
f 1519//1519 1473//1473 1474//1474
f 1484//1484 1452//1452 1499//1499
f 1493//1493 1462//1462 1484//1484
f 1393//1393 1405//1405 1416//1416
f 1411//1411 1458//1458 1452//1452
f 1452//1452 1423//1423 1411//1411
f 1411//1411 1393//1393 1416//1416
f 1452//1452 1484//1484 1447//1447
f 1484//1484 1510//1510 1493//1493
f 1476//1476 1477//1477 1521//1521
f 1480//1480 1523//1523 1522//1522
f 1478//1478 1521//1521 1477//1477
f 1393//1393 1411//1411 1388//1388
f 1492//1492 1466//1466 1515//1515
f 1056//1056 1070//1070 1011//1011
f 1011//1011 1070//1070 1038//1038
f 960//960 994//994 942//942
f 916//916 939//939 960//960
f 1011//1011 1000//1000 976//976
f 824//824 866//866 844//844
f 824//824 848//848 866//866
f 740//740 782//782 760//760
f 740//740 764//764 782//782
f 656//656 680//680 698//698
f 698//698 740//740 718//718
f 806//806 824//824 782//782
f 782//782 824//824 802//802
f 890//890 939//939 866//866
f 886//886 866//866 939//939
f 614//614 656//656 634//634
f 561//561 596//596 614//614
f 507//507 510//510 561//561
f 490//490 510//510 485//485
f 561//561 614//614 592//592
f 459//459 475//475 457//457
f 398//398 416//416 374//374
f 374//374 416//416 394//394
f 326//326 374//374 349//349
f 351//351 374//374 326//326
f 416//416 459//459 436//436
f 442//442 459//459 416//416
f 475//475 490//490 473//473
f 638//638 656//656 614//614
f 656//656 698//698 676//676
f 1393//1393 1390//1390 1397//1397
f 1368//1368 1372//1372 1382//1382
f 1372//1372 1289//1289 1247//1247
f 1382//1382 1390//1390 1368//1368
f 1393//1393 1374//1374 1368//1368
f 1168//1168 1247//1247 1178//1178
f 1142//1142 1168//1168 1154//1154
f 1118//1118 1142//1142 1126//1126
f 1090//1090 1118//1118 1102//1102
f 1393//1393 1368//1368 1390//1390
f 1393//1393 1397//1397 1405//1405
f 1028//1028 1000//1000 1011//1011
f 698//698 722//722 740//740
f 937//937 916//916 942//942
f 1070//1070 1068//1068 1038//1038
f 1289//1289 1372//1372 1368//1368
f 956//956 976//976 1000//1000
f 485//485 507//507 483//483
f 916//916 894//894 939//939
f 942//942 976//976 937//937
f 111//111 326//326 183//183
f 473//473 485//485 471//471
f 1090//1090 1074//1074 1068//1068
f 457//457 448//448 459//459
f 457//457 473//473 456//456
f 236//236 326//326 111//111
f 1479//1479 1480//1480 1522//1522
f 1493//1493 1480//1480 1481//1481
f 1484//1484 1462//1462 1456//1456
f 1493//1493 1481//1481 1462//1462
f 1411//1411 1423//1423 1401//1401
f 1393//1393 1388//1388 1374//1374
f 1368//1368 1374//1374 1367//1367
f 1452//1452 1447//1447 1423//1423
f 1247//1247 1289//1289 1220//1220
f 1168//1168 1178//1178 1164//1164
f 1168//1168 1164//1164 1154//1154
f 1142//1142 1136//1136 1126//1126
f 1118//1118 1112//1112 1102//1102
f 1368//1368 1367//1367 1289//1289
f 1068//1068 1074//1074 1060//1060
f 1068//1068 1052//1052 1038//1038
f 1068//1068 1060//1060 1052//1052
f 1000//1000 1007//1007 991//991
f 916//916 937//937 905//905
f 1000//1000 991//991 956//956
f 1000//1000 1028//1028 1007//1007
f 939//939 894//894 886//886
f 866//866 878//878 862//862
f 866//866 862//862 852//852
f 866//866 886//886 878//878
f 824//824 836//836 820//820
f 824//824 810//810 802//802
f 824//824 820//820 810//810
f 866//866 852//852 844//844
f 916//916 905//905 894//894
f 1090//1090 1084//1084 1074//1074
f 782//782 778//778 768//768
f 740//740 752//752 736//736
f 782//782 768//768 760//760
f 740//740 726//726 718//718
f 698//698 710//710 694//694
f 698//698 694//694 684//684
f 740//740 736//736 726//726
f 656//656 676//676 668//668
f 656//656 652//652 642//642
f 656//656 642//642 634//634
f 656//656 668//668 652//652
f 614//614 626//626 610//610
f 561//561 592//592 584//584
f 614//614 610//610 600//600
f 507//507 546//546 506//506
f 459//459 448//448 436//436
f 416//416 424//424 414//414
f 416//416 414//414 406//406
f 457//457 456//456 448//448
f 374//374 372//372 364//364
f 374//374 382//382 372//372
f 326//326 339//339 324//324
f 326//326 324//324 316//316
f 111//111 153//153 109//109
f 326//326 316//316 183//183
f 326//326 349//349 339//339
f 416//416 406//406 394//394
f 561//561 584//584 546//546
f 782//782 794//794 778//778
f 353//353 344//344 316//316
f 545//545 508//508 506//506
f 937//937 904//904 905//905
f 1007//1007 948//948 991//991
f 368//368 353//353 324//324
f 481//481 461//461 426//426
f 426//426 418//418 384//384
f 488//488 518//518 504//504
f 544//544 518//518 508//508
f 933//933 903//903 904//904
f 544//544 543//543 527//527
f 609//609 591//591 544//544
f 1349//1349 1232//1232 1345//1345
f 1360//1360 1239//1239 1358//1358
f 1467//1467 1466//1466 1361//1361
f 1212//1212 1213//1213 1364//1364
f 1428//1428 1438//1438 1461//1461
f 1369//1369 1379//1379 1387//1387
f 987//987 1001//1001 1006//1006
f 505//505 541//541 540//540
f 470//470 503//503 482//482
f 482//482 517//517 505//505
f 455//455 491//491 470//470
f 1357//1357 1359//1359 1438//1438
f 1294//1294 1305//1305 1379//1379
f 1226//1226 1231//1231 1344//1344
f 1222//1222 1226//1226 1305//1305
f 1231//1231 1237//1237 1348//1348
f 947//947 967//967 1001//1001
f 987//987 940//940 947//947
f 1057//1057 1071//1071 1099//1099
f 925//925 951//951 932//932
f 1099//1099 1109//1109 1151//1151
f 99//99 144//144 148//148
f 900//900 932//932 899//899
f 78//78 99//99 89//89
f 71//71 87//87 78//78
f 42//42 128//128 49//49
f 1//1 119//119 42//42
f 87//87 144//144 99//99
f 86//86 140//140 87//87
f 133//133 129//129 50//50
f 141//141 137//137 72//72
f 149//149 145//145 90//90
f 157//157 149//149 101//101
f 145//145 141//141 79//79
f 137//137 133//133 59//59
f 531//531 525//525 512//512
f 1238//1238 1192//1192 1232//1232
f 1241//1241 1199//1199 1239//1239
f 967//967 947//947 924//924
f 947//947 922//922 924//924
f 917//917 919//919 927//927
f 1195//1195 1198//1198 1240//1240
f 1189//1189 1191//1191 1231//1231
f 1187//1187 1189//1189 1226//1226
f 1191//1191 1193//1193 1237//1237
f 940//940 914//914 922//922
f 900//900 901//901 914//914
f 800//800 808//808 816//816
f 590//590 598//598 606//606
f 541//541 526//526 542//542
f 511//511 530//530 526//526
f 179//179 148//148 144//144
f 136//136 171//171 140//140
f 140//140 174//174 144//144
f 114//114 202//202 119//119
f 119//119 204//204 128//128
f 118//118 161//161 160//160
f 171//171 274//274 174//174
f 167//167 245//245 171//171
f 172//172 168//168 137//137
f 175//175 141//141 145//145
f 168//168 133//133 137//137
f 246//246 222//222 168//168
f 318//318 347//347 362//362
f 465//465 469//469 479//479
f 1016//1016 986//986 998//998
f 996//996 965//965 986//986
f 469//469 494//494 502//502
f 328//328 362//362 370//370
f 432//432 454//454 467//467
f 390//390 412//412 422//422
f 747//747 755//755 763//763
f 831//831 839//839 847//847
f 705//705 713//713 721//721
f 978//978 965//965 964//964
f 1018//1018 980//980 983//983
f 873//873 881//881 889//889
f 1414//1414 1352//1352 1353//1353
f 1392//1392 1310//1310 1312//1312
f 1435//1435 1324//1324 1341//1341
f 1432//1432 1331//1331 1330//1330
f 1384//1384 1308//1308 1310//1310
f 1596//1596 1587//1587 1571//1571
f 1545//1545 1528//1528 1496//1496
f 1587//1587 1429//1429 1424//1424
f 105//105 158//158 150//150
f 1528//1528 1398//1398 1391//1391
f 1571//1571 1413//1413 1408//1408
f 1408//1408 1351//1351 1350//1350
f 1398//1398 1350//1350 1347//1347
f 1375//1375 1242//1242 1181//1181
f 97//97 150//150 146//146
f 1346//1346 1391//1391 1347//1347
f 962//962 992//992 985//985
f 84//84 146//146 142//142
f 65//65 138//138 134//134
f 76//76 142//142 138//138
f 47//47 130//130 126//126
f 56//56 134//134 130//130
f 70//70 57//57 48//48
f 127//127 68//68 125//125
f 69//69 127//127 131//131
f 106//106 151//151 159//159
f 25//25 126//126 121//121
f 1432//1432 1328//1328 1327//1327
f 1353//1353 1317//1317 1319//1319
f 997//997 984//984 977//977
f 1351//1351 1316//1316 1313//1313
f 1350//1350 1313//1313 1311//1311
f 1063//1063 1039//1039 1030//1030
f 969//969 977//977 984//984
f 744//744 728//728 720//720
f 564//564 574//574 575//575
f 552//552 539//539 501//501
f 513//513 564//564 552//552
f 539//539 528//528 493//493
f 431//431 433//433 421//421
f 552//552 570//570 568//568
f 962//962 985//985 977//977
f 124//124 260//260 261//261
f 125//125 164//164 127//127
f 127//127 164//164 166//166
f 130//130 169//169 165//165
f 173//173 139//139 135//135
f 170//170 131//131 166//166
f 165//165 272//272 268//268
f 164//164 265//265 269//269
f 139//139 173//173 177//177
f 181//181 147//147 178//178
f 143//143 178//178 147//147
f 173//173 282//282 290//290
f 181//181 314//314 159//159
f 170//170 273//273 282//282
f 356//356 331//331 354//354
f 332//332 301//301 331//331
f 1251//1251 1228//1228 1230//1230
f 1249//1249 1225//1225 1228//1228
f 1260//1260 1234//1234 1236//1236
f 1253//1253 1230//1230 1234//1234
f 1252//1252 1233//1233 1229//1229
f 1256//1256 1235//1235 1233//1233
f 1248//1248 1227//1227 1224//1224
f 1250//1250 1229//1229 1227//1227
f 283//283 278//278 231//231
f 302//302 300//300 278//278
f 217//217 208//208 206//206
f 239//239 231//231 208//208
f 240//240 209//209 232//232
f 218//218 207//207 209//209
f 303//303 279//279 301//301
f 284//284 232//232 279//279
f 359//359 333//333 357//357
f 357//357 332//332 356//356
f 333//333 303//303 332//332
f 334//334 307//307 333//333
f 444//444 400//400 440//440
f 551//551 440//440 534//534
f 556//556 534//534 549//549
f 566//566 549//549 554//554
f 616//616 554//554 612//612
f 658//658 612//612 654//654
f 700//700 654//654 696//696
f 742//742 696//696 738//738
f 784//784 738//738 780//780
f 826//826 780//780 822//822
f 868//868 822//822 864//864
f 944//944 864//864 929//929
f 946//946 929//929 931//931
f 950//950 931//931 935//935
f 1046//1046 935//935 1042//1042
f 1096//1096 1042//1042 1088//1088
f 1148//1148 1088//1088 1140//1140
f 1280//1280 1264//1264 1266//1266
f 1266//1266 1249//1249 1251//1251
f 1264//1264 1245//1245 1249//1249
f 1276//1276 1262//1262 1264//1264
f 1287//1287 1268//1268 1270//1270
f 1270//1270 1253//1253 1260//1260
f 1268//1268 1251//1251 1253//1253
f 1282//1282 1266//1266 1268//1268
f 1285//1285 1259//1259 1258//1258
f 1284//1284 1258//1258 1257//1257
f 1281//1281 1267//1267 1265//1265
f 1267//1267 1252//1252 1250//1250
f 1269//1269 1256//1256 1252//1252
f 1283//1283 1269//1269 1267//1267
f 1275//1275 1263//1263 1261//1261
f 1263//1263 1248//1248 1244//1244
f 1265//1265 1250//1250 1248//1248
f 1279//1279 1265//1265 1263//1263
f 1147//1147 1139//1139 1087//1087
f 1095//1095 1087//1087 1041//1041
f 1045//1045 1041//1041 934//934
f 949//949 934//934 930//930
f 945//945 930//930 928//928
f 943//943 928//928 863//863
f 867//867 863//863 821//821
f 825//825 821//821 779//779
f 783//783 779//779 737//737
f 741//741 737//737 695//695
f 699//699 695//695 653//653
f 657//657 653//653 611//611
f 615//615 611//611 553//553
f 565//565 553//553 548//548
f 555//555 548//548 533//533
f 550//550 533//533 439//439
f 443//443 439//439 399//399
f 401//401 399//399 355//355
f 291//291 287//287 266//266
f 287//287 283//283 239//239
f 306//306 302//302 283//283
f 308//308 306//306 287//287
f 233//233 224//224 219//219
f 224//224 217//217 210//210
f 266//266 239//239 217//217
f 270//270 266//266 224//224
f 228//228 211//211 212//212
f 229//229 212//212 213//213
f 271//271 225//225 267//267
f 267//267 218//218 240//240
f 225//225 214//214 218//218
f 234//234 220//220 225//225
f 309//309 288//288 307//307
f 307//307 284//284 303//303
f 288//288 240//240 284//284
f 292//292 267//267 288//288
f 360//360 334//334 359//359
f 335//335 309//309 334//334
f 1297//1297 1276//1276 1280//1280
f 1291//1291 1274//1274 1276//1276
f 1301//1301 1282//1282 1287//1287
f 1299//1299 1280//1280 1282//1282
f 1298//1298 1281//1281 1279//1279
f 1300//1300 1283//1283 1281//1281
f 1290//1290 1275//1275 1273//1273
f 1296//1296 1279//1279 1275//1275
f 293//293 291//291 270//270
f 310//310 308//308 291//291
f 243//243 233//233 226//226
f 276//276 270//270 233//233
f 277//277 234//234 271//271
f 244//244 230//230 234//234
f 311//311 292//292 309//309
f 294//294 271//271 292//292
f 532//532 554//554 549//549
f 549//549 534//534 523//523
f 935//935 931//931 913//913
f 931//931 929//929 907//907
f 906//906 930//930 912//912
f 223//223 278//278 297//297
f 322//322 314//314 311//311
f 360//360 347//347 335//335
f 444//444 422//422 402//402
f 551//551 467//467 444//444
f 595//595 587//587 566//566
f 679//679 671//671 658//658
f 889//889 881//881 868//868
f 946//946 958//958 944//944
f 950//950 972//972 946//946
f 847//847 839//839 826//826
f 1046//1046 1031//1031 950//950
f 970//970 964//964 958//958
f 1148//1148 1130//1130 1096//1096
f 980//980 974//974 972//972
f 805//805 797//797 784//784
f 957//957 971//971 945//945
f 1030//1030 1039//1039 1045//1045
f 783//783 804//804 825//825
f 720//720 728//728 741//741
f 741//741 762//762 783//783
f 594//594 602//602 615//615
f 615//615 636//636 657//657
f 228//228 253//253 227//227
f 379//379 391//391 401//401
f 229//229 257//257 228//228
f 1121//1121 1103//1103 1093//1093
f 1093//1093 1075//1075 1069//1069
f 1173//1173 1155//1155 1145//1145
f 1145//1145 1127//1127 1121//1121
f 1385//1385 1292//1292 1271//1271
f 1271//1271 1179//1179 1173//1173
f 1406//1406 1418//1418 1394//1394
f 1394//1394 1402//1402 1385//1385
f 1442//1442 1453//1453 1420//1420
f 1420//1420 1444//1444 1406//1406
f 1463//1463 1500//1500 1450//1450
f 1450//1450 1485//1485 1442//1442
f 1504//1504 1531//1531 1494//1494
f 1494//1494 1513//1513 1463//1463
f 1529//1529 1558//1558 1524//1524
f 1524//1524 1538//1538 1504//1504
f 1536//1536 1563//1563 1533//1533
f 1533//1533 1560//1560 1529//1529
f 1542//1542 1569//1569 1540//1540
f 1540//1540 1565//1565 1536//1536
f 1549//1549 1576//1576 1547//1547
f 1547//1547 1573//1573 1542//1542
f 1551//1551 1579//1579 1550//1550
f 1550//1550 1578//1578 1549//1549
f 1553//1553 1581//1581 1552//1552
f 1552//1552 1580//1580 1551//1551
f 1555//1555 1583//1583 1554//1554
f 1554//1554 1582//1582 1553//1553
f 1557//1557 1585//1585 1556//1556
f 1556//1556 1584//1584 1555//1555
f 1574//1574 1577//1577 1548//1548
f 1577//1577 1586//1586 1557//1557
f 1566//1566 1570//1570 1541//1541
f 1570//1570 1574//1574 1543//1543
f 1561//1561 1564//1564 1534//1534
f 1564//1564 1566//1566 1537//1537
f 1539//1539 1559//1559 1525//1525
f 1559//1559 1561//1561 1530//1530
f 1514//1514 1532//1532 1495//1495
f 1532//1532 1539//1539 1505//1505
f 1486//1486 1501//1501 1451//1451
f 1501//1501 1514//1514 1464//1464
f 1445//1445 1454//1454 1421//1421
f 1454//1454 1486//1486 1443//1443
f 1403//1403 1419//1419 1395//1395
f 1419//1419 1445//1445 1407//1407
f 1180//1180 1293//1293 1272//1272
f 1293//1293 1403//1403 1386//1386
f 1128//1128 1156//1156 1146//1146
f 1156//1156 1180//1180 1174//1174
f 1076//1076 1104//1104 1094//1094
f 1104//1104 1128//1128 1122//1122
f 1121//1121 1093//1093 1089//1089
f 1093//1093 1069//1069 1067//1067
f 1173//1173 1145//1145 1141//1141
f 1145//1145 1121//1121 1117//1117
f 1385//1385 1271//1271 1246//1246
f 1271//1271 1173//1173 1167//1167
f 1406//1406 1394//1394 1381//1381
f 1394//1394 1385//1385 1371//1371
f 1442//1442 1420//1420 1396//1396
f 1420//1420 1406//1406 1389//1389
f 1463//1463 1450//1450 1415//1415
f 1450//1450 1442//1442 1404//1404
f 1504//1504 1494//1494 1448//1448
f 1494//1494 1463//1463 1436//1436
f 1529//1529 1524//1524 1482//1482
f 1524//1524 1504//1504 1457//1457
f 1536//1536 1533//1533 1498//1498
f 1533//1533 1529//1529 1490//1490
f 1542//1542 1540//1540 1507//1507
f 1540//1540 1536//1536 1502//1502
f 1549//1549 1547//1547 1511//1511
f 1547//1547 1542//1542 1509//1509
f 1517//1517 1550//1550 1516//1516
f 1516//1516 1549//1549 1515//1515
f 1519//1519 1552//1552 1518//1518
f 1518//1518 1551//1551 1517//1517
f 1521//1521 1554//1554 1520//1520
f 1520//1520 1553//1553 1519//1519
f 1523//1523 1556//1556 1522//1522
f 1522//1522 1555//1555 1521//1521
f 1510//1510 1548//1548 1512//1512
f 1512//1512 1557//1557 1523//1523
f 1503//1503 1541//1541 1508//1508
f 1508//1508 1543//1543 1510//1510
f 1491//1491 1534//1534 1499//1499
f 1499//1499 1537//1537 1503//1503
f 1458//1458 1525//1525 1483//1483
f 1483//1483 1530//1530 1491//1491
f 1437//1437 1495//1495 1449//1449
f 1449//1449 1505//1505 1458//1458
f 1405//1405 1451//1451 1416//1416
f 1416//1416 1464//1464 1437//1437
f 1390//1390 1421//1421 1397//1397
f 1397//1397 1443//1443 1405//1405
f 1372//1372 1395//1395 1382//1382
f 1382//1382 1407//1407 1390//1390
f 1168//1168 1272//1272 1247//1247
f 1247//1247 1386//1386 1372//1372
f 1118//1118 1146//1146 1142//1142
f 1142//1142 1174//1174 1168//1168
f 1068//1068 1094//1094 1090//1090
f 1090//1090 1122//1122 1118//1118
f 98//98 96//96 83//83
f 66//66 63//63 54//54
f 48//48 45//45 23//23
f 57//57 54//54 45//45
f 56//56 46//46 55//55
f 65//65 55//55 64//64
f 105//105 95//95 104//104
f 477//477 458//458 474//474
f 96//96 113//113 111//111
f 82//82 83//83 96//96
f 94//94 80//80 82//82
f 92//92 111//111 109//109
f 52//52 63//63 61//61
f 55//55 44//44 53//53
f 95//95 74//74 81//81
f 64//64 53//53 62//62
f 104//104 93//93 103//103
f 46//46 24//24 19//19
f 560//560 515//515 509//509
f 22//22 15//15 14//14
f 62//62 51//51 60//60
f 103//103 91//91 102//102
f 74//74 62//62 60//60
f 373//373 348//348 363//363
f 373//373 381//381 393//393
f 489//489 474//474 472//472
f 110//110 152//152 182//182
f 938//938 959//959 988//988
f 1023//1023 1020//1020 1032//1032
f 1010//1010 1008//1008 993//993
f 1020//1020 1010//1010 1022//1022
f 1292//1292 1342//1342 1254//1254
f 988//988 993//993 1008//1008
f 1440//1440 1426//1426 1459//1459
f 1292//1292 1377//1377 1342//1342
f 1545//1545 1535//1535 1562//1562
f 1596//1596 1591//1591 1592//1592
f 1488//1488 1506//1506 1460//1460
f 996//996 1009//1009 989//989
f 1535//1535 1513//1513 1531//1531
f 520//520 572//572 516//516
f 478//478 495//495 476//476
f 465//465 476//476 463//463
f 497//497 516//516 495//495
f 989//989 994//994 960//960
f 960//960 939//939 952//952
f 1009//1009 1021//1021 1011//1011
f 572//572 561//561 510//510
f 516//516 510//510 490//490
f 495//495 490//490 475//475
f 476//476 475//475 459//459
f 697//697 707//707 715//715
f 61//61 72//72 59//59
f 60//60 49//49 58//58
f 102//102 89//89 100//100
f 938//938 883//883 891//891
f 781//781 791//791 799//799
f 975//975 999//999 1010//1010
f 1022//1022 999//999 1014//1014
f 1089//1089 1073//1073 1083//1083
f 1141//1141 1135//1135 1153//1153
f 1246//1246 1177//1177 1219//1219
f 1246//1246 1219//1219 1288//1288
f 1014//1014 990//990 1006//1006
f 1141//1141 1125//1125 1135//1135
f 1461//1461 1492//1492 1489//1489
f 1518//1518 1470//1470 1471//1471
f 1518//1518 1471//1471 1472//1472
f 1516//1516 1467//1467 1468//1468
f 1520//1520 1475//1475 1476//1476
f 1522//1522 1478//1478 1479//1479
f 1520//1520 1474//1474 1475//1475
f 1484//1484 1456//1456 1447//1447
f 1411//1411 1401//1401 1388//1388
f 1011//1011 1038//1038 1028//1028
f 994//994 976//976 942//942
f 916//916 960//960 942//942
f 1011//1011 976//976 994//994
f 824//824 844//844 836//836
f 740//740 760//760 752//752
f 698//698 718//718 710//710
f 782//782 802//802 794//794
f 614//614 634//634 626//626
f 507//507 561//561 546//546
f 510//510 507//507 485//485
f 614//614 600//600 592//592
f 475//475 473//473 457//457
f 374//374 394//394 382//382
f 374//374 364//364 349//349
f 416//416 436//436 424//424
f 490//490 485//485 473//473
f 698//698 684//684 676//676
f 1247//1247 1220//1220 1178//1178
f 1142//1142 1154//1154 1136//1136
f 1118//1118 1126//1126 1112//1112
f 1090//1090 1102//1102 1084//1084
f 507//507 506//506 483//483
f 976//976 956//956 937//937
f 111//111 183//183 153//153
f 485//485 483//483 471//471
f 473//473 471//471 456//456