# PHANTOM Module: C15
# Units: meters
o C15

v 5.200000 0.000000 2.000775
v 5.200000 0.000000 1.855127
v 5.200000 0.000000 1.709478
v 5.200000 0.000000 1.563830
v 5.200000 0.000000 1.418182
v 5.200000 0.000000 1.272534
v 5.200000 0.000000 1.126885
v 5.200000 0.000000 0.981237
v 5.200000 0.000000 0.835589
v 5.198452 0.000000 2.028975
v 5.198452 0.000000 0.807389
v 5.193689 0.000000 2.057403
v 5.193689 0.000000 0.778961
v 5.190879 0.066789 0.807389
v 5.186123 0.066736 2.057403
v 5.185635 0.000000 2.085405
v 5.185635 0.000000 0.750959
v 5.174363 0.000000 2.112305
v 5.174363 0.000000 0.724059
v 5.166824 0.066523 2.112305
v 5.166824 0.066523 0.724059
v 5.165795 0.000000 0.835589
v 5.164492 0.000000 2.024523
v 5.160099 0.000000 2.137458
v 5.160099 0.000000 0.698905
v 5.155703 0.390632 2.000775
v 5.155703 0.390632 1.709478
v 5.155703 0.390632 1.418182
v 5.155703 0.390632 1.126885
v 5.155703 0.390632 0.835589
v 5.154169 0.390532 2.028975
v 5.154169 0.390532 0.807389
v 5.152581 0.066364 0.698905
v 5.149447 0.390224 2.057403
v 5.149447 0.390224 0.778961
v 5.144206 0.000000 2.094698
v 5.143209 0.000000 2.160302
v 5.143209 0.000000 0.676062
v 5.141461 0.389702 2.085405
v 5.141461 0.389702 0.750959
v 5.135716 0.066177 2.160302
v 5.135716 0.066177 0.676062
v 5.132193 0.000000 2.115881
v 5.132193 0.000000 0.720483
v 5.130284 0.388972 2.112305
v 5.130284 0.388972 0.724059
v 5.124168 0.000000 2.180394
v 5.124168 0.000000 0.655970
v 5.116703 0.065968 2.180394
v 5.116142 0.388050 2.137458
v 5.116142 0.388050 0.698905
v 5.111407 0.781262 2.000775
v 5.111407 0.781262 1.709478
v 5.111407 0.781262 1.418182
v 5.111407 0.781262 1.126885
v 5.111407 0.781262 0.835589
v 5.109886 0.781062 2.028975
v 5.109886 0.781062 0.807389
v 5.105204 0.780446 2.057403
v 5.105204 0.780446 0.778961
v 5.103518 0.000000 2.197441
v 5.103518 0.000000 0.638922
v 5.099396 0.386957 2.160302
v 5.099396 0.386957 0.676062
v 5.097287 0.779404 2.085405
v 5.097287 0.779404 0.750959
v 5.096083 0.065739 0.638922
v 5.086206 0.777946 2.112305
v 5.086206 0.777946 0.724059
v 5.084545 0.000000 2.166394
v 5.084545 0.000000 0.669969
v 5.080518 0.385725 2.180394
v 5.080518 0.385725 0.655970
v 5.072186 0.776099 2.137458
v 5.072186 0.776099 0.698905
v 5.067111 1.171894 2.000775
v 5.067111 1.171894 1.709478
v 5.067111 1.171894 1.418182
v 5.067111 1.171894 1.126885
v 5.067111 1.171894 0.835589
v 5.065602 1.171594 2.028975
v 5.065602 1.171594 0.807389
v 5.060962 1.170670 2.057403
v 5.060962 1.170670 0.778961
v 5.060043 0.384389 2.197441
v 5.060043 0.384389 0.638922
v 5.055583 0.773913 2.160302
v 5.055583 0.773913 0.676062
v 5.053113 1.169106 2.085405
v 5.053113 1.169106 0.750959
v 5.042129 1.166918 2.112305
v 5.042129 1.166918 0.724059
v 5.036867 0.771449 2.180394
v 5.036867 0.771449 0.655970
v 5.034204 0.000000 0.835589
v 5.032722 0.000000 2.014071
v 5.030831 0.000000 0.815719
v 5.028893 1.495336 2.028975
v 5.028893 1.495336 0.807389
v 5.028229 1.164149 2.137458
v 5.028229 1.164149 0.698905
v 5.028184 0.000000 2.026961
v 5.028184 0.000000 0.809403
v 5.024836 0.000000 0.803497
v 5.024285 1.494156 2.057403
v 5.024285 1.494156 0.778961
v 5.022814 1.562526 2.000775
v 5.022814 1.562526 1.855127
v 5.022814 1.562526 1.709478
v 5.022814 1.562526 1.563830
v 5.022814 1.562526 1.418182
v 5.022814 1.562526 1.272534
v 5.022814 1.562526 1.126885
v 5.022814 1.562526 0.981237
v 5.022814 1.562526 0.835589
v 5.021319 1.562125 2.028975
v 5.021319 1.562125 0.807389
v 5.016719 1.560892 2.057403
v 5.016719 1.560892 0.778961
v 5.016569 0.768777 2.197441
v 5.016569 0.768777 0.638922
v 5.016494 1.492161 2.085405
v 5.016494 1.492161 0.750959
v 5.016399 0.000000 2.042947
v 5.016399 0.000000 0.793416
v 5.011771 1.160871 2.160302
v 5.011771 1.160871 0.676062
v 5.008939 1.558808 2.085405
v 5.008939 1.558808 0.750959
v 5.000526 0.000000 2.272344
v 5.000526 0.000000 0.564019
v 5.000000 0.000000 2.000775
v 5.000000 0.000000 1.855127
v 5.000000 0.000000 1.709478
v 5.000000 0.000000 1.563830
v 5.000000 0.000000 1.418182
v 5.000000 0.000000 1.272534
v 5.000000 0.000000 1.126885
v 5.000000 0.000000 0.981237
v 5.000000 0.000000 0.835589
v 4.999881 0.000000 2.002944
v 4.999881 0.000000 0.833420
v 4.999514 0.000000 2.005131
v 4.999514 0.000000 0.831233
v 4.998895 0.000000 2.007285
v 4.998895 0.000000 0.829079
v 4.998050 1.555890 2.112305
v 4.998050 1.555890 0.724059
v 4.998027 0.000000 2.009354
v 4.998027 0.000000 0.827010
v 4.996930 0.000000 2.011289
v 4.996930 0.000000 0.825075
v 4.995934 0.018560 2.009354
v 4.995934 0.018560 0.827010
v 4.995631 0.000000 2.013046
v 4.995631 0.000000 0.823318
v 4.994166 0.000000 2.014592
v 4.994166 0.000000 0.821772
v 4.993217 1.157174 2.180394
v 4.993217 1.157174 0.655970
v 4.992578 0.000000 2.015903
v 4.992578 0.000000 0.820461
v 4.991790 1.485834 0.698905
v 4.990487 0.018543 2.015903
v 4.989775 1.553673 0.835589
v 4.988516 1.553335 2.024523
v 4.984642 1.552298 0.787900
v 4.984272 1.552198 2.137458
v 4.984272 1.552198 0.698905
v 4.978090 1.550542 2.072045
v 4.975451 1.481649 2.160302
v 4.975451 1.481649 0.676062
v 4.973094 1.153166 2.197441
v 4.973094 1.153166 0.638922
v 4.971604 0.251794 2.000775
v 4.971604 0.251794 1.855127
v 4.971604 0.251794 1.709478
v 4.971604 0.251794 1.563830
v 4.971604 0.251794 1.418182
v 4.971604 0.251794 1.272534
v 4.971604 0.251794 1.126885
v 4.971604 0.251794 0.981237
v 4.971604 0.251794 0.835589
v 4.971122 0.251773 2.005131
v 4.971122 0.251773 0.831233
v 4.969644 0.251709 2.009354
v 4.969644 0.251709 0.827010
v 4.968921 1.548085 2.094698
v 4.968921 1.548085 0.741666
v 4.967958 1.547827 2.160302
v 4.967958 1.547827 0.676062
v 4.967261 0.251605 2.013046
v 4.967261 0.251605 0.823318
v 4.964225 0.251473 2.015903
v 4.964225 0.251473 0.820461
v 4.957318 1.544976 2.115881
v 4.957318 1.544976 0.720483
v 4.957031 1.476932 2.180394
v 4.957031 1.476932 0.655970
v 4.949566 1.542899 2.180394
v 4.949566 1.542899 0.655970
v 4.943579 1.541295 2.135118
v 4.943579 1.541295 0.701246
v 4.943209 0.503588 2.000775
v 4.943209 0.503588 1.855127
v 4.943209 0.503588 1.709478
v 4.943209 0.503588 1.563830
v 4.943209 0.503588 1.418182
v 4.943209 0.503588 1.272534
v 4.943209 0.503588 1.126885
v 4.943209 0.503588 0.981237
v 4.943209 0.503588 0.835589
v 4.942729 0.503546 2.005131
v 4.942729 0.503546 0.831233
v 4.941259 0.503417 2.009354
v 4.941259 0.503417 0.827010
v 4.938890 0.503210 2.013046
v 4.938890 0.503210 0.823318
v 4.937055 1.471816 2.197441
v 4.935872 0.502947 2.015903
v 4.935872 0.502947 0.820461
v 4.929620 1.537555 2.197441
v 4.929620 1.537555 0.638922
v 4.928091 1.537145 0.684326
v 4.914814 0.755381 2.000775
v 4.914814 0.755381 1.855127
v 4.914814 0.755381 1.709478
v 4.914814 0.755381 1.563830
v 4.914814 0.755381 1.418182
v 4.914814 0.755381 1.272534
v 4.914814 0.755381 1.126885
v 4.914814 0.755381 0.981237
v 4.914814 0.755381 0.835589
v 4.914337 0.755318 2.005131
v 4.914337 0.755318 0.831233
v 4.912876 0.755126 2.009354
v 4.912876 0.755126 0.827010
v 4.911293 1.532644 2.166394
v 4.911293 1.532644 0.669969
v 4.910520 0.754816 2.013046
v 4.910520 0.754816 0.823318
v 4.907519 0.754420 2.015903
v 4.907519 0.754420 0.820461
v 4.897534 0.000000 2.347247
v 4.897534 0.000000 0.489116
v 4.889586 0.000000 2.090806
v 4.889586 0.000000 0.745558
v 4.886419 1.007174 2.000775
v 4.886419 1.007174 1.855127
v 4.886419 1.007174 1.709478
v 4.886419 1.007174 1.563830
v 4.886419 1.007174 1.418182
v 4.886419 1.007174 1.272534
v 4.886419 1.007174 1.126885
v 4.886419 1.007174 0.981237
v 4.886419 1.007174 0.835589
v 4.885945 1.007091 2.005131
v 4.885945 1.007091 0.831233
v 4.884492 1.006834 2.009354
v 4.884492 1.006834 0.827010
v 4.882150 1.006421 2.013046
v 4.882150 1.006421 0.823318
v 4.879166 1.005894 2.015903
v 4.879166 1.005894 0.820461
v 4.862668 1.519614 2.000775
v 4.862668 1.519614 0.835589
v 4.862317 1.519521 2.007396
v 4.862317 1.519521 0.828968
v 4.861818 0.247031 2.090806
v 4.861818 0.247031 0.745558
v 4.861237 1.519231 2.014071
v 4.861237 1.519231 0.822293
v 4.859410 1.518742 2.020645
v 4.859410 1.518742 0.815719
v 4.858024 1.258968 2.000775
v 4.858024 1.258968 1.855127
v 4.858024 1.258968 1.709478
v 4.858024 1.258968 1.563830
v 4.858024 1.258968 1.418182
v 4.858024 1.258968 1.272534
v 4.858024 1.258968 1.126885
v 4.858024 1.258968 0.981237
v 4.858024 1.258968 0.835589
v 4.857552 1.258863 2.005131
v 4.857552 1.258863 0.831233
v 4.856853 1.518057 2.026961
v 4.856853 1.518057 0.809403
v 4.856108 1.258543 2.009354
v 4.856108 1.258543 0.827010
v 4.855814 0.371060 2.347247
v 4.855814 0.371060 0.489116
v 4.853779 1.258026 2.013046
v 4.853779 1.258026 0.823318
v 4.853618 1.517190 2.032866
v 4.853618 1.517190 0.803497
v 4.850813 1.257367 2.015903
v 4.850813 1.257367 0.820461
v 4.849788 1.516164 2.038230
v 4.849788 1.516164 0.798134
v 4.845470 1.515006 0.793416
v 4.840786 1.513752 2.046950
v 4.840786 1.513752 0.789414
v 4.834050 0.494061 2.090806
v 4.834050 0.494061 0.745558
v 4.831723 1.492195 0.835589
v 4.830137 1.510899 2.272344
v 4.830137 1.510899 0.564019
v 4.829817 1.491691 2.009354
v 4.829817 1.491691 0.827010
v 4.829629 1.510762 2.000775
v 4.829629 1.510762 1.855127
v 4.829629 1.510762 1.709478
v 4.829629 1.510762 1.563830
v 4.829629 1.510762 1.418182
v 4.829629 1.510762 1.272534
v 4.829629 1.510762 1.126885
v 4.829629 1.510762 0.981237
v 4.829629 1.510762 0.835589
v 4.829514 1.510731 2.002944
v 4.829514 1.510731 0.833420
v 4.829160 1.510636 2.005131
v 4.829160 1.510636 0.831233
v 4.828561 1.510476 2.007285
v 4.828561 1.510476 0.829079
v 4.827724 1.510251 2.009354
v 4.827724 1.510251 0.827010
v 4.826664 1.509968 2.011289
v 4.826664 1.509968 0.825075
v 4.825409 1.509631 2.013046
v 4.825409 1.509631 0.823318
v 4.823994 1.509253 2.014592
v 4.823994 1.509253 0.821772
v 4.822460 1.508841 2.015903
v 4.822460 1.508841 0.820461
v 4.814095 0.742121 2.347247
v 4.814095 0.742121 0.489116
v 4.806282 0.741093 2.090806
v 4.806282 0.741093 0.745558
v 4.794542 0.000000 2.422151
v 4.794542 0.000000 0.414213
v 4.786594 0.000000 2.165709
v 4.786594 0.000000 0.670654
v 4.778514 0.988123 2.090806
v 4.778514 0.988123 0.745558
v 4.772375 1.113181 2.347247
v 4.772375 1.113181 0.489116
v 4.759411 0.242588 2.165709
v 4.759411 0.242588 0.670654
v 4.750746 1.235154 2.090806
v 4.750746 1.235154 0.745558
v 4.732228 0.485176 2.165709
v 4.732228 0.485176 0.670654
v 4.730655 1.484241 2.347247
v 4.730655 1.484241 0.489116
v 4.722978 1.482184 2.090806
v 4.722978 1.482184 0.745558
v 4.705045 0.727764 2.165709
v 4.705045 0.727764 0.670654
v 4.691551 0.000000 2.497054
v 4.691551 0.000000 0.339310
v 4.683602 0.000000 2.240612
v 4.683602 0.000000 0.595751
v 4.677861 0.970352 2.165709
v 4.677861 0.970352 0.670654
v 4.651586 0.357733 2.497054
v 4.651586 0.357733 0.339310
v 4.650678 1.212940 2.165709
v 4.650678 1.212940 0.670654
v 4.631172 1.457585 2.422151
v 4.631172 1.457585 0.414213
v 4.623495 1.455528 2.165709
v 4.623495 1.455528 0.670654
v 4.611620 0.715465 2.497054
v 4.611620 0.715465 0.339310
v 4.588559 0.000000 2.571957
v 4.588559 0.000000 0.264407
v 4.580611 0.000000 2.315516
v 4.580611 0.000000 0.520848
v 4.571655 1.073197 2.497054
v 4.571655 1.073197 0.339310
v 4.531690 1.430929 2.497054
v 4.531690 1.430929 0.339310
v 4.528584 0.467405 2.315516
v 4.528584 0.467405 0.520848
v 4.524013 1.428872 2.240612
v 4.524013 1.428872 0.595751
v 4.485567 0.000000 2.646860
v 4.485567 0.000000 0.189504
v 4.477619 0.000000 2.390419
v 4.477619 0.000000 0.445945
v 4.476557 0.934811 2.315516
v 4.476557 0.934811 0.520848
v 4.447356 0.344404 2.646860
v 4.447356 0.344404 0.189504
v 4.432208 1.404273 2.571957
v 4.432208 1.404273 0.264407
v 4.424530 1.402216 2.315516
v 4.424530 1.402216 0.520848
v 4.409146 0.688808 2.646860
v 4.409146 0.688808 0.189504
v 4.382575 0.000000 2.721763
v 4.382575 0.000000 0.114600
v 4.374627 0.000000 2.465322
v 4.374627 0.000000 0.371042
v 4.370935 1.033213 2.646860
v 4.370935 1.033213 0.189504
v 4.332725 1.377617 2.646860
v 4.332725 1.377617 0.189504
v 4.325047 1.375560 2.390419
v 4.325047 1.375560 0.445945
v 4.324940 0.449635 2.465322
v 4.324940 0.449635 0.371042
v 4.279583 0.000000 2.796666
v 4.279583 0.000000 0.039697
v 4.275252 0.899269 2.465322
v 4.275252 0.899269 0.371042
v 4.272123 0.067753 2.796666
v 4.271635 0.000000 2.540225
v 4.271635 0.000000 0.296139
v 4.252038 0.000000 2.813669
v 4.252038 0.000000 0.022695
v 4.244626 0.067388 2.813669
v 4.244626 0.067388 0.022695
v 4.243127 0.331076 2.796666
v 4.243127 0.331076 0.039697
v 4.234538 0.000000 2.773306
v 4.233243 1.350961 2.721763
v 4.233243 1.350961 0.114600
v 4.225565 1.348904 2.465322
v 4.225565 1.348904 0.371042
v 4.222185 0.000000 2.826222
v 4.222185 0.000000 0.010142
v 4.215816 0.329294 2.813669
v 4.215816 0.329294 0.022695
v 4.214824 0.066993 2.826222
v 4.214824 0.066993 0.010142
v 4.206672 0.662152 2.796666
v 4.206672 0.662152 0.039697
v 4.190963 0.000000 2.833842
v 4.190963 0.000000 0.002522
v 4.186218 0.327362 2.826222
v 4.186218 0.327362 0.010142
v 4.184024 0.000000 0.179565
v 4.183657 0.066579 2.833842
v 4.183657 0.066579 0.002522
v 4.179595 0.658587 2.813669
v 4.179595 0.658587 0.022695
v 4.170216 0.993228 2.796666
v 4.170216 0.993228 0.039697
v 4.168643 0.000000 2.615128
v 4.168643 0.000000 0.221235
v 4.167789 0.000000 0.174203
v 4.167599 0.009526 2.615128
v 4.166524 0.000000 2.616436
v 4.166524 0.000000 0.219928
v 4.164228 0.000000 2.617402
v 4.164228 0.000000 0.218962
v 4.163185 0.009518 2.617402
v 4.163185 0.009518 0.218962
v 4.161826 0.000000 2.617988
v 4.161826 0.000000 0.218376
v 4.159398 0.000000 2.836364
v 4.159398 0.000000 2.618182
v 4.159398 0.000000 0.218182
v 4.159398 0.000000 0.173532
v 4.159398 0.000000 0.000000
v 4.158356 0.009509 2.618182
v 4.155262 0.325342 2.833842
v 4.155262 0.325342 0.002522
v 4.150251 0.654724 2.826222
v 4.150251 0.654724 0.010142
v 4.143374 0.987882 2.813669
v 4.143374 0.987882 0.022695
v 4.141221 1.256552 2.796666
v 4.133760 1.324305 2.796666
v 4.133760 1.324305 0.039697
v 4.126082 1.322248 2.540225
v 4.126082 1.322248 0.296139
v 4.123966 0.323299 2.836364
v 4.123966 0.323299 0.000000
v 4.121295 0.431864 2.615128
v 4.121295 0.431864 0.221235
v 4.119561 0.650683 2.833842
v 4.119561 0.650683 0.002522
v 4.116930 0.431482 2.617402
v 4.116930 0.431482 0.218962
v 4.114565 1.249787 2.813669
v 4.114284 0.982086 2.826222
v 4.114284 0.982086 0.010142
v 4.112155 0.431067 2.618182
v 4.112155 0.431067 0.218182
v 4.111830 1.318428 2.759516
v 4.111830 1.318428 0.076848
v 4.107153 1.317175 2.813669
v 4.107153 1.317175 0.022695
v 4.090250 1.312646 0.063057
v 4.088534 0.646599 2.836364
v 4.088534 0.646599 0.000000
v 4.085678 1.242456 2.826222
v 4.085678 1.242456 0.010142
v 4.083860 0.976026 2.833842
v 4.083860 0.976026 0.002522
v 4.078317 1.309448 2.826222
v 4.078317 1.309448 0.010142
v 4.073948 0.863728 2.615128
v 4.073948 0.863728 0.221235
v 4.069633 0.862966 2.617402
v 4.069633 0.862966 0.218962
v 4.066861 1.306379 0.052875
v 4.064913 0.862132 2.618182
v 4.064913 0.862132 0.218182
v 4.061936 0.000000 2.836364
v 4.061936 0.000000 2.618182
v 4.061936 0.000000 0.218182
v 4.061936 0.000000 0.000000
v 4.055465 1.234789 2.833842
v 4.055465 1.234789 0.002522
v 4.053102 0.969898 2.836364
v 4.053102 0.969898 0.000000
v 4.048530 1.301467 0.184085
v 4.048159 1.301368 2.833842
v 4.048159 1.301368 0.002522
v 4.042399 1.299825 2.789669
v 4.041457 1.299572 0.179565
v 4.033792 1.297518 0.176228
v 4.027645 1.286064 2.615128
v 4.027645 1.286064 0.221235
v 4.026600 1.295591 2.615128
v 4.026600 1.295591 0.221235
v 4.025775 1.295370 2.662161
v 4.024921 1.227037 2.836364
v 4.024553 1.295043 2.616436
v 4.024553 1.295043 0.219928
v 4.023379 1.284930 2.617402
v 4.022336 1.294448 2.617402
v 4.022336 1.294448 0.218962
v 4.020015 1.293827 2.617988
v 4.020015 1.293827 0.218376
v 4.018712 1.283689 2.618182
v 4.017670 1.293199 2.836364
v 4.017670 1.293199 2.791714
v 4.017670 1.293199 2.662831
v 4.017670 1.293199 2.618182
v 4.017670 1.293199 0.218182
v 4.017670 1.293199 0.173532
v 4.017670 1.293199 0.044649
v 4.017670 1.293199 0.000000
v 3.964473 0.000000 2.836364
v 3.964473 0.000000 2.618182
v 3.964473 0.000000 0.218182
v 3.964473 0.000000 0.000000
v 3.923529 1.267973 2.836364
v 3.923529 1.267973 2.618182
v 3.923529 1.267973 0.218182
v 3.923529 1.267973 0.000000
v 3.867011 0.000000 2.836364
v 3.867011 0.000000 2.618182
v 3.867011 0.000000 0.218182
v 3.867011 0.000000 0.000000
v 3.829387 1.242748 2.836364
v 3.829387 1.242748 2.618182
v 3.829387 1.242748 0.218182
v 3.829387 1.242748 0.000000
v 3.769548 0.000000 2.836364
v 3.769548 0.000000 2.618182
v 3.769548 0.000000 0.218182
v 3.769548 0.000000 0.000000
v 3.737438 0.298075 2.836364
v 3.737438 0.298075 0.000000
v 3.735246 1.217523 2.836364
v 3.735246 1.217523 2.618182
v 3.735246 1.217523 0.218182
v 3.735246 1.217523 0.000000
v 3.726734 0.397432 2.618182
v 3.726734 0.397432 0.218182
v 3.705327 0.596148 2.836364
v 3.705327 0.596148 0.000000
v 3.683919 0.794866 2.618182
v 3.683919 0.794866 0.218182
v 3.673215 0.894223 2.836364
v 3.673215 0.894223 0.000000
v 3.672086 0.000000 2.836364
v 3.672086 0.000000 2.618182
v 3.672086 0.000000 0.218182
v 3.672086 0.000000 0.000000
v 3.641104 1.192298 2.836364
v 3.641104 1.192298 2.618182
v 3.641104 1.192298 0.218182
v 3.641104 1.192298 0.000000
v 3.574624 0.000000 2.836364
v 3.574624 0.000000 2.618182
v 3.574624 0.000000 0.218182
v 3.574624 0.000000 0.000000
v 3.546963 1.167072 2.836364
v 3.546963 1.167072 2.618182
v 3.546963 1.167072 0.218182
v 3.546963 1.167072 0.000000
v 3.477161 0.000000 2.836364
v 3.477161 0.000000 2.618182
v 3.477161 0.000000 0.218182
v 3.477161 0.000000 0.000000
v 3.452821 1.141848 2.836364
v 3.452821 1.141848 2.618182
v 3.452821 1.141848 0.218182
v 3.452821 1.141848 0.000000
v 3.379699 0.000000 2.836364
v 3.379699 0.000000 2.618182
v 3.379699 0.000000 0.218182
v 3.379699 0.000000 0.000000
v 3.358680 1.116622 2.836364
v 3.358680 1.116622 2.618182
v 3.358680 1.116622 0.218182
v 3.358680 1.116622 0.000000
v 3.350909 0.272849 2.836364
v 3.350909 0.272849 0.000000
v 3.341312 0.363799 2.618182
v 3.341312 0.363799 0.218182
v 3.322119 0.545698 2.836364
v 3.322119 0.545698 0.000000
v 3.302925 0.727598 2.618182
v 3.302925 0.727598 0.218182
v 3.293329 0.818548 2.836364
v 3.293329 0.818548 0.000000
v 3.282237 0.000000 2.836364
v 3.282237 0.000000 2.618182
v 3.282237 0.000000 0.218182
v 3.282237 0.000000 0.000000
v 3.264538 1.091397 2.836364
v 3.264538 1.091397 2.618182
v 3.264538 1.091397 0.218182
v 3.264538 1.091397 0.000000
v 3.184774 0.000000 2.836364
v 3.184774 0.000000 2.618182
v 3.184774 0.000000 0.218182
v 3.184774 0.000000 0.000000
v 3.170397 1.066172 2.836364
v 3.170397 1.066172 2.618182
v 3.170397 1.066172 0.218182
v 3.170397 1.066172 0.000000
v 3.087312 0.000000 2.836364
v 3.087312 0.000000 2.618182
v 3.087312 0.000000 0.218182
v 3.087312 0.000000 0.000000
v 3.076255 1.040947 2.836364
v 3.076255 1.040947 2.618182
v 3.076255 1.040947 0.218182
v 3.076255 1.040947 0.000000
v 2.989849 0.000000 2.836364
v 2.989849 0.000000 2.618182
v 2.989849 0.000000 0.218182
v 2.989849 0.000000 0.000000
v 2.982114 1.015722 2.836364
v 2.982114 1.015722 2.618182
v 2.982114 1.015722 0.218182
v 2.982114 1.015722 0.000000
v 2.964380 0.247624 2.836364
v 2.964380 0.247624 0.000000
v 2.955890 0.330166 2.618182
v 2.955890 0.330166 0.218182
v 2.938911 0.495249 2.836364
v 2.938911 0.495249 0.000000
v 2.921931 0.660331 2.618182
v 2.921931 0.660331 0.218182
v 2.913442 0.742872 2.836364
v 2.913442 0.742872 0.000000
v 2.892387 0.000000 2.836364
v 2.892387 0.000000 2.618182
v 2.892387 0.000000 0.218182
v 2.892387 0.000000 0.000000
v 2.887973 0.990497 2.836364
v 2.887973 0.990497 2.618182
v 2.887973 0.990497 0.218182
v 2.887973 0.990497 0.000000
v 2.794924 0.000000 2.836364
v 2.794924 0.000000 2.618182
v 2.794924 0.000000 0.218182
v 2.794924 0.000000 0.000000
v 2.793831 0.965272 2.836364
v 2.793831 0.965272 2.618182
v 2.793831 0.965272 0.218182
v 2.793831 0.965272 0.000000
v 2.699690 0.940046 2.836364
v 2.699690 0.940046 2.618182
v 2.699690 0.940046 0.218182
v 2.699690 0.940046 0.000000
v 2.697462 0.000000 2.836364
v 2.697462 0.000000 2.618182
v 2.697462 0.000000 0.218182
v 2.697462 0.000000 0.000000
v 2.605548 0.914822 2.836364
v 2.605548 0.914822 2.618182
v 2.605548 0.914822 0.218182
v 2.605548 0.914822 0.000000
v 2.599999 0.000000 2.836364
v 2.599999 0.000000 2.618182
v 2.599999 0.000000 0.218182
v 2.599999 0.000000 0.000000
v 2.577851 0.222399 2.836364
v 2.577851 0.222399 0.000000
v 2.570468 0.296532 2.618182
v 2.570468 0.296532 0.218182
v 2.555703 0.444798 2.836364
v 2.555703 0.444798 0.000000
v 2.540938 0.593064 2.618182
v 2.540938 0.593064 0.218182
v 2.533555 0.667197 2.836364
v 2.533555 0.667197 0.000000
v 2.511407 0.889596 2.836364
v 2.511407 0.889596 2.618182
v 2.511407 0.889596 0.218182
v 2.511407 0.889596 0.000000
v 2.502537 0.000000 2.836364
v 2.502537 0.000000 2.618182
v 2.502537 0.000000 0.218182
v 2.502537 0.000000 0.000000
v 2.417265 0.864371 2.836364
v 2.417265 0.864371 2.618182
v 2.417265 0.864371 0.218182
v 2.417265 0.864371 0.000000
v 2.405075 0.000000 2.836364
v 2.405075 0.000000 2.618182
v 2.405075 0.000000 0.218182
v 2.405075 0.000000 0.000000
v 2.323124 0.839146 2.836364
v 2.323124 0.839146 2.618182
v 2.323124 0.839146 0.218182
v 2.323124 0.839146 0.000000
v 2.307612 0.000000 2.836364
v 2.307612 0.000000 2.618182
v 2.307612 0.000000 0.218182
v 2.307612 0.000000 0.000000
v 2.228982 0.813921 2.836364
v 2.228982 0.813921 2.618182
v 2.228982 0.813921 0.218182
v 2.228982 0.813921 0.000000
v 2.210150 0.000000 2.836364
v 2.210150 0.000000 2.618182
v 2.210150 0.000000 0.218182
v 2.210150 0.000000 0.000000
v 2.191323 0.197174 2.836364
v 2.191323 0.197174 0.000000
v 2.185047 0.262898 2.618182
v 2.185047 0.262898 0.218182
v 2.172495 0.394348 2.836364
v 2.172495 0.394348 0.000000
v 2.159944 0.525797 2.618182
v 2.159944 0.525797 0.218182
v 2.153668 0.591522 2.836364
v 2.153668 0.591522 0.000000
v 2.134841 0.788695 2.836364
v 2.134841 0.788695 2.618182
v 2.134841 0.788695 0.218182
v 2.134841 0.788695 0.000000
v 2.112688 0.000000 2.836364
v 2.112688 0.000000 2.618182
v 2.112688 0.000000 0.218182
v 2.112688 0.000000 0.000000
v 2.040699 0.763471 2.836364
v 2.040699 0.763471 2.618182
v 2.040699 0.763471 0.218182
v 2.040699 0.763471 0.000000
v 2.015225 0.000000 2.836364
v 2.015225 0.000000 2.618182
v 2.015225 0.000000 0.218182
v 2.015225 0.000000 0.000000
v 1.946558 0.738245 2.836364
v 1.946558 0.738245 2.618182
v 1.946558 0.738245 0.218182
v 1.946558 0.738245 0.000000
v 1.917763 0.000000 2.836364
v 1.917763 0.000000 2.618182
v 1.917763 0.000000 0.218182
v 1.917763 0.000000 0.000000
v 1.852417 0.713020 2.836364
v 1.852417 0.713020 2.618182
v 1.852417 0.713020 0.218182
v 1.852417 0.713020 0.000000
v 1.820300 0.000000 2.836364
v 1.820300 0.000000 2.618182
v 1.820300 0.000000 0.218182
v 1.820300 0.000000 0.000000
v 1.804794 0.171948 2.836364
v 1.804794 0.171948 0.000000
v 1.799625 0.229265 2.618182
v 1.799625 0.229265 0.218182
v 1.789288 0.343898 2.836364
v 1.789288 0.343898 0.000000
v 1.778950 0.458530 2.618182
v 1.778950 0.458530 0.218182
v 1.773781 0.515846 2.836364
v 1.773781 0.515846 0.000000
v 1.758275 0.687795 2.836364
v 1.758275 0.687795 2.618182
v 1.758275 0.687795 0.218182
v 1.758275 0.687795 0.000000
v 1.722838 0.000000 2.836364
v 1.722838 0.000000 2.618182
v 1.722838 0.000000 0.218182
v 1.722838 0.000000 0.000000
v 1.664134 0.662570 2.836364
v 1.664134 0.662570 2.618182
v 1.664134 0.662570 0.218182
v 1.664134 0.662570 0.000000
v 1.625375 0.000000 2.836364
v 1.625375 0.000000 2.618182
v 1.625375 0.000000 0.218182
v 1.625375 0.000000 0.000000
v 1.569992 0.637345 2.836364
v 1.569992 0.637345 2.618182
v 1.569992 0.637345 0.218182
v 1.569992 0.637345 0.000000
v 1.527913 0.000000 2.836364
v 1.527913 0.000000 2.618182
v 1.527913 0.000000 0.218182
v 1.527913 0.000000 0.000000
v 1.475851 0.612120 2.836364
v 1.475851 0.612120 2.618182
v 1.475851 0.612120 0.218182
v 1.475851 0.612120 0.000000
v 1.430450 0.000000 2.836364
v 1.430450 0.000000 2.618182
v 1.430450 0.000000 0.218182
v 1.430450 0.000000 0.000000
v 1.418265 0.146724 2.836364
v 1.418265 0.146724 0.000000
v 1.414204 0.195632 2.618182
v 1.414204 0.195632 0.218182
v 1.406080 0.293447 2.836364
v 1.406080 0.293447 0.000000
v 1.397956 0.391263 2.618182
v 1.397956 0.391263 0.218182
v 1.393894 0.440171 2.836364
v 1.393894 0.440171 0.000000
v 1.381709 0.586895 2.836364
v 1.381709 0.586895 2.618182
v 1.381709 0.586895 0.218182
v 1.381709 0.586895 0.000000
v 1.332988 0.000000 2.836364
v 1.332988 0.000000 2.618182
v 1.332988 0.000000 0.218182
v 1.332988 0.000000 0.000000
v 1.287568 0.561669 2.836364
v 1.287568 0.561669 2.618182
v 1.287568 0.561669 0.218182
v 1.287568 0.561669 0.000000
v 1.235526 0.000000 2.836364
v 1.235526 0.000000 2.618182
v 1.235526 0.000000 0.218182
v 1.235526 0.000000 0.000000
v 1.193426 0.536445 2.836364
v 1.193426 0.536445 2.618182
v 1.193426 0.536445 0.218182
v 1.193426 0.536445 0.000000
v 1.138063 0.000000 2.836364
v 1.138063 0.000000 2.618182
v 1.138063 0.000000 0.218182
v 1.138063 0.000000 0.000000
v 1.099285 0.511219 2.836364
v 1.099285 0.511219 2.618182
v 1.099285 0.511219 0.218182
v 1.099285 0.511219 0.000000
v 1.040601 0.000000 2.836364
v 1.040601 0.000000 2.791714
v 1.040601 0.000000 2.618182
v 1.040601 0.000000 0.218182
v 1.040601 0.000000 0.000000
v 1.038787 0.024864 0.000000
v 1.038173 0.000000 2.617988
v 1.038173 0.000000 0.218376
v 1.035771 0.000000 2.617402
v 1.035771 0.000000 0.218962
v 1.035512 0.003564 2.617402
v 1.033475 0.000000 2.616436
v 1.033475 0.000000 0.219928
v 1.031736 0.121498 2.836364
v 1.031736 0.121498 0.000000
v 1.031356 0.000000 2.615128
v 1.031356 0.000000 0.221235
v 1.031097 0.003556 2.615128
v 1.031097 0.003556 0.221235
v 1.028782 0.161998 2.618182
v 1.028782 0.161998 0.218182
v 1.024007 0.161581 2.617402
v 1.024007 0.161581 0.218962
v 1.023911 0.000000 0.176228
v 1.022872 0.242997 2.836364
v 1.022872 0.242997 0.000000
v 1.019642 0.161201 2.615128
v 1.019642 0.161201 0.221235
v 1.016963 0.323997 2.618182
v 1.016963 0.323997 0.218182
v 1.015975 0.000000 2.656798
v 1.015975 0.000000 0.179565
v 1.014999 0.000000 2.789669
v 1.014008 0.364495 2.836364
v 1.014008 0.364495 0.000000
v 1.012242 0.323163 2.617402
v 1.012242 0.323163 0.218962
v 1.009037 0.000000 2.833842
v 1.009037 0.000000 0.002522
v 1.008653 0.000000 2.652279
v 1.008653 0.000000 0.184085
v 1.007928 0.322401 2.615128
v 1.007928 0.322401 0.221235
v 1.007277 0.024446 2.833842
v 1.007277 0.024446 0.002522
v 1.006957 0.461130 2.836364
v 1.006957 0.461130 0.000000
v 1.005404 0.482421 2.618182
v 1.005143 0.485994 2.836364
v 1.005143 0.485994 2.791714
v 1.005143 0.485994 2.618182
v 1.005143 0.485994 0.218182
v 1.005143 0.485994 0.173532
v 1.005143 0.485994 0.044649
v 1.005143 0.485994 0.000000
v 1.002798 0.485366 2.617988
v 1.002798 0.485366 0.218376
v 1.000738 0.481180 2.617402
v 1.000738 0.481180 0.218962
v 1.000478 0.484744 2.617402
v 1.000478 0.484744 0.218962
v 1.000441 0.119456 2.833842
v 1.000441 0.119456 0.002522
v 0.998260 0.484150 2.616436
v 0.998260 0.484150 0.219928
v 0.997039 0.483823 2.662161
v 0.996471 0.480045 2.615128
v 0.996471 0.480045 0.221235
v 0.996213 0.483602 2.615128
v 0.996213 0.483602 0.221235
v 0.991845 0.238913 2.833842
v 0.991845 0.238913 0.002522
v 0.989675 0.000000 2.783488
v 0.989675 0.000000 0.052875
v 0.989022 0.481674 2.660135
v 0.983250 0.358369 2.833842
v 0.983250 0.358369 0.002522
v 0.981357 0.479621 2.656798
v 0.981357 0.479621 0.179565
v 0.980413 0.479368 2.789669
v 0.977815 0.000000 2.826222
v 0.977815 0.000000 0.010142
v 0.976414 0.453379 2.833842
v 0.976414 0.453379 0.002522
v 0.976110 0.024033 2.826222
v 0.976110 0.024033 0.010142
v 0.974654 0.477824 2.833842
v 0.974654 0.477824 0.002522
v 0.974284 0.477725 2.652279
v 0.969485 0.117436 2.826222
v 0.969485 0.117436 0.010142
v 0.965461 0.000000 2.773306
v 0.961155 0.234872 2.826222
v 0.961155 0.234872 0.010142
v 0.955953 0.472814 2.783488
v 0.955953 0.472814 0.052875
v 0.952826 0.352308 2.826222
v 0.952826 0.352308 0.010142
v 0.947961 0.000000 2.813669
v 0.947961 0.000000 0.022695
v 0.946309 0.023637 2.813669
v 0.946309 0.023637 0.022695
v 0.946200 0.445711 2.826222
v 0.946200 0.445711 0.010142
v 0.944496 0.469744 2.826222
v 0.944496 0.469744 0.010142
v 0.943119 0.000000 2.759516
v 0.943119 0.000000 0.076848
v 0.939886 0.115504 2.813669
v 0.939886 0.115504 0.022695
v 0.932564 0.466546 2.773306
v 0.932564 0.466546 0.063057
v 0.931810 0.231009 2.813669
v 0.931810 0.231009 0.022695
v 0.928364 0.000000 2.540225
v 0.928364 0.000000 0.296139
v 0.923736 0.346513 2.813669
v 0.923736 0.346513 0.022695
v 0.920416 0.000000 2.796666
v 0.920416 0.000000 0.039697
v 0.918812 0.023273 2.796666
v 0.917313 0.438380 2.813669
v 0.917313 0.438380 0.022695
v 0.915660 0.462017 2.813669
v 0.915660 0.462017 0.022695
v 0.912576 0.113722 2.796666
v 0.912576 0.113722 0.039697
v 0.910983 0.460764 2.759516
v 0.904735 0.227444 2.796666
v 0.904735 0.227444 0.039697
v 0.896894 0.341166 2.796666
v 0.896894 0.341166 0.039697
v 0.896730 0.456945 2.540225
v 0.896730 0.456945 0.296139
v 0.890658 0.431616 2.796666
v 0.889053 0.454888 2.796666
v 0.889053 0.454888 0.039697
v 0.825373 0.000000 2.465322
v 0.825373 0.000000 0.371042
v 0.817424 0.000000 2.721763
v 0.817424 0.000000 0.114600
v 0.815998 0.143430 2.465322
v 0.815998 0.143430 0.371042
v 0.806623 0.286860 2.465322
v 0.806623 0.286860 0.371042
v 0.797249 0.430289 2.465322
v 0.797249 0.430289 0.371042
v 0.789571 0.428231 2.721763
v 0.789571 0.428231 0.114600
v 0.722381 0.000000 2.390419
v 0.722381 0.000000 0.445945
v 0.714433 0.000000 2.646860
v 0.714433 0.000000 0.189504
v 0.708346 0.100394 2.646860
v 0.708346 0.100394 0.189504
v 0.702260 0.200788 2.646860
v 0.702260 0.200788 0.189504
v 0.697766 0.403632 2.390419
v 0.697766 0.403632 0.445945
v 0.696175 0.301182 2.646860
v 0.696175 0.301182 0.189504
v 0.690088 0.401575 2.646860
v 0.690088 0.401575 0.189504
v 0.619389 0.000000 2.315516
v 0.619389 0.000000 0.520848
v 0.612353 0.125659 2.315516
v 0.612353 0.125659 0.520848
v 0.611441 0.000000 2.571957
v 0.611441 0.000000 0.264407
v 0.605318 0.251318 2.315516
v 0.605318 0.251318 0.520848
v 0.598284 0.376976 2.315516
v 0.598284 0.376976 0.520848
v 0.590606 0.374919 2.571957
v 0.590606 0.374919 0.264407
v 0.516397 0.000000 2.240612
v 0.516397 0.000000 0.595751
v 0.508449 0.000000 2.497054
v 0.508449 0.000000 0.339310
v 0.504117 0.087066 2.497054
v 0.504117 0.087066 0.339310
v 0.499786 0.174131 2.497054
v 0.499786 0.174131 0.339310
v 0.498801 0.350320 2.240612
v 0.498801 0.350320 0.595751
v 0.495455 0.261197 2.497054
v 0.495455 0.261197 0.339310
v 0.491123 0.348263 2.497054
v 0.491123 0.348263 0.339310
v 0.413405 0.000000 2.165709
v 0.413405 0.000000 0.670654
v 0.411057 0.053944 2.165709
v 0.408710 0.107888 2.165709
v 0.408710 0.107888 0.670654
v 0.406362 0.161832 2.165709
v 0.405457 0.000000 2.422151
v 0.405457 0.000000 0.414213
v 0.404014 0.215775 2.165709
v 0.404014 0.215775 0.670654
v 0.401667 0.269720 2.165709
v 0.399319 0.323664 2.165709
v 0.399319 0.323664 0.670654
v 0.391641 0.321607 2.422151
v 0.391641 0.321607 0.414213
v 0.310413 0.000000 2.090806
v 0.310413 0.000000 0.745558
v 0.308650 0.049501 2.090806
v 0.306888 0.099003 2.090806
v 0.305124 0.148504 2.090806
v 0.303362 0.198005 2.090806
v 0.302464 0.000000 2.347247
v 0.302464 0.000000 0.489116
v 0.301599 0.247506 2.090806
v 0.299889 0.073737 2.347247
v 0.299889 0.073737 0.489116
v 0.299836 0.297008 2.090806
v 0.299836 0.297008 0.745558
v 0.297312 0.147475 2.347247
v 0.297312 0.147475 0.489116
v 0.294735 0.221212 2.347247
v 0.294735 0.221212 0.489116
v 0.292159 0.294950 2.347247
v 0.292159 0.294950 0.489116
v 0.207421 0.000000 2.015903
v 0.207421 0.000000 0.820461
v 0.207335 0.003323 0.820461
v 0.206244 0.045058 2.015903
v 0.206244 0.045058 0.820461
v 0.205832 0.000000 2.014592
v 0.205832 0.000000 0.821772
v 0.205066 0.090117 2.015903
v 0.205066 0.090117 0.820461
v 0.204369 0.000000 2.013046
v 0.204369 0.000000 0.823318
v 0.203887 0.135176 2.015903
v 0.203887 0.135176 0.820461
v 0.203208 0.044927 2.013046
v 0.203208 0.044927 0.823318
v 0.203069 0.000000 2.011289
v 0.203069 0.000000 0.825075
v 0.202709 0.180234 2.015903
v 0.202709 0.180234 0.820461
v 0.202047 0.089853 2.013046
v 0.202047 0.089853 0.823318
v 0.201972 0.000000 2.009354
v 0.201972 0.000000 0.827010
v 0.201531 0.225293 2.015903
v 0.201531 0.225293 0.820461
v 0.201104 0.000000 2.007285
v 0.201104 0.000000 0.829079
v 0.200887 0.134781 2.013046
v 0.200887 0.134781 0.823318
v 0.200825 0.044824 2.009354
v 0.200825 0.044824 0.827010
v 0.200485 0.000000 2.005131
v 0.200485 0.000000 0.831233
v 0.200354 0.270351 2.015903
v 0.200354 0.270351 0.820461
v 0.200119 0.000000 2.002944
v 0.200119 0.000000 0.833420
v 0.200000 0.000000 2.000775
v 0.200000 0.000000 1.855127
v 0.200000 0.000000 1.709478
v 0.200000 0.000000 1.563830
v 0.200000 0.000000 1.418182
v 0.200000 0.000000 1.272534
v 0.200000 0.000000 1.126885
v 0.200000 0.000000 0.981237
v 0.200000 0.000000 0.835589
v 0.199726 0.179708 2.013046
v 0.199726 0.179708 0.823318
v 0.199677 0.089647 2.009354
v 0.199677 0.089647 0.827010
v 0.199473 0.000000 2.272344
v 0.199473 0.000000 0.564019
v 0.199347 0.044760 2.005131
v 0.199347 0.044760 0.831233
v 0.198864 0.044739 2.000775
v 0.198864 0.044739 0.835589
v 0.198819 0.269940 2.014592
v 0.198819 0.269940 0.821772
v 0.198565 0.224634 2.013046
v 0.198565 0.224634 0.823318
v 0.198530 0.134470 2.009354
v 0.198530 0.134470 0.827010
v 0.198208 0.089519 2.005131
v 0.198208 0.089519 0.831233
v 0.197728 0.089477 2.000775
v 0.197728 0.089477 1.709478
v 0.197728 0.089477 1.418182
v 0.197728 0.089477 1.126885
v 0.197728 0.089477 0.835589
v 0.197405 0.269561 2.013046
v 0.197405 0.269561 0.823318
v 0.197384 0.179294 2.009354
v 0.197384 0.179294 0.827010
v 0.197069 0.134278 2.005131
v 0.197069 0.134278 0.831233
v 0.196592 0.134215 2.000775
v 0.196592 0.134215 0.835589
v 0.196237 0.224117 2.009354
v 0.196237 0.224117 0.827010
v 0.196150 0.269225 2.011289
v 0.196150 0.269225 0.825075
v 0.195930 0.179037 2.005131
v 0.195930 0.179037 0.831233
v 0.195457 0.178953 2.000775
v 0.195457 0.178953 1.709478
v 0.195457 0.178953 1.418182
v 0.195457 0.178953 1.126885
v 0.195457 0.178953 0.835589
v 0.195174 0.265635 0.827010
v 0.195089 0.268941 2.009354
v 0.195089 0.268941 0.827010
v 0.194792 0.223797 2.005131
v 0.194792 0.223797 0.831233
v 0.194321 0.223692 2.000775
v 0.194321 0.223692 0.835589
v 0.194252 0.268717 2.007285
v 0.194252 0.268717 0.829079
v 0.193654 0.268556 2.005131
v 0.193654 0.268556 0.831233
v 0.193299 0.268461 2.002944
v 0.193299 0.268461 0.833420
v 0.193185 0.268431 2.000775
v 0.193185 0.268431 1.855127
v 0.193185 0.268431 1.709478
v 0.193185 0.268431 1.563830
v 0.193185 0.268431 1.418182
v 0.193185 0.268431 1.272534
v 0.193185 0.268431 1.126885
v 0.193185 0.268431 0.981237
v 0.193185 0.268431 0.835589
v 0.192677 0.268294 2.272344
v 0.192677 0.268294 0.564019
v 0.183599 0.000000 2.042947
v 0.183599 0.000000 0.793416
v 0.182027 0.265441 0.789414
v 0.179130 0.000000 2.038230
v 0.177343 0.264186 2.042947
v 0.175163 0.000000 2.032866
v 0.173025 0.263029 2.038230
v 0.173025 0.263029 0.798134
v 0.171815 0.000000 2.026961
v 0.171815 0.000000 0.809403
v 0.169195 0.262002 2.032866
v 0.169168 0.000000 2.020645
v 0.166159 0.000000 2.007396
v 0.165960 0.261136 0.809403
v 0.165795 0.000000 0.835589
v 0.163404 0.260450 2.020645
v 0.163404 0.260450 0.815719
v 0.160497 0.259672 0.828968
v 0.160146 0.259578 2.000775
v 0.160146 0.259578 0.835589
v 0.111521 0.246549 0.669969
v 0.098064 0.000000 2.152038
v 0.096481 0.000000 2.197441
v 0.096481 0.000000 0.638922
v 0.096341 0.010331 0.638922
v 0.095659 0.060410 2.197441
v 0.095659 0.060410 0.638922
v 0.094837 0.120819 2.197441
v 0.094837 0.120819 0.638922
v 0.094723 0.242047 0.684326
v 0.094015 0.181229 2.197441
v 0.094015 0.181229 0.638922
v 0.093194 0.241638 2.197441
v 0.093194 0.241638 0.638922
v 0.079234 0.237898 0.701246
v 0.075831 0.000000 2.180394
v 0.075831 0.000000 0.655970
v 0.075721 0.010103 0.655970
v 0.075185 0.059073 2.180394
v 0.075185 0.059073 0.655970
v 0.074539 0.118147 2.180394
v 0.074539 0.118147 0.655970
v 0.073894 0.177220 2.180394
v 0.073894 0.177220 0.655970
v 0.073358 0.226191 0.655970
v 0.073247 0.236293 2.180394
v 0.073247 0.236293 0.655970
v 0.067806 0.000000 2.115881
v 0.056790 0.000000 2.160302
v 0.056790 0.000000 0.676062
v 0.056707 0.009892 0.676062
v 0.056307 0.057841 2.160302
v 0.056307 0.057841 0.676062
v 0.055823 0.115683 2.160302
v 0.055823 0.115683 0.676062
v 0.055794 0.000000 2.094698
v 0.055339 0.173524 2.160302
v 0.055339 0.173524 0.676062
v 0.054938 0.221473 0.676062
v 0.054855 0.231365 2.160302
v 0.054855 0.231365 0.676062
v 0.053893 0.231108 2.094698
v 0.053893 0.231108 0.741666
v 0.046301 0.000000 2.072045
v 0.044723 0.228650 0.764319
v 0.039901 0.000000 2.137458
v 0.039901 0.000000 0.698905
v 0.039843 0.009706 2.137458
v 0.039843 0.009706 0.698905
v 0.039561 0.056748 2.137458
v 0.039561 0.056748 0.698905
v 0.039517 0.000000 0.787900
v 0.039221 0.113497 2.137458
v 0.039221 0.113497 0.698905
v 0.038881 0.170245 2.137458
v 0.038881 0.170245 0.698905
v 0.038599 0.217289 2.137458
v 0.038599 0.217289 0.698905
v 0.038541 0.226994 2.137458
v 0.038541 0.226994 0.698905
v 0.034297 0.225857 0.811841
v 0.034204 0.000000 0.835589
v 0.033038 0.225519 2.000775
v 0.033038 0.225519 0.835589
v 0.025637 0.000000 2.112305
v 0.025637 0.000000 0.724059
v 0.025418 0.055825 2.112305
v 0.025418 0.055825 0.724059
v 0.025200 0.111651 2.112305
v 0.025200 0.111651 0.724059
v 0.024981 0.167477 2.112305
v 0.024981 0.167477 0.724059
v 0.024800 0.213755 2.112305
v 0.024763 0.223302 2.112305
v 0.024763 0.223302 0.724059
v 0.014364 0.000000 2.085405
v 0.014364 0.000000 0.750959
v 0.014343 0.009422 2.085405
v 0.014343 0.009422 0.750959
v 0.014241 0.055096 2.085405
v 0.014241 0.055096 0.750959
v 0.014119 0.110192 2.085405
v 0.014119 0.110192 0.750959
v 0.013997 0.165288 2.085405
v 0.013997 0.165288 0.750959
v 0.013896 0.210962 2.085405
v 0.013896 0.210962 0.750959
v 0.013875 0.220385 2.085405
v 0.013875 0.220385 0.750959
v 0.006310 0.000000 2.057403
v 0.006310 0.000000 0.778961
v 0.006301 0.009334 2.057403
v 0.006256 0.054575 2.057403
v 0.006256 0.054575 0.778961
v 0.006202 0.109150 2.057403
v 0.006202 0.109150 0.778961
v 0.006148 0.163725 2.057403
v 0.006148 0.163725 0.778961
v 0.006104 0.208966 2.057403
v 0.006104 0.208966 0.778961
v 0.006095 0.218300 2.057403
v 0.006095 0.218300 0.778961
v 0.001547 0.000000 2.028975
v 0.001547 0.000000 0.807389
v 0.001545 0.009281 2.028975
v 0.001534 0.054267 2.028975
v 0.001534 0.054267 0.807389
v 0.001521 0.108534 2.028975
v 0.001521 0.108534 0.807389
v 0.001508 0.162801 2.028975
v 0.001508 0.162801 0.807389
v 0.001496 0.207787 0.807389
v 0.001494 0.217067 2.028975
v 0.001494 0.217067 0.807389
v 0.000000 0.216666 2.000775
v 0.000000 0.216666 1.855127
v 0.000000 0.216666 1.709478
v 0.000000 0.216666 1.563830
v 0.000000 0.216666 1.418182
v 0.000000 0.216666 1.272534
v 0.000000 0.216666 1.126885
v 0.000000 0.216666 0.981237
v 0.000000 0.216666 0.835589
v 0.000000 0.162500 2.000775
v 0.000000 0.162500 1.709478
v 0.000000 0.162500 1.418182
v 0.000000 0.162500 1.126885
v 0.000000 0.162500 0.835589
v 0.000000 0.108334 2.000775
v 0.000000 0.108334 1.709478
v 0.000000 0.108334 1.418182
v 0.000000 0.108334 1.126885
v 0.000000 0.108334 0.835589
v 0.000000 0.054167 2.000775
v 0.000000 0.054167 1.709478
v 0.000000 0.054167 1.418182
v 0.000000 0.054167 1.126885
v 0.000000 0.054167 0.835589
v 0.000000 0.009264 2.000775
v 0.000000 0.000000 2.000775
v 0.000000 0.000000 1.855127
v 0.000000 0.000000 1.709478
v 0.000000 0.000000 1.563830
v 0.000000 0.000000 1.418182
v 0.000000 0.000000 1.272534
v 0.000000 0.000000 1.126885
v 0.000000 0.000000 0.981237
v 0.000000 0.000000 0.835589

vn 0.749405 -0.660813 0.041458
vn 0.745881 -0.666080 0.000000
vn 0.582280 -0.812988 0.000000
vn 0.745881 -0.666080 0.000000
vn 0.582280 -0.812988 0.000000
vn 0.745881 -0.666080 0.000000
vn 0.582280 -0.812988 0.000000
vn 0.538699 -0.842498 0.000000
vn 0.872727 -0.487164 -0.031913
vn 0.748159 -0.658298 0.083082
vn 0.740544 -0.666974 -0.082102
vn 0.566572 -0.813930 0.128507
vn 0.571903 -0.810018 -0.129606
vn 0.976837 0.119456 -0.177538
vn 0.973581 0.116812 0.196201
vn 0.824237 -0.486257 0.290150
vn 0.715913 -0.656751 -0.236952
vn 0.519623 -0.815426 0.255094
vn 0.665502 -0.671095 -0.326709
vn 0.892463 0.106229 0.438435
vn 0.909699 0.108753 -0.400775
vn 0.000000 -1.000000 0.000000
vn 0.000000 -1.000000 0.000000
vn 0.729350 -0.493512 0.473809
vn 0.736408 -0.498214 -0.457697
vn 0.993152 0.110980 0.036502
vn 0.993632 0.112675 0.000000
vn 0.993632 0.112675 0.000000
vn 0.993632 0.112675 0.000000
vn 0.993362 0.112644 -0.023324
vn 0.989032 0.110178 0.098368
vn 0.988814 0.112125 -0.098363
vn 0.834817 0.094566 -0.542345
vn 0.971797 0.110183 0.208495
vn 0.972015 0.108197 -0.208519
vn 0.000000 -1.000000 0.000000
vn 0.554279 -0.677064 0.484106
vn 0.673499 -0.503082 -0.541578
vn 0.941255 0.105823 0.320689
vn 0.944496 0.103659 -0.311741
vn 0.788495 0.092723 0.608011
vn 0.746771 0.087395 -0.659315
vn 0.000000 -1.000000 0.000000
vn 0.000000 -1.000000 0.000000
vn 0.898391 0.101811 0.427233
vn 0.893256 0.101222 -0.438005
vn 0.500358 -0.680077 0.535851
vn 0.502600 -0.676788 -0.537914
vn 0.686915 0.077740 0.722568
vn 0.840526 0.094323 0.533498
vn 0.835034 0.094588 -0.542006
vn 0.993153 0.112619 0.031052
vn 0.993632 0.112675 0.000000
vn 0.993632 0.112675 0.000000
vn 0.993632 0.112675 0.000000
vn 0.993153 0.112619 -0.031052
vn 0.985524 0.111746 0.127493
vn 0.985524 0.111746 -0.127493
vn 0.965144 0.109418 0.237751
vn 0.965144 0.109418 -0.237751
vn 0.532676 -0.513466 0.672762
vn 0.447852 -0.682412 -0.577704
vn 0.763883 0.086489 0.639533
vn 0.771632 0.087375 -0.630040
vn 0.931654 0.105595 0.347665
vn 0.931654 0.105595 -0.347665
vn 0.635075 0.075159 -0.768785
vn 0.884697 0.100240 0.455262
vn 0.884697 0.100240 -0.455262
vn 0.000000 -1.000000 0.000000
vn 0.000000 -1.000000 0.000000
vn 0.689777 0.078067 0.719801
vn 0.688418 0.077047 -0.721211
vn 0.824346 0.093364 0.558334
vn 0.824345 0.093364 -0.558335
vn 0.993363 0.112644 0.023255
vn 0.993632 0.112675 0.000000
vn 0.993632 0.112675 0.000000
vn 0.993632 0.112675 0.000000
vn 0.993266 0.112633 -0.027131
vn 0.987702 0.111996 0.109094
vn 0.987702 0.111996 -0.109094
vn 0.969490 0.109917 0.219108
vn 0.969490 0.109917 -0.219108
vn 0.615049 0.069547 0.785416
vn 0.611675 0.069155 -0.788081
vn 0.751193 0.085039 0.654581
vn 0.751193 0.085039 -0.654582
vn 0.941989 0.106782 0.318205
vn 0.941989 0.106782 -0.318205
vn 0.893209 0.104758 0.437269
vn 0.897797 0.102628 -0.428284
vn 0.666431 0.075403 0.741744
vn 0.666433 0.075403 -0.741743
vn 0.000000 -1.000000 0.000000
vn 0.000000 -1.000000 0.000000
vn 0.000000 -1.000000 0.000000
vn 0.988843 0.112129 0.098065
vn 0.988843 0.112129 -0.098065
vn 0.841685 0.097456 0.531102
vn 0.835603 0.094653 -0.541117
vn 0.000000 -1.000000 0.000000
vn 0.000000 -1.000000 0.000000
vn 0.000000 -1.000000 0.000000
vn 0.971256 0.110121 0.211033
vn 0.971256 0.110121 -0.211033
vn 0.562335 0.826445 0.027692
vn 0.563024 0.826440 0.000001
vn 0.361476 0.932381 0.000000
vn 0.563025 0.826440 0.000000
vn 0.361476 0.932381 0.000000
vn 0.563025 0.826440 0.000000
vn 0.361476 0.932381 0.000000
vn 0.310301 0.950638 -0.000001
vn 0.734645 0.677679 -0.032366
vn 0.727205 0.676917 0.113821
vn 0.555808 0.825593 -0.097339
vn 0.345657 0.929273 0.130278
vn 0.542683 0.823125 -0.167214
vn 0.604091 0.068192 0.793992
vn 0.604092 0.068192 -0.793991
vn 0.919124 0.092684 0.382910
vn 0.930249 0.102530 -0.352314
vn 0.000000 -1.000000 0.000000
vn 0.000000 -1.000000 0.000000
vn 0.764605 0.086571 0.638659
vn 0.764604 0.086571 -0.638660
vn 0.522475 0.819139 0.236710
vn 0.522479 0.819135 -0.236713
vn 0.363978 -0.785655 0.500266
vn 0.429541 -0.683285 -0.590438
vn -0.579907 -0.813665 -0.040707
vn -0.666310 -0.745675 0.000000
vn -0.666310 -0.745675 0.000000
vn -0.666310 -0.745675 0.000000
vn -0.666310 -0.745675 0.000000
vn -0.666310 -0.745675 0.000000
vn -0.666310 -0.745675 0.000000
vn -0.666310 -0.745675 0.000000
vn -0.771477 -0.632120 0.072441
vn -0.639468 -0.765531 -0.071015
vn -0.639468 -0.765531 0.071015
vn -0.640261 -0.754287 -0.145321
vn -0.504451 -0.855816 0.114496
vn -0.494210 -0.851751 -0.174002
vn -0.494210 -0.851751 0.174002
vn 0.304745 0.916043 0.260762
vn 0.485120 0.808648 -0.332786
vn -0.601394 -0.742388 -0.295271
vn -0.601394 -0.742388 0.295271
vn -0.561613 -0.742591 -0.364896
vn -0.441994 -0.849808 0.287171
vn -0.917975 -0.118019 -0.378673
vn -0.889076 -0.119984 0.441756
vn -0.512973 -0.743548 -0.428947
vn -0.401152 -0.852093 0.336176
vn -0.461555 -0.736610 -0.494341
vn -0.447219 -0.755477 0.478800
vn 0.681737 0.077149 0.727518
vn 0.690459 0.078144 -0.719138
vn -0.328650 -0.843962 -0.423931
vn -0.446094 -0.744574 0.496597
vn 0.849700 0.093344 -0.518938
vn -0.669703 -0.080397 -0.738264
vn -0.258822 0.965925 0.000015
vn -0.258822 0.965925 0.000002
vn -0.258819 0.965926 -0.000002
vn 0.610959 0.637376 0.469554
vn 0.263252 0.910659 -0.318432
vn -0.258816 0.965927 -0.000019
vn 0.812468 0.087737 0.576367
vn 0.764881 0.086602 -0.638324
vn 0.612587 0.069259 0.787363
vn 0.616072 0.069662 -0.784603
vn -0.989869 -0.110764 -0.088832
vn -0.993701 -0.112061 0.000000
vn -0.993701 -0.112061 0.000000
vn -0.993701 -0.112061 0.000000
vn -0.993701 -0.112061 0.000000
vn -0.993701 -0.112061 0.000000
vn -0.993701 -0.112061 0.000000
vn -0.993701 -0.112061 0.000000
vn -0.991768 -0.111226 0.063439
vn -0.973893 -0.108958 -0.199149
vn -0.973893 -0.108958 0.199149
vn -0.902995 -0.101827 -0.417409
vn -0.902997 -0.101828 0.417406
vn -0.258819 0.965926 -0.000001
vn -0.258817 0.965926 0.000002
vn 0.369489 0.789397 0.490236
vn 0.389624 0.793311 -0.467814
vn -0.777096 -0.087252 -0.623305
vn -0.779383 -0.086973 0.620481
vn -0.645025 -0.072726 -0.760693
vn -0.655643 -0.073247 0.751510
vn -0.258814 0.965927 0.000001
vn -0.258814 0.965927 0.000001
vn 0.688365 0.077904 0.721169
vn 0.682001 0.077178 -0.727268
vn 0.170681 0.889816 0.423196
vn 0.326585 0.781093 -0.532199
vn -0.258809 0.965928 -0.000001
vn -0.258830 0.965923 -0.000018
vn -0.992196 -0.111891 -0.055022
vn -0.993701 -0.112061 0.000000
vn -0.993701 -0.112061 0.000000
vn -0.993701 -0.112061 0.000000
vn -0.993701 -0.112061 0.000000
vn -0.993701 -0.112061 0.000000
vn -0.993701 -0.112061 0.000000
vn -0.993701 -0.112061 0.000000
vn -0.992196 -0.111891 0.055022
vn -0.969079 -0.109283 -0.221229
vn -0.969079 -0.109283 0.221229
vn -0.893005 -0.100700 -0.438636
vn -0.893007 -0.100700 0.438633
vn -0.764262 -0.086176 -0.639123
vn -0.764264 -0.086176 0.639120
vn 0.617714 0.069871 0.783292
vn -0.635881 -0.071662 -0.768453
vn -0.635881 -0.071662 0.768453
vn 0.390126 0.621643 0.679236
vn 0.390129 0.621644 -0.679234
vn -0.258797 0.965932 0.000016
vn -0.991740 -0.111840 -0.062795
vn -0.993701 -0.112061 0.000000
vn -0.993701 -0.112061 0.000000
vn -0.993701 -0.112061 0.000000
vn -0.993701 -0.112061 0.000000
vn -0.993701 -0.112061 0.000000
vn -0.993701 -0.112061 0.000000
vn -0.993701 -0.112061 0.000000
vn -0.991740 -0.111840 0.062795
vn -0.960140 -0.108273 -0.257698
vn -0.960140 -0.108273 0.257698
vn -0.875260 -0.098696 -0.473475
vn -0.875262 -0.098696 0.473471
vn -0.258814 0.965927 -0.000000
vn -0.258813 0.965928 0.000004
vn -0.738111 -0.083225 -0.669526
vn -0.738113 -0.083225 0.669524
vn -0.620303 -0.069871 -0.781244
vn -0.620303 -0.069871 0.781244
vn 0.335940 -0.820839 0.461917
vn 0.335940 -0.820839 -0.461917
vn -0.401938 -0.730082 -0.552653
vn -0.402004 -0.730085 0.552602
vn -0.992203 -0.111892 -0.054891
vn -0.993701 -0.112061 0.000000
vn -0.993701 -0.112061 0.000000
vn -0.993701 -0.112061 0.000000
vn -0.993701 -0.112061 0.000000
vn -0.993701 -0.112061 0.000000
vn -0.993701 -0.112061 0.000000
vn -0.993701 -0.112061 0.000000
vn -0.992203 -0.111892 0.054891
vn -0.969176 -0.109294 -0.220801
vn -0.969176 -0.109294 0.220801
vn -0.893293 -0.100732 -0.438043
vn -0.893294 -0.100732 0.438039
vn -0.764752 -0.086232 -0.638528
vn -0.764754 -0.086232 0.638526
vn -0.636489 -0.071730 -0.767943
vn -0.636489 -0.071730 0.767943
vn -0.258813 0.965928 0.000015
vn -0.258812 0.965928 0.000032
vn -0.258817 0.965926 -0.000038
vn -0.258825 0.965924 -0.000007
vn -0.587164 -0.066029 -0.806770
vn -0.587208 -0.066005 0.806741
vn -0.258810 0.965928 0.000005
vn -0.258814 0.965927 -0.000006
vn -0.258830 0.965923 0.000032
vn -0.258829 0.965923 -0.000026
vn -0.991646 -0.112442 -0.063203
vn -0.993701 -0.112060 0.000000
vn -0.993701 -0.112060 0.000000
vn -0.993701 -0.112060 0.000000
vn -0.993701 -0.112060 0.000000
vn -0.993701 -0.112060 0.000000
vn -0.993701 -0.112060 0.000000
vn -0.993701 -0.112060 0.000000
vn -0.992203 -0.111891 0.054890
vn -0.973817 -0.110679 -0.198572
vn -0.973084 -0.110092 0.202455
vn -0.258789 0.965934 -0.000063
vn -0.258784 0.965935 0.000073
vn -0.903460 -0.101880 -0.416390
vn -0.903461 -0.101880 0.416387
vn 0.587293 0.066087 0.806672
vn 0.587293 0.066087 -0.806672
vn -0.780019 -0.088867 -0.619413
vn -0.780022 -0.088867 0.619410
vn -0.258832 0.965922 0.000018
vn -0.258832 0.965922 -0.000018
vn -0.656763 -0.074670 -0.750391
vn -0.656763 -0.074670 0.750391
vn -0.258790 0.965934 -0.000033
vn -0.258815 0.965927 0.000005
vn -0.258805 0.965930 -0.000002
vn -0.258874 0.965911 0.000026
vn -0.258848 0.965918 -0.000007
vn -0.587525 -0.066041 -0.806506
vn -0.587525 -0.066041 0.806506
vn -0.989565 -0.106907 0.096606
vn 0.173226 0.832369 0.526455
vn 0.152712 0.849330 -0.505290
vn -0.894247 -0.081235 -0.440139
vn -0.862383 -0.082326 0.499518
vn -0.898535 0.433113 -0.071046
vn -0.751350 0.659904 0.000001
vn -0.826265 0.563281 0.000000
vn -0.826265 0.563281 0.000000
vn -0.826265 0.563281 0.000000
vn -0.826265 0.563281 0.000000
vn -0.826265 0.563281 0.000000
vn -0.888827 0.458243 -0.000001
vn -0.718461 0.695424 0.014109
vn -0.701590 0.710462 -0.054901
vn -0.820538 0.567090 0.071595
vn -0.700658 0.704613 -0.112241
vn -0.806422 0.573620 0.143678
vn -0.690426 0.702983 -0.170665
vn -0.690426 0.702983 0.170665
vn -0.670490 0.705932 -0.228264
vn -0.670490 0.705932 0.228264
vn -0.641160 0.713509 -0.282522
vn -0.641162 0.713508 0.282519
vn -0.603322 0.725534 -0.331064
vn -0.603324 0.725534 0.331061
vn -0.558464 0.741478 -0.371927
vn -0.508598 0.806124 0.302476
vn -0.665127 0.471212 -0.579280
vn -0.665128 0.471213 0.579279
vn 0.587860 0.065955 0.806270
vn 0.587859 0.065955 -0.806270
vn -0.587852 -0.066010 -0.806271
vn -0.587852 -0.066010 0.806271
vn 0.429484 -0.683448 0.590290
vn 0.429483 -0.683448 -0.590290
vn -0.402048 -0.730016 -0.552661
vn -0.402048 -0.730016 0.552661
vn -0.588161 -0.066112 -0.806037
vn -0.588161 -0.066112 0.806037
vn 0.588377 0.066209 0.805871
vn 0.588377 0.066209 -0.805871
vn -0.587295 -0.065796 -0.806694
vn -0.587295 -0.065796 0.806694
vn -0.588480 -0.066148 -0.805801
vn -0.588480 -0.066148 0.805801
vn -0.587606 -0.065885 -0.806460
vn -0.587606 -0.065885 0.806460
vn 0.116093 0.876982 0.466289
vn 0.116093 0.876982 -0.466289
vn -0.574427 0.609794 -0.546063
vn -0.537910 0.703747 0.464105
vn -0.587880 -0.065787 -0.806269
vn -0.587880 -0.065787 0.806269
vn 0.335880 -0.820910 0.461835
vn 0.335880 -0.820910 -0.461835
vn -0.402141 -0.729911 -0.552731
vn -0.402141 -0.729911 0.552731
vn -0.588122 -0.065943 -0.806080
vn -0.588121 -0.065943 0.806080
vn 0.587324 0.065674 0.806683
vn 0.587324 0.065674 -0.806683
vn -0.588447 -0.065925 -0.805844
vn -0.588447 -0.065925 0.805844
vn 0.244325 0.764323 0.596754
vn 0.244324 0.764323 -0.596754
vn -0.574399 0.609877 -0.546000
vn -0.574399 0.609877 0.546000
vn 0.587912 0.065529 0.806266
vn 0.587912 0.065529 -0.806267
vn 0.429400 -0.683607 0.590167
vn 0.429400 -0.683607 -0.590167
vn -0.316169 -0.843236 -0.434731
vn -0.316168 -0.843236 0.434731
vn 0.588449 0.065800 0.805852
vn 0.588449 0.065799 -0.805852
vn 0.116171 0.876929 0.466369
vn 0.116171 0.876929 -0.466369
vn -0.587522 -0.065433 -0.806559
vn -0.587522 -0.065433 0.806559
vn -0.574334 0.610002 -0.545929
vn -0.574335 0.610002 0.545928
vn 0.335816 -0.820986 0.461747
vn 0.335816 -0.820986 -0.461746
vn -0.402287 -0.729768 -0.552815
vn -0.402287 -0.729768 0.552815
vn -0.588398 -0.065594 -0.805906
vn -0.588398 -0.065594 0.805906
vn 0.587357 0.065229 0.806695
vn 0.587357 0.065229 -0.806695
vn 0.244445 0.764188 0.596878
vn 0.244445 0.764188 -0.596878
vn -0.521027 0.737601 -0.429506
vn -0.521026 0.737601 0.429506
vn 0.587969 0.065070 0.806262
vn 0.587969 0.065070 -0.806262
vn 0.484987 -0.566034 0.666629
vn 0.429311 -0.683778 -0.590033
vn -0.316243 -0.843155 -0.434834
vn -0.316243 -0.843155 0.434834
vn 0.588525 0.065358 0.805833
vn 0.588525 0.065358 -0.805833
vn 0.116252 0.876872 0.466456
vn 0.116252 0.876872 -0.466456
vn -0.574230 0.610176 -0.545843
vn -0.574230 0.610176 0.545843
vn -0.587539 -0.064852 -0.806593
vn -0.587539 -0.064852 0.806593
vn 0.317389 -0.821844 0.473114
vn 0.397815 -0.685791 -0.609453
vn -0.588421 -0.065090 -0.805931
vn -0.588421 -0.065090 0.805931
vn 0.549823 0.060531 0.833085
vn -0.455786 -0.632347 -0.626415
vn -0.450257 -0.641845 0.620728
vn 0.409158 -0.524789 0.746449
vn 0.331235 -0.690249 -0.643304
vn 0.457360 0.050310 0.887858
vn 0.457340 0.050308 -0.887868
vn 0.560988 0.061869 0.825509
vn 0.560988 0.061869 -0.825509
vn 0.000000 -1.000000 0.000000
vn 0.330364 0.660635 0.674108
vn 0.152977 0.849106 -0.505586
vn -0.520974 0.737699 -0.429402
vn -0.520974 0.737699 0.429402
vn 0.286087 -0.534139 0.795519
vn 0.243350 -0.694896 -0.676683
vn 0.457733 0.050351 0.887663
vn 0.457733 0.050351 -0.887663
vn 0.313274 0.034422 0.949039
vn 0.313273 0.034422 -0.949039
vn 0.546642 0.060172 0.835202
vn 0.546642 0.060172 -0.835202
vn 0.111961 -0.796455 0.594243
vn 0.132056 -0.700929 -0.700899
vn 0.313573 0.034455 0.948939
vn 0.313572 0.034455 -0.948939
vn 0.000000 -1.000000 0.000000
vn 0.158938 0.017444 0.987134
vn 0.158939 0.017445 -0.987134
vn 0.435110 0.047844 0.899105
vn 0.435110 0.047844 -0.899105
vn 0.562162 0.061999 0.824700
vn 0.552555 0.063672 -0.831041
vn -0.242709 -0.900124 -0.361758
vn -0.236039 -0.905788 0.351901
vn 0.000000 -1.000000 0.000000
vn -0.523691 -0.061462 -0.849689
vn -0.370456 -0.587536 -0.719419
vn -0.311541 -0.732586 0.605194
vn -0.217376 -0.720207 -0.658824
vn -0.170633 -0.838694 0.517182
vn -0.333913 -0.042485 -0.941646
vn -0.310510 -0.058591 0.948763
vn -0.110964 -0.716395 -0.688815
vn -0.110023 -0.721536 0.683579
vn 0.037666 -0.705299 0.707909
vn -0.022031 -0.832999 -0.552835
vn -0.021423 -0.843545 0.536630
vn 0.000000 -1.000000 0.000000
vn 0.044319 -0.551613 -0.832922
vn -0.093258 -0.013658 -0.995548
vn 0.174910 0.019200 0.984397
vn 0.174910 0.019200 -0.984397
vn 0.288657 0.031704 0.956907
vn 0.288655 0.031703 -0.956908
vn 0.458669 0.050454 0.887174
vn 0.471639 0.055710 -0.880030
vn 0.551867 0.060755 0.831716
vn 0.221087 0.759755 0.611468
vn 0.202765 0.748063 -0.631892
vn -0.574194 0.610385 -0.545648
vn -0.574194 0.610385 0.545647
vn 0.039906 0.004376 0.999194
vn 0.039908 0.004376 -0.999194
vn -0.514910 -0.056487 -0.855381
vn -0.523505 -0.057147 0.850104
vn 0.132840 0.014573 0.991030
vn 0.132842 0.014573 -0.991030
vn -0.262049 -0.028724 -0.964627
vn -0.282464 -0.030962 0.958778
vn 0.459042 0.050494 0.886979
vn 0.314283 0.034533 0.948701
vn 0.314281 0.034533 -0.948702
vn -0.045757 -0.005015 -0.998940
vn -0.046873 -0.004885 0.998889
vn -0.258814 0.965927 -0.000003
vn -0.258812 0.965928 0.000008
vn 0.266039 0.601688 0.753123
vn 0.044989 0.855942 -0.515111
vn -0.258819 0.965926 -0.000000
vn 0.026638 0.002919 0.999641
vn 0.026639 0.002920 -0.999641
vn 0.314584 0.034566 0.948600
vn 0.380212 0.034903 -0.924241
vn 0.159453 0.017501 0.987050
vn 0.175257 0.019238 -0.984335
vn 0.058179 0.729526 0.681474
vn 0.039850 0.726178 -0.686351
vn -0.534404 -0.058699 -0.843189
vn -0.546555 -0.060051 0.835267
vn -0.313182 -0.034331 -0.949073
vn -0.343048 -0.038346 0.938535
vn -0.258809 0.965928 -0.000003
vn -0.068757 -0.007536 -0.997605
vn -0.072615 -0.009428 0.997316
vn 0.000000 -0.832050 0.554700
vn 0.000000 -0.707107 -0.707107
vn -0.001539 -0.806022 0.591883
vn 0.000000 -0.832050 -0.554700
vn 0.175460 0.019260 0.984298
vn 0.159612 0.017518 -0.987024
vn 0.034283 0.003759 0.999405
vn 0.040015 0.004388 -0.999189
vn -0.258809 0.965928 0.000002
vn -0.028345 0.601868 0.798093
vn -0.052641 0.708568 -0.703676
vn -0.258811 0.965928 0.000002
vn -0.258854 0.965916 -0.000016
vn -0.258767 0.965940 0.000015
vn -0.526811 -0.053710 -0.848284
vn -0.333755 0.034634 0.942023
vn -0.554461 0.614329 -0.561403
vn -0.505335 0.741316 0.441687
vn -0.258820 0.965926 -0.000002
vn 0.053399 0.005856 0.998556
vn -0.490218 0.629006 -0.603356
vn -0.489229 0.634286 0.598612
vn -0.336824 -0.031050 -0.941056
vn -0.396094 0.644417 -0.654092
vn -0.378428 0.783669 0.492600
vn -0.274167 0.520147 -0.808876
vn -0.301131 0.817677 0.490637
vn -0.094564 -0.006929 -0.995495
vn -0.155237 0.688508 0.708419
vn -0.258818 0.965926 0.000001
vn -0.258815 0.965927 -0.000001
vn -0.236947 0.799210 -0.552376
vn -0.230279 0.766044 0.600123
vn -0.258819 0.965926 0.000001
vn -0.258819 0.965926 -0.000001
vn -0.099575 0.542992 -0.833813
vn 0.000000 -0.707107 0.707107
vn 0.000000 -0.707107 -0.707107
vn 0.000000 -0.707107 0.707107
vn 0.000000 -0.707107 -0.707107
vn -0.221937 0.828274 0.514496
vn -0.183014 0.683012 -0.707107
vn -0.218865 0.795203 0.565464
vn -0.231497 0.863950 -0.447214
vn 0.000000 -0.832050 0.554700
vn 0.000000 -0.832050 -0.554700
vn 0.000000 -0.832050 0.554700
vn 0.000000 -0.832050 -0.554700
vn -0.183014 0.683012 0.707107
vn -0.183012 0.683013 -0.707107
vn -0.183014 0.683012 0.707107
vn -0.183012 0.683013 -0.707107
vn 0.000000 -0.832050 0.554700
vn 0.000000 -0.832050 -0.554700
vn 0.000000 -0.832050 0.554700
vn 0.000000 -0.832050 -0.554700
vn 0.000000 0.000000 1.000000
vn 0.000000 0.000000 -1.000000
vn -0.215349 0.803699 0.554700
vn -0.215352 0.803698 -0.554700
vn -0.215349 0.803699 0.554700
vn -0.215352 0.803698 -0.554700
vn 0.000000 0.000000 -1.000000
vn 0.000000 0.000000 1.000000
vn 0.000000 0.000000 1.000000
vn 0.000000 0.000000 -1.000000
vn 0.000000 0.000000 -1.000000
vn 0.000000 0.000000 1.000000
vn 0.000000 0.000000 1.000000
vn 0.000000 0.000000 -1.000000
vn 0.000000 -0.832050 0.554700
vn 0.000000 -0.832050 -0.554700
vn 0.000000 -0.832050 0.554700
vn 0.000000 -0.832050 -0.554700
vn -0.215352 0.803698 0.554700
vn -0.215349 0.803699 -0.554700
vn -0.215352 0.803698 0.554700
vn -0.215349 0.803699 -0.554700
vn 0.000000 -0.707107 0.707107
vn 0.000000 -0.707107 -0.707107
vn 0.000000 -0.707107 0.707107
vn 0.000000 -0.707107 -0.707107
vn -0.215349 0.803699 0.554700
vn -0.215352 0.803698 -0.554700
vn -0.215349 0.803699 0.554700
vn -0.215352 0.803698 -0.554700
vn 0.000000 -0.832050 0.554700
vn 0.000000 -0.832050 -0.554700
vn 0.000000 -0.832050 0.554700
vn 0.000000 -0.832050 -0.554700
vn -0.183014 0.683012 0.707107
vn -0.183012 0.683013 -0.707107
vn -0.183014 0.683012 0.707107
vn -0.183012 0.683013 -0.707107
vn 0.000000 -0.832050 0.554700
vn 0.000000 -0.832050 -0.554700
vn 0.000000 -0.832050 0.554700
vn 0.000000 -0.832050 -0.554700
vn -0.215349 0.803699 0.554700
vn -0.215352 0.803698 -0.554700
vn -0.215349 0.803699 0.554700
vn -0.215352 0.803698 -0.554700
vn 0.000000 0.000000 1.000000
vn 0.000000 0.000000 -1.000000
vn 0.000000 0.000000 -1.000000
vn 0.000000 0.000000 1.000000
vn 0.000000 0.000000 1.000000
vn 0.000000 0.000000 -1.000000
vn 0.000000 0.000000 -1.000000
vn 0.000000 0.000000 1.000000
vn 0.000000 0.000000 1.000000
vn 0.000000 0.000000 -1.000000
vn 0.000000 -0.832050 0.554700
vn 0.000000 -0.832050 -0.554700
vn 0.000000 -0.832050 0.554700
vn 0.000000 -0.832050 -0.554700
vn -0.215352 0.803698 0.554700
vn -0.215349 0.803699 -0.554700
vn -0.215352 0.803698 0.554700
vn -0.215349 0.803699 -0.554700
vn 0.000000 -0.707107 0.707107
vn 0.000000 -0.707107 -0.707107
vn 0.000000 -0.707107 0.707107
vn 0.000000 -0.707107 -0.707107
vn -0.215349 0.803699 0.554700
vn -0.215352 0.803698 -0.554700
vn -0.215349 0.803699 0.554700
vn -0.215352 0.803698 -0.554700
vn 0.000000 -0.832050 0.554700
vn 0.000000 -0.832050 -0.554700
vn 0.000000 -0.832050 0.554700
vn 0.000000 -0.832050 -0.554700
vn -0.183010 0.683013 0.707107
vn -0.183010 0.683013 -0.707107
vn -0.183010 0.683013 0.707107
vn -0.183010 0.683013 -0.707107
vn 0.000000 -0.832050 0.554700
vn 0.000000 -0.832050 -0.554700
vn 0.000000 -0.832050 0.554700
vn 0.000000 -0.832050 -0.554700
vn -0.215353 0.803698 0.554700
vn -0.215350 0.803699 -0.554700
vn -0.215353 0.803698 0.554700
vn -0.215350 0.803699 -0.554700
vn 0.000000 0.000000 1.000000
vn 0.000000 0.000000 -1.000000
vn 0.000000 0.000000 -1.000000
vn 0.000000 0.000000 1.000000
vn 0.000000 0.000000 1.000000
vn 0.000000 0.000000 -1.000000
vn 0.000000 0.000000 -1.000000
vn 0.000000 0.000000 1.000000
vn 0.000000 0.000000 1.000000
vn 0.000000 0.000000 -1.000000
vn 0.000000 -0.832050 0.554700
vn 0.000000 -0.832050 -0.554700
vn 0.000000 -0.832050 0.554700
vn 0.000000 -0.832050 -0.554700
vn -0.215350 0.803699 0.554700
vn -0.215353 0.803698 -0.554700
vn -0.215350 0.803699 0.554700
vn -0.215353 0.803698 -0.554700
vn 0.000000 -0.707107 0.707107
vn 0.000000 -0.707107 -0.707107
vn 0.000000 -0.707107 0.707107
vn 0.000000 -0.707107 -0.707107
vn -0.215352 0.803698 0.554700
vn -0.215349 0.803699 -0.554700
vn -0.215352 0.803698 0.554700
vn -0.215349 0.803699 -0.554700
vn -0.183012 0.683013 0.707107
vn -0.183014 0.683012 -0.707107
vn -0.183012 0.683013 0.707107
vn -0.183014 0.683012 -0.707107
vn 0.000000 -0.832050 0.554700
vn 0.000000 -0.832050 -0.554700
vn 0.000000 -0.832050 0.554700
vn 0.000000 -0.832050 -0.554700
vn -0.215352 0.803698 0.554700
vn -0.215349 0.803699 -0.554700
vn -0.215352 0.803698 0.554700
vn -0.215349 0.803699 -0.554700
vn 0.000000 -0.832050 0.554700
vn 0.000000 -0.832050 -0.554700
vn 0.000000 -0.832050 0.554700
vn 0.000000 -0.832050 -0.554700
vn 0.000000 0.000000 1.000000
vn 0.000000 0.000000 -1.000000
vn 0.000000 0.000000 -1.000000
vn 0.000000 0.000000 1.000000
vn 0.000000 0.000000 1.000000
vn 0.000000 0.000000 -1.000000
vn 0.000000 0.000000 -1.000000
vn 0.000000 0.000000 1.000000
vn 0.000000 0.000000 1.000000
vn 0.000000 0.000000 -1.000000
vn -0.215349 0.803699 0.554700
vn -0.215352 0.803698 -0.554700
vn -0.215349 0.803699 0.554700
vn -0.215352 0.803698 -0.554700
vn 0.000000 -0.832050 0.554700
vn 0.000000 -0.832050 -0.554700
vn 0.000000 -0.832050 0.554700
vn 0.000000 -0.832050 -0.554700
vn -0.215352 0.803698 0.554700
vn -0.215349 0.803699 -0.554700
vn -0.215352 0.803698 0.554700
vn -0.215349 0.803699 -0.554700
vn 0.000000 -0.707107 0.707107
vn 0.000000 -0.707107 -0.707107
vn 0.000000 -0.707107 0.707107
vn 0.000000 -0.707107 -0.707107
vn -0.183012 0.683013 0.707107
vn -0.183014 0.683012 -0.707107
vn -0.183012 0.683013 0.707107
vn -0.183014 0.683012 -0.707107
vn 0.000000 -0.832050 0.554700
vn 0.000000 -0.832050 -0.554700
vn 0.000000 -0.832050 0.554700
vn 0.000000 -0.832050 -0.554700
vn -0.215352 0.803698 0.554700
vn -0.215349 0.803699 -0.554700
vn -0.215352 0.803698 0.554700
vn -0.215349 0.803699 -0.554700
vn 0.000000 -0.832050 0.554700
vn 0.000000 -0.832050 -0.554700
vn 0.000000 -0.832050 0.554700
vn 0.000000 -0.832050 -0.554700
vn 0.000000 0.000000 1.000000
vn 0.000000 0.000000 -1.000000
vn 0.000000 0.000000 -1.000000
vn 0.000000 0.000000 1.000000
vn 0.000000 0.000000 1.000000
vn 0.000000 0.000000 -1.000000
vn 0.000000 0.000000 -1.000000
vn 0.000000 0.000000 1.000000
vn 0.000000 0.000000 1.000000
vn 0.000000 0.000000 -1.000000
vn -0.215349 0.803699 0.554700
vn -0.215352 0.803698 -0.554700
vn -0.215349 0.803699 0.554700
vn -0.215352 0.803698 -0.554700
vn 0.000000 -0.832050 0.554700
vn 0.000000 -0.832050 -0.554700
vn 0.000000 -0.832050 0.554700
vn 0.000000 -0.832050 -0.554700
vn -0.215352 0.803698 0.554700
vn -0.215349 0.803699 -0.554700
vn -0.215352 0.803698 0.554700
vn -0.215349 0.803699 -0.554700
vn 0.000000 -0.707107 0.707107
vn 0.000000 -0.707107 -0.707107
vn 0.000000 -0.707107 0.707107
vn 0.000000 -0.707107 -0.707107
vn -0.183012 0.683013 0.707107
vn -0.183014 0.683012 -0.707107
vn -0.183012 0.683013 0.707107
vn -0.183014 0.683012 -0.707107
vn 0.000000 -0.832050 0.554700
vn 0.000000 -0.832050 -0.554700
vn 0.000000 -0.832050 0.554700
vn 0.000000 -0.832050 -0.554700
vn -0.215352 0.803698 0.554700
vn -0.215349 0.803699 -0.554700
vn -0.215352 0.803698 0.554700
vn -0.215349 0.803699 -0.554700
vn 0.000000 -0.832050 0.554700
vn 0.000000 -0.832050 -0.554700
vn 0.000000 -0.832050 0.554700
vn 0.000000 -0.832050 -0.554700
vn 0.000000 0.000000 1.000000
vn 0.000000 0.000000 -1.000000
vn 0.000000 0.000000 -1.000000
vn 0.000000 0.000000 1.000000
vn 0.000000 0.000000 1.000000
vn 0.000000 0.000000 -1.000000
vn 0.000000 0.000000 -1.000000
vn 0.000000 0.000000 1.000000
vn 0.000000 0.000000 1.000000
vn 0.000000 0.000000 -1.000000
vn -0.215349 0.803699 0.554700
vn -0.215352 0.803698 -0.554700
vn -0.215349 0.803699 0.554700
vn -0.215352 0.803698 -0.554700
vn 0.000000 -0.832050 0.554700
vn 0.000000 -0.832050 -0.554700
vn 0.000000 -0.832050 0.554700
vn 0.000000 -0.832050 -0.554700
vn -0.215347 0.803700 0.554700
vn -0.215347 0.803700 -0.554700
vn -0.215347 0.803700 0.554700
vn -0.215347 0.803700 -0.554700
vn 0.000000 -0.707107 0.707107
vn 0.000000 -0.707107 -0.707107
vn 0.000000 -0.707107 0.707107
vn 0.000000 -0.707107 -0.707107
vn -0.183015 0.683012 0.707107
vn -0.183012 0.683013 -0.707107
vn -0.183015 0.683012 0.707107
vn -0.183012 0.683013 -0.707107
vn 0.000000 -0.832050 0.554700
vn 0.000000 -0.832050 -0.554700
vn 0.000000 -0.832050 0.554700
vn 0.000000 -0.832050 -0.554700
vn -0.215349 0.803699 0.554700
vn -0.215352 0.803698 -0.554700
vn -0.215349 0.803699 0.554700
vn -0.215352 0.803698 -0.554700
vn 0.000000 -0.832050 0.554700
vn 0.000000 -0.832050 -0.554700
vn 0.000000 -0.832050 0.554700
vn 0.000000 -0.832050 -0.554700
vn 0.000000 0.000000 1.000000
vn 0.000000 0.000000 -1.000000
vn 0.000000 0.000000 -1.000000
vn 0.000000 0.000000 1.000000
vn 0.000000 0.000000 1.000000
vn 0.000000 0.000000 -1.000000
vn 0.000000 0.000000 -1.000000
vn 0.000000 0.000000 1.000000
vn 0.000000 0.000000 1.000000
vn 0.000000 0.000000 -1.000000
vn -0.215352 0.803698 0.554700
vn -0.215349 0.803699 -0.554700
vn -0.215352 0.803698 0.554700
vn -0.215349 0.803699 -0.554700
vn 0.000000 -0.832050 0.554700
vn 0.000000 -0.832050 -0.554700
vn 0.000000 -0.832050 0.554700
vn 0.000000 -0.832050 -0.554700
vn -0.215349 0.803699 0.554700
vn -0.215352 0.803698 -0.554700
vn -0.215349 0.803699 0.554700
vn -0.215352 0.803698 -0.554700
vn 0.000000 -0.707107 0.707107
vn 0.000000 -0.707107 -0.707107
vn 0.000000 -0.707107 0.707107
vn 0.000000 -0.707107 -0.707107
vn -0.183014 0.683012 0.707107
vn -0.183012 0.683013 -0.707107
vn -0.183014 0.683012 0.707107
vn -0.183012 0.683013 -0.707107
vn 0.000000 -0.832050 0.554700
vn 0.001511 -0.816412 -0.577468
vn 0.006400 -0.796365 0.604782
vn 0.000000 -0.707107 -0.707107
vn -0.183012 0.683013 0.707107
vn -0.207055 0.772741 -0.600000
vn -0.188095 0.708861 0.679806
vn -0.221935 0.828275 -0.514496
vn -0.044132 -0.557187 0.829214
vn 0.000000 -1.000000 0.000000
vn 0.020512 -0.859864 -0.510112
vn 0.012328 -0.955736 0.293968
vn -0.017789 -0.894830 -0.446053
vn -0.047842 -0.003475 -0.998849
vn 0.086145 -0.840716 -0.534580
vn 0.087502 -0.845593 0.526608
vn 0.223740 -0.700153 -0.678031
vn 0.157320 -0.866320 0.474067
vn 0.228069 -0.031009 -0.973151
vn 0.325797 -0.702556 -0.632670
vn 0.250696 -0.836787 0.486763
vn -0.040007 -0.002899 0.999195
vn -0.040009 -0.002899 -0.999195
vn 0.401675 -0.692927 -0.598757
vn 0.401666 -0.692927 0.598762
vn 0.513811 0.028307 -0.857437
vn 0.322399 -0.145827 0.935304
vn 0.070113 0.005780 -0.997522
vn 0.073050 0.009235 0.997286
vn 0.363747 0.026462 -0.931122
vn 0.344110 0.027001 0.938541
vn 0.000000 -1.000000 0.000000
vn -0.040203 -0.002920 0.999187
vn -0.040205 -0.002920 -0.999187
vn 0.547724 0.038742 -0.835761
vn 0.547721 0.038742 0.835764
vn 0.060669 0.004423 -0.998148
vn 0.047436 0.002786 0.998870
vn 0.000000 -1.000000 0.000000
vn 0.000000 -1.000000 0.000000
vn 0.000000 -1.000000 0.000000
vn -0.030259 -0.002198 0.999540
vn -0.030261 -0.002198 -0.999540
vn 0.315323 0.022951 -0.948707
vn 0.315320 0.022951 0.948708
vn -0.087464 -0.834810 0.543547
vn -0.141407 -0.456469 -0.878430
vn 0.000000 -1.000000 0.000000
vn 0.000000 -1.000000 0.000000
vn 0.528087 0.038047 -0.848338
vn 0.528081 0.038046 0.848341
vn -0.158981 -0.011414 0.987216
vn -0.143205 -0.010322 -0.989639
vn -0.048527 -0.003525 0.998816
vn -0.048530 -0.003525 -0.998815
vn 0.078246 0.016713 -0.996794
vn -0.210887 0.678626 0.703558
vn -0.258817 0.965926 0.000003
vn -0.193679 0.808381 -0.555885
vn -0.171862 0.742147 0.647828
vn -0.258821 0.965925 -0.000000
vn -0.258822 0.965925 -0.000002
vn -0.210889 0.678625 -0.703558
vn -0.073061 0.709093 -0.701320
vn -0.133022 0.831751 0.538977
vn 0.291060 0.036936 -0.955992
vn 0.218799 0.063590 0.973696
vn 0.042168 0.722429 -0.690158
vn 0.042160 0.722421 0.690166
vn -0.185843 -0.013291 0.982490
vn -0.185842 -0.013291 -0.982490
vn 0.070099 0.832290 -0.549890
vn 0.245780 0.598904 0.762172
vn -0.258847 0.965918 -0.000007
vn 0.516802 0.046611 -0.854835
vn 0.516792 0.046608 0.854841
vn 0.226900 0.753245 -0.617364
vn 0.020782 0.922340 0.385821
vn -0.160151 -0.011496 0.987026
vn -0.160152 -0.011496 -0.987025
vn 0.000000 -1.000000 0.000000
vn 0.000000 -1.000000 0.000000
vn -0.258824 0.965925 0.000004
vn -0.160724 -0.011537 0.986932
vn -0.160724 -0.011537 -0.986932
vn -0.258819 0.965926 -0.000004
vn -0.258808 0.965929 -0.000002
vn -0.258821 0.965925 0.000007
vn -0.201355 -0.715286 0.669195
vn -0.278251 -0.569380 -0.773552
vn -0.161128 -0.011567 0.986866
vn -0.161128 -0.011567 -0.986866
vn -0.313557 -0.022215 0.949309
vn -0.288310 -0.020533 -0.957317
vn -0.274757 0.668708 0.690897
vn -0.274761 0.668709 -0.690894
vn -0.258835 0.965922 -0.000003
vn -0.339513 -0.023949 0.940297
vn -0.339512 -0.023949 -0.940297
vn 0.000000 -1.000000 0.000000
vn -0.315553 -0.022357 0.948645
vn -0.315551 -0.022357 -0.948645
vn -0.258844 0.965919 -0.000007
vn -0.258823 0.965925 -0.000001
vn -0.316622 -0.022432 0.948287
vn -0.316620 -0.022432 -0.948287
vn -0.256546 -0.807313 0.531441
vn -0.249626 -0.838253 -0.484786
vn -0.457971 -0.031992 0.888391
vn -0.448221 -0.031373 -0.893372
vn -0.317407 -0.022487 0.948023
vn -0.302031 -0.021470 -0.953056
vn -0.372417 0.741597 0.557978
vn -0.390570 0.403336 -0.827511
vn 0.000000 -1.000000 0.000000
vn 0.000000 -1.000000 0.000000
vn -0.481902 -0.033522 0.875584
vn -0.473062 -0.032973 -0.880412
vn -0.258807 0.965929 0.000004
vn -0.258816 0.965927 -0.000000
vn -0.460486 -0.032175 0.887084
vn -0.460486 -0.032175 -0.887084
vn 0.424748 -0.692402 -0.583240
vn 0.424748 -0.692402 0.583240
vn -0.461879 -0.032272 0.886356
vn -0.447704 -0.031380 -0.893631
vn -0.446714 -0.576429 0.684234
vn -0.446711 -0.576432 -0.684233
vn -0.550822 -0.038074 0.833754
vn -0.462920 -0.032349 0.885810
vn -0.452846 -0.031701 -0.891025
vn -0.490886 0.492377 0.718746
vn -0.453837 0.756236 -0.471315
vn -0.568761 -0.038012 0.821624
vn -0.562626 -0.037833 -0.825846
vn -0.258826 0.965924 -0.000008
vn -0.559911 -0.037867 0.827687
vn -0.559912 -0.037867 -0.827687
vn -0.561444 -0.038408 0.826623
vn -0.557098 -0.038225 -0.829566
vn 0.178722 0.827333 -0.532521
vn 0.338322 0.649146 0.681284
vn -0.556198 -0.038455 0.830159
vn -0.545297 0.623963 0.559751
vn -0.512876 0.714517 -0.475840
vn 0.331957 -0.825510 -0.456440
vn 0.331957 -0.825510 0.456440
vn -0.408050 -0.720677 0.560464
vn -0.346685 -0.808226 -0.476005
vn 0.589693 0.037708 -0.806747
vn 0.589693 0.037708 0.806747
vn 0.592395 0.039293 -0.804689
vn 0.592395 0.039293 0.804689
vn 0.121031 0.873469 -0.471596
vn 0.121032 0.873469 0.471596
vn -0.598015 0.520077 0.609835
vn -0.570625 0.620618 -0.537793
vn 0.423837 -0.694346 -0.581590
vn 0.423837 -0.694346 0.581590
vn -0.320818 -0.838144 0.441124
vn -0.320819 -0.838144 -0.441124
vn -0.589377 -0.034760 0.807110
vn -0.589377 -0.034760 -0.807110
vn -0.591372 -0.035597 0.805613
vn -0.591372 -0.035597 -0.805613
vn 0.252575 0.754835 -0.605335
vn 0.252575 0.754835 0.605335
vn -0.593288 -0.036616 0.804157
vn -0.593288 -0.036616 -0.804157
vn -0.517632 0.743856 0.422772
vn -0.517632 0.743855 -0.422772
vn 0.331151 -0.826445 -0.455333
vn 0.331151 -0.826445 0.455333
vn 0.589920 0.031279 -0.806856
vn 0.590096 0.031921 0.806702
vn -0.409514 -0.718525 0.562156
vn -0.409514 -0.718525 -0.562156
vn 0.593268 0.032267 -0.804358
vn 0.593169 0.033935 0.804362
vn 0.122016 0.872763 -0.472649
vn 0.122015 0.872763 0.472649
vn -0.569847 0.622796 0.536096
vn -0.569848 0.622796 -0.536096
vn 0.422466 -0.696504 -0.580004
vn 0.422616 -0.696641 0.579731
vn -0.321804 -0.837050 0.442481
vn -0.321804 -0.837050 -0.442481
vn -0.589751 -0.028008 0.807099
vn -0.589751 -0.028008 -0.807099
vn -0.592056 -0.029062 0.805373
vn -0.592055 -0.029062 -0.805373
vn 0.254480 0.752950 -0.606883
vn 0.254344 0.752782 0.607148
vn -0.594252 -0.030402 0.803704
vn -0.594252 -0.030402 -0.803704
vn -0.516880 0.745218 0.421290
vn -0.516880 0.745218 -0.421290
vn 0.330075 -0.827689 -0.453852
vn 0.330075 -0.827689 0.453852
vn 0.589534 0.025061 -0.807355
vn 0.591274 0.024801 -0.806089
vn 0.590409 0.023245 0.806770
vn 0.592590 0.026239 -0.805077
vn -0.411173 -0.715910 0.564278
vn -0.411172 -0.715910 -0.564278
vn 0.594285 0.024923 -0.803868
vn 0.594329 0.024491 0.803849
vn 0.595514 0.025992 -0.802924
vn 0.123316 0.871824 -0.474042
vn 0.123317 0.871823 0.474043
vn -0.568799 0.625709 0.533813
vn -0.568799 0.625709 -0.533813
vn 0.420936 -0.699102 -0.577987
vn 0.475385 -0.589824 0.652776
vn 0.589715 0.019139 -0.807385
vn 0.591253 0.020903 -0.806215
vn 0.592866 0.020958 -0.805029
vn 0.594486 0.021015 -0.803831
vn -0.323141 -0.835560 0.444318
vn -0.323141 -0.835560 -0.444318
vn 0.596112 0.021070 -0.802625
vn -0.590224 -0.018686 0.807023
vn -0.590224 -0.018686 -0.807023
vn 0.256644 0.750624 -0.608850
vn 0.161873 0.841519 0.515406
vn -0.592954 -0.020068 0.804986
vn -0.592954 -0.020068 -0.804986
vn -0.595528 -0.021927 0.803035
vn -0.595528 -0.021927 -0.803035
vn -0.515847 0.747080 0.419252
vn -0.515848 0.747080 -0.419252
vn 0.366040 -0.796298 -0.481584
vn 0.342213 -0.829445 0.441488
vn 0.818241 -0.249335 0.517990
vn 0.646408 0.016369 -0.762816
vn 0.638889 0.017874 0.769091
vn 0.486957 -0.701596 -0.520227
vn 0.477135 -0.715053 0.510922
vn 0.640240 0.017639 -0.767973
vn 0.650091 0.016956 0.759667
vn 0.428421 -0.829160 -0.359095
vn 0.396899 -0.855301 0.333062
vn 0.641969 0.017689 -0.766527
vn 0.642180 0.018475 0.766331
vn 0.778655 0.019251 -0.627157
vn 0.783359 0.025125 0.621061
vn 0.598946 -0.700242 -0.388490
vn 0.493205 -0.808165 0.321896
vn 0.643663 0.017729 -0.765104
vn 0.653552 0.017041 0.756690
vn 0.769255 0.019874 -0.638633
vn 0.769257 0.019874 0.638630
vn 0.502541 -0.828599 -0.246730
vn 0.448236 -0.865872 0.222149
vn 0.637317 0.018054 -0.770390
vn 0.661657 0.014250 0.749671
vn 0.792993 -0.541744 -0.278703
vn 0.383935 -0.913080 0.137399
vn 0.770685 0.019911 -0.636905
vn 0.770687 0.019911 0.636903
vn 0.905170 0.022302 -0.424463
vn 0.907444 0.042460 0.418022
vn 0.546496 -0.828252 -0.123853
vn 0.210246 -0.976425 0.048898
vn 0.271055 0.751066 -0.602021
vn 0.385022 0.690198 0.612686
vn 0.835926 -0.540961 -0.092681
vn 0.259966 -0.965143 0.030265
vn 0.560772 -0.827827 -0.015397
vn 0.716024 -0.698076 -0.000000
vn 0.561134 -0.827725 0.000000
vn 0.716024 -0.698076 0.000000
vn 0.561134 -0.827725 0.000000
vn 0.716024 -0.698076 0.000000
vn 0.561134 -0.827725 0.000000
vn 0.607250 -0.794511 0.000000
vn 0.632568 -0.764333 0.125108
vn 0.772121 0.019948 -0.635162
vn 0.772124 0.019948 0.635159
vn 0.898585 0.023009 -0.438195
vn 0.898587 0.023009 0.438192
vn -0.413492 -0.712221 0.567243
vn -0.468143 -0.606569 -0.642586
vn 0.978332 0.024076 -0.205640
vn 0.977626 0.066582 0.199533
vn 0.998634 0.024904 -0.045928
vn 0.992591 0.048149 0.111553
vn 0.333888 0.760645 -0.556721
vn 0.103070 0.926358 0.362268
vn 0.762545 0.020552 -0.646608
vn 0.758220 0.014498 0.651838
vn 0.899339 0.023022 -0.436645
vn 0.899341 0.023022 0.436641
vn 0.974959 0.024819 -0.220995
vn 0.974959 0.024819 0.220995
vn 0.997498 0.025335 -0.066001
vn 0.999678 0.025380 -0.000000
vn 0.999678 0.025380 0.000000
vn 0.999678 0.025380 0.000000
vn 0.997498 0.025335 0.066001
vn 0.234264 0.893313 -0.383552
vn 0.344588 0.820036 0.456946
vn 0.900104 0.023041 -0.435066
vn 0.900105 0.023041 0.435062
vn 0.975179 0.024825 -0.220020
vn 0.975179 0.024825 0.220020
vn 0.998179 0.025351 -0.054740
vn 0.998179 0.025351 0.054740
vn 0.893710 0.023733 -0.448017
vn 0.890314 0.022826 0.454774
vn 0.617811 0.613645 -0.491679
vn 0.270078 0.907239 0.322451
vn 0.975384 0.024826 -0.219112
vn 0.975384 0.024826 0.219112
vn 0.997540 0.025336 -0.065368
vn 0.999678 0.025380 -0.000000
vn 0.999678 0.025380 0.000000
vn 0.999678 0.025380 0.000000
vn 0.997540 0.025336 0.065368
vn 0.886609 0.133825 0.442736
vn 0.316884 0.910402 -0.265995
vn 0.511362 0.788078 0.342697
vn 0.972122 0.025542 -0.233080
vn 0.970566 0.020016 0.240004
vn 0.998207 0.025734 -0.054051
vn 0.996733 0.021950 0.077721
vn 0.720370 0.624233 -0.302324
vn 0.336559 0.920590 0.198094
vn 0.576817 0.798261 -0.173384
vn 0.325736 0.936994 0.126249
vn 0.592598 0.800826 -0.086636
vn 0.280402 0.958140 0.057819
vn 0.598147 0.801100 -0.021398
vn 0.598642 0.801016 0.000000
vn 0.383102 0.923706 0.000000
vn 0.598643 0.801016 0.000000
vn 0.383102 0.923706 0.000000
vn 0.598643 0.801016 0.000000
vn 0.383102 0.923706 0.000000
vn 0.446091 0.894988 -0.000000
vn 0.688998 0.720353 0.079830
vn -0.567303 0.629806 0.530576
vn -0.531152 0.717068 -0.451321
vn 0.000000 -1.000000 0.000000
vn 0.000000 -1.000000 0.000000
vn -0.258809 0.965929 -0.000006
vn 0.000000 -1.000000 0.000000
vn -0.258803 0.965930 0.000016
vn 0.000000 -1.000000 0.000000
vn -0.258859 0.965915 -0.000062
vn -0.258811 0.965928 0.000001
vn 0.000000 -1.000000 0.000000
vn 0.000000 -1.000000 0.000000
vn -0.258819 0.965926 0.000004
vn 0.000000 -1.000000 0.000000
vn 0.000000 -1.000000 0.000000
vn -0.258823 0.965925 0.000014
vn 0.000000 -1.000000 0.000000
vn -0.258819 0.965926 0.000006
vn -0.258854 0.965916 0.000072
vn -0.258806 0.965929 -0.000041
vn -0.258822 0.965925 0.000015
vn -0.258821 0.965925 0.000008
vn -0.258825 0.965924 0.000005
vn 0.000000 -1.000000 0.000000
vn -0.371507 -0.801831 0.468027
vn -0.272984 -0.895257 -0.352130
vn -0.621376 -0.007884 -0.783473
vn -0.615569 -0.009246 0.788029
vn -0.615571 -0.009248 -0.788028
vn -0.618399 -0.010238 0.785798
vn -0.618400 -0.010238 -0.785797
vn -0.258815 0.965927 -0.000009
vn -0.618151 -0.010977 0.785983
vn -0.618078 -0.010976 -0.786040
vn -0.481974 0.811867 0.329504
vn -0.626189 0.494857 -0.602498
vn -0.258817 0.965926 -0.000012
vn -0.617350 -0.497657 0.609275
vn -0.553197 -0.559846 -0.616884
vn -0.698024 -0.007016 -0.716040
vn -0.697253 -0.017565 0.716610
vn -0.685413 -0.007469 -0.728116
vn -0.688177 -0.007497 0.725504
vn -0.688178 -0.007497 -0.725503
vn -0.699491 0.004637 0.714626
vn -0.690955 -0.007528 -0.722859
vn -0.693177 -0.007560 -0.720727
vn -0.707367 0.339871 0.619774
vn -0.557244 0.743092 -0.370531
vn 0.000000 -1.000000 0.000000
vn -0.450778 -0.809359 0.376479
vn -0.683644 -0.452452 -0.572641
vn -0.774976 -0.006102 -0.631961
vn -0.776604 -0.020041 0.629671
vn -0.768934 -0.006423 -0.639296
vn -0.771372 -0.006445 0.636352
vn -0.771371 -0.006445 -0.636353
vn 0.000000 -1.000000 0.000000
vn -0.766907 0.008281 0.641705
vn -0.773812 -0.006467 -0.633383
vn -0.775698 -0.006487 -0.631071
vn -0.556380 0.781995 0.280936
vn -0.662057 0.621876 -0.418270
vn -0.258828 0.965923 -0.000009
vn -0.258825 0.965924 0.000001
vn 0.000000 -1.000000 0.000000
vn -0.258825 0.965924 0.000017
vn -0.590883 -0.709522 0.383975
vn -0.463453 -0.833372 -0.301168
vn -0.823825 0.040475 0.565397
vn -0.852519 0.015310 -0.522472
vn -0.847354 -0.004713 0.531008
vn -0.840528 -0.005051 -0.541745
vn 0.000000 -1.000000 0.000000
vn -0.842471 -0.005064 0.538718
vn -0.842470 -0.005064 -0.538719
vn -0.844422 -0.005079 0.535655
vn -0.837588 -0.005406 -0.546275
vn -0.812672 -0.040448 0.581315
vn -0.857422 -0.025638 -0.513975
vn -0.708980 0.617138 0.341304
vn -0.702986 0.617571 -0.352728
vn -0.258825 0.965924 -0.000003
vn 0.000000 -1.000000 0.000000
vn -0.258826 0.965924 -0.000001
vn -0.258825 0.965924 0.000016
vn -0.650883 -0.688875 0.319065
vn -0.650883 -0.688875 -0.319065
vn -0.903359 -0.009536 0.428778
vn -0.903360 -0.009536 -0.428778
vn -0.900469 -0.003565 0.434906
vn -0.900469 -0.003565 -0.434906
vn -0.901851 -0.003569 0.432032
vn -0.897910 0.002159 -0.440174
vn -0.902928 -0.003573 0.429777
vn -0.807031 0.484456 0.337645
vn -0.827681 0.450122 -0.335163
vn -0.670388 -0.708242 0.221300
vn -0.665723 -0.708449 -0.234333
vn -0.934903 0.017811 0.354456
vn -0.950444 0.042867 -0.307926
vn -0.948038 -0.001873 0.318153
vn -0.948038 -0.001873 -0.318153
vn -0.944942 -0.002157 0.327231
vn -0.944942 -0.002157 -0.327230
vn -0.945774 -0.002160 0.324818
vn -0.945774 -0.002160 -0.324817
vn -0.946427 -0.002154 0.322911
vn -0.937242 -0.023094 -0.347915
vn -0.837313 0.483122 0.255930
vn -0.668829 0.725702 -0.161320
vn -0.814195 -0.555640 0.168380
vn -0.738587 -0.652682 -0.168802
vn -0.975327 -0.001017 0.220764
vn -0.975616 -0.001045 0.219484
vn -0.977956 -0.015769 -0.208216
vn -0.975996 -0.001039 0.217784
vn -0.975996 -0.001039 -0.217784
vn -0.973845 -0.001196 0.227210
vn -0.976379 -0.001039 -0.216064
vn -0.984878 -0.035548 0.169560
vn -0.976682 -0.001012 -0.214688
vn -0.778401 0.610372 0.146755
vn -0.778400 0.610374 -0.146757
vn -0.703596 -0.707641 0.064789
vn -0.821017 -0.561667 -0.102281
vn -0.993931 -0.000297 0.110001
vn -0.994001 -0.000322 0.109375
vn -0.992821 -0.012583 -0.118943
vn -0.994098 -0.000327 0.108483
vn -0.994098 -0.000327 -0.108483
vn -0.992888 0.012901 0.118351
vn -0.992958 -0.000392 -0.118469
vn -0.994271 -0.000316 -0.106892
vn -0.836050 0.543727 0.073359
vn -0.871283 0.481884 -0.093027
vn -0.907403 0.418103 0.042538
vn -0.664461 0.747323 -0.000000
vn -0.691832 0.722059 0.000000
vn -0.793354 0.608760 0.000000
vn -0.691832 0.722059 0.000000
vn -0.793354 0.608760 0.000000
vn -0.691832 0.722059 0.000000
vn -0.722298 0.691582 0.000000
vn -0.792963 0.608863 -0.022251
vn -0.999226 0.009520 0.038177
vn -1.000000 0.000000 0.000000
vn -1.000000 0.000000 0.000000
vn -1.000000 0.000000 0.000000
vn -0.999643 -0.000062 -0.026714
vn -0.999635 -0.000041 0.027020
vn -1.000000 0.000000 0.000000
vn -1.000000 0.000000 0.000000
vn -1.000000 0.000000 0.000000
vn -0.999635 -0.000041 -0.027020
vn -0.999727 -0.000033 0.023347
vn -1.000000 0.000000 0.000000
vn -1.000000 0.000000 0.000000
vn -1.000000 0.000000 0.000000
vn -0.999629 -0.000038 -0.027250
vn -0.999460 -0.000041 0.032847
vn -0.446911 -0.894494 0.012248
vn -0.800000 -0.600000 0.000000
vn -0.554700 -0.832050 0.000000
vn -0.707107 -0.707107 0.000000
vn -0.554700 -0.832050 0.000000
vn -0.707107 -0.707107 0.000000
vn -0.554700 -0.832050 0.000000
vn -0.600000 -0.800000 0.000000
vn -0.706709 -0.707240 -0.019368

f 1083//1083 1062//1062 1195//1195
f 1064//1064 1045//1045 1083//1083
f 1035//1035 1019//1019 1049//1049
f 1023//1023 1007//1007 1035//1035
f 1049//1049 1033//1033 1064//1064
f 994//994 1009//1009 989//989
f 989//989 1009//1009 997//997
f 972//972 985//985 966//966
f 948//948 941//941 966//966
f 985//985 972//972 997//997
f 1009//1009 994//994 1023//1023
f 911//911 910//910 858//858
f 850//850 851//851 859//859
f 834//834 835//835 843//843
f 816//816 817//817 835//835
f 842//842 843//843 851//851
f 800//800 801//801 809//809
f 792//792 793//793 801//801
f 766//766 767//767 775//775
f 758//758 759//759 767//767
f 774//774 775//775 793//793
f 808//808 809//809 817//817
f 910//910 911//911 948//948
f 724//724 725//725 733//733
f 716//716 717//717 725//725
f 690//690 691//691 709//709
f 682//682 683//683 691//691
f 708//708 709//709 717//717
f 670//670 671//671 679//679
f 652//652 653//653 671//671
f 636//636 637//637 645//645
f 628//628 629//629 637//637
f 644//644 645//645 653//653
f 678//678 679//679 683//683
f 602//602 603//603 611//611
f 594//594 595//595 603//603
f 570//570 571//571 587//587
f 560//560 561//561 571//571
f 586//586 587//587 595//595
f 552//552 541//541 542//542
f 541//541 552//552 540//540
f 523//523 521//521 503//503
f 492//492 494//494 475//475
f 494//494 492//492 503//503
f 521//521 523//523 541//541
f 552//552 553//553 561//561
f 610//610 611//611 629//629
f 732//732 733//733 751//751
f 407//407 429//429 477//477
f 395//395 409//409 429//429
f 369//369 385//385 397//397
f 306//306 355//355 371//371
f 381//381 397//397 409//409
f 238//238 306//306 222//222
f 238//238 222//222 200//200
f 196//196 190//190 168//168
f 147//147 188//188 196//196
f 190//190 202//202 200//200
f 238//238 301//301 306//306
f 941//941 911//911 927//927
f 941//941 948//948 911//911
f 750//750 751//751 759//759
f 927//927 936//936 956//956
f 911//911 858//858 859//859
f 972//972 956//956 936//936
f 523//523 503//503 492//492
f 202//202 196//196 298//298
f 200//200 202//202 238//238
f 238//238 202//202 301//301
f 530//530 523//523 492//492
f 523//523 530//530 542//542
f 188//188 286//286 294//294
f 353//353 371//371 385//385
f 170//170 273//273 286//286
f 477//477 528//528 492//492
f 475//475 427//427 492//492
f 202//202 190//190 196//196
f 972//972 939//939 989//989
f 956//956 972//972 966//966
f 188//188 147//147 128//128
f 170//170 128//128 118//118
f 166//166 118//118 116//116
f 107//107 108//108 265//265
f 109//109 312//312 311//311
f 107//107 166//166 116//116
f 111//111 314//314 313//313
f 113//113 316//316 315//315
f 266//266 114//114 165//165
f 165//165 114//114 115//115
f 114//114 317//317 316//316
f 110//110 313//313 312//312
f 167//167 117//117 119//119
f 112//112 315//315 314//314
f 165//165 115//115 117//117
f 167//167 165//165 117//117
f 170//170 166//166 271//271
f 265//265 267//267 166//166
f 268//268 165//165 167//167
f 166//166 170//170 118//118
f 129//129 167//167 119//119
f 189//189 129//129 148//148
f 169//169 197//197 148//148
f 191//191 203//203 169//169
f 274//274 167//167 189//189
f 203//203 191//191 224//224
f 197//197 295//295 189//189
f 189//189 167//167 129//129
f 203//203 299//299 197//197
f 224//224 300//300 203//203
f 1195//1195 1077//1077 1229//1229
f 239//239 201//201 223//223
f 239//239 223//223 307//307
f 370//370 386//386 354//354
f 382//382 398//398 370//370
f 354//354 372//372 307//307
f 428//428 478//478 408//408
f 428//428 493//493 520//520
f 496//496 476//476 495//495
f 504//504 509//509 495//495
f 476//476 493//493 428//428
f 408//408 430//430 396//396
f 546//546 522//522 547//547
f 546//546 547//547 555//555
f 573//573 572//572 562//562
f 589//589 588//588 572//572
f 563//563 562//562 554//554
f 605//605 604//604 596//596
f 613//613 612//612 604//604
f 639//639 638//638 630//630
f 655//655 654//654 646//646
f 647//647 646//646 638//638
f 631//631 630//630 612//612
f 597//597 596//596 588//588
f 522//522 509//509 504//504
f 681//681 680//680 672//672
f 685//685 684//684 680//680
f 711//711 710//710 692//692
f 727//727 726//726 718//718
f 693//693 692//692 684//684
f 753//753 752//752 734//734
f 761//761 760//760 752//752
f 777//777 776//776 768//768
f 795//795 794//794 776//776
f 769//769 768//768 760//760
f 735//735 734//734 726//726
f 811//811 810//810 802//802
f 819//819 818//818 810//810
f 845//845 844//844 836//836
f 853//853 852//852 844//844
f 837//837 836//836 818//818
f 861//861 915//915 914//914
f 915//915 861//861 916//916
f 957//957 949//949 967//967
f 973//973 986//986 998//998
f 986//986 973//973 957//957
f 949//949 915//915 916//916
f 861//861 860//860 852//852
f 803//803 802//802 794//794
f 673//673 672//672 654//654
f 1024//1024 1008//1008 995//995
f 1036//1036 1020//1020 1008//1008
f 1084//1084 1063//1063 1046//1046
f 1196//1196 1078//1078 1063//1063
f 1050//1050 1034//1034 1020//1020
f 1217//1217 1196//1196 1230//1230
f 1243//1243 1226//1226 1217//1217
f 1231//1231 1257//1257 1276//1276
f 1259//1259 1276//1276 1291//1291
f 1257//1257 1231//1231 1226//1226
f 1196//1196 1217//1217 1078//1078
f 476//476 496//496 493//493
f 224//224 239//239 302//302
f 719//719 718//718 710//710
f 509//509 525//525 496//496
f 493//493 496//496 524//524
f 509//509 546//546 545//545
f 509//509 522//522 546//546
f 239//239 307//307 356//356
f 957//957 915//915 949//949
f 1217//1217 1226//1226 1199//1199
f 1226//1226 1231//1231 1204//1204
f 914//914 915//915 957//957
f 1065//1065 1046//1046 1034//1034
f 1259//1259 1261//1261 1210//1210
f 1210//1210 1204//1204 1259//1259
f 973//973 940//940 957//957
f 1010//1010 995//995 931//931
f 1231//1231 1276//1276 1259//1259
f 546//546 555//555 545//545
f 396//396 410//410 382//382
f 239//239 224//224 201//201
f 1259//1259 1291//1291 1305//1305
f 1261//1261 1305//1305 1318//1318
f 1277//1277 1318//1318 1330//1330
f 1280//1280 1339//1339 1338//1338
f 1337//1337 1192//1192 1193//1193
f 1339//1339 1280//1280 1277//1277
f 1335//1335 1190//1190 1191//1191
f 1333//1333 1188//1188 1189//1189
f 1332//1332 1279//1279 1215//1215
f 1279//1279 1332//1332 1331//1331
f 1332//1332 1187//1187 1188//1188
f 1336//1336 1191//1191 1192//1192
f 1279//1279 1329//1329 1317//1317
f 1261//1261 1318//1318 1277//1277
f 1280//1280 1216//1216 1214//1214
f 1277//1277 1214//1214 1213//1213
f 1331//1331 1329//1329 1279//1279
f 1334//1334 1189//1189 1190//1190
f 1280//1280 1338//1338 1216//1216
f 1258//1258 1279//1279 1317//1317
f 1258//1258 1304//1304 1290//1290
f 1258//1258 1290//1290 1275//1275
f 1242//1242 1201//1201 1256//1256
f 1275//1275 1256//1256 1258//1258
f 1242//1242 1229//1229 1201//1201
f 1258//1258 1256//1256 1203//1203
f 1258//1258 1317//1317 1304//1304
f 973//973 998//998 940//940
f 1258//1258 1212//1212 1279//1279
f 939//939 925//925 950//950
f 925//925 939//939 936//936
f 994//994 989//989 950//950
f 917//917 936//936 927//927
f 930//930 994//994 950//950
f 936//936 921//921 925//925
f 927//927 912//912 917//917
f 912//912 911//911 859//859
f 936//936 917//917 921//921
f 273//273 271//271 323//323
f 286//286 325//325 327//327
f 273//273 323//323 325//325
f 331//331 301//301 298//298
f 170//170 271//271 273//273
f 267//267 271//271 166//166
f 311//311 265//265 108//108
f 318//318 266//266 268//268
f 319//319 267//267 265//265
f 272//272 322//322 268//268
f 268//268 167//167 272//272
f 267//267 319//319 321//321
f 266//266 165//165 268//268
f 294//294 329//329 298//298
f 274//274 272//272 167//167
f 189//189 287//287 274//274
f 287//287 326//326 274//274
f 295//295 328//328 287//287
f 299//299 330//330 295//295
f 300//300 332//332 299//299
f 274//274 324//324 272//272
f 553//553 542//542 543//543
f 543//543 542//542 530//530
f 530//530 535//535 537//537
f 532//532 492//492 528//528
f 530//530 532//532 535//535
f 306//306 301//301 355//355
f 301//301 333//333 355//355
f 298//298 329//329 331//331
f 294//294 327//327 329//329
f 301//301 331//331 333//333
f 271//271 321//321 323//323
f 265//265 310//310 319//319
f 265//265 311//311 310//310
f 114//114 266//266 317//317
f 268//268 320//320 318//318
f 266//266 318//318 317//317
f 334//334 332//332 302//302
f 300//300 302//302 332//332
f 356//356 334//334 302//302
f 520//520 524//524 529//529
f 525//525 536//536 524//524
f 538//538 525//525 545//545
f 520//520 529//529 478//478
f 525//525 538//538 536//536
f 524//524 533//533 529//529
f 545//545 554//554 544//544
f 545//545 544//544 538//538
f 957//957 940//940 914//914
f 1199//1199 1226//1226 1204//1204
f 1199//1199 1204//1204 1142//1142
f 1210//1210 1165//1165 1204//1204
f 1181//1181 1210//1210 1213//1213
f 914//914 940//940 918//918
f 1207//1207 1258//1258 1203//1203
f 1215//1215 1279//1279 1212//1212
f 1203//1203 1154//1154 1207//1207
f 1201//1201 1141//1141 1203//1203
f 1216//1216 1194//1194 1185//1185
f 1207//1207 1212//1212 1258//1258
f 1183//1183 1213//1213 1214//1214
f 1212//1212 1184//1184 1215//1215
f 1174//1174 1212//1212 1207//1207
f 914//914 913//913 860//860
f 914//914 918//918 913//913
f 940//940 926//926 922//922
f 940//940 931//931 926//926
f 940//940 922//922 918//918
f 1199//1199 1142//1142 1119//1119
f 1204//1204 1155//1155 1142//1142
f 1210//1210 1175//1175 1165//1165
f 1210//1210 1181//1181 1175//1175
f 1204//1204 1165//1165 1155//1155
f 1214//1214 1185//1185 1183//1183
f 1216//1216 1193//1193 1194//1194
f 1213//1213 1183//1183 1181//1181
f 1215//1215 1186//1186 1187//1187
f 1215//1215 1184//1184 1186//1186
f 1212//1212 1180//1180 1182//1182
f 1212//1212 1174//1174 1180//1180
f 1201//1201 1118//1118 1141//1141
f 1207//1207 1164//1164 1174//1174
f 1212//1212 1182//1182 1184//1184
f 1199//1199 1119//1119 1078//1078
f 492//492 532//532 530//530
f 1072//1072 1135//1135 1051//1051
f 1039//1039 1057//1057 1025//1025
f 1029//1029 1039//1039 1011//1011
f 1057//1057 1072//1072 1037//1037
f 1001//1001 1013//1013 976//976
f 901//901 968//968 1001//1001
f 968//968 960//960 980//980
f 942//942 960//960 934//934
f 980//980 1001//1001 968//968
f 1013//1013 1029//1029 999//999
f 862//862 899//899 863//863
f 863//863 854//854 862//862
f 838//838 846//846 847//847
f 820//820 838//838 839//839
f 846//846 854//854 855//855
f 804//804 812//812 813//813
f 796//796 804//804 805//805
f 770//770 778//778 779//779
f 762//762 770//770 771//771
f 778//778 796//796 797//797
f 812//812 820//820 821//821
f 899//899 942//942 894//894
f 736//736 754//754 755//755
f 720//720 728//728 729//729
f 712//712 720//720 721//721
f 728//728 736//736 737//737
f 674//674 686//686 687//687
f 666//666 674//674 675//675
f 640//640 648//648 649//649
f 632//632 640//640 641//641
f 648//648 666//666 667//667
f 694//694 712//712 713//713
f 606//606 624//624 625//625
f 598//598 606//606 607//607
f 582//582 590//590 591//591
f 564//564 582//582 583//583
f 590//590 598//598 599//599
f 548//548 556//556 557//557
f 512//512 548//548 549//549
f 439//439 462//462 463//463
f 460//460 426//426 439//439
f 462//462 512//512 513//513
f 556//556 564//564 565//565
f 624//624 632//632 633//633
f 754//754 762//762 763//763
f 426//426 420//420 431//431
f 401//401 413//413 450//450
f 387//387 401//401 418//418
f 413//413 420//420 426//426
f 359//359 375//375 389//389
f 244//244 339//339 361//361
f 246//246 70//70 130//130
f 70//70 61//61 130//130
f 130//130 244//244 341//341
f 375//375 387//387 403//403
f 934//934 892//892 894//894
f 894//894 942//942 934//934
f 863//863 894//894 864//864
f 450//450 413//413 426//426
f 863//863 855//855 854//854
f 439//439 426//426 431//431
f 686//686 694//694 695//695
f 892//892 934//934 953//953
f 339//339 359//359 377//377
f 70//70 37//37 47//47
f 43//43 24//24 37//37
f 18//18 24//24 43//43
f 70//70 43//43 37//37
f 43//43 70//70 124//124
f 47//47 61//61 70//70
f 36//36 43//43 102//102
f 953//953 960//960 968//968
f 36//36 12//12 16//16
f 23//23 1//1 10//10
f 2//2 1//1 132//132
f 10//10 12//12 23//23
f 4//4 3//3 134//134
f 5//5 4//4 135//135
f 8//8 7//7 138//138
f 8//8 139//139 95//95
f 7//7 6//6 137//137
f 3//3 2//2 133//133
f 22//22 11//11 9//9
f 22//22 13//13 11//11
f 9//9 8//8 22//22
f 6//6 5//5 136//136
f 23//23 36//36 102//102
f 97//97 13//13 22//22
f 23//23 12//12 36//36
f 97//97 17//17 13//13
f 44//44 19//19 17//17
f 44//44 25//25 19//19
f 48//48 38//38 44//44
f 25//25 44//44 38//38
f 71//71 48//48 44//44
f 97//97 44//44 17//17
f 125//125 71//71 44//44
f 36//36 16//16 18//18
f 23//23 132//132 1//1
f 1135//1135 1219//1219 1066//1066
f 71//71 131//131 62//62
f 340//340 245//245 362//362
f 360//360 340//340 378//378
f 245//245 131//131 342//342
f 388//388 376//376 404//404
f 402//402 388//388 419//419
f 443//443 421//421 414//414
f 421//421 443//443 432//432
f 414//414 402//402 451//451
f 376//376 360//360 390//390
f 465//465 466//466 440//440
f 466//466 465//465 515//515
f 559//559 551//551 550//550
f 585//585 567//567 566//566
f 551//551 515//515 514//514
f 601//601 593//593 592//592
f 609//609 601//601 600//600
f 635//635 627//627 626//626
f 643//643 635//635 634//634
f 627//627 609//609 608//608
f 593//593 585//585 584//584
f 452//452 440//440 432//432
f 669//669 651//651 650//650
f 689//689 677//677 676//676
f 697//697 689//689 688//688
f 677//677 669//669 668//668
f 723//723 715//715 714//714
f 731//731 723//723 722//722
f 757//757 739//739 738//738
f 765//765 757//757 756//756
f 739//739 731//731 730//730
f 715//715 697//697 696//696
f 781//781 773//773 772//772
f 799//799 781//781 780//780
f 815//815 807//807 806//806
f 823//823 815//815 814//814
f 807//807 799//799 798//798
f 849//849 841//841 840//840
f 857//857 849//849 848//848
f 866//866 865//865 935//935
f 935//935 900//900 866//866
f 866//866 857//857 856//856
f 841//841 823//823 822//822
f 773//773 765//765 764//764
f 651//651 643//643 642//642
f 935//935 961//961 943//943
f 969//969 1002//1002 981//981
f 1014//1014 1002//1002 977//977
f 981//981 961//961 969//969
f 1040//1040 1030//1030 1012//1012
f 1058//1058 1040//1040 1026//1026
f 1220//1220 1136//1136 1067//1067
f 1198//1198 1233//1233 1220//1220
f 1073//1073 1058//1058 1038//1038
f 1030//1030 1014//1014 1000//1000
f 961//961 935//935 969//969
f 935//935 943//943 900//900
f 969//969 902//902 1002//1002
f 969//969 935//935 893//893
f 885//885 893//893 935//935
f 893//893 885//885 871//871
f 1136//1136 1073//1073 1052//1052
f 247//247 131//131 71//71
f 1198//1198 1246//1246 1233//1233
f 1263//1263 1206//1206 1282//1282
f 1282//1282 1206//1206 1268//1268
f 1307//1307 1293//1293 1268//1268
f 1282//1282 1268//1268 1293//1293
f 1320//1320 1307//1307 1268//1268
f 1246//1246 1198//1198 1263//1263
f 1211//1211 1278//1278 1268//1268
f 567//567 559//559 558//558
f 1278//1278 1364//1364 1320//1320
f 1362//1362 1363//1363 1129//1129
f 1361//1361 1362//1362 1128//1128
f 1363//1363 1364//1364 1278//1278
f 1358//1358 1359//1359 1125//1125
f 1357//1357 1358//1358 1124//1124
f 1209//1209 1319//1319 1356//1356
f 1319//1319 1209//1209 1260//1260
f 1356//1356 1357//1357 1123//1123
f 1360//1360 1361//1361 1127//1127
f 1260//1260 1292//1292 1306//1306
f 1281//1281 1292//1292 1252//1252
f 1278//1278 1211//1211 1363//1363
f 1252//1252 1260//1260 1205//1205
f 1260//1260 1306//1306 1319//1319
f 1359//1359 1360//1360 1126//1126
f 1262//1262 1281//1281 1244//1244
f 1244//1244 1245//1245 1262//1262
f 1218//1218 1232//1232 1245//1245
f 1219//1219 1232//1232 1218//1218
f 1244//1244 1218//1218 1245//1245
f 1244//1244 1200//1200 1218//1218
f 1085//1085 1219//1219 1218//1218
f 1252//1252 1205//1205 1202//1202
f 1278//1278 1320//1320 1268//1268
f 969//969 893//893 902//902
f 71//71 62//62 48//48
f 968//968 901//901 892//892
f 901//901 873//873 892//892
f 892//892 868//868 894//894
f 1001//1001 976//976 901//901
f 901//901 976//976 877//877
f 877//877 873//873 901//901
f 892//892 873//873 870//870
f 892//892 870//870 868//868
f 864//864 855//855 863//863
f 102//102 124//124 155//155
f 102//102 145//145 96//96
f 22//22 95//95 97//97
f 97//97 95//95 144//144
f 97//97 103//103 44//44
f 103//103 152//152 104//104
f 103//103 104//104 44//44
f 104//104 156//156 125//125
f 104//104 125//125 44//44
f 146//146 103//103 97//97
f 132//132 23//23 96//96
f 125//125 162//162 71//71
f 460//460 456//456 426//426
f 456//456 454//454 426//426
f 246//246 161//161 70//70
f 124//124 161//161 157//157
f 124//124 157//157 155//155
f 70//70 161//161 124//124
f 102//102 151//151 149//149
f 96//96 145//145 143//143
f 96//96 143//143 141//141
f 102//102 149//149 145//145
f 96//96 141//141 132//132
f 95//95 139//139 140//140
f 97//97 144//144 146//146
f 95//95 140//140 142//142
f 103//103 150//150 152//152
f 104//104 152//152 156//156
f 125//125 158//158 162//162
f 125//125 156//156 158//158
f 103//103 146//146 150//150
f 443//443 457//457 452//452
f 452//452 464//464 465//465
f 443//443 451//451 455//455
f 443//443 455//455 457//457
f 452//452 457//457 461//461
f 452//452 461//461 464//464
f 465//465 464//464 514//514
f 1263//1263 1198//1198 1206//1206
f 1095//1095 1206//1206 1198//1198
f 1209//1209 1116//1116 1208//1208
f 1205//1205 1208//1208 1106//1106
f 1200//1200 1197//1197 1218//1218
f 1202//1202 1205//1205 1100//1100
f 1197//1197 1200//1200 1090//1090
f 1200//1200 1244//1244 1202//1202
f 1202//1202 1094//1094 1200//1200
f 432//432 443//443 452//452
f 865//865 869//869 885//885
f 869//869 871//871 885//885
f 874//874 878//878 902//902
f 902//902 878//878 977//977
f 1198//1198 1086//1086 1091//1091
f 1206//1206 1095//1095 1101//1101
f 1206//1206 1107//1107 1111//1111
f 1206//1206 1111//1111 1117//1117
f 1206//1206 1101//1101 1107//1107
f 1211//1211 1121//1121 1130//1130
f 1211//1211 1130//1130 1129//1129
f 1211//1211 1117//1117 1121//1121
f 1209//1209 1122//1122 1120//1120
f 1209//1209 1120//1120 1116//1116
f 1205//1205 1106//1106 1100//1100
f 1200//1200 1094//1094 1090//1090
f 1197//1197 1090//1090 1085//1085
f 1202//1202 1100//1100 1094//1094
f 1208//1208 1116//1116 1110//1110
f 1198//1198 1091//1091 1095//1095
f 1059//1059 1071//1071 1074//1074
f 1071//1071 1102//1102 1108//1108
f 263//263 343//343 349//349
f 343//343 363//363 367//367
f 259//259 261//261 292//292
f 261//261 263//263 296//296
f 248//248 257//257 284//284
f 257//257 259//259 288//288
f 250//250 249//249 276//276
f 249//249 248//248 275//275
f 252//252 251//251 278//278
f 251//251 250//250 277//277
f 254//254 253//253 280//280
f 253//253 252//252 279//279
f 256//256 255//255 282//282
f 255//255 254//254 281//281
f 260//260 258//258 289//289
f 258//258 256//256 285//285
f 264//264 262//262 297//297
f 262//262 260//260 293//293
f 364//364 344//344 368//368
f 344//344 264//264 350//350
f 1157//1157 1132//1132 1163//1163
f 1132//1132 1103//1103 1144//1144
f 1172//1172 1167//1167 1179//1179
f 1167//1167 1157//1157 1177//1177
f 1156//1156 1166//1166 1176//1176
f 1166//1166 1168//1168 1178//1178
f 1102//1102 1131//1131 1143//1143
f 1131//1131 1156//1156 1162//1162
f 1054//1054 1069//1069 1070//1070
f 1056//1056 1070//1070 1071//1071
f 1070//1070 1096//1096 1102//1102
f 1069//1069 1092//1092 1096//1096
f 1056//1056 1027//1027 1054//1054
f 1031//1031 1056//1056 1059//1059
f 1027//1027 1056//1056 1031//1031
f 1003//1003 1027//1027 1031//1031
f 888//888 1003//1003 1005//1005
f 883//883 888//888 903//903
f 881//881 883//883 897//897
f 826//826 881//881 890//890
f 784//784 826//826 830//830
f 742//742 784//784 788//788
f 700//700 742//742 746//746
f 658//658 700//700 704//704
f 616//616 658//658 662//662
f 574//574 616//616 620//620
f 490//490 574//574 578//578
f 485//485 490//490 510//510
f 481//481 485//485 507//507
f 411//411 481//481 505//505
f 383//383 411//411 415//415
f 357//357 391//391 363//363
f 383//383 357//357 351//351
f 391//391 357//357 383//383
f 220//220 303//303 242//242
f 242//242 337//337 343//343
f 337//337 357//357 363//363
f 303//303 351//351 337//337
f 215//215 217//217 236//236
f 236//236 240//240 261//261
f 240//240 242//242 263//263
f 217//217 220//220 240//240
f 204//204 213//213 225//225
f 225//225 234//234 257//257
f 234//234 236//236 259//259
f 213//213 215//215 234//234
f 206//206 205//205 226//226
f 227//227 226//226 249//249
f 226//226 225//225 248//248
f 205//205 204//204 225//225
f 208//208 207//207 228//228
f 229//229 228//228 251//251
f 228//228 227//227 250//250
f 207//207 206//206 227//227
f 210//210 209//209 230//230
f 231//231 230//230 253//253
f 230//230 229//229 252//252
f 209//209 208//208 229//229
f 212//212 211//211 232//232
f 233//233 232//232 255//255
f 232//232 231//231 254//254
f 211//211 210//210 231//231
f 216//216 214//214 235//235
f 237//237 235//235 260//260
f 235//235 233//233 258//258
f 214//214 212//212 233//233
f 221//221 218//218 241//241
f 243//243 241//241 264//264
f 241//241 237//237 262//262
f 218//218 216//216 237//237
f 352//352 304//304 338//338
f 358//358 338//338 364//364
f 338//338 243//243 344//344
f 304//304 221//221 243//243
f 358//358 384//384 352//352
f 392//392 358//358 364//364
f 384//384 358//358 392//392
f 412//412 384//384 416//416
f 482//482 412//412 506//506
f 486//486 482//482 508//508
f 491//491 486//486 511//511
f 575//575 491//491 579//579
f 617//617 575//575 621//621
f 659//659 617//617 663//663
f 701//701 659//659 705//705
f 743//743 701//701 747//747
f 785//785 743//743 789//789
f 827//827 785//785 831//831
f 882//882 827//827 891//891
f 884//884 882//882 898//898
f 889//889 884//884 904//904
f 1004//1004 889//889 1006//1006
f 1028//1028 1004//1004 1032//1032
f 1055//1055 1028//1028 1060//1060
f 1097//1097 1060//1060 1103//1103
f 1055//1055 1097//1097 1093//1093
f 1060//1060 1097//1097 1055//1055
f 1134//1134 1105//1105 1146//1146
f 1146//1146 1113//1113 1157//1157
f 1113//1113 1097//1097 1132//1132
f 1105//1105 1093//1093 1113//1113
f 1153//1153 1148//1148 1161//1161
f 1161//1161 1159//1159 1172//1172
f 1159//1159 1146//1146 1167//1167
f 1148//1148 1134//1134 1159//1159
f 1161//1161 1152//1152 1153//1153
f 1171//1171 1161//1161 1172//1172
f 1152//1152 1161//1161 1171//1171
f 1151//1151 1152//1152 1171//1171
f 1150//1150 1151//1151 1170//1170
f 1160//1160 1169//1169 1168//1168
f 1150//1150 1160//1160 1149//1149
f 1169//1169 1160//1160 1150//1150
f 1133//1133 1147//1147 1158//1158
f 1145//1145 1158//1158 1166//1166
f 1158//1158 1160//1160 1168//1168
f 1147//1147 1149//1149 1160//1160
f 1092//1092 1104//1104 1112//1112
f 1096//1096 1112//1112 1131//1131
f 1112//1112 1145//1145 1156//1156
f 1104//1104 1133//1133 1145//1145
f 1053//1053 1068//1068 1069//1069
f 1068//1068 1088//1088 1092//1092
f 194//194 269//269 220//220
f 269//269 347//347 303//303
f 186//186 192//192 215//215
f 192//192 194//194 217//217
f 175//175 184//184 204//204
f 184//184 186//186 213//213
f 177//177 176//176 205//205
f 176//176 175//175 204//204
f 179//179 178//178 207//207
f 178//178 177//177 206//206
f 181//181 180//180 209//209
f 180//180 179//179 208//208
f 183//183 182//182 211//211
f 182//182 181//181 210//210
f 187//187 185//185 214//214
f 185//185 183//183 212//212
f 195//195 193//193 218//218
f 193//193 187//187 216//216
f 348//348 270//270 304//304
f 270//270 195//195 221//221
f 1115//1115 1099//1099 1134//1134
f 1099//1099 1089//1089 1105//1105
f 1140//1140 1138//1138 1153//1153
f 1138//1138 1115//1115 1148//1148
f 1114//1114 1137//1137 1147//1147
f 1137//1137 1139//1139 1149//1149
f 1088//1088 1098//1098 1104//1104
f 1098//1098 1114//1114 1133//1133
f 1077//1077 1074//1074 1118//1118
f 1062//1062 1061//1061 1077//1077
f 1031//1031 1045//1045 1033//1033
f 1005//1005 1019//1019 1007//1007
f 1019//1019 1031//1031 1033//1033
f 1045//1045 1061//1061 1062//1062
f 928//928 994//994 930//930
f 919//919 925//925 921//921
f 925//925 928//928 930//930
f 909//909 917//917 912//912
f 890//890 859//859 851//851
f 859//859 909//909 912//912
f 917//917 919//919 921//921
f 994//994 1005//1005 1007//1007
f 830//830 843//843 835//835
f 830//830 817//817 809//809
f 817//817 830//830 835//835
f 788//788 801//801 793//793
f 788//788 775//775 767//767
f 775//775 788//788 793//793
f 801//801 788//788 809//809
f 746//746 759//759 751//751
f 746//746 733//733 725//725
f 733//733 746//746 751//751
f 704//704 717//717 709//709
f 704//704 691//691 683//683
f 691//691 704//704 709//709
f 717//717 704//704 725//725
f 759//759 746//746 767//767
f 843//843 830//830 851//851
f 662//662 679//679 671//671
f 662//662 671//671 653//653
f 620//620 645//645 637//637
f 620//620 629//629 611//611
f 629//629 620//620 637//637
f 645//645 662//662 653//653
f 578//578 603//603 595//595
f 578//578 587//587 571//571
f 587//587 578//578 595//595
f 510//510 561//561 553//553
f 539//539 543//543 537//537
f 543//543 539//539 553//553
f 561//561 578//578 571//571
f 603//603 620//620 611//611
f 534//534 535//535 532//532
f 526//526 528//528 477//477
f 528//528 526//526 532//532
f 415//415 429//429 409//409
f 391//391 397//397 385//385
f 397//397 391//391 409//409
f 429//429 415//415 477//477
f 355//355 349//349 371//371
f 308//308 333//333 331//331
f 333//333 296//296 355//355
f 308//308 329//329 327//327
f 308//308 325//325 323//323
f 325//325 308//308 327//327
f 329//329 308//308 331//331
f 371//371 367//367 385//385
f 535//535 534//534 537//537
f 679//679 662//662 683//683
f 1045//1045 1031//1031 1061//1061
f 1031//1031 1059//1059 1061//1061
f 903//903 1005//1005 994//994
f 1005//1005 1031//1031 1019//1019
f 919//919 897//897 928//928
f 890//890 909//909 859//859
f 919//919 909//909 890//890
f 537//537 534//534 539//539
f 526//526 505//505 534//534
f 704//704 683//683 662//662
f 526//526 534//534 532//532
f 391//391 385//385 367//367
f 308//308 296//296 333//333
f 534//534 507//507 539//539
f 477//477 505//505 526//526
f 994//994 928//928 903//903
f 919//919 917//917 909//909
f 890//890 851//851 830//830
f 788//788 767//767 746//746
f 662//662 645//645 620//620
f 746//746 725//725 704//704
f 830//830 809//809 788//788
f 578//578 561//561 510//510
f 553//553 539//539 510//510
f 505//505 477//477 415//415
f 367//367 363//363 391//391
f 415//415 409//409 391//391
f 620//620 603//603 578//578
f 319//319 310//310 308//308
f 312//312 277//277 276//276
f 311//311 276//276 275//275
f 314//314 279//279 278//278
f 316//316 281//281 280//280
f 315//315 280//280 279//279
f 313//313 278//278 277//277
f 282//282 317//317 305//305
f 305//305 318//318 320//320
f 318//318 305//305 317//317
f 309//309 322//322 324//324
f 320//320 322//322 305//305
f 324//324 326//326 309//309
f 305//305 322//322 309//309
f 317//317 282//282 281//281
f 308//308 321//321 319//319
f 288//288 292//292 308//308
f 296//296 308//308 292//292
f 308//308 284//284 288//288
f 275//275 284//284 308//308
f 305//305 283//283 282//282
f 283//283 305//305 285//285
f 309//309 289//289 285//285
f 305//305 309//309 285//285
f 293//293 289//289 309//309
f 275//275 308//308 310//310
f 321//321 308//308 323//323
f 328//328 309//309 326//326
f 928//928 925//925 919//919
f 330//330 309//309 328//328
f 332//332 309//309 330//330
f 356//356 350//350 297//297
f 368//368 372//372 386//386
f 372//372 368//368 350//350
f 332//332 334//334 309//309
f 392//392 398//398 410//410
f 416//416 430//430 478//478
f 430//430 416//416 410//410
f 527//527 529//529 533//533
f 527//527 536//536 538//538
f 536//536 527//527 533//533
f 529//529 527//527 478//478
f 398//398 392//392 386//386
f 527//527 544//544 554//554
f 579//579 562//562 572//572
f 562//562 511//511 554//554
f 579//579 588//588 596//596
f 621//621 604//604 612//612
f 604//604 579//579 596//596
f 588//588 579//579 572//572
f 621//621 630//630 638//638
f 663//663 646//646 654//654
f 646//646 621//621 638//638
f 663//663 672//672 680//680
f 705//705 684//684 692//692
f 684//684 663//663 680//680
f 672//672 663//663 654//654
f 630//630 621//621 612//612
f 544//544 527//527 538//538
f 705//705 710//710 718//718
f 747//747 726//726 734//734
f 726//726 705//705 718//718
f 747//747 752//752 760//760
f 789//789 768//768 776//776
f 768//768 747//747 760//760
f 752//752 747//747 734//734
f 789//789 794//794 802//802
f 831//831 810//810 818//818
f 810//810 789//789 802//802
f 831//831 836//836 844//844
f 891//891 852//852 860//860
f 852//852 831//831 844//844
f 836//836 831//831 818//818
f 794//794 789//789 776//776
f 920//920 913//913 918//918
f 920//920 922//922 926//926
f 922//922 920//920 918//918
f 929//929 931//931 995//995
f 1006//1006 1008//1008 1020//1020
f 1008//1008 1006//1006 995//995
f 931//931 929//929 926//926
f 1032//1032 1034//1034 1046//1046
f 1060//1060 1063//1063 1078//1078
f 1063//1063 1060//1060 1046//1046
f 1173//1173 1119//1119 1142//1142
f 1173//1173 1155//1155 1165//1165
f 1155//1155 1173//1173 1142//1142
f 1119//1119 1109//1109 1078//1078
f 1034//1034 1032//1032 1020//1020
f 913//913 920//920 860//860
f 710//710 705//705 692//692
f 392//392 364//364 368//368
f 392//392 410//410 416//416
f 478//478 506//506 416//416
f 368//368 386//386 392//392
f 920//920 926//926 929//929
f 1046//1046 1060//1060 1032//1032
f 1173//1173 1165//1165 1175//1175
f 1119//1119 1173//1173 1109//1109
f 747//747 705//705 726//726
f 995//995 904//904 929//929
f 920//920 929//929 898//898
f 1173//1173 1163//1163 1144//1144
f 508//508 506//506 527//527
f 1173//1173 1144//1144 1109//1109
f 527//527 506//506 478//478
f 1177//1177 1163//1163 1173//1173
f 334//334 297//297 309//309
f 527//527 511//511 508//508
f 579//579 604//604 621//621
f 511//511 562//562 579//579
f 663//663 684//684 705//705
f 789//789 810//810 831//831
f 747//747 768//768 789//789
f 621//621 646//646 663//663
f 860//860 920//920 891//891
f 920//920 898//898 891//891
f 1006//1006 1020//1020 1032//1032
f 1109//1109 1103//1103 1060//1060
f 1060//1060 1078//1078 1109//1109
f 904//904 995//995 1006//1006
f 831//831 852//852 891//891
f 1181//1181 1173//1173 1175//1175
f 1185//1185 1173//1173 1183//1183
f 1181//1181 1183//1183 1173//1173
f 1179//1179 1194//1194 1193//1193
f 1171//1171 1192//1192 1191//1191
f 1192//1192 1171//1171 1193//1193
f 1185//1185 1194//1194 1173//1173
f 1170//1170 1190//1190 1189//1189
f 1169//1169 1188//1188 1187//1187
f 1188//1188 1169//1169 1189//1189
f 1178//1178 1186//1186 1184//1184
f 1176//1176 1182//1182 1180//1180
f 1182//1182 1176//1176 1184//1184
f 1186//1186 1178//1178 1187//1187
f 1190//1190 1170//1170 1191//1191
f 1171//1171 1179//1179 1193//1193
f 1176//1176 1180//1180 1162//1162
f 1189//1189 1169//1169 1170//1170
f 1176//1176 1178//1178 1184//1184
f 1179//1179 1171//1171 1172//1172
f 1187//1187 1178//1178 1169//1169
f 1171//1171 1191//1191 1170//1170
f 1162//1162 1174//1174 1164//1164
f 1143//1143 1154//1154 1141//1141
f 1154//1154 1143//1143 1164//1164
f 1143//1143 1141//1141 1108//1108
f 1162//1162 1164//1164 1143//1143
f 1168//1168 1169//1169 1178//1178
f 1194//1194 1179//1179 1173//1173
f 1179//1179 1177//1177 1173//1173
f 554//554 511//511 527//527
f 293//293 309//309 297//297
f 1053//1053 1054//1054 1027//1027
f 888//888 976//976 1003//1003
f 1053//1053 1051//1051 1066//1066
f 1003//1003 1011//1011 1027//1027
f 888//888 879//879 976//976
f 1037//1037 1053//1053 1027//1027
f 883//883 881//881 872//872
f 784//784 805//805 826//826
f 826//826 847//847 881//881
f 742//742 700//700 721//721
f 742//742 755//755 763//763
f 616//616 625//625 633//633
f 879//879 888//888 883//883
f 1068//1068 1066//1066 1085//1085
f 1037//1037 1027//1027 1025//1025
f 1051//1051 1053//1053 1037//1037
f 1011//1011 1003//1003 999//999
f 976//976 879//879 877//877
f 872//872 873//873 879//879
f 868//868 870//870 872//872
f 873//873 872//872 870//870
f 872//872 864//864 868//868
f 872//872 855//855 864//864
f 872//872 881//881 855//855
f 658//658 667//667 675//675
f 490//490 467//467 513//513
f 485//485 458//458 467//467
f 411//411 403//403 418//418
f 383//383 347//347 361//361
f 411//411 383//383 389//389
f 481//481 453//453 458//458
f 383//383 351//351 347//347
f 164//164 269//269 194//194
f 164//164 246//246 269//269
f 153//153 192//192 186//186
f 153//153 184//184 175//175
f 184//184 153//153 186//186
f 192//192 164//164 194//194
f 490//490 549//549 574//574
f 177//177 134//134 133//133
f 153//153 164//164 192//192
f 178//178 135//135 134//134
f 176//176 133//133 132//132
f 269//269 246//246 341//341
f 458//458 460//460 467//467
f 175//175 132//132 153//153
f 164//164 153//153 155//155
f 453//453 450//450 454//454
f 179//179 136//136 135//135
f 181//181 138//138 137//137
f 183//183 140//140 139//139
f 182//182 139//139 138//138
f 154//154 183//183 185//185
f 154//154 187//187 193//193
f 185//185 187//187 154//154
f 140//140 183//183 154//154
f 180//180 137//137 136//136
f 418//418 453//453 481//481
f 616//616 574//574 591//591
f 839//839 847//847 826//826
f 826//826 821//821 839//839
f 826//826 813//813 821//821
f 784//784 797//797 805//805
f 784//784 771//771 779//779
f 784//784 779//779 797//797
f 742//742 729//729 737//737
f 742//742 737//737 755//755
f 700//700 713//713 721//721
f 700//700 687//687 695//695
f 700//700 695//695 713//713
f 742//742 721//721 729//729
f 784//784 763//763 771//771
f 658//658 641//641 649//649
f 658//658 649//649 667//667
f 616//616 599//599 607//607
f 616//616 607//607 625//625
f 658//658 633//633 641//641
f 574//574 583//583 591//591
f 574//574 557//557 565//565
f 574//574 565//565 583//583
f 490//490 513//513 549//549
f 467//467 463//463 513//513
f 616//616 591//591 599//599
f 700//700 675//675 687//687
f 458//458 454//454 456//456
f 453//453 418//418 450//450
f 411//411 389//389 403//403
f 383//383 361//361 377//377
f 383//383 377//377 389//389
f 164//164 157//157 161//161
f 164//164 161//161 246//246
f 153//153 151//151 155//155
f 153//153 145//145 149//149
f 153//153 149//149 151//151
f 164//164 155//155 157//157
f 347//347 341//341 361//361
f 153//153 141//141 143//143
f 153//153 132//132 141//141
f 154//154 142//142 140//140
f 154//154 146//146 144//144
f 154//154 152//152 150//150
f 154//154 150//150 146//146
f 154//154 144//144 142//142
f 153//153 143//143 145//145
f 458//458 456//456 460//460
f 152//152 154//154 156//156
f 195//195 154//154 193//193
f 162//162 154//154 195//195
f 348//348 342//342 270//270
f 270//270 247//247 195//195
f 154//154 162//162 158//158
f 158//158 156//156 154//154
f 412//412 482//482 419//419
f 459//459 482//482 486//486
f 459//459 419//419 482//482
f 486//486 491//491 459//459
f 384//384 362//362 348//348
f 491//491 575//575 550//550
f 514//514 459//459 491//491
f 412//412 390//390 384//384
f 348//348 352//352 384//384
f 384//384 378//378 362//362
f 348//348 362//362 342//342
f 412//412 404//404 390//390
f 459//459 451//451 419//419
f 412//412 419//419 404//404
f 459//459 457//457 455//455
f 459//459 464//464 461//461
f 459//459 461//461 457//457
f 491//491 550//550 514//514
f 575//575 566//566 558//558
f 575//575 558//558 550//550
f 459//459 514//514 464//464
f 459//459 455//455 451//451
f 584//584 566//566 575//575
f 617//617 659//659 634//634
f 701//701 743//743 722//722
f 701//701 676//676 659//659
f 882//882 856//856 848//848
f 880//880 882//882 884//884
f 880//880 856//856 882//882
f 827//827 806//806 785//785
f 889//889 1004//1004 977//977
f 1028//1028 1012//1012 1004//1004
f 1089//1089 1055//1055 1093//1093
f 1140//1140 1153//1153 1152//1152
f 1067//1067 1055//1055 1089//1089
f 889//889 880//880 884//884
f 1087//1087 1089//1089 1099//1099
f 1087//1087 1115//1115 1138//1138
f 1115//1115 1087//1087 1099//1099
f 575//575 592//592 584//584
f 1067//1067 1089//1089 1087//1087
f 1151//1151 1127//1127 1152//1152
f 1087//1087 1138//1138 1140//1140
f 889//889 977//977 880//880
f 1055//1055 1038//1038 1028//1028
f 1152//1152 1129//1129 1140//1140
f 1123//1123 1150//1150 1139//1139
f 1150//1150 1149//1149 1139//1139
f 1150//1150 1125//1125 1151//1151
f 1114//1114 1106//1106 1110//1110
f 1088//1088 1085//1085 1090//1090
f 1098//1098 1094//1094 1100//1100
f 1137//1137 1120//1120 1139//1139
f 1130//1130 1087//1087 1140//1140
f 785//785 764//764 743//743
f 617//617 600//600 592//592
f 617//617 608//608 600//600
f 617//617 634//634 626//626
f 659//659 650//650 642//642
f 659//659 642//642 634//634
f 617//617 626//626 608//608
f 701//701 696//696 688//688
f 701//701 688//688 676//676
f 701//701 722//722 714//714
f 743//743 738//738 730//730
f 743//743 730//730 722//722
f 701//701 714//714 696//696
f 659//659 668//668 650//650
f 743//743 764//764 756//756
f 785//785 780//780 772//772
f 785//785 772//772 764//764
f 827//827 822//822 814//814
f 827//827 814//814 806//806
f 785//785 798//798 780//780
f 827//827 848//848 840//840
f 880//880 865//865 856//856
f 880//880 871//871 869//869
f 880//880 878//878 874//874
f 880//880 874//874 871//871
f 880//880 869//869 865//865
f 827//827 840//840 822//822
f 743//743 756//756 738//738
f 1004//1004 1000//1000 977//977
f 1028//1028 1026//1026 1012//1012
f 1055//1055 1052//1052 1038//1038
f 1087//1087 1086//1086 1067//1067
f 1055//1055 1067//1067 1052//1052
f 1087//1087 1095//1095 1091//1091
f 1087//1087 1107//1107 1101//1101
f 1087//1087 1101//1101 1095//1095
f 1087//1087 1117//1117 1111//1111
f 1087//1087 1130//1130 1121//1121
f 1087//1087 1121//1121 1117//1117
f 1087//1087 1111//1111 1107//1107
f 1087//1087 1091//1091 1086//1086
f 1152//1152 1128//1128 1129//1129
f 1151//1151 1126//1126 1127//1127
f 1152//1152 1127//1127 1128//1128
f 1150//1150 1124//1124 1125//1125
f 1139//1139 1122//1122 1123//1123
f 1150//1150 1123//1123 1124//1124
f 1137//1137 1116//1116 1120//1120
f 1137//1137 1110//1110 1116//1116
f 1098//1098 1090//1090 1094//1094
f 1114//1114 1100//1100 1106//1106
f 1140//1140 1129//1129 1130//1130
f 880//880 977//977 878//878
f 1079//1079 1081//1081 1227//1227
f 1043//1043 1047//1047 1081//1081
f 1017//1017 1021//1021 1047//1047
f 990//990 992//992 1021//1021
f 974//974 978//978 992//992
f 954//954 958//958 978//978
f 932//932 937//937 958//958
f 886//886 895//895 937//937
f 828//828 832//832 895//895
f 786//786 790//790 832//832
f 744//744 748//748 790//790
f 702//702 706//706 748//748
f 660//660 664//664 706//706
f 618//618 622//622 664//664
f 576//576 580//580 622//622
f 497//497 518//518 580//580
f 483//483 501//501 518//518
f 470//470 488//488 501//501
f 446//446 472//472 488//488
f 437//437 448//448 472//472
f 399//399 405//405 448//448
f 373//373 379//379 405//405
f 335//335 345//345 379//379
f 120//120 173//173 345//345
f 93//93 159//159 173//173
f 87//87 126//126 159//159
f 74//74 100//100 126//126
f 68//68 91//91 100//100
f 65//65 89//89 91//91
f 59//59 83//83 89//89
f 57//57 81//81 83//83
f 52//52 76//76 81//81
f 53//53 77//77 76//76
f 54//54 78//78 77//77
f 55//55 79//79 78//78
f 56//56 80//80 79//79
f 58//58 82//82 56//56
f 60//60 84//84 58//58
f 66//66 90//90 60//60
f 69//69 92//92 66//66
f 75//75 101//101 69//69
f 88//88 127//127 75//75
f 94//94 160//160 88//88
f 121//121 174//174 94//94
f 336//336 346//346 121//121
f 374//374 380//380 336//336
f 400//400 406//406 374//374
f 438//438 449//449 400//400
f 447//447 473//473 438//438
f 471//471 489//489 447//447
f 484//484 502//502 471//471
f 498//498 519//519 484//484
f 577//577 581//581 498//498
f 619//619 623//623 577//577
f 661//661 665//665 619//619
f 703//703 707//707 661//661
f 745//745 749//749 703//703
f 787//787 791//791 745//745
f 829//829 833//833 787//787
f 887//887 896//896 829//829
f 933//933 938//938 887//887
f 955//955 959//959 933//933
f 975//975 979//979 955//955
f 991//991 993//993 975//975
f 1018//1018 1022//1022 991//991
f 1044//1044 1048//1048 1018//1018
f 1080//1080 1082//1082 1044//1044
f 1225//1225 1228//1228 1080//1080
f 1238//1238 1240//1240 1225//1225
f 1251//1251 1254//1254 1238//1238
f 1270//1270 1272//1272 1251//1251
f 1286//1286 1288//1288 1270//1270
f 1299//1299 1301//1301 1286//1286
f 1312//1312 1314//1314 1299//1299
f 1325//1325 1327//1327 1312//1312
f 1349//1349 1344//1344 1325//1325
f 1348//1348 1343//1343 1344//1344
f 1347//1347 1342//1342 1343//1343
f 1346//1346 1341//1341 1342//1342
f 1345//1345 1340//1340 1341//1341
f 1324//1324 1326//1326 1340//1340
f 1311//1311 1313//1313 1326//1326
f 1298//1298 1300//1300 1313//1313
f 1285//1285 1287//1287 1300//1300
f 1269//1269 1271//1271 1287//1287
f 1250//1250 1253//1253 1271//1271
f 1237//1237 1239//1239 1253//1253
f 1224//1224 1227//1227 1239//1239
f 1075//1075 1079//1079 1224//1224
f 1041//1041 1043//1043 1079//1079
f 1015//1015 1017//1017 1043//1043
f 987//987 990//990 1017//1017
f 970//970 974//974 990//990
f 951//951 954//954 974//974
f 923//923 932//932 954//954
f 875//875 886//886 932//932
f 824//824 828//828 886//886
f 782//782 786//786 828//828
f 740//740 744//744 786//786
f 698//698 702//702 744//744
f 656//656 660//660 698//698
f 614//614 618//618 656//656
f 568//568 576//576 614//614
f 479//479 497//497 568//568
f 468//468 483//483 479//479
f 441//441 470//470 468//468
f 433//433 446//446 441//441
f 424//424 437//437 433//433
f 393//393 399//399 424//424
f 365//365 373//373 393//393
f 290//290 335//335 365//365
f 85//85 120//120 290//290
f 72//72 93//93 85//85
f 63//63 87//87 72//72
f 50//50 74//74 63//63
f 45//45 68//68 50//50
f 39//39 65//65 45//45
f 34//34 59//59 39//39
f 31//31 57//57 34//34
f 26//26 52//52 31//31
f 27//27 53//53 52//52
f 28//28 54//54 53//53
f 29//29 55//55 54//54
f 30//30 56//56 55//55
f 32//32 58//58 56//56
f 35//35 60//60 58//58
f 40//40 66//66 60//60
f 46//46 69//69 66//66
f 51//51 75//75 69//69
f 64//64 88//88 75//75
f 73//73 94//94 88//88
f 86//86 121//121 94//94
f 291//291 336//336 121//121
f 366//366 374//374 336//336
f 394//394 400//400 374//374
f 425//425 438//438 400//400
f 434//434 447//447 438//438
f 442//442 471//471 447//447
f 469//469 484//484 471//471
f 480//480 498//498 484//484
f 569//569 577//577 498//498
f 615//615 619//619 577//577
f 657//657 661//661 619//619
f 699//699 703//703 661//661
f 741//741 745//745 699//699
f 783//783 787//787 741//741
f 825//825 829//829 783//783
f 876//876 887//887 825//825
f 924//924 933//933 876//876
f 952//952 955//955 924//924
f 971//971 975//975 952//952
f 988//988 991//991 971//971
f 1016//1016 1018//1018 988//988
f 1042//1042 1044//1044 1016//1016
f 1076//1076 1080//1080 1042//1042
f 1223//1223 1225//1225 1076//1076
f 1236//1236 1238//1238 1223//1223
f 1249//1249 1251//1251 1236//1236
f 1267//1267 1270//1270 1249//1249
f 1284//1284 1286//1286 1267//1267
f 1297//1297 1299//1299 1284//1284
f 1310//1310 1312//1312 1297//1297
f 1323//1323 1325//1325 1310//1310
f 1354//1354 1349//1349 1323//1323
f 1353//1353 1348//1348 1349//1349
f 1352//1352 1347//1347 1348//1348
f 1351//1351 1346//1346 1347//1347
f 1350//1350 1345//1345 1346//1346
f 1322//1322 1324//1324 1345//1345
f 1309//1309 1311//1311 1324//1324
f 1296//1296 1298//1298 1311//1311
f 1283//1283 1285//1285 1298//1298
f 1266//1266 1269//1269 1285//1285
f 1248//1248 1250//1250 1269//1269
f 1235//1235 1237//1237 1250//1250
f 1222//1222 1224//1224 1237//1237
f 1227//1227 1195//1195 1229//1229
f 1081//1081 1064//1064 1083//1083
f 1083//1083 1195//1195 1081//1081
f 1047//1047 1035//1035 1049//1049
f 1021//1021 1009//1009 1023//1023
f 1023//1023 1035//1035 1021//1021
f 1049//1049 1064//1064 1047//1047
f 985//985 997//997 983//983
f 948//948 966//966 944//944
f 966//966 985//985 964//964
f 907//907 858//858 910//910
f 832//832 842//842 850//850
f 832//832 834//834 842//842
f 850//850 858//858 895//895
f 910//910 948//948 907//907
f 997//997 1009//1009 996//996
f 832//832 808//808 816//816
f 790//790 792//792 800//800
f 800//800 808//808 790//790
f 790//790 766//766 774//774
f 748//748 750//750 758//758
f 748//748 732//732 750//750
f 758//758 766//766 748//748
f 774//774 792//792 790//790
f 706//706 716//716 724//724
f 706//706 690//690 708//708
f 708//708 716//716 706//706
f 664//664 678//678 682//682
f 664//664 652//652 670//670
f 664//664 644//644 652//652
f 670//670 678//678 664//664
f 682//682 690//690 706//706
f 724//724 732//732 748//748
f 816//816 834//834 832//832
f 622//622 628//628 636//636
f 622//622 602//602 610//610
f 610//610 628//628 622//622
f 580//580 586//586 594//594
f 580//580 560//560 570//570
f 518//518 552//552 560//560
f 570//570 586//586 580//580
f 594//594 602//602 580//580
f 531//531 521//521 540//540
f 487//487 494//494 503//503
f 503//503 521//521 499//499
f 474//474 427//427 475//475
f 405//405 395//395 407//407
f 379//379 381//381 395//395
f 407//407 427//427 405//405
f 475//475 494//494 474//474
f 540//540 552//552 531//531
f 345//345 353//353 369//369
f 219//219 222//222 306//306
f 306//306 353//353 345//345
f 198//198 190//190 200//200
f 122//122 147//147 168//168
f 122//122 128//128 147//147
f 168//168 190//190 171//171
f 200//200 222//222 198//198
f 105//105 116//116 118//118
f 76//76 108//108 107//107
f 107//107 116//116 98//98
f 77//77 110//110 109//109
f 78//78 112//112 111//111
f 79//79 113//113 112//112
f 111//111 110//110 78//78
f 109//109 108//108 77//77
f 118//118 128//128 105//105
f 369//369 381//381 379//379
f 636//636 644//644 622//622
f 983//983 996//996 978//978
f 1227//1227 1081//1081 1195//1195
f 964//964 983//983 958//958
f 1047//1047 1064//1064 1081//1081
f 1047//1047 1021//1021 1035//1035
f 1009//1009 992//992 996//996
f 1021//1021 992//992 1009//1009
f 499//499 516//516 488//488
f 474//474 494//494 487//487
f 499//499 487//487 503//503
f 501//501 516//516 531//531
f 531//531 516//516 521//521
f 944//944 937//937 895//895
f 944//944 964//964 937//937
f 499//499 488//488 472//472
f 664//664 682//682 706//706
f 487//487 472//472 448//448
f 427//427 474//474 448//448
f 379//379 345//345 369//369
f 858//858 907//907 895//895
f 907//907 948//948 944//944
f 832//832 790//790 808//808
f 895//895 832//832 850//850
f 748//748 706//706 724//724
f 622//622 580//580 602//602
f 580//580 518//518 560//560
f 664//664 622//622 644//644
f 790//790 748//748 766//766
f 448//448 405//405 427//427
f 345//345 173//173 306//306
f 306//306 173//173 219//219
f 405//405 379//379 395//395
f 552//552 518//518 531//531
f 173//173 159//159 219//219
f 115//115 80//80 99//99
f 171//171 190//190 198//198
f 115//115 99//99 117//117
f 122//122 168//168 171//171
f 122//122 89//89 83//83
f 122//122 105//105 128//128
f 79//79 112//112 78//78
f 76//76 107//107 98//98
f 81//81 98//98 105//105
f 80//80 115//115 114//114
f 171//171 91//91 122//122
f 98//98 116//116 105//105
f 198//198 159//159 126//126
f 106//106 117//117 99//99
f 129//129 119//119 106//106
f 163//163 169//169 148//148
f 148//148 129//129 123//123
f 123//123 163//163 148//148
f 123//123 106//106 84//84
f 172//172 191//191 163//163
f 163//163 191//191 169//169
f 127//127 172//172 101//101
f 172//172 199//199 201//201
f 163//163 123//123 92//92
f 106//106 119//119 117//117
f 84//84 106//106 82//82
f 171//171 100//100 91//91
f 171//171 126//126 100//100
f 76//76 77//77 108//108
f 122//122 91//91 89//89
f 113//113 79//79 114//114
f 114//114 79//79 80//80
f 163//163 92//92 101//101
f 123//123 90//90 92//92
f 77//77 78//78 110//110
f 127//127 160//160 199//199
f 199//199 223//223 201//201
f 346//346 354//354 307//307
f 307//307 223//223 174//174
f 380//380 382//382 370//370
f 406//406 408//408 396//396
f 396//396 382//382 380//380
f 370//370 354//354 346//346
f 449//449 476//476 428//428
f 500//500 504//504 495//495
f 495//495 476//476 500//500
f 517//517 547//547 522//522
f 519//519 563//563 555//555
f 581//581 573//573 563//563
f 555//555 547//547 519//519
f 522//522 504//504 500//500
f 428//428 408//408 406//406
f 581//581 597//597 589//589
f 623//623 613//613 605//605
f 605//605 597//597 581//581
f 623//623 639//639 631//631
f 665//665 655//655 647//647
f 665//665 673//673 655//655
f 647//647 639//639 623//623
f 631//631 613//613 623//623
f 665//665 685//685 681//681
f 707//707 711//711 693//693
f 693//693 685//685 707//707
f 707//707 727//727 719//719
f 749//749 753//753 735//735
f 749//749 761//761 753//753
f 735//735 727//727 749//749
f 719//719 711//711 707//707
f 681//681 673//673 665//665
f 589//589 573//573 581//581
f 791//791 777//777 769//769
f 791//791 803//803 795//795
f 795//795 777//777 791//791
f 833//833 819//819 811//811
f 833//833 845//845 837//837
f 833//833 853//853 845//845
f 837//837 819//819 833//833
f 811//811 803//803 791//791
f 908//908 916//916 861//861
f 945//945 967//967 949//949
f 949//949 916//916 908//908
f 984//984 998//998 986//986
f 1022//1022 1024//1024 1010//1010
f 1022//1022 1036//1036 1024//1024
f 1010//1010 998//998 993//993
f 986//986 967//967 984//984
f 861//861 853//853 896//896
f 1048//1048 1065//1065 1050//1050
f 1082//1082 1196//1196 1084//1084
f 1084//1084 1065//1065 1082//1082
f 1241//1241 1243//1243 1230//1230
f 1255//1255 1276//1276 1257//1257
f 1274//1274 1291//1291 1276//1276
f 1257//1257 1243//1243 1241//1241
f 1230//1230 1196//1196 1228//1228
f 1303//1303 1318//1318 1305//1305
f 1328//1328 1339//1339 1330//1330
f 1330//1330 1318//1318 1316//1316
f 1343//1343 1337//1337 1338//1338
f 1342//1342 1335//1335 1336//1336
f 1342//1342 1334//1334 1335//1335
f 1336//1336 1337//1337 1343//1343
f 1338//1338 1339//1339 1344//1344
f 1305//1305 1291//1291 1303//1303
f 1050//1050 1036//1036 1048//1048
f 769//769 761//761 749//749
f 199//199 160//160 174//174
f 346//346 307//307 174//174
f 380//380 406//406 396//396
f 346//346 380//380 370//370
f 476//476 449//449 500//500
f 500//500 449//449 473//473
f 406//406 449//449 428//428
f 489//489 500//500 473//473
f 945//945 965//965 967//967
f 993//993 998//998 984//984
f 1255//1255 1274//1274 1276//1276
f 1255//1255 1241//1241 1240//1240
f 1082//1082 1065//1065 1048//1048
f 489//489 502//502 517//517
f 945//945 938//938 965//965
f 945//945 908//908 896//896
f 979//979 984//984 959//959
f 967//967 965//965 984//984
f 707//707 749//749 727//727
f 519//519 547//547 517//517
f 519//519 581//581 563//563
f 623//623 665//665 647//647
f 581//581 623//623 605//605
f 749//749 791//791 769//769
f 833//833 896//896 853//853
f 861//861 896//896 908//908
f 791//791 833//833 811//811
f 665//665 707//707 685//685
f 1022//1022 1048//1048 1036//1036
f 1230//1230 1228//1228 1241//1241
f 1082//1082 1228//1228 1196//1196
f 993//993 1022//1022 1010//1010
f 1332//1332 1340//1340 1331//1331
f 1315//1315 1329//1329 1331//1331
f 1315//1315 1331//1331 1340//1340
f 1314//1314 1316//1316 1301//1301
f 1328//1328 1316//1316 1314//1314
f 1342//1342 1336//1336 1343//1343
f 1341//1341 1332//1332 1333//1333
f 1344//1344 1339//1339 1328//1328
f 1288//1288 1303//1303 1274//1274
f 1316//1316 1318//1318 1303//1303
f 1291//1291 1274//1274 1303//1303
f 1317//1317 1329//1329 1315//1315
f 1302//1302 1304//1304 1317//1317
f 1290//1290 1273//1273 1275//1275
f 1290//1290 1304//1304 1289//1289
f 1256//1256 1275//1275 1273//1273
f 1289//1289 1302//1302 1287//1287
f 1256//1256 1273//1273 1242//1242
f 1229//1229 1242//1242 1227//1227
f 1273//1273 1290//1290 1289//1289
f 1302//1302 1317//1317 1315//1315
f 1300//1300 1302//1302 1315//1315
f 1272//1272 1288//1288 1274//1274
f 1288//1288 1301//1301 1303//1303
f 1341//1341 1334//1334 1342//1342
f 1341//1341 1333//1333 1334//1334
f 1343//1343 1338//1338 1344//1344
f 1340//1340 1326//1326 1315//1315
f 1313//1313 1315//1315 1326//1326
f 1340//1340 1332//1332 1341//1341
f 1271//1271 1273//1273 1289//1289
f 1273//1273 1271//1271 1253//1253
f 1239//1239 1242//1242 1273//1273
f 1272//1272 1274//1274 1254//1254
f 1273//1273 1253//1253 1239//1239
f 1075//1075 1222//1222 1135//1135
f 1015//1015 1041//1041 1029//1029
f 1041//1041 1075//1075 1057//1057
f 970//970 987//987 982//982
f 923//923 951//951 946//946
f 951//951 970//970 962//962
f 987//987 1015//1015 1001//1001
f 824//824 875//875 846//846
f 740//740 782//782 762//762
f 782//782 824//824 804//804
f 614//614 656//656 632//632
f 479//479 568//568 548//548
f 479//479 462//462 444//444
f 590//590 568//568 614//614
f 698//698 740//740 720//720
f 923//923 905//905 875//875
f 1057//1057 1039//1039 1041//1041
f 1029//1029 1013//1013 1015//1015
f 987//987 1001//1001 982//982
f 982//982 1001//1001 980//980
f 441//441 468//468 444//444
f 422//422 433//433 435//435
f 946//946 962//962 960//960
f 905//905 946//946 942//942
f 422//422 435//435 431//431
f 962//962 982//982 980//980
f 656//656 698//698 674//674
f 435//435 444//444 439//439
f 1135//1135 1222//1222 1219//1219
f 393//393 424//424 401//401
f 85//85 290//290 130//130
f 365//365 393//393 375//375
f 49//49 72//72 85//85
f 41//41 50//50 63//63
f 20//20 45//45 50//50
f 41//41 63//63 49//49
f 15//15 34//34 39//39
f 15//15 26//26 31//31
f 31//31 34//34 15//15
f 28//28 27//27 4//4
f 30//30 9//9 14//14
f 30//30 29//29 8//8
f 2//2 27//27 26//26
f 39//39 45//45 20//20
f 401//401 424//424 417//417
f 290//290 365//365 339//339
f 35//35 14//14 40//40
f 417//417 424//424 422//422
f 37//37 41//41 49//49
f 41//41 20//20 50//50
f 15//15 1//1 26//26
f 14//14 35//35 32//32
f 29//29 28//28 6//6
f 20//20 16//16 15//15
f 20//20 41//41 24//24
f 39//39 20//20 15//15
f 422//422 420//420 417//417
f 21//21 40//40 14//14
f 51//51 46//46 33//33
f 42//42 73//73 64//64
f 51//51 33//33 42//42
f 33//33 21//21 25//25
f 86//86 73//73 67//67
f 67//67 73//73 42//42
f 42//42 48//48 67//67
f 131//131 86//86 67//67
f 21//21 14//14 17//17
f 21//21 46//46 40//40
f 42//42 33//33 38//38
f 905//905 899//899 862//862
f 824//824 838//838 820//820
f 824//824 820//820 812//812
f 824//824 846//846 838//838
f 875//875 862//862 854//854
f 782//782 804//804 796//796
f 782//782 778//778 770//770
f 782//782 796//796 778//778
f 740//740 736//736 728//728
f 740//740 728//728 720//720
f 740//740 754//754 736//736
f 782//782 770//770 762//762
f 698//698 712//712 694//694
f 698//698 686//686 674//674
f 698//698 694//694 686//686
f 656//656 666//666 648//648
f 656//656 640//640 632//632
f 656//656 648//648 640//640
f 614//614 606//606 598//598
f 568//568 590//590 582//582
f 614//614 598//598 590//590
f 568//568 564//564 556//556
f 479//479 512//512 462//462
f 568//568 556//556 548//548
f 568//568 582//582 564//564
f 614//614 624//624 606//606
f 417//417 420//420 413//413
f 422//422 431//431 420//420
f 365//365 359//359 339//339
f 393//393 387//387 375//375
f 417//417 413//413 401//401
f 290//290 244//244 130//130
f 49//49 61//61 47//47
f 41//41 37//37 24//24
f 20//20 18//18 16//16
f 15//15 16//16 12//12
f 20//20 24//24 18//18
f 49//49 47//47 37//37
f 15//15 10//10 1//1
f 27//27 2//2 3//3
f 26//26 1//1 2//2
f 29//29 7//7 8//8
f 28//28 5//5 6//6
f 27//27 3//3 4//4
f 14//14 9//9 11//11
f 14//14 11//11 13//13
f 42//42 38//38 48//48
f 67//67 48//48 62//62
f 33//33 25//25 38//38
f 21//21 17//17 19//19
f 15//15 12//12 10//10
f 444//444 462//462 439//439
f 131//131 67//67 62//62
f 366//366 291//291 340//340
f 425//425 394//394 402//402
f 394//394 366//366 376//376
f 434//434 423//423 436//436
f 469//469 445//445 480//480
f 469//469 442//442 445//445
f 423//423 434//434 425//425
f 615//615 569//569 593//593
f 657//657 677//677 699//699
f 635//635 657//657 615//615
f 825//825 783//783 807//807
f 857//857 867//867 876//876
f 876//876 867//867 906//906
f 876//876 825//825 849//849
f 765//765 783//783 741//741
f 569//569 480//480 551//551
f 366//366 360//360 376//376
f 360//360 366//366 340//340
f 376//376 388//388 394//394
f 388//388 402//402 394//394
f 432//432 436//436 423//423
f 952//952 947//947 963//963
f 971//971 963//963 988//988
f 924//924 906//906 947//947
f 445//445 436//436 440//440
f 947//947 943//943 963//963
f 947//947 906//906 900//900
f 741//741 699//699 723//723
f 1002//1002 1016//1016 988//988
f 900//900 906//906 867//867
f 245//245 291//291 131//131
f 131//131 291//291 86//86
f 1042//1042 1016//1016 1030//1030
f 1136//1136 1221//1221 1223//1223
f 1136//1136 1223//1223 1076//1076
f 1249//1249 1236//1236 1234//1234
f 1265//1265 1284//1284 1267//1267
f 1295//1295 1297//1297 1284//1284
f 1265//1265 1267//1267 1247//1247
f 1223//1223 1221//1221 1236//1236
f 1295//1295 1323//1323 1310//1310
f 1353//1353 1354//1354 1363//1363
f 1351//1351 1357//1357 1350//1350
f 1357//1357 1355//1355 1350//1350
f 1361//1361 1352//1352 1353//1353
f 1354//1354 1323//1323 1320//1320
f 1310//1310 1297//1297 1295//1295
f 1355//1355 1321//1321 1350//1350
f 1322//1322 1321//1321 1308//1308
f 1320//1320 1323//1323 1295//1295
f 1221//1221 1233//1233 1234//1234
f 1246//1246 1265//1265 1247//1247
f 1295//1295 1284//1284 1265//1265
f 1295//1295 1265//1265 1282//1282
f 1351//1351 1352//1352 1359//1359
f 1247//1247 1234//1234 1246//1246
f 1321//1321 1355//1355 1319//1319
f 1294//1294 1283//1283 1296//1296
f 1264//1264 1248//1248 1266//1266
f 1266//1266 1283//1283 1264//1264
f 1294//1294 1264//1264 1283//1283
f 1321//1321 1306//1306 1308//1308
f 1222//1222 1235//1235 1219//1219
f 1264//1264 1235//1235 1248//1248
f 1264//1264 1232//1232 1235//1235
f 1281//1281 1264//1264 1294//1294
f 1294//1294 1296//1296 1309//1309
f 1308//1308 1292//1292 1294//1294
f 1076//1076 1042//1042 1058//1058
f 421//421 423//423 414//414
f 423//423 421//421 432//432
f 445//445 440//440 466//466
f 569//569 559//559 567//567
f 569//569 567//567 585//585
f 569//569 551//551 559//559
f 480//480 466//466 515//515
f 615//615 609//609 627//627
f 615//615 601//601 609//609
f 657//657 635//635 643//643
f 657//657 651//651 669//669
f 657//657 669//669 677//677
f 657//657 643//643 651//651
f 615//615 627//627 635//635
f 569//569 585//585 593//593
f 699//699 689//689 697//697
f 699//699 715//715 723//723
f 699//699 697//697 715//715
f 741//741 731//731 739//739
f 741//741 757//757 765//765
f 783//783 765//765 773//773
f 741//741 739//739 757//757
f 783//783 781//781 799//799
f 825//825 807//807 815//815
f 825//825 823//823 841//841
f 867//867 857//857 866//866
f 825//825 841//841 849//849
f 825//825 815//815 823//823
f 783//783 773//773 781//781
f 699//699 677//677 689//689
f 947//947 900//900 943//943
f 963//963 961//961 981//981
f 963//963 943//943 961//961
f 1016//1016 1002//1002 1014//1014
f 1042//1042 1030//1030 1040//1040
f 988//988 981//981 1002//1002
f 1076//1076 1073//1073 1136//1136
f 1221//1221 1220//1220 1233//1233
f 1221//1221 1136//1136 1220//1220
f 1265//1265 1246//1246 1263//1263
f 1295//1295 1282//1282 1293//1293
f 1295//1295 1293//1293 1307//1307
f 1265//1265 1263//1263 1282//1282
f 1076//1076 1058//1058 1073//1073
f 1354//1354 1364//1364 1363//1363
f 1352//1352 1361//1361 1360//1360
f 1351//1351 1359//1359 1358//1358
f 1351//1351 1358//1358 1357//1357
f 1352//1352 1360//1360 1359//1359
f 1353//1353 1362//1362 1361//1361
f 1308//1308 1306//1306 1292//1292
f 1321//1321 1319//1319 1306//1306
f 1264//1264 1281//1281 1262//1262
f 1264//1264 1245//1245 1232//1232
f 1264//1264 1262//1262 1245//1245
f 1294//1294 1292//1292 1281//1281
f 1355//1355 1357//1357 1356//1356
f 1295//1295 1307//1307 1320//1320
f 867//867 866//866 900//900
f 1062//1062 1077//1077 1195//1195
f 1045//1045 1062//1062 1083//1083
f 1019//1019 1033//1033 1049//1049
f 1007//1007 1019//1019 1035//1035
f 1033//1033 1045//1045 1064//1064
f 941//941 956//956 966//966
f 972//972 989//989 997//997
f 994//994 1007//1007 1023//1023
f 850//850 859//859 858//858
f 834//834 843//843 842//842
f 816//816 835//835 834//834
f 842//842 851//851 850//850
f 800//800 809//809 808//808
f 792//792 801//801 800//800
f 766//766 775//775 774//774
f 758//758 767//767 766//766
f 774//774 793//793 792//792
f 808//808 817//817 816//816
f 724//724 733//733 732//732
f 716//716 725//725 724//724
f 690//690 709//709 708//708
f 682//682 691//691 690//690
f 708//708 717//717 716//716
f 670//670 679//679 678//678
f 652//652 671//671 670//670
f 636//636 645//645 644//644
f 628//628 637//637 636//636
f 644//644 653//653 652//652
f 678//678 683//683 682//682
f 602//602 611//611 610//610
f 594//594 603//603 602//602
f 570//570 587//587 586//586
f 560//560 571//571 570//570
f 586//586 595//595 594//594
f 552//552 542//542 553//553
f 521//521 541//541 540//540
f 552//552 561//561 560//560
f 610//610 629//629 628//628
f 732//732 751//751 750//750
f 407//407 477//477 427//427
f 395//395 429//429 407//407
f 369//369 397//397 381//381
f 306//306 371//371 353//353
f 381//381 409//409 395//395
f 147//147 196//196 168//168
f 911//911 912//912 927//927
f 750//750 759//759 758//758
f 927//927 956//956 941//941
f 972//972 936//936 939//939
f 196//196 294//294 298//298
f 202//202 298//298 301//301
f 523//523 542//542 541//541
f 188//188 294//294 196//196
f 353//353 385//385 369//369
f 170//170 286//286 188//188
f 477//477 492//492 427//427
f 939//939 950//950 989//989
f 188//188 128//128 170//170
f 109//109 311//311 108//108
f 111//111 313//313 110//110
f 113//113 315//315 112//112
f 114//114 316//316 113//113
f 110//110 312//312 109//109
f 112//112 314//314 111//111
f 265//265 166//166 107//107
f 197//197 189//189 148//148
f 203//203 197//197 169//169
f 191//191 201//201 224//224
f 295//295 287//287 189//189
f 299//299 295//295 197//197
f 300//300 299//299 203//203
f 1077//1077 1118//1118 1229//1229
f 386//386 372//372 354//354
f 398//398 386//386 370//370
f 372//372 356//356 307//307
f 478//478 430//430 408//408
f 428//428 520//520 478//478
f 509//509 496//496 495//495
f 430//430 410//410 396//396
f 573//573 562//562 563//563
f 589//589 572//572 573//573
f 563//563 554//554 555//555
f 605//605 596//596 597//597
f 613//613 604//604 605//605
f 639//639 630//630 631//631
f 655//655 646//646 647//647
f 647//647 638//638 639//639
f 631//631 612//612 613//613
f 597//597 588//588 589//589
f 681//681 672//672 673//673
f 685//685 680//680 681//681
f 711//711 692//692 693//693
f 727//727 718//718 719//719
f 693//693 684//684 685//685
f 753//753 734//734 735//735
f 761//761 752//752 753//753
f 777//777 768//768 769//769
f 795//795 776//776 777//777
f 769//769 760//760 761//761
f 735//735 726//726 727//727
f 811//811 802//802 803//803
f 819//819 810//810 811//811
f 845//845 836//836 837//837
f 853//853 844//844 845//845
f 837//837 818//818 819//819
f 861//861 914//914 860//860
f 986//986 957//957 967//967
f 861//861 852//852 853//853
f 803//803 794//794 795//795
f 673//673 654//654 655//655
f 1024//1024 995//995 1010//1010
f 1036//1036 1008//1008 1024//1024
f 1084//1084 1046//1046 1065//1065
f 1196//1196 1063//1063 1084//1084
f 1050//1050 1020//1020 1036//1036
f 1243//1243 1217//1217 1230//1230
f 1257//1257 1226//1226 1243//1243
f 1217//1217 1199//1199 1078//1078
f 224//224 302//302 300//300
f 719//719 710//710 711//711
f 525//525 524//524 496//496
f 493//493 524//524 520//520
f 509//509 545//545 525//525
f 239//239 356//356 302//302
f 1065//1065 1034//1034 1050//1050
f 1261//1261 1213//1213 1210//1210
f 1204//1204 1231//1231 1259//1259
f 1010//1010 931//931 998//998
f 555//555 554//554 545//545
f 410//410 398//398 382//382
f 1259//1259 1305//1305 1261//1261
f 1337//1337 1193//1193 1338//1338
f 1339//1339 1277//1277 1330//1330
f 1335//1335 1191//1191 1336//1336
f 1333//1333 1189//1189 1334//1334
f 1332//1332 1215//1215 1187//1187
f 1332//1332 1188//1188 1333//1333
f 1336//1336 1192//1192 1337//1337
f 1280//1280 1214//1214 1277//1277
f 1277//1277 1213//1213 1261//1261
f 1334//1334 1190//1190 1335//1335
f 1338//1338 1193//1193 1216//1216
f 1201//1201 1203//1203 1256//1256
f 1229//1229 1118//1118 1201//1201
f 998//998 931//931 940//940
f 925//925 930//930 950//950
f 286//286 327//327 294//294
f 273//273 325//325 286//286
f 322//322 320//320 268//268
f 267//267 321//321 271//271
f 326//326 324//324 274//274
f 328//328 326//326 287//287
f 330//330 328//328 295//295
f 332//332 330//330 299//299
f 324//324 322//322 272//272
f 543//543 530//530 537//537
f 536//536 533//533 524//524
f 1154//1154 1164//1164 1207//1207
f 1141//1141 1154//1154 1203//1203
f 1216//1216 1185//1185 1214//1214
f 1135//1135 1066//1066 1051//1051
f 1057//1057 1037//1037 1025//1025
f 1039//1039 1025//1025 1011//1011
f 1072//1072 1051//1051 1037//1037
f 1013//1013 999//999 976//976
f 960//960 953//953 934//934
f 1029//1029 1011//1011 999//999
f 899//899 894//894 863//863
f 838//838 847//847 839//839
f 820//820 839//839 821//821
f 846//846 855//855 847//847
f 804//804 813//813 805//805
f 796//796 805//805 797//797
f 770//770 779//779 771//771
f 762//762 771//771 763//763
f 778//778 797//797 779//779
f 812//812 821//821 813//813
f 736//736 755//755 737//737
f 720//720 729//729 721//721
f 712//712 721//721 713//713
f 728//728 737//737 729//729
f 674//674 687//687 675//675
f 666//666 675//675 667//667
f 640//640 649//649 641//641
f 632//632 641//641 633//633
f 648//648 667//667 649//649
f 694//694 713//713 695//695
f 606//606 625//625 607//607
f 598//598 607//607 599//599
f 582//582 591//591 583//583
f 564//564 583//583 565//565
f 590//590 599//599 591//591
f 548//548 557//557 549//549
f 512//512 549//549 513//513
f 439//439 463//463 460//460
f 462//462 513//513 463//463
f 556//556 565//565 557//557
f 624//624 633//633 625//625
f 754//754 763//763 755//755
f 401//401 450//450 418//418
f 387//387 418//418 403//403
f 359//359 389//389 377//377
f 244//244 361//361 341//341
f 130//130 341//341 246//246
f 375//375 403//403 389//389
f 894//894 868//868 864//864
f 450//450 426//426 454//454
f 686//686 695//695 687//687
f 339//339 377//377 361//361
f 18//18 43//43 36//36
f 43//43 124//124 102//102
f 2//2 132//132 133//133
f 4//4 134//134 135//135
f 5//5 135//135 136//136
f 8//8 138//138 139//139
f 8//8 95//95 22//22
f 7//7 137//137 138//138
f 3//3 133//133 134//134
f 6//6 136//136 137//137
f 23//23 102//102 96//96
f 1219//1219 1085//1085 1066//1066
f 245//245 342//342 362//362
f 340//340 362//362 378//378
f 131//131 247//247 342//342
f 376//376 390//390 404//404
f 388//388 404//404 419//419
f 443//443 414//414 451//451
f 402//402 419//419 451//451
f 360//360 378//378 390//390
f 465//465 440//440 452//452
f 465//465 514//514 515//515
f 559//559 550//550 558//558
f 585//585 566//566 584//584
f 551//551 514//514 550//550
f 601//601 592//592 600//600
f 609//609 600//600 608//608
f 635//635 626//626 634//634
f 643//643 634//634 642//642
f 627//627 608//608 626//626
f 593//593 584//584 592//592
f 669//669 650//650 668//668
f 689//689 676//676 688//688
f 697//697 688//688 696//696
f 677//677 668//668 676//676
f 723//723 714//714 722//722
f 731//731 722//722 730//730
f 757//757 738//738 756//756
f 765//765 756//756 764//764
f 739//739 730//730 738//738
f 715//715 696//696 714//714
f 781//781 772//772 780//780
f 799//799 780//780 798//798
f 815//815 806//806 814//814
f 823//823 814//814 822//822
f 807//807 798//798 806//806
f 849//849 840//840 848//848
f 857//857 848//848 856//856
f 865//865 885//885 935//935
f 866//866 856//856 865//865
f 841//841 822//822 840//840
f 773//773 764//764 772//772
f 651//651 642//642 650//650
f 1014//1014 977//977 1000//1000
f 1040//1040 1012//1012 1026//1026
f 1058//1058 1026//1026 1038//1038
f 1220//1220 1067//1067 1086//1086
f 1198//1198 1220//1220 1086//1086
f 1073//1073 1038//1038 1052//1052
f 1030//1030 1000//1000 1012//1012
f 902//902 977//977 1002//1002
f 893//893 871//871 874//874
f 1136//1136 1052//1052 1067//1067
f 247//247 71//71 162//162
f 1206//1206 1117//1117 1268//1268
f 1211//1211 1268//1268 1117//1117
f 567//567 558//558 566//566
f 1362//1362 1129//1129 1128//1128
f 1361//1361 1128//1128 1127//1127
f 1358//1358 1125//1125 1124//1124
f 1357//1357 1124//1124 1123//1123
f 1209//1209 1356//1356 1122//1122
f 1209//1209 1208//1208 1260//1260
f 1356//1356 1123//1123 1122//1122
f 1360//1360 1127//1127 1126//1126
f 1292//1292 1260//1260 1252//1252
f 1211//1211 1129//1129 1363//1363
f 1260//1260 1208//1208 1205//1205
f 1359//1359 1126//1126 1125//1125
f 1281//1281 1252//1252 1244//1244
f 1085//1085 1218//1218 1197//1197
f 1252//1252 1202//1202 1244//1244
f 968//968 892//892 953//953
f 102//102 155//155 151//151
f 95//95 142//142 144//144
f 1208//1208 1110//1110 1106//1106
f 874//874 902//902 893//893
f 1059//1059 1074//1074 1061//1061
f 1071//1071 1108//1108 1074//1074
f 263//263 349//349 296//296
f 343//343 367//367 349//349
f 259//259 292//292 288//288
f 261//261 296//296 292//292
f 248//248 284//284 275//275
f 257//257 288//288 284//284
f 250//250 276//276 277//277
f 249//249 275//275 276//276
f 252//252 278//278 279//279
f 251//251 277//277 278//278
f 254//254 280//280 281//281
f 253//253 279//279 280//280
f 256//256 282//282 283//283
f 255//255 281//281 282//282
f 258//258 285//285 289//289
f 256//256 283//283 285//285
f 262//262 293//293 297//297
f 260//260 289//289 293//293
f 344//344 350//350 368//368
f 264//264 297//297 350//350
f 1132//1132 1144//1144 1163//1163
f 1103//1103 1109//1109 1144//1144
f 1167//1167 1177//1177 1179//1179
f 1157//1157 1163//1163 1177//1177
f 1156//1156 1176//1176 1162//1162
f 1166//1166 1178//1178 1176//1176
f 1102//1102 1143//1143 1108//1108
f 1131//1131 1162//1162 1143//1143
f 1054//1054 1070//1070 1056//1056
f 1056//1056 1071//1071 1059//1059
f 1070//1070 1102//1102 1071//1071
f 1069//1069 1096//1096 1070//1070
f 1003//1003 1031//1031 1005//1005
f 888//888 1005//1005 903//903
f 883//883 903//903 897//897
f 881//881 897//897 890//890
f 826//826 890//890 830//830
f 784//784 830//830 788//788
f 742//742 788//788 746//746
f 700//700 746//746 704//704
f 658//658 704//704 662//662
f 616//616 662//662 620//620
f 574//574 620//620 578//578
f 490//490 578//578 510//510
f 485//485 510//510 507//507
f 481//481 507//507 505//505
f 411//411 505//505 415//415
f 383//383 415//415 391//391
f 303//303 337//337 242//242
f 242//242 343//343 263//263
f 337//337 363//363 343//343
f 351//351 357//357 337//337
f 217//217 240//240 236//236
f 236//236 261//261 259//259
f 240//240 263//263 261//261
f 220//220 242//242 240//240
f 213//213 234//234 225//225
f 225//225 257//257 248//248
f 234//234 259//259 257//257
f 215//215 236//236 234//234
f 206//206 226//226 227//227
f 227//227 249//249 250//250
f 226//226 248//248 249//249
f 205//205 225//225 226//226
f 208//208 228//228 229//229
f 229//229 251//251 252//252
f 228//228 250//250 251//251
f 207//207 227//227 228//228
f 210//210 230//230 231//231
f 231//231 253//253 254//254
f 230//230 252//252 253//253
f 209//209 229//229 230//230
f 212//212 232//232 233//233
f 233//233 255//255 256//256
f 232//232 254//254 255//255
f 211//211 231//231 232//232
f 216//216 235//235 237//237
f 235//235 258//258 260//260
f 233//233 256//256 258//258
f 214//214 233//233 235//235
f 221//221 241//241 243//243
f 241//241 262//262 264//264
f 237//237 260//260 262//262
f 218//218 237//237 241//241
f 352//352 338//338 358//358
f 338//338 344//344 364//364
f 243//243 264//264 344//344
f 304//304 243//243 338//338
f 384//384 392//392 416//416
f 412//412 416//416 506//506
f 482//482 506//506 508//508
f 486//486 508//508 511//511
f 491//491 511//511 579//579
f 575//575 579//579 621//621
f 617//617 621//621 663//663
f 659//659 663//663 705//705
f 701//701 705//705 747//747
f 743//743 747//747 789//789
f 785//785 789//789 831//831
f 827//827 831//831 891//891
f 882//882 891//891 898//898
f 884//884 898//898 904//904
f 889//889 904//904 1006//1006
f 1004//1004 1006//1006 1032//1032
f 1028//1028 1032//1032 1060//1060
f 1105//1105 1113//1113 1146//1146
f 1113//1113 1132//1132 1157//1157
f 1097//1097 1103//1103 1132//1132
f 1093//1093 1097//1097 1113//1113
f 1148//1148 1159//1159 1161//1161
f 1159//1159 1167//1167 1172//1172
f 1146//1146 1157//1157 1167//1167
f 1134//1134 1146//1146 1159//1159
f 1151//1151 1171//1171 1170//1170
f 1150//1150 1170//1170 1169//1169
f 1133//1133 1158//1158 1145//1145
f 1145//1145 1166//1166 1156//1156
f 1158//1158 1168//1168 1166//1166
f 1147//1147 1160//1160 1158//1158
f 1092//1092 1112//1112 1096//1096
f 1096//1096 1131//1131 1102//1102
f 1112//1112 1156//1156 1131//1131
f 1104//1104 1145//1145 1112//1112
f 1053//1053 1069//1069 1054//1054
f 1068//1068 1092//1092 1069//1069
f 269//269 303//303 220//220
f 347//347 351//351 303//303
f 192//192 217//217 215//215
f 194//194 220//220 217//217
f 184//184 213//213 204//204
f 186//186 215//215 213//213
f 177//177 205//205 206//206
f 176//176 204//204 205//205
f 179//179 207//207 208//208
f 178//178 206//206 207//207
f 181//181 209//209 210//210
f 180//180 208//208 209//209
f 183//183 211//211 212//212
f 182//182 210//210 211//211
f 187//187 214//214 216//216
f 185//185 212//212 214//214
f 195//195 218//218 221//221
f 193//193 216//216 218//218
f 348//348 304//304 352//352
f 270//270 221//221 304//304
f 1099//1099 1105//1105 1134//1134
f 1089//1089 1093//1093 1105//1105
f 1138//1138 1148//1148 1153//1153
f 1115//1115 1134//1134 1148//1148
f 1114//1114 1147//1147 1133//1133
f 1137//1137 1149//1149 1147//1147
f 1088//1088 1104//1104 1092//1092
f 1098//1098 1133//1133 1104//1104
f 1074//1074 1108//1108 1118//1118
f 1061//1061 1074//1074 1077//1077
f 349//349 367//367 371//371
f 296//296 349//349 355//355
f 897//897 903//903 928//928
f 919//919 890//890 897//897
f 505//505 507//507 534//534
f 507//507 510//510 539//539
f 312//312 276//276 311//311
f 311//311 275//275 310//310
f 314//314 278//278 313//313
f 316//316 280//280 315//315
f 315//315 279//279 314//314
f 313//313 277//277 312//312
f 317//317 281//281 316//316
f 356//356 297//297 334//334
f 372//372 350//350 356//356
f 929//929 904//904 898//898
f 1180//1180 1174//1174 1162//1162
f 1141//1141 1118//1118 1108//1108
f 976//976 999//999 1003//1003
f 1053//1053 1066//1066 1068//1068
f 1011//1011 1025//1025 1027//1027
f 805//805 813//813 826//826
f 847//847 855//855 881//881
f 742//742 763//763 784//784
f 616//616 633//633 658//658
f 879//879 883//883 872//872
f 1068//1068 1085//1085 1088//1088
f 873//873 877//877 879//879
f 658//658 675//675 700//700
f 485//485 467//467 490//490
f 411//411 418//418 481//481
f 481//481 458//458 485//485
f 549//549 557//557 574//574
f 177//177 133//133 176//176
f 178//178 134//134 177//177
f 176//176 132//132 175//175
f 269//269 341//341 347//347
f 460//460 463//463 467//467
f 453//453 454//454 458//458
f 179//179 135//135 178//178
f 181//181 137//137 180//180
f 183//183 139//139 182//182
f 182//182 138//138 181//181
f 180//180 136//136 179//179
f 342//342 247//247 270//270
f 247//247 162//162 195//195
f 390//390 378//378 384//384
f 676//676 668//668 659//659
f 882//882 848//848 827//827
f 806//806 798//798 785//785
f 1012//1012 1000//1000 1004//1004
f 1038//1038 1026//1026 1028//1028
f 1125//1125 1126//1126 1151//1151
f 1114//1114 1110//1110 1137//1137
f 1088//1088 1090//1090 1098//1098
f 1098//1098 1100//1100 1114//1114
f 1120//1120 1122//1122 1139//1139
f 617//617 592//592 575//575
f 1079//1079 1227//1227 1224//1224
f 1043//1043 1081//1081 1079//1079
f 1017//1017 1047//1047 1043//1043
f 990//990 1021//1021 1017//1017
f 974//974 992//992 990//990
f 954//954 978//978 974//974
f 932//932 958//958 954//954
f 886//886 937//937 932//932
f 828//828 895//895 886//886
f 786//786 832//832 828//828
f 744//744 790//790 786//786
f 702//702 748//748 744//744
f 660//660 706//706 702//702
f 618//618 664//664 660//660
f 576//576 622//622 618//618
f 497//497 580//580 576//576
f 483//483 518//518 497//497
f 470//470 501//501 483//483
f 446//446 488//488 470//470
f 437//437 472//472 446//446
f 399//399 448//448 437//437
f 373//373 405//405 399//399
f 335//335 379//379 373//373
f 120//120 345//345 335//335
f 93//93 173//173 120//120
f 87//87 159//159 93//93
f 74//74 126//126 87//87
f 68//68 100//100 74//74
f 65//65 91//91 68//68
f 59//59 89//89 65//65
f 57//57 83//83 59//59
f 52//52 81//81 57//57
f 53//53 76//76 52//52
f 54//54 77//77 53//53
f 55//55 78//78 54//54
f 56//56 79//79 55//55
f 82//82 80//80 56//56
f 84//84 82//82 58//58
f 90//90 84//84 60//60
f 92//92 90//90 66//66
f 101//101 92//92 69//69
f 127//127 101//101 75//75
f 160//160 127//127 88//88
f 174//174 160//160 94//94
f 346//346 174//174 121//121
f 380//380 346//346 336//336
f 406//406 380//380 374//374
f 449//449 406//406 400//400
f 473//473 449//449 438//438
f 489//489 473//473 447//447
f 502//502 489//489 471//471
f 519//519 502//502 484//484
f 581//581 519//519 498//498
f 623//623 581//581 577//577
f 665//665 623//623 619//619
f 707//707 665//665 661//661
f 749//749 707//707 703//703
f 791//791 749//749 745//745
f 833//833 791//791 787//787
f 896//896 833//833 829//829
f 938//938 896//896 887//887
f 959//959 938//938 933//933
f 979//979 959//959 955//955
f 993//993 979//979 975//975
f 1022//1022 993//993 991//991
f 1048//1048 1022//1022 1018//1018
f 1082//1082 1048//1048 1044//1044
f 1228//1228 1082//1082 1080//1080
f 1240//1240 1228//1228 1225//1225
f 1254//1254 1240//1240 1238//1238
f 1272//1272 1254//1254 1251//1251
f 1288//1288 1272//1272 1270//1270
f 1301//1301 1288//1288 1286//1286
f 1314//1314 1301//1301 1299//1299
f 1327//1327 1314//1314 1312//1312
f 1344//1344 1327//1327 1325//1325
f 1348//1348 1344//1344 1349//1349
f 1347//1347 1343//1343 1348//1348
f 1346//1346 1342//1342 1347//1347
f 1345//1345 1341//1341 1346//1346
f 1324//1324 1340//1340 1345//1345
f 1311//1311 1326//1326 1324//1324
f 1298//1298 1313//1313 1311//1311
f 1285//1285 1300//1300 1298//1298
f 1269//1269 1287//1287 1285//1285
f 1250//1250 1271//1271 1269//1269
f 1237//1237 1253//1253 1250//1250
f 1224//1224 1239//1239 1237//1237
f 1075//1075 1224//1224 1222//1222
f 1041//1041 1079//1079 1075//1075
f 1015//1015 1043//1043 1041//1041
f 987//987 1017//1017 1015//1015
f 970//970 990//990 987//987
f 951//951 974//974 970//970
f 923//923 954//954 951//951
f 875//875 932//932 923//923
f 824//824 886//886 875//875
f 782//782 828//828 824//824
f 740//740 786//786 782//782
f 698//698 744//744 740//740
f 660//660 702//702 698//698
f 618//618 660//660 656//656
f 576//576 618//618 614//614
f 497//497 576//576 568//568
f 483//483 497//497 479//479
f 470//470 483//483 468//468
f 446//446 470//470 441//441
f 437//437 446//446 433//433
f 399//399 437//437 424//424
f 373//373 399//399 393//393
f 335//335 373//373 365//365
f 120//120 335//335 290//290
f 93//93 120//120 85//85
f 87//87 93//93 72//72
f 74//74 87//87 63//63
f 68//68 74//74 50//50
f 65//65 68//68 45//45
f 59//59 65//65 39//39
f 57//57 59//59 34//34
f 52//52 57//57 31//31
f 27//27 52//52 26//26
f 28//28 53//53 27//27
f 29//29 54//54 28//28
f 30//30 55//55 29//29
f 32//32 56//56 30//30
f 35//35 58//58 32//32
f 40//40 60//60 35//35
f 46//46 66//66 40//40
f 51//51 69//69 46//46
f 64//64 75//75 51//51
f 73//73 88//88 64//64
f 86//86 94//94 73//73
f 291//291 121//121 86//86
f 366//366 336//336 291//291
f 394//394 374//374 366//366
f 425//425 400//400 394//394
f 434//434 438//438 425//425
f 442//442 447//447 434//434
f 469//469 471//471 442//442
f 480//480 484//484 469//469
f 569//569 498//498 480//480
f 615//615 577//577 569//569
f 657//657 619//619 615//615
f 699//699 661//661 657//657
f 745//745 703//703 699//699
f 787//787 745//745 741//741
f 829//829 787//787 783//783
f 887//887 829//829 825//825
f 933//933 887//887 876//876
f 955//955 933//933 924//924
f 975//975 955//955 952//952
f 991//991 975//975 971//971
f 1018//1018 991//991 988//988
f 1044//1044 1018//1018 1016//1016
f 1080//1080 1044//1044 1042//1042
f 1225//1225 1080//1080 1076//1076
f 1238//1238 1225//1225 1223//1223
f 1251//1251 1238//1238 1236//1236
f 1270//1270 1251//1251 1249//1249
f 1286//1286 1270//1270 1267//1267
f 1299//1299 1286//1286 1284//1284
f 1312//1312 1299//1299 1297//1297
f 1325//1325 1312//1312 1310//1310
f 1349//1349 1325//1325 1323//1323
f 1353//1353 1349//1349 1354//1354
f 1352//1352 1348//1348 1353//1353
f 1351//1351 1347//1347 1352//1352
f 1350//1350 1346//1346 1351//1351
f 1322//1322 1345//1345 1350//1350
f 1309//1309 1324//1324 1322//1322
f 1296//1296 1311//1311 1309//1309
f 1283//1283 1298//1298 1296//1296
f 1266//1266 1285//1285 1283//1283
f 1248//1248 1269//1269 1266//1266
f 1235//1235 1250//1250 1248//1248
f 1222//1222 1237//1237 1235//1235
f 997//997 996//996 983//983
f 966//966 964//964 944//944
f 985//985 983//983 964//964
f 521//521 516//516 499//499
f 222//222 219//219 198//198
f 996//996 992//992 978//978
f 983//983 978//978 958//958
f 516//516 501//501 488//488
f 501//501 531//531 518//518
f 944//944 895//895 907//907
f 964//964 958//958 937//937
f 499//499 472//472 487//487
f 487//487 448//448 474//474
f 159//159 198//198 219//219
f 80//80 82//82 99//99
f 122//122 83//83 105//105
f 76//76 98//98 81//81
f 81//81 105//105 83//83
f 198//198 126//126 171//171
f 129//129 106//106 123//123
f 123//123 84//84 90//90
f 172//172 163//163 101//101
f 172//172 201//201 191//191
f 106//106 99//99 82//82
f 127//127 199//199 172//172
f 522//522 500//500 517//517
f 949//949 908//908 945//945
f 1257//1257 1241//1241 1255//1255
f 1330//1330 1316//1316 1328//1328
f 199//199 174//174 223//223
f 993//993 984//984 979//979
f 1255//1255 1240//1240 1254//1254
f 489//489 517//517 500//500
f 938//938 959//959 965//965
f 945//945 896//896 938//938
f 984//984 965//965 959//959
f 519//519 517//517 502//502
f 1228//1228 1240//1240 1241//1241
f 1316//1316 1303//1303 1301//1301
f 1328//1328 1314//1314 1327//1327
f 1344//1344 1328//1328 1327//1327
f 1304//1304 1302//1302 1289//1289
f 1302//1302 1300//1300 1287//1287
f 1242//1242 1239//1239 1227//1227
f 1300//1300 1315//1315 1313//1313
f 1271//1271 1289//1289 1287//1287
f 1274//1274 1255//1255 1254//1254
f 1075//1075 1135//1135 1072//1072
f 1041//1041 1039//1039 1029//1029
f 1075//1075 1072//1072 1057//1057
f 970//970 982//982 962//962
f 923//923 946//946 905//905
f 951//951 962//962 946//946
f 1015//1015 1013//1013 1001//1001
f 875//875 854//854 846//846
f 740//740 762//762 754//754
f 824//824 812//812 804//804
f 614//614 632//632 624//624
f 479//479 548//548 512//512
f 479//479 444//444 468//468
f 698//698 720//720 712//712
f 905//905 862//862 875//875
f 441//441 444//444 435//435
f 433//433 441//441 435//435
f 946//946 960//960 942//942
f 905//905 942//942 899//899
f 962//962 980//980 960//960
f 656//656 674//674 666//666
f 435//435 439//439 431//431
f 393//393 401//401 387//387
f 85//85 130//130 61//61
f 365//365 375//375 359//359
f 49//49 85//85 61//61
f 63//63 72//72 49//49
f 28//28 4//4 5//5
f 30//30 14//14 32//32
f 30//30 8//8 9//9
f 290//290 339//339 244//244
f 424//424 433//433 422//422
f 29//29 6//6 7//7
f 46//46 21//21 33//33
f 51//51 42//42 64//64
f 21//21 19//19 25//25
f 14//14 13//13 17//17
f 291//291 245//245 340//340
f 425//425 402//402 414//414
f 434//434 436//436 442//442
f 445//445 466//466 480//480
f 442//442 436//436 445//445
f 423//423 425//425 414//414
f 615//615 593//593 601//601
f 783//783 799//799 807//807
f 876//876 906//906 924//924
f 876//876 849//849 857//857
f 480//480 515//515 551//551
f 952//952 963//963 971//971
f 963//963 981//981 988//988
f 924//924 947//947 952//952
f 436//436 432//432 440//440
f 741//741 723//723 731//731
f 1016//1016 1014//1014 1030//1030
f 1249//1249 1234//1234 1247//1247
f 1267//1267 1249//1249 1247//1247
f 1221//1221 1234//1234 1236//1236
f 1353//1353 1363//1363 1362//1362
f 1354//1354 1320//1320 1364//1364
f 1321//1321 1322//1322 1350//1350
f 1322//1322 1308//1308 1309//1309
f 1234//1234 1233//1233 1246//1246
f 1355//1355 1356//1356 1319//1319
f 1235//1235 1232//1232 1219//1219
f 1294//1294 1309//1309 1308//1308
f 1042//1042 1040//1040 1058//1058