# PHANTOM Module: CAP PROGRAM
# Units: meters
o CAP_PROGRAM

v 5.200000 1.200000 2.000775
v 5.200000 1.200000 1.709478
v 5.200000 1.200000 1.418182
v 5.200000 1.200000 1.126885
v 5.200000 1.200000 0.835589
v 5.200000 0.799999 2.000775
v 5.200000 0.799999 0.835589
v 5.200000 0.400000 2.000775
v 5.200000 0.400000 0.835589
v 5.200000 0.000000 2.000775
v 5.200000 0.000000 0.835589
v 5.198452 1.200000 2.028975
v 5.198452 1.200000 0.807389
v 5.193690 1.200000 2.057403
v 5.193690 1.200000 0.778961
v 5.193690 0.799999 2.057403
v 5.193690 0.799999 0.778961
v 5.193690 0.400000 2.057403
v 5.193690 0.400000 0.778961
v 5.193690 0.000000 2.057403
v 5.193690 0.000000 0.778961
v 5.185636 1.200000 2.085405
v 5.185636 1.200000 0.750959
v 5.185636 0.799999 2.085405
v 5.185636 0.799999 0.750959
v 5.185636 0.400000 2.085405
v 5.185636 0.400000 0.750959
v 5.185636 0.000000 2.085405
v 5.185636 0.000000 0.750959
v 5.174363 1.200000 2.112305
v 5.174363 1.200000 0.724059
v 5.174363 0.799999 2.112305
v 5.174363 0.799999 0.724059
v 5.174363 0.400000 2.112305
v 5.174363 0.400000 0.724059
v 5.174363 0.000000 2.112305
v 5.174363 0.000000 0.724059
v 5.160099 1.200000 2.137459
v 5.160099 1.200000 0.698905
v 5.160099 0.799999 2.137459
v 5.160099 0.799999 0.698905
v 5.160099 0.400000 2.137459
v 5.160099 0.400000 0.698905
v 5.160099 0.000000 2.137459
v 5.160099 0.000000 0.698905
v 5.143209 1.200000 2.160302
v 5.143209 1.200000 0.676062
v 5.143209 0.799999 2.160302
v 5.143209 0.799999 0.676062
v 5.143209 0.400000 2.160302
v 5.143209 0.400000 0.676062
v 5.143209 0.000000 2.160302
v 5.143209 0.000000 0.676062
v 5.124169 1.200000 2.180394
v 5.124169 1.200000 0.655970
v 5.124169 0.799999 2.180394
v 5.124169 0.799999 0.655970
v 5.124169 0.400000 2.180394
v 5.124169 0.400000 0.655970
v 5.124169 0.000000 2.180394
v 5.124169 0.000000 0.655970
v 5.103518 1.200000 2.197441
v 5.103518 1.200000 0.638922
v 5.103518 0.799999 2.197441
v 5.103518 0.799999 0.638922
v 5.103518 0.400000 2.197441
v 5.103518 0.400000 0.638922
v 5.103518 0.000000 2.197441
v 5.103518 0.000000 0.638922
v 5.078165 1.267708 0.862207
v 5.078137 1.267708 1.974275
v 5.000000 1.061537 0.856123
v 5.000000 1.061535 0.996648
v 5.000000 1.061534 1.137173
v 5.000000 1.061532 1.277698
v 5.000000 1.061531 1.418223
v 5.000000 1.061529 1.558747
v 5.000000 1.061527 1.699272
v 5.000000 1.061526 1.839796
v 5.000000 1.061524 1.980320
v 5.000000 1.060052 0.835589
v 5.000000 1.060044 2.000775
v 5.000000 0.000000 2.000775
v 5.000000 0.000000 0.835589
v 4.999881 0.000000 2.002944
v 4.999881 0.000000 0.833420
v 4.999649 1.060039 0.833376
v 4.999649 1.060030 2.002987
v 4.999515 0.000000 2.005131
v 4.999515 0.000000 0.831233
v 4.999133 1.060115 0.831256
v 4.999133 1.060106 2.005108
v 4.998895 0.000000 2.007285
v 4.998895 0.000000 0.829079
v 4.998452 1.060280 0.829228
v 4.998452 1.060271 2.007136
v 4.998028 0.000000 2.009354
v 4.998028 0.000000 0.827010
v 4.997607 1.060527 2.009072
v 4.997607 1.060535 0.827292
v 4.996931 0.000000 2.011289
v 4.996931 0.000000 0.825075
v 4.996597 1.060871 2.010917
v 4.996597 1.060880 0.825447
v 4.995632 0.000000 2.013046
v 4.995632 0.000000 0.823318
v 4.995423 1.061304 2.012670
v 4.995422 1.061313 0.823694
v 4.994167 0.000000 2.014592
v 4.994167 0.000000 0.821772
v 4.994083 1.061836 0.822032
v 4.994083 1.061828 2.014332
v 4.992579 1.062449 0.820461
v 4.992579 1.062441 2.015903
v 4.992579 0.000000 2.015903
v 4.992579 0.000000 0.820461
v 4.981986 1.267708 0.663045
v 4.981898 1.267708 2.173442
v 4.956329 1.335416 0.888825
v 4.956315 1.335416 1.153563
v 4.956301 1.335416 1.418300
v 4.956288 1.335416 1.683037
v 4.956274 1.335416 1.947775
v 4.955438 1.077393 0.793449
v 4.955397 1.077408 2.042944
v 4.951638 1.336914 0.856706
v 4.951502 1.336923 1.980313
v 4.943601 1.337962 0.824230
v 4.943359 1.337965 2.012983
v 4.933504 1.083990 0.777497
v 4.933421 1.084025 2.058927
v 4.932254 1.338504 0.792315
v 4.931929 1.338494 2.044913
v 4.923975 1.085707 0.770567
v 4.923885 1.085745 2.065862
v 4.919854 1.085999 0.767570
v 4.919767 1.086035 2.068857
v 4.917829 1.338510 0.761898
v 4.917430 1.338490 2.075294
v 4.916272 1.085848 0.764965
v 4.916192 1.085879 2.071457
v 4.900722 1.337976 0.733826
v 4.900270 1.337950 2.103287
v 4.897535 1.200000 2.347248
v 4.897535 1.200000 0.489116
v 4.887130 1.124262 0.880776
v 4.887103 1.124251 1.955763
v 4.881402 1.336930 0.708738
v 4.881005 1.336907 2.128173
v 4.860453 1.335416 0.687167
v 4.860277 1.335416 2.149443
v 4.834493 1.403125 0.915443
v 4.834411 1.403125 1.921275
v 4.822819 1.086136 0.696999
v 4.822748 1.086162 2.139416
v 4.821858 1.137816 0.782644
v 4.821714 1.137857 2.053856
v 4.774261 1.186988 0.905429
v 4.774242 1.186988 1.161883
v 4.774230 1.186985 1.418327
v 4.774217 1.186982 1.674772
v 4.774206 1.186978 1.931207
v 4.769596 1.187348 1.960221
v 4.769565 1.187381 0.876063
v 4.759438 1.189269 1.986506
v 4.759373 1.189309 0.849827
v 4.745018 1.192155 0.828099
v 4.744900 1.192159 2.008521
v 4.738920 1.403125 0.711289
v 4.738656 1.403125 2.125444
v 4.729365 1.086422 0.629033
v 4.729305 1.086441 2.207375
v 4.727449 1.189793 0.800327
v 4.727242 1.189841 2.036249
v 4.727118 1.195795 0.811955
v 4.726884 1.195842 2.024688
v 4.712657 1.470833 0.942061
v 4.712630 1.470833 1.180240
v 4.712603 1.470833 1.418418
v 4.712575 1.470833 1.656596
v 4.712548 1.470833 1.894775
v 4.706070 1.473397 0.909828
v 4.705854 1.473412 1.927440
v 4.696761 1.475185 0.877113
v 4.696432 1.475190 1.960362
v 4.691551 1.200000 2.497054
v 4.691551 1.200000 0.339310
v 4.684833 1.476110 0.844778
v 4.684420 1.476093 1.992722
v 4.674451 1.335416 0.549777
v 4.674253 1.335416 2.286805
v 4.670539 1.476118 0.813712
v 4.670047 1.476085 2.023759
v 4.661391 1.249714 0.930082
v 4.661308 1.249705 1.906650
v 4.654249 1.475210 0.784727
v 4.653693 1.475165 2.052666
v 4.636367 1.473424 0.758446
v 4.635911 1.086704 0.561066
v 4.635861 1.086719 2.275334
v 4.635843 1.473385 2.078737
v 4.633044 1.241774 0.818014
v 4.632772 1.241831 2.018640
v 4.617387 1.470833 0.735412
v 4.617034 1.470833 2.101445
v 4.590822 1.538541 0.968680
v 4.590684 1.538541 1.868275
v 4.548521 1.312439 0.954735
v 4.548483 1.312444 1.186593
v 4.548458 1.312440 1.418432
v 4.548433 1.312437 1.650270
v 4.548411 1.312432 1.882094
v 4.542458 1.086986 0.493100
v 4.542418 1.086993 2.343293
v 4.541468 1.314255 0.924984
v 4.541464 1.314205 1.911484
v 4.538642 1.293760 0.835701
v 4.538306 1.293825 2.001030
v 4.530141 1.316656 1.938767
v 4.530136 1.316704 0.897748
v 4.515636 1.319279 0.874400
v 4.515429 1.319283 1.962415
v 4.513782 1.209361 0.674445
v 4.513588 1.209372 2.162138
v 4.498560 1.321869 0.856013
v 4.498218 1.321919 1.980823
v 4.495854 1.538541 0.759534
v 4.495413 1.538541 2.077446
v 4.488449 1.335416 0.412387
v 4.488230 1.335416 2.424166
v 4.485568 1.200000 2.646860
v 4.485568 1.200000 0.189504
v 4.468986 1.606250 0.995298
v 4.468945 1.606250 1.206917
v 4.468904 1.606250 1.418536
v 4.468863 1.606250 1.630155
v 4.468822 1.606250 1.841775
v 4.461276 1.609449 0.962783
v 4.460985 1.609468 1.874735
v 4.451367 1.470833 0.610438
v 4.451239 1.611676 0.929713
v 4.450972 1.470833 2.226362
v 4.450826 1.611681 1.908023
v 4.449005 1.087265 0.425134
v 4.448974 1.087268 2.411252
v 4.439013 1.612823 0.896901
v 4.438508 1.612803 1.940867
v 4.435651 1.375165 0.979388
v 4.435513 1.375159 1.857537
v 4.424852 1.612835 0.865190
v 4.424258 1.612793 1.972555
v 4.416587 1.360981 0.858563
v 4.416174 1.361053 1.978267
v 4.409100 1.611707 0.835355
v 4.408428 1.611650 2.002315
v 4.392114 1.609484 0.807997
v 4.391450 1.609434 2.029456
v 4.374321 1.606250 0.783656
v 4.373792 1.606250 2.053447
v 4.355551 1.087544 0.357168
v 4.355531 1.087541 2.479210
v 4.347150 1.673958 1.021916
v 4.346958 1.673958 1.815275
v 4.332310 1.210059 0.540706
v 4.332139 1.210055 2.295822
v 4.322781 1.437891 1.004041
v 4.322724 1.437899 1.211301
v 4.322687 1.437895 1.418534
v 4.322650 1.437891 1.625768
v 4.322616 1.437886 1.832981
v 4.314240 1.440629 0.973714
v 4.314188 1.440570 1.862937
v 4.310162 1.332397 0.728907
v 4.309824 1.332398 2.107865
v 4.302447 1.335416 0.274997
v 4.302247 1.443347 0.945403
v 4.302207 1.335416 2.561527
v 4.302181 1.443296 1.891292
v 4.294531 1.428205 0.881410
v 4.294040 1.428286 1.955521
v 4.287632 1.445680 0.920486
v 4.287330 1.445686 1.916522
v 4.285347 1.470833 0.485464
v 4.284910 1.470833 2.351278
v 4.279584 1.200000 2.796667
v 4.279584 1.200000 0.039697
v 4.279584 0.000000 2.796667
v 4.279584 0.000000 0.039697
v 4.270957 1.447528 0.900023
v 4.270499 1.447584 1.937006
v 4.266152 1.200000 2.805683
v 4.266152 1.200000 0.030681
v 4.262097 1.087824 0.289202
v 4.262087 1.087814 2.547169
v 4.252788 1.673958 0.807778
v 4.252172 1.673958 2.029448
v 4.252038 1.200000 2.813669
v 4.252038 1.200000 0.022695
v 4.252038 0.000000 2.813669
v 4.252038 0.000000 0.022695
v 4.237345 1.200000 2.820539
v 4.237345 1.200000 0.015825
v 4.228282 1.606250 0.671099
v 4.227691 1.606250 2.165919
v 4.225315 1.741667 1.048534
v 4.225260 1.741667 1.233594
v 4.225205 1.741667 1.418654
v 4.225150 1.741667 1.603714
v 4.225095 1.741667 1.788775
v 4.222186 1.200000 2.826222
v 4.222186 1.200000 0.010142
v 4.222186 0.000000 2.826222
v 4.222186 0.000000 0.010142
v 4.217251 1.745074 1.015571
v 4.216890 1.745094 1.822196
v 4.209911 1.500616 1.028694
v 4.209719 1.500613 1.808424
v 4.207026 1.747439 0.982033
v 4.206682 1.200000 2.830667
v 4.206682 1.200000 0.005697
v 4.206530 1.747445 1.855963
v 4.198015 1.267708 0.088652
v 4.197884 1.267708 2.747777
v 4.194779 1.748656 0.948688
v 4.194178 1.748634 1.889346
v 4.190963 1.200000 2.833842
v 4.190963 1.200000 0.002522
v 4.190963 0.000000 2.833842
v 4.190963 0.000000 0.002522
v 4.180754 1.748668 0.916336
v 4.180047 1.748623 1.921680
v 4.175159 1.200000 2.835738
v 4.175159 1.200000 0.000626
v 4.172471 1.495431 0.904230
v 4.171902 1.495518 1.932800
v 4.168644 1.088103 0.221235
v 4.168644 1.088088 2.615128
v 4.168644 0.000000 2.615128
v 4.168644 0.000000 0.221235
v 4.166525 0.000000 2.616436
v 4.166525 0.000000 0.219928
v 4.166425 1.088357 2.616320
v 4.166425 1.088374 0.220045
v 4.165265 1.747472 0.885712
v 4.164464 1.747412 1.952230
v 4.164228 0.000000 2.617402
v 4.164228 0.000000 0.218962
v 4.164151 1.088830 2.617224
v 4.164151 1.088848 0.219143
v 4.161827 0.000000 2.617988
v 4.161827 0.000000 0.218376
v 4.161812 1.089510 2.617843
v 4.161811 1.089529 0.218523
v 4.159399 1.200000 2.836364
v 4.159399 1.200000 0.000000
v 4.159399 1.090415 0.218182
v 4.159399 1.090399 2.618182
v 4.159399 0.000000 2.836364
v 4.159399 0.000000 2.618182
v 4.159399 0.000000 0.218182
v 4.159399 0.000000 0.000000
v 4.150830 1.210773 0.406976
v 4.150683 1.210755 2.429497
v 4.148637 1.745111 0.857389
v 4.147822 1.745058 1.980329
v 4.147071 1.333153 0.606684
v 4.146730 1.333138 2.230012
v 4.131255 1.741667 0.831901
v 4.130550 1.741667 2.005449
v 4.119327 1.470833 0.360491
v 4.118847 1.470833 2.476194
v 4.116446 1.335416 0.137607
v 4.116184 1.335416 2.698889
v 4.106437 1.455355 0.783159
v 4.105957 1.455347 2.053798
v 4.103479 1.809375 1.075152
v 4.103232 1.809375 1.762275
v 4.097042 1.563342 1.053346
v 4.096964 1.563354 1.236006
v 4.096916 1.563350 1.418634
v 4.096867 1.563346 1.601263
v 4.096822 1.563339 1.783867
v 4.087878 1.566508 1.022253
v 4.087766 1.566446 1.814578
v 4.086880 1.134943 0.218182
v 4.086824 1.134943 2.618182
v 4.082244 1.606250 0.558542
v 4.081589 1.606250 2.278390
v 4.077984 1.127508 0.218182
v 4.077734 1.127596 2.618182
v 4.075693 1.569245 0.992794
v 4.075548 1.569199 1.844080
v 4.060992 1.571361 0.966357
v 4.060589 1.571373 1.870844
v 4.058901 1.139645 0.218182
v 4.058842 1.139639 2.618182
v 4.058309 1.134943 0.218182
v 4.058239 1.134943 2.618182
v 4.056686 1.135556 0.218182
v 4.056500 1.135598 2.618182
v 4.053805 1.140198 0.218182
v 4.051469 1.137735 2.618182
v 4.050532 1.138304 0.218182
v 4.050401 1.562654 0.927010
v 4.050390 1.140236 0.218182
v 4.050369 1.140383 2.618182
v 4.049755 1.562747 1.910119
v 4.049721 1.140155 0.218182
v 4.049715 1.140343 2.618182
v 4.049482 1.138892 2.618182
v 4.049189 1.140261 2.618182
v 4.048813 1.139319 0.218182
v 4.048619 1.139952 2.618182
v 4.048570 1.139597 0.218182
v 4.044298 1.572766 0.943978
v 4.043717 1.572830 1.893243
v 4.041578 1.146125 0.224285
v 4.041371 1.146186 2.612061
v 4.039667 1.147148 0.224513
v 4.037770 1.148300 0.224872
v 4.037562 1.148370 2.611461
v 4.036828 1.148925 0.225100
v 4.036620 1.148995 2.611230
v 4.035889 1.149580 0.225362
v 4.035681 1.149653 2.610967
v 4.034955 1.150269 0.225655
v 4.034876 1.403125 0.186562
v 4.034748 1.150343 2.610671
v 4.034484 1.403125 2.650000
v 4.034025 1.150988 0.225982
v 4.033818 1.151063 2.610343
v 4.033100 1.151739 0.226341
v 4.032894 1.151815 2.609982
v 4.032179 1.152522 0.226732
v 4.031974 1.152599 2.609588
v 4.031264 1.153337 0.227156
v 4.031059 1.153415 2.609163
v 4.030354 1.154182 0.227613
v 4.030149 1.154261 2.608704
v 4.029448 1.155060 0.228102
v 4.029245 1.155138 2.608214
v 4.028548 1.155969 0.228624
v 4.028346 1.156047 2.607691
v 4.027654 1.156908 0.229178
v 4.027453 1.156986 2.607136
v 4.026764 1.157878 0.229764
v 4.026566 1.157956 2.606550
v 4.025004 1.159910 0.231033
v 4.024808 1.159986 2.605280
v 4.023267 1.162064 0.232429
v 4.023075 1.162139 2.603884
v 4.009722 1.809375 0.856023
v 4.008929 1.809375 1.981450
v 4.005198 1.741667 0.731760
v 4.004409 1.741667 2.105476
v 3.995517 1.181026 0.245988
v 3.995261 1.181117 2.590328
v 3.994548 1.181774 0.246318
v 3.994291 1.181866 2.589995
v 3.993581 1.182554 0.246684
v 3.993325 1.182647 2.589628
v 3.992618 1.183368 0.247083
v 3.992362 1.183461 2.589226
v 3.991657 1.184215 0.247517
v 3.991403 1.184309 2.588791
v 3.990700 1.185095 0.247986
v 3.990448 1.185188 2.588320
v 3.989747 1.186007 0.248489
v 3.989496 1.186101 2.587816
v 3.988798 1.186952 0.249026
v 3.988548 1.187045 2.587278
v 3.987852 1.187929 0.249598
v 3.987604 1.188023 2.586706
v 3.984171 1.626068 1.077998
v 3.983973 1.333926 0.484471
v 3.983924 1.626066 1.759309
v 3.983630 1.333896 2.352150
v 3.981643 1.877083 1.101770
v 3.981575 1.877083 1.260271
v 3.981506 1.877083 1.418772
v 3.981438 1.877083 1.577274
v 3.981369 1.877083 1.735775
v 3.978988 1.335416 0.088636
v 3.978848 1.335416 2.747727
v 3.977319 1.203605 0.267619
v 3.977040 1.203631 2.568795
v 3.974170 1.212185 0.278051
v 3.973993 1.880273 1.068194
v 3.973843 1.212232 2.558393
v 3.973566 1.880291 1.769824
v 3.973283 1.203989 0.266163
v 3.972992 1.204039 2.570222
v 3.969222 1.204929 0.265270
v 3.968922 1.204999 2.571091
v 3.965147 1.206430 0.264949
v 3.964841 1.206515 2.571390
v 3.964111 1.882481 1.034074
v 3.963533 1.882485 1.804180
v 3.963107 1.207392 0.265006
v 3.962800 1.207483 2.571325
v 3.961717 1.456179 0.672465
v 3.961208 1.456155 2.164396
v 3.961068 1.208494 0.265208
v 3.960760 1.208591 2.571115
v 3.959030 1.209737 0.265556
v 3.958723 1.209838 2.570760
v 3.956996 1.211120 0.266049
v 3.956689 1.211224 2.570260
v 3.955981 1.211863 0.266351
v 3.955674 1.211968 2.569956
v 3.954967 1.212641 0.266689
v 3.954661 1.212748 2.569615
v 3.953954 1.213454 0.267063
v 3.953649 1.213562 2.569238
v 3.953307 1.470833 0.235517
v 3.952943 1.214302 0.267474
v 3.952785 1.470833 2.601111
v 3.952639 1.214410 2.568825
v 3.952116 1.883615 1.000142
v 3.951933 1.215183 0.267922
v 3.951632 1.215292 2.568377
v 3.951414 1.883595 1.838156
v 3.950926 1.216100 0.268405
v 3.950626 1.216208 2.567892
v 3.949921 1.217050 0.268925
v 3.949622 1.217158 2.567370
v 3.948919 1.218034 0.269481
v 3.948622 1.218142 2.566814
v 3.947918 1.219052 0.270073
v 3.947623 1.219159 2.566221
v 3.946921 1.220104 0.270701
v 3.946628 1.220209 2.565593
v 3.944934 1.222307 0.272064
v 3.944647 1.222410 2.564230
v 3.942961 1.224642 0.273568
v 3.942678 1.224741 2.562726
v 3.941001 1.227107 0.275214
v 3.940725 1.227201 2.561083
v 3.939196 1.468943 0.221156
v 3.938638 1.468980 2.615390
v 3.938227 1.883625 0.967152
v 3.937400 1.883584 1.871131
v 3.937128 1.232418 0.278920
v 3.936867 1.232500 2.557383
v 3.936206 1.606250 0.445985
v 3.935487 1.606250 2.390861
v 3.931970 1.251219 0.294290
v 3.931794 1.251219 2.542074
v 3.928317 1.629870 0.949736
v 3.927593 1.629971 1.887490
v 3.923272 1.467565 0.208566
v 3.922733 1.882511 0.935800
v 3.922698 1.467628 2.627910
v 3.921790 1.882456 1.902411
v 3.916335 1.242782 0.286747
v 3.915979 1.242902 2.549551
v 3.915272 1.243594 0.287096
v 3.914917 1.243715 2.549199
v 3.914209 1.244442 0.287483
v 3.913856 1.244564 2.548810
v 3.913147 1.245326 0.287908
v 3.912795 1.245448 2.548383
v 3.912085 1.246246 0.288372
v 3.911735 1.246367 2.547918
v 3.911024 1.247202 0.288873
v 3.910676 1.247323 2.547415
v 3.909963 1.248192 0.289413
v 3.909617 1.248313 2.546874
v 3.908904 1.249218 0.289990
v 3.908560 1.249337 2.546296
v 3.907845 1.250278 0.290605
v 3.907505 1.250397 2.545681
v 3.905932 1.880306 0.906625
v 3.905651 1.466726 0.197921
v 3.905082 1.466807 2.638498
v 3.904956 1.880258 1.931356
v 3.902492 1.578171 0.836915
v 3.901873 1.578156 2.000217
v 3.901024 1.134943 0.218182
v 3.900968 1.134943 2.618182
v 3.888189 1.877083 0.880145
v 3.887308 1.877083 1.957451
v 3.886489 1.466445 0.189361
v 3.885943 1.466532 2.647015
v 3.879908 1.271464 0.306333
v 3.879500 1.271593 2.529966
v 3.879142 1.741667 0.631619
v 3.878268 1.741667 2.205502
v 3.877685 1.272976 0.306858
v 3.877279 1.273108 2.529435
v 3.876571 1.273787 0.307180
v 3.876166 1.273920 2.529110
v 3.875456 1.274636 0.307543
v 3.875053 1.274770 2.528744
v 3.874339 1.275522 0.307945
v 3.873938 1.275657 2.528340
v 3.873222 1.276445 0.308388
v 3.872823 1.276580 2.527895
v 3.872104 1.277406 0.308870
v 3.871738 1.538541 0.284472
v 3.871706 1.277539 2.527412
v 3.871301 1.688794 1.102649
v 3.871205 1.688809 1.260706
v 3.871144 1.688805 1.418729
v 3.871085 1.538541 2.552222
v 3.871084 1.688800 1.576752
v 3.871027 1.688793 1.734750
v 3.870985 1.278402 0.309392
v 3.870590 1.278535 2.526888
v 3.870499 1.296913 0.338085
v 3.870090 1.296920 2.498446
v 3.869866 1.279435 0.309954
v 3.869474 1.279567 2.526325
v 3.868747 1.280505 0.310555
v 3.868358 1.280635 2.525724
v 3.867627 1.281610 0.311196
v 3.867241 1.281738 2.525083
v 3.866508 1.282751 0.311876
v 3.866126 1.282878 2.524403
v 3.865975 1.466726 0.182986
v 3.865472 1.466807 2.653364
v 3.864271 1.285140 0.313353
v 3.863896 1.285262 2.522926
v 3.862376 1.691897 1.070604
v 3.862192 1.691840 1.766404
v 3.862038 1.287669 0.314985
v 3.861671 1.287785 2.521297
v 3.859807 1.944792 1.128389
v 3.859506 1.944792 1.709275
v 3.850463 1.694407 1.039923
v 3.850229 1.694368 1.797127
v 3.844326 1.467565 0.178848
v 3.843882 1.467628 2.657491
v 3.836681 1.304883 0.327652
v 3.836228 1.305028 2.508631
v 3.835702 1.696326 1.012010
v 3.835509 1.305772 0.328031
v 3.835192 1.696345 1.825382
v 3.835059 1.305917 2.508249
v 3.834336 1.306698 0.328452
v 3.833888 1.306843 2.507826
v 3.833160 1.307662 0.328914
v 3.832715 1.307807 2.507362
v 3.831983 1.308664 0.329418
v 3.831540 1.308808 2.506856
v 3.830803 1.309705 0.329963
v 3.830363 1.309847 2.506310
v 3.829623 1.310781 0.330550
v 3.829186 1.310923 2.505723
v 3.828441 1.311896 0.331177
v 3.828007 1.312036 2.505095
v 3.827258 1.313047 0.331846
v 3.826828 1.313185 2.504426
v 3.825694 1.325779 0.352209
v 3.825229 1.325815 2.484252
v 3.821777 1.468943 0.176956
v 3.821409 1.468980 2.659387
v 3.821332 1.325754 0.349788
v 3.820849 1.325825 2.486629
v 3.818571 1.697578 0.987871
v 3.817860 1.697652 1.849543
v 3.816988 1.457023 0.561782
v 3.816845 1.326361 0.348026
v 3.816453 1.456982 2.274983
v 3.816349 1.326460 2.488352
v 3.812244 1.327604 0.346938
v 3.811739 1.327726 2.489406
v 3.807542 1.329491 0.346536
v 3.807033 1.329629 2.489781
v 3.806211 1.697075 0.972383
v 3.805410 1.697183 1.864938
v 3.802750 1.332018 0.346826
v 3.802242 1.332167 2.489469
v 3.800325 1.333521 0.347231
v 3.799819 1.333673 2.489055
v 3.798578 1.470833 0.177273
v 3.798298 1.470833 2.659091
v 3.797884 1.335183 0.347811
v 3.797381 1.335337 2.488469
v 3.796657 1.336073 0.348166
v 3.796157 1.336227 2.488111
v 3.795426 1.337003 0.348564
v 3.794929 1.337156 2.487710
v 3.794192 1.337971 0.349006
v 3.793698 1.338125 2.487266
v 3.792955 1.338978 0.349490
v 3.792464 1.339131 2.486780
v 3.791716 1.340024 0.350018
v 3.791228 1.340177 2.486251
v 3.790473 1.341109 0.350589
v 3.790168 1.606250 0.333427
v 3.789989 1.341259 2.485679
v 3.789385 1.606250 2.503333
v 3.789228 1.342232 0.351203
v 3.788748 1.342381 2.485065
v 3.788064 1.364372 0.385942
v 3.787981 1.343392 0.351859
v 3.787542 1.364383 2.450633
v 3.787505 1.343539 2.484408
v 3.786732 1.344591 0.352558
v 3.786260 1.344735 2.483709
v 3.785481 1.345827 0.353299
v 3.785014 1.345968 2.482969
v 3.782975 1.348412 0.354908
v 3.782518 1.348544 2.481362
v 3.782115 1.877083 0.792421
v 3.781127 1.877083 2.045033
v 3.780464 1.351141 0.356683
v 3.780019 1.351266 2.479590
v 3.777952 1.354015 0.358624
v 3.777519 1.354131 2.477655
v 3.777060 1.367496 0.370398
v 3.776763 1.367496 2.465966
v 3.776110 1.579085 0.737770
v 3.775439 1.579053 2.099245
v 3.772926 1.360184 0.362990
v 3.772521 1.360275 2.473304
v 3.769549 1.200000 2.836364
v 3.769549 1.200000 0.000000
v 3.767913 1.366892 0.367986
v 3.767540 1.366955 2.468328
v 3.766656 1.944792 0.904268
v 3.765687 1.944792 1.933452
v 3.758431 1.751520 1.127299
v 3.758131 1.751520 1.710191
v 3.756491 1.367358 0.368723
v 3.755945 1.367521 2.467548
v 3.755199 1.368330 0.369143
v 3.754656 1.368493 2.467126
v 3.753902 1.369343 0.369608
v 3.753363 1.369504 2.466659
v 3.753086 1.741667 0.531478
v 3.752602 1.370395 0.370117
v 3.752127 1.741667 2.305528
v 3.752066 1.370555 2.466148
v 3.751297 1.371486 0.370672
v 3.750765 1.371645 2.465592
v 3.749989 1.372617 0.371270
v 3.749462 1.372773 2.464993
v 3.748678 1.373786 0.371913
v 3.748155 1.373940 2.464350
v 3.747363 1.374994 0.372600
v 3.746845 1.375146 2.463663
v 3.746046 1.376241 0.373331
v 3.745533 1.376390 2.462932
v 3.737972 2.012500 1.155007
v 3.737890 2.012500 1.286949
v 3.737807 2.012500 1.418891
v 3.737725 2.012500 1.550833
v 3.737643 2.012500 1.682775
v 3.731498 2.015047 1.120651
v 3.731010 2.015062 1.717617
v 3.722484 2.016807 1.085840
v 3.721826 2.016810 1.752671
v 3.720217 1.395936 0.388271
v 3.719616 1.396107 2.448005
v 3.717530 1.397764 0.388928
v 3.716936 1.397935 2.447342
v 3.716179 1.398741 0.389325
v 3.715588 1.398911 2.446941
v 3.715167 1.134943 0.218182
v 3.715111 1.134943 2.618182
v 3.714822 1.399757 0.389770
v 3.714234 1.399926 2.446495
v 3.713460 1.400814 0.390260
v 3.712877 1.400983 2.446002
v 3.712093 1.401912 0.390797
v 3.711514 1.402079 2.445464
v 3.711010 2.017708 1.051266
v 3.710721 1.403049 0.391380
v 3.710202 2.017693 1.787292
v 3.710148 1.403214 2.444881
v 3.709346 1.404227 0.392008
v 3.708777 1.404388 2.444252
v 3.708599 1.673958 0.382383
v 3.707966 1.405444 0.392682
v 3.707685 1.673958 2.454444
v 3.707403 1.405602 2.443577
v 3.706583 1.406701 0.393402
v 3.706026 1.406856 2.442858
v 3.705673 1.431851 0.433845
v 3.705196 1.407996 0.394167
v 3.705038 1.431865 2.402775
v 3.704645 1.408148 2.442093
v 3.703806 1.409330 0.394978
v 3.703261 1.409477 2.441284
v 3.701018 1.412113 0.396732
v 3.700486 1.412251 2.439533
v 3.698220 1.415047 0.398664
v 3.698209 1.700784 0.889890
v 3.697703 1.415174 2.437607
v 3.697458 1.700764 1.947403
v 3.697258 2.017716 1.017642
v 3.696301 2.017684 1.820904
v 3.684073 1.764261 0.994925
v 3.683196 1.764375 1.842491
v 3.681494 2.016830 0.985620
v 3.680396 2.016787 1.852854
v 3.676040 1.877083 0.704696
v 3.675714 1.430222 0.409975
v 3.675079 1.430397 2.426288
v 3.674947 1.877083 2.132614
v 3.674391 1.448324 0.437510
v 3.674290 1.431284 0.410446
v 3.673727 1.448365 2.399014
v 3.673659 1.431458 2.425815
v 3.672861 1.432387 0.410964
v 3.672235 1.432560 2.425295
v 3.671426 1.433531 0.411530
v 3.670805 1.433702 2.424728
v 3.669986 1.434716 0.412143
v 3.669536 1.448030 0.434175
v 3.669371 1.434883 2.424114
v 3.669264 1.435324 0.412468
v 3.668850 1.448112 2.402291
v 3.668653 1.435490 2.423790
v 3.668541 1.435941 0.412804
v 3.667933 1.436106 2.423454
v 3.667817 1.436568 0.413152
v 3.667211 1.436731 2.423106
v 3.667092 1.437206 0.413511
v 3.666489 1.437366 2.422746
v 3.666365 1.437854 0.413882
v 3.665766 1.438012 2.422375
v 3.665638 1.438511 0.414265
v 3.665042 1.438668 2.421993
v 3.664474 1.448417 0.431578
v 3.664180 1.439855 0.415066
v 3.663997 2.015075 0.955705
v 3.663774 1.448532 2.404835
v 3.663591 1.440007 2.421193
v 3.662848 2.015036 1.882535
v 3.659220 1.449492 0.429742
v 3.658510 1.449636 2.406627
v 3.653786 1.451263 0.428679
v 3.653074 1.451427 2.407651
v 3.650294 1.449978 0.422226
v 3.649719 1.580025 0.638639
v 3.649657 1.450148 2.414031
v 3.649557 1.450587 0.422546
v 3.648996 1.579973 2.198261
v 3.648922 1.450756 2.413710
v 3.648817 1.451206 0.422879
v 3.648190 1.453732 0.428403
v 3.648186 1.451373 2.413378
v 3.648077 1.451836 0.423223
v 3.647481 1.453908 2.407897
v 3.647449 1.452002 2.413033
v 3.647335 1.452476 0.423580
v 3.646710 1.452639 2.412677
v 3.646592 1.453125 0.423948
v 3.645971 1.453286 2.412309
v 3.645848 1.453785 0.424328
v 3.645560 1.814246 1.151949
v 3.645444 1.814265 1.285400
v 3.645373 1.814260 1.418817
v 3.645301 1.814254 1.552235
v 3.645234 1.814246 1.685630
v 3.645230 1.453944 2.411929
v 3.645123 2.012500 0.928390
v 3.644066 2.012500 1.909453
v 3.642447 1.456891 0.428917
v 3.641749 1.457073 2.407360
v 3.639526 1.458728 0.429471
v 3.638835 1.458911 2.406798
v 3.637732 1.816799 1.118769
v 3.637463 1.816754 1.718413
v 3.636576 1.460735 0.430224
v 3.635894 1.460917 2.406039
v 3.635090 1.461802 0.430673
v 3.634413 1.461982 2.405587
v 3.633598 1.462911 0.431173
v 3.632926 1.463088 2.405086
v 3.632100 1.464060 0.431721
v 3.631434 1.464235 2.404536
v 3.630596 1.465251 0.432318
v 3.629936 1.465424 2.403939
v 3.629841 1.465862 0.432634
v 3.629185 1.466033 2.403621
v 3.629086 1.466483 0.432963
v 3.628432 1.466653 2.403292
v 3.628329 1.467114 0.433304
v 3.627679 1.467282 2.402951
v 3.627571 1.467756 0.433657
v 3.627030 1.741667 0.431338
v 3.626924 1.467922 2.402599
v 3.626811 1.468408 0.434022
v 3.626546 1.818840 1.086793
v 3.626215 1.818812 1.750433
v 3.626168 1.468572 2.402234
v 3.626050 1.469069 0.434399
v 3.625985 1.741667 2.405555
v 3.625411 1.469232 2.401857
v 3.625288 1.469741 0.434789
v 3.624653 1.469900 2.401468
v 3.624526 1.470423 0.435190
v 3.623893 1.470580 2.401067
v 3.623311 1.499346 0.481775
v 3.622996 1.471815 0.436028
v 3.622561 1.499361 2.354892
v 3.622372 1.471968 2.400231
v 3.622149 1.483771 0.446506
v 3.621733 1.483771 2.389858
v 3.621463 1.473248 0.436913
v 3.620847 1.473394 2.399347
v 3.618386 1.476229 0.438826
v 3.618167 1.606250 0.265909
v 3.617786 1.476363 2.397440
v 3.617747 1.606250 2.570455
v 3.616136 2.080208 1.181625
v 3.615779 2.080208 1.656275
v 3.615296 1.479362 0.440925
v 3.614715 1.479483 2.395349
v 3.612196 1.482644 0.443207
v 3.611749 1.820580 1.057445
v 3.611635 1.482750 2.393075
v 3.611125 1.820609 1.780138
v 3.610715 1.739140 0.412520
v 3.609627 1.739189 2.424227
v 3.609347 1.481771 0.443057
v 3.608671 1.481943 2.393198
v 3.608573 1.482405 0.443394
v 3.607901 1.482574 2.392861
v 3.607799 1.483048 0.443744
v 3.607130 1.483216 2.392511
v 3.607023 1.483702 0.444106
v 3.606358 1.483868 2.392149
v 3.606246 1.484365 0.444480
v 3.605978 1.489641 0.448310
v 3.605584 1.484529 2.391776
v 3.605467 1.485039 0.444866
v 3.605459 1.489713 2.387996
v 3.604809 1.485200 2.391390
v 3.604687 1.485723 0.445264
v 3.604033 1.485882 2.390992
v 3.594306 1.493482 0.451421
v 3.593765 1.821959 1.031693
v 3.593588 1.493663 2.384837
v 3.592917 1.822043 1.805912
v 3.592743 1.494637 0.451951
v 3.592032 1.494816 2.384306
v 3.591849 1.737290 0.395938
v 3.591175 1.495833 0.452531
v 3.590750 1.737377 2.440681
v 3.590470 1.496010 2.383725
v 3.590116 1.701820 0.802322
v 3.589600 1.497071 0.453160
v 3.589289 1.701780 2.034834
v 3.588902 1.497245 2.383095
v 3.588810 1.497706 0.453494
v 3.588116 1.497878 2.382761
v 3.588019 1.498351 0.453840
v 3.587329 1.498521 2.382415
v 3.587227 1.499006 0.454198
v 3.586540 1.499174 2.382057
v 3.586433 1.499672 0.454569
v 3.585750 1.499837 2.381686
v 3.585638 1.500347 0.454952
v 3.584959 1.500510 2.381303
v 3.584841 1.501033 0.455348
v 3.584166 1.501193 2.380908
v 3.584044 1.501728 0.455755
v 3.583373 1.501886 2.380501
v 3.583245 1.502434 0.456175
v 3.582578 1.502589 2.380082
v 3.581644 1.503875 0.457052
v 3.580986 1.504025 2.379207
v 3.570588 1.736163 0.381867
v 3.569966 1.877083 0.616972
v 3.569509 1.736272 2.454644
v 3.568766 1.877083 2.220196
v 3.568232 1.513665 0.463945
v 3.567520 1.513836 2.372310
v 3.567423 1.514322 0.464300
v 3.566714 1.514491 2.371955
v 3.566613 1.514989 0.464667
v 3.565908 1.515156 2.371588
v 3.565801 1.515666 0.465047
v 3.565100 1.515831 2.371208
v 3.564988 1.516354 0.465439
v 3.564291 1.516516 2.370816
v 3.564174 1.517051 0.465844
v 3.563481 1.517211 2.370412
v 3.563358 1.517758 0.466262
v 3.562670 1.517916 2.369996
v 3.561894 1.831423 1.017331
v 3.560941 1.831542 1.820176
v 3.559031 2.012500 0.853082
v 3.558209 1.521908 0.470845
v 3.557846 2.012500 1.984590
v 3.557434 1.522097 2.365420
v 3.554981 1.524099 0.471710
v 3.554218 1.524284 2.364550
v 3.553355 1.525259 0.472220
v 3.552599 1.525441 2.364038
v 3.551723 1.526461 0.472782
v 3.550973 1.526641 2.363475
v 3.550083 1.527704 0.473394
v 3.549341 1.527881 2.362861
v 3.548437 1.528990 0.474059
v 3.547703 1.529162 2.362196
v 3.547612 1.529649 0.474410
v 3.547148 1.735785 0.370527
v 3.546881 1.529819 2.361845
v 3.546785 1.530317 0.474774
v 3.546123 1.735901 2.465901
v 3.546059 1.530485 2.361481
v 3.545957 1.530995 0.475150
v 3.545461 1.809375 0.480293
v 3.545235 1.531161 2.361105
v 3.545127 1.531685 0.475539
v 3.544409 1.531848 2.360716
v 3.544296 1.532384 0.475941
v 3.544285 1.809375 2.356666
v 3.543582 1.532545 2.360315
v 3.543463 1.533093 0.476356
v 3.542755 1.533252 2.359901
v 3.542630 1.533813 0.476783
v 3.541925 1.533968 2.359475
v 3.541795 1.534542 0.477222
v 3.541095 1.534695 2.359037
v 3.540962 1.566852 0.529711
v 3.540122 1.536030 0.478138
v 3.540097 1.566870 2.307002
v 3.539432 1.536177 2.358123
v 3.538444 1.537559 0.479104
v 3.537764 1.537698 2.357160
v 3.536763 1.539124 0.480119
v 3.535078 1.540730 0.481183
v 3.534418 1.540856 2.355088
v 3.532690 1.876972 1.176597
v 3.532337 1.876972 1.661069
v 3.531698 1.544055 0.483456
v 3.531061 1.544165 2.352824
v 3.529311 1.134943 0.218182
v 3.529254 1.134943 2.618182
v 3.526948 1.545655 0.484889
v 3.526201 1.545825 2.351367
v 3.526104 1.546336 0.485262
v 3.525361 1.546503 2.350994
v 3.525258 1.547027 0.485648
v 3.524519 1.547191 2.350608
v 3.524410 1.547728 0.486046
v 3.523676 1.547889 2.350210
v 3.523590 2.080208 0.952512
v 3.523561 1.548438 0.486458
v 3.523318 1.571200 0.523422
v 3.522831 1.548597 2.349799
v 3.522711 1.549159 0.486882
v 3.522445 2.080208 1.885454
v 3.522444 1.571240 2.313180
v 3.521986 1.549315 2.349376
v 3.521859 1.549890 0.487319
v 3.521808 1.736163 0.362076
v 3.521139 1.550043 2.348940
v 3.520864 1.736272 2.474295
v 3.517803 1.570774 0.519230
v 3.516908 1.570859 2.317301
v 3.512238 1.557134 0.493070
v 3.512021 1.571054 0.515840
v 3.511445 1.557316 2.343188
v 3.511112 1.571176 2.320626
v 3.510533 1.558382 0.493665
v 3.509748 1.558560 2.342592
v 3.508822 1.559672 0.494312
v 3.508045 1.559847 2.341943
v 3.507105 1.561005 0.495012
v 3.506336 1.561175 2.341243
v 3.506243 1.561687 0.495382
v 3.505987 1.572052 0.513278
v 3.505479 1.561854 2.340874
v 3.505381 1.562379 0.495764
v 3.505072 1.572204 2.323132
v 3.504621 1.562544 2.340492
v 3.504517 1.563081 0.496160
v 3.503762 1.563243 2.340097
v 3.503651 1.563793 0.496568
v 3.502901 1.563952 2.339689
v 3.502784 1.564515 0.496989
v 3.502039 1.564672 2.339269
v 3.501916 1.565248 0.497423
v 3.501175 1.565402 2.338836
v 3.501047 1.565990 0.497870
v 3.500311 1.566141 2.338390
v 3.500176 1.566743 0.498329
v 3.499719 1.573773 0.511564
v 3.499445 1.566891 2.337932
v 3.498969 1.470833 0.177273
v 3.498806 1.573947 2.324797
v 3.498689 1.470833 2.659091
v 3.498431 1.568277 0.499286
v 3.497711 1.568419 2.336978
v 3.496682 1.569852 0.500293
v 3.494929 1.571465 0.501351
v 3.494888 1.737290 0.356599
v 3.494300 2.147917 1.208243
v 3.494205 2.147917 1.313626
v 3.494109 2.147917 1.419009
v 3.494052 1.737377 2.479743
v 3.494012 2.147917 1.524392
v 3.493917 2.147917 1.629775
v 3.493474 1.823130 0.941798
v 3.493237 1.576221 0.510713
v 3.492598 1.823107 1.895638
v 3.492332 1.576408 2.325609
v 3.489762 2.149400 1.172944
v 3.489218 2.149409 1.665574
v 3.486561 1.579389 0.510734
v 3.486463 1.576535 2.331112
v 3.485672 1.579583 2.325558
v 3.485590 1.577216 2.330746
v 3.485496 1.577741 0.505889
v 3.484715 1.577907 2.330368
v 3.484615 1.578444 0.506281
v 3.483840 1.578608 2.329976
v 3.483733 1.579158 0.506686
v 3.482963 1.579318 2.329572
v 3.482850 1.579882 0.507104
v 3.482832 1.367496 0.370398
v 3.482535 1.367496 2.465966
v 3.482134 2.150422 1.137332
v 3.482084 1.580039 2.329155
v 3.482008 1.702891 0.714773
v 3.481965 1.580615 0.507535
v 3.481398 2.150424 1.701435
v 3.481205 1.580770 2.328725
v 3.481107 1.702830 2.122248
v 3.481079 1.581359 0.507978
v 3.480324 1.581511 2.328282
v 3.480192 1.582113 0.508435
v 3.479713 1.583271 0.511629
v 3.479442 1.582261 2.327826
v 3.478848 1.583463 2.324643
v 3.476233 1.585475 0.512403
v 3.475381 1.585663 2.323861
v 3.472938 2.012500 0.777774
v 3.472720 1.587852 0.513394
v 3.471883 1.588035 2.322865
v 3.471626 2.012500 2.059726
v 3.471443 2.150945 1.102064
v 3.470951 1.589104 0.513971
v 3.470527 2.150936 1.736753
v 3.470122 1.589283 2.322287
v 3.469175 1.590399 0.514601
v 3.468355 1.590574 2.321656
v 3.467392 1.591735 0.515285
v 3.467239 1.600047 0.522614
v 3.466747 1.739140 0.354109
v 3.466702 1.600047 2.313750
v 3.466582 1.591906 2.320972
v 3.466040 1.739189 2.482231
v 3.465693 1.592587 2.320611
v 3.465603 1.593113 0.516022
v 3.464802 1.593279 2.320236
v 3.464706 1.593818 0.516410
v 3.463910 1.593981 2.319848
v 3.463892 1.877083 0.529248
v 3.463808 1.594532 0.516811
v 3.463017 1.594693 2.319447
v 3.462908 1.595257 0.517226
v 3.462585 1.877083 2.307777
v 3.462122 1.595415 2.319033
v 3.462007 1.595992 0.517654
v 3.461226 1.596148 2.318606
v 3.461104 1.596738 0.518095
v 3.460329 1.596889 2.318166
v 3.460200 1.597492 0.518549
v 3.459430 1.597641 2.317713
v 3.459295 1.598258 0.519015
v 3.458611 1.634366 0.577633
v 3.458531 1.598403 2.317247
v 3.458389 1.599032 0.519495
v 3.457831 2.150949 1.067808
v 3.457631 1.634385 2.259127
v 3.457630 1.599174 2.316769
v 3.457482 1.599817 0.519988
v 3.456735 2.150931 1.770997
v 3.456574 1.600613 0.520494
v 3.455826 1.600747 2.315774
v 3.455355 1.889935 1.036721
v 3.454754 1.602231 0.521543
v 3.454400 1.890025 1.800876
v 3.454018 1.602358 2.314728
v 3.452931 1.603888 0.522644
v 3.451105 1.605583 0.523795
v 3.450393 1.605694 2.312485
v 3.447443 1.609085 0.526246
v 3.446757 1.609178 2.310045
v 3.445702 1.608496 0.526162
v 3.444880 1.608662 2.310096
v 3.444788 1.609201 0.526547
v 3.443972 1.609365 2.309712
v 3.443874 1.609917 0.526945
v 3.443775 1.612733 0.528894
v 3.443115 1.612806 2.307411
v 3.443062 1.610078 2.309314
v 3.442958 1.610642 0.527356
v 3.442152 1.610801 2.308903
v 3.442040 1.611379 0.527781
v 3.441538 2.150436 1.035176
v 3.441239 1.611534 2.308480
v 3.441121 1.612125 0.528218
v 3.440326 1.612277 2.308043
v 3.440272 2.150411 1.803558
v 3.440201 1.612882 0.528669
v 3.439411 1.613029 2.307593
v 3.439280 1.613647 0.529133
v 3.438496 1.613792 2.307130
v 3.438357 1.614424 0.529610
v 3.437757 1.741667 0.354545
v 3.437579 1.614566 2.306654
v 3.437434 1.615210 0.530101
v 3.437197 1.741667 2.481818
v 3.436509 1.616005 0.530604
v 3.436425 1.620447 0.534761
v 3.435822 1.620477 2.301576
v 3.429493 1.621167 0.534924
v 3.428632 1.621343 2.301336
v 3.427646 1.622507 0.535590
v 3.426795 1.622678 2.300669
v 3.425792 1.623888 0.536311
v 3.424950 1.624055 2.299948
v 3.424863 1.624595 0.536692
v 3.424026 1.624758 2.299568
v 3.423932 1.625311 0.537086
v 3.423100 1.625472 2.299174
v 3.422999 1.626038 0.537494
v 3.422827 2.149416 1.004630
v 3.422174 1.626196 2.298767
v 3.422066 1.626775 0.537915
v 3.421494 2.149393 1.833867
v 3.421245 1.626930 2.298347
v 3.421131 1.627522 0.538349
v 3.420316 1.627674 2.297913
v 3.420194 1.628279 0.538797
v 3.419819 1.939698 1.201244
v 3.419683 1.939721 1.310084
v 3.419601 1.939714 1.418897
v 3.419520 1.939708 1.527709
v 3.419441 1.939699 1.636506
v 3.419385 1.628428 2.297466
v 3.419257 1.629046 0.539258
v 3.418453 1.629191 2.297006
v 3.418318 1.629824 0.539732
v 3.417520 1.629965 2.296533
v 3.417378 1.630610 0.540219
v 3.416586 1.630749 2.296047
v 3.416437 1.631407 0.540720
v 3.415651 1.631541 2.295548
v 3.415495 1.632214 0.541234
v 3.414552 1.633030 0.541761
v 3.413941 1.941219 1.166750
v 3.413778 1.633157 2.294511
v 3.413574 1.941193 1.670605
v 3.412663 1.634691 0.542853
v 3.410771 1.636391 0.543997
v 3.403982 1.640716 0.547234
v 3.403931 1.942549 1.133404
v 3.403599 1.824331 0.865842
v 3.403493 1.942538 1.703994
v 3.403131 1.640876 2.289026
v 3.403033 1.641443 0.547638
v 3.402625 1.824286 1.971437
v 3.402187 1.641601 2.288623
v 3.402083 1.642180 0.548056
v 3.402057 2.147917 0.976634
v 3.401243 1.642335 2.288206
v 3.401132 1.642928 0.548487
v 3.400824 2.147917 1.861455
v 3.400298 1.643080 2.287776
v 3.400180 1.643686 0.548931
v 3.399351 1.643834 2.287333
v 3.399226 1.644454 0.549389
v 3.398403 1.644599 2.286876
v 3.398271 1.645232 0.549860
v 3.397454 1.645373 2.286406
v 3.397315 1.646019 0.550345
v 3.396503 1.646157 2.285923
v 3.396358 1.646817 0.550843
v 3.395553 1.646951 2.285426
v 3.395400 1.647624 0.551354
v 3.394440 1.648441 0.551878
v 3.393579 1.649419 0.554150
v 3.392657 1.649602 2.282116
v 3.389778 1.651978 0.555279
v 3.389118 1.944125 1.102660
v 3.388875 1.652152 2.280983
v 3.388375 1.944167 1.735111
v 3.387866 1.653319 0.555928
v 3.386973 1.653490 2.280334
v 3.386846 2.012500 0.702466
v 3.385948 1.654704 0.556632
v 3.385406 2.012500 2.134862
v 3.385066 1.654869 2.279630
v 3.384023 1.656129 0.557391
v 3.383152 1.656289 2.278872
v 3.383059 1.656857 0.557791
v 3.382322 1.944792 0.578203
v 3.382193 1.657014 2.278472
v 3.382093 1.657596 0.558204
v 3.381233 1.657749 2.278059
v 3.381125 1.658344 0.558632
v 3.380886 1.944792 2.258888
v 3.380271 1.658495 2.277632
v 3.380157 1.659102 0.559073
v 3.379700 1.200000 2.836364
v 3.379700 1.200000 0.000000
v 3.379309 1.659250 2.277192
v 3.379187 1.659871 0.559527
v 3.378345 1.660015 2.276738
v 3.378216 1.660649 0.559995
v 3.377380 1.660789 2.276272
v 3.377244 1.661437 0.560477
v 3.376414 1.661574 2.275791
v 3.376271 1.662235 0.560972
v 3.376239 1.701884 0.625514
v 3.375447 1.662369 2.275298
v 3.375297 1.663043 0.561480
v 3.375144 1.701904 2.211292
v 3.374479 1.663173 2.274791
v 3.374322 1.663860 0.562002
v 3.373510 1.663986 2.274271
v 3.372465 2.215625 1.234861
v 3.372369 1.665524 0.563085
v 3.372053 2.215625 1.603275
v 3.371571 1.665642 2.273193
v 3.370413 1.667226 0.564220
v 3.369868 1.945904 1.075438
v 3.369628 1.667336 2.272062
v 3.368877 1.946002 1.762359
v 3.366493 1.670741 0.566647
v 3.365736 1.670833 2.269646
v 3.362566 1.674402 0.569278
v 3.362094 1.673019 0.568360
v 3.361838 1.674474 2.267027
v 3.361215 1.673173 2.267905
v 3.361111 1.673769 0.568784
v 3.360238 1.673919 2.267481
v 3.360126 1.674527 0.569221
v 3.359259 1.674674 2.267045
v 3.359141 1.675296 0.569672
v 3.358279 1.675440 2.266595
v 3.358154 1.676075 0.570137
v 3.357299 1.676215 2.266131
v 3.357166 1.676864 0.570615
v 3.356317 1.677000 2.265654
v 3.356177 1.677662 0.571107
v 3.355334 1.677794 2.265164
v 3.355187 1.678470 0.571613
v 3.354351 1.678599 2.264660
v 3.354196 1.679288 0.572131
v 3.353366 1.679413 2.264143
v 3.348752 1.948406 1.055910
v 3.347795 1.948466 1.781772
v 3.346069 1.685559 0.576983
v 3.345147 1.685722 2.259282
v 3.344081 1.686986 0.577725
v 3.343454 1.134943 0.218182
v 3.343398 1.134943 2.618182
v 3.343171 1.687144 2.258540
v 3.342087 1.688454 0.578523
v 3.341188 1.688606 2.257743
v 3.341088 1.689202 0.578943
v 3.340196 1.689352 2.257324
v 3.340088 1.689961 0.579376
v 3.339201 1.690107 2.256891
v 3.339087 1.690730 0.579824
v 3.338206 1.690873 2.256444
v 3.338084 1.691509 0.580285
v 3.337210 1.691648 2.255984
v 3.337080 1.692298 0.580760
v 3.336213 1.692433 2.255511
v 3.336075 1.693096 0.581249
v 3.335946 2.147917 0.913743
v 3.335214 1.693229 2.255023
v 3.335070 1.693905 0.581751
v 3.334565 2.147917 1.924147
v 3.334215 1.694033 2.254523
v 3.334063 1.694723 0.582267
v 3.333215 1.694847 2.254009
v 3.333055 1.695550 0.582796
v 3.332214 1.695670 2.253481
v 3.332047 1.696387 0.583339
v 3.331213 1.696504 2.252940
v 3.330152 1.702639 0.593201
v 3.330029 1.698090 0.584464
v 3.329208 1.698197 2.251819
v 3.329080 1.702828 2.243120
v 3.322302 1.706549 0.593652
v 3.321260 1.706737 2.242641
v 3.320041 1.705404 0.589538
v 3.319136 1.705549 2.246731
v 3.319024 1.706173 0.589982
v 3.318125 1.706315 2.246288
v 3.318006 1.706952 0.590440
v 3.317113 1.707090 2.245831
v 3.316987 1.707741 0.590911
v 3.316101 1.707875 2.245361
v 3.315966 1.708539 0.591396
v 3.315087 1.708671 2.244877
v 3.314945 1.709348 0.591895
v 3.314293 1.711161 0.595043
v 3.314072 1.709475 2.244380
v 3.313923 1.710166 0.592408
v 3.313699 1.825584 0.789913
v 3.313288 1.711339 2.241233
v 3.313057 1.710289 2.243868
v 3.312900 1.710993 0.592934
v 3.312630 1.825514 2.047210
v 3.312329 1.716323 0.598721
v 3.312041 1.711112 2.243344
v 3.311876 1.711830 0.593474
v 3.311672 1.716323 2.237642
v 3.311024 1.711946 2.242806
v 3.310238 1.713723 0.596088
v 3.309255 1.713894 2.240183
v 3.306948 2.002424 1.225890
v 3.306545 2.002425 1.611942
v 3.306155 1.716454 0.597365
v 3.305194 1.716615 2.238904
v 3.304104 1.717880 0.598089
v 3.303155 1.718037 2.238180
v 3.302048 1.719348 0.598869
v 3.301111 1.719499 2.237400
v 3.300753 2.012500 0.627158
v 3.299986 1.720857 0.599707
v 3.299186 2.012500 2.209999
v 3.299062 1.721000 2.236564
v 3.298954 1.721625 0.600147
v 3.298036 1.721766 2.236125
v 3.297920 1.722404 0.600601
v 3.297009 1.722541 2.235672
v 3.296885 1.723192 0.601068
v 3.295980 1.723326 2.235205
v 3.295849 1.723990 0.601550
v 3.294951 1.724120 2.234725
v 3.294813 1.724798 0.602045
v 3.293922 1.724924 2.234231
v 3.293826 1.769403 0.673325
v 3.293776 1.725616 0.602555
v 3.292892 1.725739 2.233723
v 3.292737 1.726443 0.603078
v 3.292615 1.769423 2.163525
v 3.291860 1.726562 2.233202
v 3.291698 1.727280 0.603615
v 3.290828 1.727394 2.232666
v 3.290659 1.728126 0.604165
v 3.289796 1.728236 2.232118
v 3.289618 1.728981 0.604729
v 3.288763 1.729087 2.231556
v 3.288170 1.945148 0.992353
v 3.287537 1.730720 0.605897
v 3.287179 1.945122 1.845203
v 3.286695 1.730817 2.230393
v 3.285453 1.732495 0.607119
v 3.284627 1.732583 2.229176
v 3.281283 1.736153 0.609721
v 3.280698 2.010600 0.604778
v 3.280524 2.215625 1.000757
v 3.280487 1.736220 2.226587
v 3.279203 2.215625 1.837456
v 3.279107 2.010638 2.232189
v 3.277826 1.737864 0.610768
v 3.277112 1.739950 0.612531
v 3.276896 1.737999 2.225506
v 3.276776 1.738652 0.611232
v 3.276348 1.739997 2.223792
v 3.275853 1.738784 2.225043
v 3.275725 1.739450 0.611710
v 3.274809 1.739578 2.224566
v 3.274673 1.740257 0.612202
v 3.273764 1.740382 2.224076
v 3.273621 1.741075 0.612707
v 3.272943 1.743881 0.615543
v 3.272718 1.741195 2.223572
v 3.272567 1.741901 0.613227
v 3.272213 1.743906 2.220796
v 3.271672 1.742018 2.223053
v 3.271513 1.742737 0.613761
v 3.270626 1.742850 2.222522
v 3.270459 1.743583 0.614308
v 3.269836 2.147917 0.850851
v 3.269578 1.743691 2.221977
v 3.269403 1.744437 0.614869
v 3.268530 1.744542 2.221418
v 3.268305 2.147917 1.986838
v 3.261974 1.750279 0.619243
v 3.261000 1.750426 2.217030
v 3.259851 1.751786 0.620064
v 3.258890 1.751926 2.216210
v 3.257739 2.009205 0.584830
v 3.257724 1.753332 0.620941
v 3.257346 1.877083 0.443182
v 3.256776 1.753466 2.215334
v 3.256659 1.754120 0.621401
v 3.256647 1.877083 2.393182
v 3.256163 2.009270 2.251963
v 3.255718 1.754250 2.214875
v 3.255592 1.754917 0.621875
v 3.254659 1.755044 2.214402
v 3.254526 1.755724 0.622364
v 3.253599 1.755847 2.213916
v 3.253458 1.756540 0.622866
v 3.252538 1.756660 2.213415
v 3.252390 1.757366 0.623382
v 3.251477 1.757482 2.212900
v 3.251321 1.758202 0.623912
v 3.250629 2.283333 1.261479
v 3.250519 2.283333 1.340303
v 3.250497 1.600047 0.522614
v 3.250416 1.758313 2.212372
v 3.250410 2.283333 1.419127
v 3.250300 2.283333 1.497951
v 3.250252 1.759047 0.624456
v 3.250190 2.283333 1.576775
v 3.249960 1.600047 2.313750
v 3.249353 1.759153 2.211830
v 3.249182 1.759900 0.625014
v 3.248782 2.283333 1.225074
v 3.248291 1.760003 2.211274
v 3.248186 2.283333 1.613695
v 3.248111 1.760763 0.625585
v 3.247228 1.760862 2.210705
v 3.247041 1.761636 0.626170
v 3.246165 1.761730 2.210122
v 3.244898 1.763408 0.627381
v 3.244038 1.763493 2.208916
v 3.243051 2.283333 1.188553
v 3.242239 2.283333 1.650470
v 3.242061 2.006817 1.074823
v 3.241105 2.006847 1.762940
v 3.235452 1.770392 0.632047
v 3.234500 1.770517 2.204233
v 3.234371 1.771198 0.632531
v 3.233426 1.771319 2.203749
v 3.233402 2.283333 1.152538
v 3.233288 1.772014 0.633030
v 3.232374 2.283333 1.686535
v 3.232351 1.772132 2.203252
v 3.232205 1.772840 0.633542
v 3.232102 2.008351 0.567691
v 3.231275 1.772953 2.202741
v 3.231122 1.773673 0.634069
v 3.230578 2.008434 2.268951
v 3.230199 1.773783 2.202217
v 3.230038 1.774517 0.634609
v 3.229122 1.774623 2.201678
v 3.228953 1.775371 0.635164
v 3.228388 1.741667 0.354545
v 3.228045 1.775472 2.201126
v 3.227868 1.776232 0.635732
v 3.227828 1.741667 2.481818
v 3.226968 1.776329 2.200559
v 3.226783 1.777103 0.636314
v 3.226219 1.778358 0.638216
v 3.225891 1.777196 2.199980
v 3.225181 1.778512 2.198063
v 3.221866 1.781247 0.639644
v 3.221483 1.817782 0.696676
v 3.220854 1.781390 2.196634
v 3.220171 1.817809 2.140114
v 3.219933 2.283333 1.117655
v 3.219682 1.782751 0.640447
v 3.219184 2.080208 0.676113
v 3.218688 2.283333 1.721406
v 3.218684 1.782887 2.195832
v 3.217494 1.784294 0.641307
v 3.217486 2.080208 2.161110
v 3.216511 1.784424 2.194973
v 3.216422 1.946567 0.928051
v 3.215313 1.946516 1.909326
v 3.215304 1.785875 0.642224
v 3.214334 1.785998 2.194057
v 3.214208 1.786681 0.642705
v 3.213245 1.786800 2.193578
v 3.213110 1.787496 0.643199
v 3.212156 1.787611 2.193085
v 3.212013 1.788320 0.643708
v 3.211352 1.836918 0.721039
v 3.211066 1.788431 2.192578
v 3.210915 1.789152 0.644231
v 3.210028 1.836940 2.115854
v 3.209975 1.789260 2.192056
v 3.209816 1.789995 0.644768
v 3.208884 1.790098 2.191521
v 3.208718 1.790847 0.645318
v 3.207793 1.790946 2.190972
v 3.207618 1.791707 0.645883
v 3.206701 1.791802 2.190410
v 3.206519 1.792577 0.646462
v 3.206506 1.817906 0.686139
v 3.205610 1.792668 2.189833
v 3.205182 1.818009 2.150472
v 3.204320 1.794344 0.647661
v 3.204102 2.008064 0.553671
v 3.203725 2.147917 0.787959
v 3.203426 1.794425 2.188639
v 3.202854 2.283333 1.084469
v 3.202665 2.008152 2.282848
v 3.202121 1.796145 0.648914
v 3.202045 2.147917 2.049530
v 3.201409 2.283333 1.754521
v 3.201243 1.796218 2.187392
v 3.199922 1.797981 0.650221
v 3.199359 1.470833 0.177273
v 3.199079 1.470833 2.659091
v 3.199060 1.798044 2.186090
v 3.195527 1.801756 0.652996
v 3.194699 1.801798 2.183330
v 3.194077 2.065151 1.250534
v 3.193863 2.065151 1.418957
v 3.193649 2.065151 1.587377
v 3.192925 1.802984 0.653374
v 3.191953 1.803098 2.182912
v 3.191813 1.803806 0.653879
v 3.191141 1.805661 0.655980
v 3.190849 1.803916 2.182408
v 3.190701 1.804639 0.654398
v 3.190346 1.805682 2.180362
v 3.190318 1.820836 0.679263
v 3.189816 2.065151 1.207340
v 3.189744 1.804744 2.181891
v 3.189588 1.805480 0.654931
v 3.189256 2.065151 1.630584
v 3.189017 1.820988 2.157204
v 3.188639 1.805581 2.181360
v 3.188604 1.367496 0.370398
v 3.188475 1.806330 0.655478
v 3.188308 1.367496 2.465966
v 3.187533 1.806427 2.180814
v 3.187362 1.807189 0.656039
v 3.186428 1.807282 2.180255
v 3.186249 1.808057 0.656614
v 3.185322 1.808146 2.179682
v 3.182419 2.283333 1.053400
v 3.180891 2.283333 1.785350
v 3.178752 2.065151 1.165700
v 3.178070 2.065151 1.672236
v 3.177232 1.815289 0.661696
v 3.176213 1.815414 2.174588
v 3.174984 1.816866 0.662596
v 3.174125 2.008351 0.542995
v 3.173979 1.816984 2.173689
v 3.173147 1.826602 0.676259
v 3.172807 2.008434 2.293435
v 3.172732 1.818480 0.663554
v 3.171901 1.826774 2.160105
v 3.171743 1.818591 2.172733
v 3.171606 1.819302 0.664055
v 3.170624 1.819408 2.172234
v 3.170595 2.065151 1.145954
v 3.170480 1.820131 0.664570
v 3.169850 2.065151 1.691977
v 3.169506 1.820235 2.171721
v 3.169353 1.820971 0.665099
v 3.168386 1.821071 2.171193
v 3.168226 1.821819 0.665642
v 3.167267 1.821915 2.170652
v 3.167099 1.822677 0.666200
v 3.166148 1.822768 2.170096
v 3.165972 1.823544 0.666771
v 3.165029 1.823630 2.169527
v 3.164845 1.824419 0.667357
v 3.164274 1.830534 0.676242
v 3.163910 1.824501 2.168943
v 3.163717 1.825303 0.667956
v 3.163067 1.830703 2.160086
v 3.162791 1.825381 2.168346
v 3.162591 1.826196 0.668570
v 3.161672 1.826269 2.167736
v 3.161464 1.827097 0.669197
v 3.160646 2.065151 1.127189
v 3.160553 1.827166 2.167111
v 3.159837 2.065151 1.710728
v 3.159211 1.828925 0.670492
v 3.158991 2.283333 1.024879
v 3.158318 1.828984 2.165822
v 3.157598 1.134943 0.218182
v 3.157582 2.283333 1.813457
v 3.157542 1.134943 2.618182
v 3.157419 1.832600 0.674829
v 3.156642 1.832600 2.161534
v 3.155257 1.835146 0.677218
v 3.154095 1.835305 2.159086
v 3.148877 2.065151 1.109599
v 3.147998 2.065151 1.728288
v 3.147970 1.837317 0.675812
v 3.146994 1.837409 2.160484
v 3.146829 1.838172 0.676365
v 3.146132 1.840415 0.679180
v 3.145862 1.838261 2.159933
v 3.145688 1.839036 0.676933
v 3.145021 1.840559 2.157111
v 3.144729 1.839121 2.159367
v 3.144636 1.948062 0.863789
v 3.144547 1.839910 0.677515
v 3.143596 1.839990 2.158787
v 3.143412 1.947983 1.973413
v 3.143407 1.840791 0.678111
v 3.142617 2.009205 0.535791
v 3.142464 1.840867 2.158194
v 3.142267 1.841681 0.678720
v 3.141546 1.894001 0.761280
v 3.141540 1.843288 0.680525
v 3.141442 2.009270 2.300582
v 3.141332 1.841753 2.157587
v 3.141127 1.842581 0.679344
v 3.140457 1.843422 2.155764
v 3.140201 1.842648 2.156965
v 3.140133 1.894018 2.075650
v 3.137615 2.147917 0.725068
v 3.136935 1.846316 0.682110
v 3.135882 1.846437 2.154179
v 3.135786 2.147917 2.112221
v 3.135257 2.065151 1.093383
v 3.134630 1.847887 0.682991
v 3.134303 2.065151 1.744456
v 3.133591 1.848001 2.153299
v 3.132323 1.849495 0.683931
v 3.131299 1.849602 2.152361
v 3.130014 1.851139 0.684929
v 3.129007 1.851238 2.151365
v 3.127706 1.852819 0.685986
v 3.126714 1.852910 2.150312
v 3.126552 1.853672 0.686535
v 3.125568 1.853760 2.149765
v 3.125398 1.854534 0.687099
v 3.124422 1.854617 2.149203
v 3.124244 1.855406 0.687677
v 3.123277 1.855484 2.148627
v 3.123090 1.856285 0.688269
v 3.122131 1.856359 2.148037
v 3.121937 1.857173 0.688875
v 3.120986 1.857243 2.147434
v 3.120784 1.858069 0.689495
v 3.119842 1.858134 2.146816
v 3.119632 1.858974 0.690129
v 3.118698 1.859035 2.146185
v 3.118480 1.859887 0.690776
v 3.117555 1.859943 2.145540
v 3.116179 1.861738 0.692113
v 3.115270 1.861785 2.144210
v 3.113880 1.863622 0.693504
v 3.112988 1.863658 2.142826
v 3.112862 2.283333 0.974404
v 3.111283 2.283333 1.863704
v 3.110056 2.010600 0.532089
v 3.109294 1.867482 0.696445
v 3.109044 2.010638 2.304263
v 3.108438 1.867498 2.139899
v 3.107435 1.868329 0.696164
v 3.106427 1.868418 2.140136
v 3.106268 1.869180 0.696709
v 3.105268 1.869265 2.139592
v 3.105101 1.870039 0.697269
v 3.104726 1.871464 0.699596
v 3.104109 1.870120 2.139035
v 3.103934 1.870908 0.697843
v 3.103906 1.871458 2.136766
v 3.102951 1.870984 2.138463
v 3.102767 1.871784 0.698431
v 3.101792 1.871857 2.137877
v 3.101602 1.872669 0.699033
v 3.100635 1.872737 2.137277
v 3.100436 1.873563 0.699649
v 3.099478 1.873627 2.136663
v 3.099271 1.874465 0.700279
v 3.098321 1.874524 2.136036
v 3.098107 1.875376 0.700923
v 3.097166 1.875429 2.135395
v 3.091881 1.880539 0.704329
v 3.090824 1.880640 2.131968
v 3.089519 1.882174 0.705309
v 3.088479 1.882268 2.130990
v 3.087158 1.883845 0.706347
v 3.086133 1.883931 2.129955
v 3.085977 1.884693 0.706888
v 3.084961 1.884775 2.129416
v 3.084797 1.885550 0.707443
v 3.083789 1.885628 2.128862
v 3.083618 1.886415 0.708013
v 3.082618 1.886490 2.128294
v 3.082438 1.887289 0.708597
v 3.081447 1.887360 2.127712
v 3.081260 1.888172 0.709195
v 3.080277 1.888237 2.127117
v 3.080082 1.889062 0.709807
v 3.079108 1.889124 2.126507
v 3.078905 1.889961 0.710433
v 3.077939 1.890018 2.125883
v 3.077728 1.890868 0.711074
v 3.076936 2.012500 0.531818
v 3.076771 1.890921 2.125246
v 3.076553 1.891783 0.711728
v 3.076096 2.012500 2.304546
v 3.075604 1.891830 2.124595
v 3.075378 1.892706 0.712396
v 3.074439 1.892749 2.123930
v 3.073032 1.894576 0.713773
v 3.072110 1.894609 2.122559
v 3.071636 1.951073 0.801363
v 3.070135 1.951084 2.035601
v 3.066733 2.283333 0.923928
v 3.064984 2.283333 1.913950
v 3.064487 1.901067 0.717622
v 3.063463 1.901142 2.118685
v 3.063294 1.901930 0.718187
v 3.062279 1.902000 2.118122
v 3.062103 1.902801 0.718767
v 3.061096 1.902867 2.117544
v 3.060912 1.903679 0.719361
v 3.059914 1.903743 2.116953
v 3.059722 1.904567 0.719969
v 3.058732 1.904626 2.116347
v 3.058533 1.905462 0.720591
v 3.057551 1.905517 2.115727
v 3.057345 1.906365 0.721227
v 3.056372 1.906416 2.115094
v 3.056237 1.908468 0.723006
v 3.056158 1.907277 0.721877
v 3.056046 2.215625 0.774023
v 3.055193 1.907323 2.114446
v 3.055116 1.908577 2.113294
v 3.054971 1.908196 0.722542
v 3.054086 2.215625 2.063332
v 3.054016 1.908237 2.113785
v 3.051407 1.911613 0.724747
v 3.050317 1.911707 2.111555
v 3.048993 1.913238 0.725708
v 3.047920 1.913325 2.110596
v 3.046580 1.914897 0.726727
v 3.045523 1.914977 2.109579
v 3.044169 1.916590 0.727805
v 3.043129 1.916662 2.108505
v 3.042965 1.917449 0.728366
v 3.041934 1.917518 2.107946
v 3.041761 1.918317 0.728941
v 3.040739 1.918382 2.107373
v 3.040558 1.919192 0.729530
v 3.039544 1.919252 2.106785
v 3.039357 1.920076 0.730134
v 3.038351 1.920133 2.106184
v 3.038156 1.920968 0.730752
v 3.037158 1.921020 2.105568
v 3.036956 1.921867 0.731384
v 3.035967 1.921915 2.104939
v 3.035757 1.922775 0.732030
v 3.034777 1.922819 2.104295
v 3.034559 1.923691 0.732690
v 3.033754 1.600047 0.522614
v 3.033588 1.923730 2.103638
v 3.033438 2.065151 0.986919
v 3.033363 1.924614 0.733364
v 3.033217 1.600047 2.313750
v 3.032168 1.925545 0.734052
v 3.032122 2.065151 1.850504
v 3.031215 1.925574 2.102283
v 3.029782 1.927429 0.735468
v 3.028847 1.927449 2.100873
v 3.027402 1.929343 0.736939
v 3.026485 1.929354 2.099410
v 3.022789 1.932189 2.098320
v 3.022664 1.933256 0.740040
v 3.021783 1.933247 2.096326
v 3.021582 1.933041 2.097765
v 3.021413 1.933839 0.739118
v 3.020605 2.283333 0.873453
v 3.020374 1.933901 2.097197
v 3.020198 1.934711 0.739703
v 3.019168 1.934769 2.096614
v 3.019019 1.741667 0.354545
v 3.018985 1.935591 0.740303
v 3.018685 2.283333 1.964196
v 3.018459 1.741667 2.481818
v 3.018162 1.832600 0.674829
v 3.017964 1.935644 2.096017
v 3.017773 1.936479 0.740916
v 3.017385 1.832600 2.161534
v 3.016760 1.936528 2.095406
v 3.016561 1.937374 0.741544
v 3.015557 1.937420 2.094780
v 3.015351 1.938278 0.742186
v 3.014356 1.938319 2.094141
v 3.014143 1.939189 0.742842
v 3.013156 1.939226 2.093488
v 3.012935 1.940108 0.743511
v 3.011730 1.941034 0.744195
v 3.005972 1.945973 0.747125
v 3.004885 1.946048 2.089186
v 3.003513 1.947654 0.748183
v 3.002509 1.948875 0.750937
v 3.002442 1.947721 2.088131
v 3.001612 1.948875 2.085426
v 3.001575 2.008124 0.841221
v 3.001223 1.948568 2.087581
v 3.001058 1.949366 0.749300
v 3.000004 1.949425 2.087017
v 2.999990 2.008131 1.995773
v 2.999832 1.950233 0.749880
v 2.998787 1.950289 2.086439
v 2.998607 1.951110 0.750475
v 2.997571 1.951161 2.085846
v 2.997384 1.951994 0.751084
v 2.996356 1.952041 2.085240
v 2.996161 1.952886 0.751707
v 2.995550 1.959774 0.759873
v 2.995142 1.952929 2.084619
v 2.994940 1.953785 0.752344
v 2.994243 1.959903 2.076468
v 2.993930 1.953824 2.083984
v 2.993721 1.954692 0.752996
v 2.992720 1.954726 2.083336
v 2.992503 1.955606 0.753661
v 2.991510 1.955636 2.082673
v 2.991287 1.956528 0.754341
v 2.990303 1.956553 2.081997
v 2.989850 1.200000 2.836364
v 2.989850 1.200000 0.000000
v 2.988860 1.958394 0.755741
v 2.987894 1.958410 2.080603
v 2.986440 1.960288 0.757196
v 2.985492 1.960296 2.079155
v 2.985479 1.964969 0.761428
v 2.984231 1.965082 2.074894
v 2.980697 1.964898 0.759485
v 2.979628 1.964955 2.076834
v 2.979460 1.965762 0.760061
v 2.978399 1.965816 2.076261
v 2.978224 1.966635 0.760650
v 2.977172 1.966683 2.075673
v 2.976989 1.967514 0.761254
v 2.975946 1.967559 2.075071
v 2.975756 1.968401 0.761873
v 2.975393 1.970747 0.763991
v 2.974722 1.968442 2.074455
v 2.974524 1.969296 0.762506
v 2.974476 2.283333 0.822978
v 2.974208 1.970840 2.072322
v 2.973499 1.969333 2.073824
v 2.973295 1.970199 0.763153
v 2.972386 2.283333 2.014443
v 2.972278 1.970230 2.073180
v 2.972066 1.971107 0.763814
v 2.971741 1.134943 0.218182
v 2.971685 1.134943 2.618182
v 2.971059 1.971136 2.072522
v 2.970840 1.972025 0.764489
v 2.970358 1.973845 0.765644
v 2.969841 1.972049 2.071850
v 2.969206 1.973926 2.070669
v 2.965335 1.977077 0.767540
v 2.964216 1.977144 2.068776
v 2.962829 1.978741 0.768578
v 2.961728 1.978802 2.067741
v 2.960329 1.980436 0.769674
v 2.959245 1.980490 2.066648
v 2.959081 1.981297 0.770244
v 2.958005 1.981346 2.066079
v 2.957834 1.982163 0.770829
v 2.957807 2.012500 0.531818
v 2.956967 2.012500 2.304546
v 2.956767 1.982209 2.065496
v 2.956589 1.983039 0.771429
v 2.955531 1.983081 2.064899
v 2.955345 1.983921 0.772042
v 2.954296 1.983959 2.064287
v 2.954103 1.984811 0.772670
v 2.953063 1.984845 2.063662
v 2.952863 1.985708 0.773312
v 2.951832 1.985739 2.063022
v 2.951625 1.986613 0.773969
v 2.950603 1.986639 2.062369
v 2.950389 1.987525 0.774639
v 2.949375 1.987547 2.061701
v 2.949155 1.988444 0.775323
v 2.949135 2.283333 0.797937
v 2.948150 1.988461 2.061020
v 2.947923 1.989370 0.776021
v 2.947070 2.283333 2.039268
v 2.946927 1.989383 2.060325
v 2.945465 1.991242 0.777459
v 2.944487 1.991247 2.058894
v 2.943017 1.993143 0.778951
v 2.942057 1.993137 2.057409
v 2.940578 1.995070 0.780496
v 2.939636 1.995055 2.055871
v 2.937438 1.997698 0.781012
v 2.936356 1.997741 2.055316
v 2.936182 1.998569 0.781606
v 2.935110 1.998608 2.054724
v 2.934929 1.999446 0.782214
v 2.933865 1.999481 2.054117
v 2.933677 2.000331 0.782837
v 2.932621 2.000362 2.053496
v 2.932427 2.001223 0.783475
v 2.931381 2.001250 2.052861
v 2.931317 2.065151 0.880786
v 2.931180 2.002123 0.784126
v 2.930142 2.002146 2.052213
v 2.929934 2.003029 0.784792
v 2.929650 2.065151 1.956233
v 2.928905 2.003048 2.051550
v 2.928690 2.003942 0.785471
v 2.927670 2.003958 2.050873
v 2.927449 2.004863 0.786165
v 2.926438 2.004873 2.050183
v 2.920908 2.283333 0.775260
v 2.919573 2.011529 0.790063
v 2.918905 2.283333 2.061738
v 2.918458 2.011577 2.046263
v 2.917036 2.013237 0.791197
v 2.915939 2.013277 2.045132
v 2.915771 2.014103 0.791786
v 2.914683 2.014139 2.044545
v 2.914507 2.014975 0.792390
v 2.913428 2.015008 2.043944
v 2.913246 2.015855 0.793008
v 2.912175 2.015883 2.043328
v 2.911986 2.016742 0.793640
v 2.910924 2.016767 2.042698
v 2.910729 2.017635 0.794286
v 2.909677 2.017656 2.042054
v 2.909474 2.018536 0.794947
v 2.908430 2.018553 2.041396
v 2.908221 2.019444 0.795621
v 2.907187 2.019457 2.040725
v 2.906971 2.020358 0.796310
v 2.905945 2.020367 2.040039
v 2.904479 2.022207 0.797729
v 2.903471 2.022207 2.038626
v 2.901996 2.024082 0.799202
v 2.901328 2.065151 0.857232
v 2.901007 2.024075 2.037160
v 2.899750 1.470833 0.177273
v 2.899682 2.065151 1.979595
v 2.899525 2.025983 0.800730
v 2.899470 1.470833 2.659091
v 2.898554 2.025967 2.035640
v 2.896525 2.147917 0.620455
v 2.895545 2.147917 2.215909
v 2.894376 1.367496 0.370398
v 2.894080 2.030508 0.802568
v 2.894080 1.367496 2.465966
v 2.892986 2.030539 2.033768
v 2.892808 2.031383 0.803180
v 2.891724 2.031408 2.033157
v 2.891540 2.032264 0.803807
v 2.890464 2.032286 2.032532
v 2.890274 2.033152 0.804449
v 2.890143 2.283333 0.755423
v 2.889206 2.033170 2.031893
v 2.889010 2.034046 0.805104
v 2.888238 2.283333 2.081389
v 2.887951 2.034061 2.031241
v 2.887749 2.034948 0.805774
v 2.886699 2.034959 2.030574
v 2.886490 2.035856 0.806457
v 2.885449 2.035863 2.029893
v 2.885147 2.065151 0.845499
v 2.883614 2.065151 1.991170
v 2.878904 1.832600 0.674829
v 2.878790 2.042643 0.810467
v 2.878127 1.832600 2.161534
v 2.877646 2.042684 2.025865
v 2.876214 2.044331 0.811578
v 2.875088 2.044364 2.024756
v 2.873646 2.046046 0.812749
v 2.872538 2.046073 2.023589
v 2.872366 2.046915 0.813356
v 2.871421 2.065151 0.836273
v 2.871267 2.046938 2.022984
v 2.871089 2.047790 0.813978
v 2.870007 2.065151 2.000266
v 2.869998 2.047810 2.022364
v 2.869813 2.048672 0.814614
v 2.868732 2.048688 2.021730
v 2.868541 2.049561 0.815264
v 2.867468 2.049573 2.021083
v 2.867272 2.050456 0.815928
v 2.866208 2.050465 2.020421
v 2.866005 2.051357 0.816606
v 2.864950 2.051362 2.019745
v 2.863480 2.053181 0.818005
v 2.862442 2.053178 2.018353
v 2.862336 2.065151 0.830771
v 2.861028 2.065151 2.005679
v 2.860967 2.055029 0.819459
v 2.859948 2.055017 2.016906
v 2.857465 2.056882 2.015404
v 2.857289 2.283333 0.738826
v 2.855513 2.283333 2.097827
v 2.852861 2.065151 0.826127
v 2.851671 2.065151 2.010254
v 2.850688 2.065151 0.825447
v 2.849550 2.065151 2.010916
v 2.849481 2.065151 0.825241
v 2.848926 2.065151 0.825224
v 2.848433 2.065151 0.825286
v 2.848371 2.065151 2.011117
v 2.847599 2.065151 0.827045
v 2.847592 2.065151 0.825935
v 2.847511 2.065151 0.826451
v 2.847350 2.065151 2.011071
v 2.846812 2.065151 2.010817
v 2.846581 2.065151 2.009318
v 2.846538 2.065151 2.010410
v 2.838678 2.012500 0.531818
v 2.837838 2.012500 2.304546
v 2.822874 2.283333 0.725770
v 2.821249 2.283333 2.110755
v 2.817011 1.600047 0.522614
v 2.816474 1.600047 2.313750
v 2.809649 1.741667 0.354545
v 2.809090 1.741667 2.481818
v 2.787476 2.283333 0.716443
v 2.786017 2.283333 2.119991
v 2.785885 1.134943 0.218182
v 2.785829 1.134943 2.618182
v 2.751695 2.283333 0.710904
v 2.750407 2.283333 2.125477
v 2.739646 1.832600 0.674829
v 2.738869 1.832600 2.161534
v 2.719549 2.012500 0.531818
v 2.718709 2.012500 2.304546
v 2.716115 2.283333 0.709091
v 2.714995 2.283333 2.127273
v 2.687226 2.283333 0.709091
v 2.686106 2.283333 2.127273
v 2.658338 2.283333 0.709091
v 2.657218 2.283333 2.127273
v 2.629449 2.283333 0.709091
v 2.628329 2.283333 2.127273
v 2.600560 2.283333 0.709091
v 2.600509 2.065151 0.827045
v 2.600420 2.012500 0.531818
v 2.600389 1.832600 0.674829
v 2.600280 1.741667 0.354545
v 2.600269 1.600047 0.522614
v 2.600149 1.367496 0.370398
v 2.600140 1.470833 0.177273
v 2.600029 1.134943 0.218182
v 2.600000 1.200000 2.836364
v 2.600000 1.200000 0.000000
v 2.599972 1.134943 2.618182
v 2.599860 1.470833 2.659091
v 2.599852 1.367496 2.465966
v 2.599732 1.600047 2.313750
v 2.599720 1.741667 2.481818
v 2.599612 1.832600 2.161534
v 2.599580 2.012500 2.304546
v 2.599492 2.065151 2.009318
v 2.599441 2.283333 2.127273
v 2.571671 2.283333 0.709091
v 2.570552 2.283333 2.127273
v 2.542783 2.283333 0.709091
v 2.541663 2.283333 2.127273
v 2.513894 2.283333 0.709091
v 2.512774 2.283333 2.127273
v 2.485005 2.283333 0.709091
v 2.483886 2.283333 2.127273
v 2.481291 2.012500 0.531818
v 2.480452 2.012500 2.304546
v 2.461132 1.832600 0.674829
v 2.460354 1.832600 2.161534
v 2.449594 2.283333 0.710887
v 2.448306 2.283333 2.125460
v 2.414172 1.134943 0.218182
v 2.414116 1.134943 2.618182
v 2.413984 2.283333 0.716372
v 2.412524 2.283333 2.119921
v 2.390911 1.741667 0.354545
v 2.390351 1.741667 2.481818
v 2.383526 1.600047 0.522614
v 2.382989 1.600047 2.313750
v 2.378752 2.283333 0.725609
v 2.377127 2.283333 2.110593
v 2.362163 2.012500 0.531818
v 2.361322 2.012500 2.304546
v 2.353462 2.065151 0.825953
v 2.353419 2.065151 0.827045
v 2.353189 2.065151 0.825547
v 2.352651 2.065151 0.825292
v 2.352490 2.065151 2.009913
v 2.352408 2.065151 2.010428
v 2.352402 2.065151 2.009318
v 2.351630 2.065151 0.825246
v 2.351568 2.065151 2.011077
v 2.351075 2.065151 2.011139
v 2.350520 2.065151 2.011123
v 2.350451 2.065151 0.825448
v 2.349313 2.065151 2.010917
v 2.348330 2.065151 0.826110
v 2.347139 2.065151 2.010237
v 2.344488 2.283333 0.738537
v 2.342711 2.283333 2.097538
v 2.342535 2.056882 0.820959
v 2.340053 2.055017 0.819458
v 2.339034 2.055029 2.016905
v 2.338973 2.065151 0.830684
v 2.337665 2.065151 2.005593
v 2.337558 2.053178 0.818011
v 2.336521 2.053181 2.018359
v 2.335051 2.051362 0.816618
v 2.333996 2.051357 2.019757
v 2.333793 2.050465 0.815943
v 2.332729 2.050456 2.020436
v 2.332532 2.049573 0.815281
v 2.331459 2.049561 2.021100
v 2.331269 2.048688 0.814633
v 2.330187 2.048672 2.021750
v 2.330003 2.047810 0.814000
v 2.329994 2.065151 0.836098
v 2.328912 2.047790 2.022386
v 2.328734 2.046938 0.813380
v 2.328579 2.065151 2.000091
v 2.327634 2.046915 2.023008
v 2.327463 2.046073 0.812775
v 2.326354 2.046046 2.023615
v 2.324913 2.044364 0.811608
v 2.323787 2.044331 2.024785
v 2.322354 2.042684 0.810499
v 2.321874 1.832600 0.674829
v 2.321211 2.042643 2.025897
v 2.321096 1.832600 2.161534
v 2.316386 2.065151 0.845193
v 2.314853 2.065151 1.990864
v 2.314551 2.035863 0.806471
v 2.313511 2.035856 2.029907
v 2.313302 2.034959 0.805790
v 2.312252 2.034948 2.030590
v 2.312049 2.034061 0.805123
v 2.311762 2.283333 0.754975
v 2.310991 2.034046 2.031260
v 2.310794 2.033170 0.804470
v 2.309857 2.283333 2.080940
v 2.309727 2.033152 2.031915
v 2.309537 2.032286 0.803831
v 2.308461 2.032264 2.032556
v 2.308277 2.031408 0.803207
v 2.307192 2.031383 2.033183
v 2.307015 2.030539 0.802596
v 2.305921 2.030508 2.033796
v 2.305921 1.367496 0.370398
v 2.305624 1.367496 2.465966
v 2.304455 2.147917 0.620455
v 2.303475 2.147917 2.215909
v 2.301447 2.025967 0.800724
v 2.300531 1.470833 0.177273
v 2.300475 2.025983 2.035634
v 2.300319 2.065151 0.856768
v 2.300251 1.470833 2.659091
v 2.298994 2.024075 0.799204
v 2.298673 2.065151 1.979132
v 2.298004 2.024082 2.037161
v 2.296530 2.022207 0.797737
v 2.295522 2.022207 2.038635
v 2.294055 2.020367 0.796325
v 2.293029 2.020358 2.040054
v 2.292814 2.019457 0.795639
v 2.291779 2.019444 2.040742
v 2.291570 2.018553 0.794967
v 2.290527 2.018536 2.041417
v 2.290324 2.017656 0.794309
v 2.289272 2.017635 2.042078
v 2.289076 2.016767 0.793665
v 2.288014 2.016742 2.042724
v 2.287825 2.015883 0.793036
v 2.286755 2.015855 2.043356
v 2.286572 2.015008 0.792420
v 2.285493 2.014975 2.043974
v 2.285318 2.014139 0.791818
v 2.284230 2.014103 2.044577
v 2.284061 2.013277 0.791231
v 2.282964 2.013237 2.045166
v 2.281542 2.011577 0.790101
v 2.281096 2.283333 0.774625
v 2.280427 2.011529 2.046300
v 2.279093 2.283333 2.061103
v 2.273562 2.004873 0.786181
v 2.272552 2.004863 2.050199
v 2.272330 2.003958 0.785490
v 2.271310 2.003942 2.050892
v 2.271096 2.003048 0.784814
v 2.270351 2.065151 0.880131
v 2.270067 2.003029 2.051572
v 2.269859 2.002146 0.784151
v 2.268821 2.002123 2.052238
v 2.268683 2.065151 1.955578
v 2.268620 2.001250 0.783502
v 2.267573 2.001223 2.052889
v 2.267379 2.000362 0.782867
v 2.266324 2.000331 2.053526
v 2.266136 1.999481 0.782247
v 2.265071 1.999446 2.054149
v 2.264891 1.998608 0.781640
v 2.263818 1.998569 2.054758
v 2.263644 1.997741 0.781048
v 2.262562 1.997698 2.055352
v 2.260365 1.995055 0.780492
v 2.259423 1.995070 2.055867
v 2.257944 1.993137 0.778954
v 2.256984 1.993143 2.057413
v 2.255514 1.991247 0.777470
v 2.254536 1.991242 2.058905
v 2.253074 1.989383 0.776039
v 2.252931 2.283333 0.797096
v 2.252078 1.989370 2.060342
v 2.251851 1.988461 0.775344
v 2.250865 2.283333 2.038427
v 2.250846 1.988444 2.061040
v 2.250625 1.987547 0.774663
v 2.249611 1.987525 2.061725
v 2.249398 1.986639 0.773995
v 2.248375 1.986613 2.062395
v 2.248169 1.985739 0.773341
v 2.247137 1.985708 2.063051
v 2.246938 1.984845 0.772702
v 2.245897 1.984811 2.063694
v 2.245705 1.983959 0.772076
v 2.244655 1.983921 2.064322
v 2.244470 1.983081 0.771465
v 2.243412 1.983039 2.064935
v 2.243234 1.982209 0.770868
v 2.243033 2.012500 0.531818
v 2.242194 2.012500 2.304546
v 2.242167 1.982163 2.065534
v 2.241995 1.981346 0.770285
v 2.240920 1.981297 2.066119
v 2.240756 1.980490 0.769716
v 2.239672 1.980436 2.066689
v 2.238273 1.978802 0.768623
v 2.237171 1.978741 2.067786
v 2.235785 1.977144 0.767587
v 2.234666 1.977077 2.068824
v 2.230795 1.973926 0.765694
v 2.230159 1.972049 0.764514
v 2.229642 1.973845 2.070719
v 2.229160 1.972025 2.071875
v 2.228942 1.971136 0.763842
v 2.228315 1.134943 0.218182
v 2.228259 1.134943 2.618182
v 2.227934 1.971107 2.072550
v 2.227723 1.970230 0.763183
v 2.227614 2.283333 0.821921
v 2.226706 1.970199 2.073211
v 2.226501 1.969333 0.762539
v 2.225792 1.970840 0.764041
v 2.225524 2.283333 2.013386
v 2.225476 1.969296 2.073858
v 2.225279 1.968442 0.761909
v 2.224607 1.970747 2.072372
v 2.224245 1.968401 2.074491
v 2.224054 1.967559 0.761293
v 2.223011 1.967514 2.075109
v 2.222829 1.966683 0.760691
v 2.221777 1.966635 2.075713
v 2.221601 1.965816 0.760103
v 2.220541 1.965762 2.076303
v 2.220373 1.964955 0.759529
v 2.219304 1.964898 2.076879
v 2.215769 1.965082 0.761470
v 2.214521 1.964969 2.074936
v 2.214509 1.960296 0.757209
v 2.213561 1.960288 2.079168
v 2.212107 1.958410 0.755761
v 2.211141 1.958394 2.080623
v 2.210151 1.200000 2.836364
v 2.210151 1.200000 0.000000
v 2.209697 1.956553 0.754367
v 2.208714 1.956528 2.082023
v 2.208490 1.955636 0.753691
v 2.207498 1.955606 2.082702
v 2.207281 1.954726 0.753028
v 2.206279 1.954692 2.083368
v 2.206070 1.953824 0.752379
v 2.205757 1.959903 0.759895
v 2.205060 1.953785 2.084019
v 2.204858 1.952929 0.751745
v 2.204451 1.959774 2.076490
v 2.203839 1.952886 2.084657
v 2.203645 1.952041 0.751124
v 2.202617 1.951994 2.085280
v 2.202430 1.951161 0.750517
v 2.201393 1.951110 2.085889
v 2.201214 1.950289 0.749925
v 2.200169 1.950233 2.086483
v 2.200011 2.008131 0.840591
v 2.199996 1.949425 0.749346
v 2.198942 1.949366 2.087064
v 2.198778 1.948568 0.748782
v 2.198425 2.008124 1.995143
v 2.198389 1.948875 0.750937
v 2.197558 1.947721 0.748233
v 2.197491 1.948875 2.085426
v 2.196487 1.947654 2.088181
v 2.195116 1.946048 0.747177
v 2.194028 1.945973 2.089239
v 2.188271 1.941034 2.092169
v 2.187065 1.940108 2.092852
v 2.186844 1.939226 0.742875
v 2.185858 1.939189 2.093522
v 2.185644 1.938319 0.742222
v 2.184649 1.938278 2.094178
v 2.184443 1.937420 0.741583
v 2.183439 1.937374 2.094820
v 2.183240 1.936528 0.740958
v 2.182616 1.832600 0.674829
v 2.182228 1.936479 2.095448
v 2.182037 1.935644 0.740347
v 2.181839 1.832600 2.161534
v 2.181542 1.741667 0.354545
v 2.181315 2.283333 0.872167
v 2.181015 1.935591 2.096061
v 2.180982 1.741667 2.481818
v 2.180832 1.934769 0.739750
v 2.179802 1.934711 2.096660
v 2.179626 1.933901 0.739167
v 2.179396 2.283333 1.962910
v 2.178587 1.933839 2.097245
v 2.178419 1.933041 0.738598
v 2.178218 1.933247 0.740038
v 2.177337 1.933256 2.096324
v 2.177211 1.932189 0.738044
v 2.173516 1.929354 0.736954
v 2.172598 1.929343 2.099425
v 2.171154 1.927449 0.735491
v 2.170218 1.927429 2.100895
v 2.168786 1.925574 0.734081
v 2.167879 2.065151 0.985859
v 2.167833 1.925545 2.102312
v 2.166783 1.600047 0.522614
v 2.166638 1.924614 2.103000
v 2.166562 2.065151 1.849445
v 2.166412 1.923730 0.732726
v 2.166246 1.600047 2.313750
v 2.165442 1.923691 2.103674
v 2.165223 1.922819 0.732068
v 2.164244 1.922775 2.104334
v 2.164033 1.921915 0.731425
v 2.163045 1.921867 2.104980
v 2.162842 1.921020 0.730796
v 2.161845 1.920968 2.105612
v 2.161650 1.920133 0.730180
v 2.160644 1.920076 2.106230
v 2.160456 1.919252 0.729579
v 2.159442 1.919192 2.106833
v 2.159262 1.918382 0.728991
v 2.158239 1.918317 2.107423
v 2.158067 1.917518 0.728418
v 2.157036 1.917449 2.107998
v 2.156871 1.916662 0.727859
v 2.155831 1.916590 2.108559
v 2.154477 1.914977 0.726784
v 2.153421 1.914897 2.109637
v 2.152081 1.913325 0.725768
v 2.151008 1.913238 2.110656
v 2.149683 1.911707 0.724809
v 2.148594 1.911613 2.111616
v 2.145985 1.908237 0.722578
v 2.145914 2.215625 0.773032
v 2.145030 1.908196 2.113822
v 2.144885 1.908577 0.723069
v 2.144807 1.907323 0.721917
v 2.143955 2.215625 2.062341
v 2.143843 1.907277 2.114486
v 2.143764 1.908468 2.113358
v 2.143629 1.906416 0.721270
v 2.142656 1.906365 2.115137
v 2.142449 1.905517 0.720636
v 2.141468 1.905462 2.115773
v 2.141268 1.904626 0.720017
v 2.140278 1.904567 2.116395
v 2.140087 1.903743 0.719411
v 2.139088 1.903679 2.117003
v 2.138905 1.902867 0.718819
v 2.137897 1.902801 2.117597
v 2.137722 1.902000 0.718242
v 2.136706 1.901930 2.118176
v 2.136538 1.901142 0.717678
v 2.135514 1.901067 2.118742
v 2.135016 2.283333 0.922414
v 2.133267 2.283333 1.912435
v 2.129865 1.951084 0.800763
v 2.128364 1.951073 2.035001
v 2.127891 1.894609 0.713804
v 2.126968 1.894576 2.122591
v 2.125562 1.892749 0.712434
v 2.124622 1.892706 2.123968
v 2.124396 1.891830 0.711769
v 2.123905 2.012500 0.531818
v 2.123447 1.891783 2.124636
v 2.123230 1.890921 0.711118
v 2.123065 2.012500 2.304546
v 2.122272 1.890868 2.125290
v 2.122061 1.890018 0.710480
v 2.121096 1.889961 2.125930
v 2.120893 1.889124 0.709857
v 2.119918 1.889062 2.126557
v 2.119723 1.888237 0.709247
v 2.118741 1.888172 2.127169
v 2.118553 1.887360 0.708651
v 2.117562 1.887289 2.127767
v 2.117383 1.886490 0.708069
v 2.116383 1.886415 2.128351
v 2.116211 1.885628 0.707502
v 2.115203 1.885550 2.128920
v 2.115039 1.884775 0.706948
v 2.114023 1.884693 2.129476
v 2.113867 1.883931 0.706409
v 2.112843 1.883845 2.130017
v 2.111522 1.882268 0.705374
v 2.110482 1.882174 2.131055
v 2.109176 1.880640 0.704396
v 2.108119 1.880539 2.132035
v 2.102835 1.875429 0.700969
v 2.101893 1.875376 2.135440
v 2.101679 1.874524 0.700328
v 2.100729 1.874465 2.136084
v 2.100523 1.873627 0.699700
v 2.099565 1.873563 2.136715
v 2.099366 1.872737 0.699087
v 2.098399 1.872669 2.137331
v 2.098208 1.871857 0.698487
v 2.097233 1.871784 2.137933
v 2.097050 1.870984 0.697901
v 2.096095 1.871458 0.699597
v 2.096066 1.870908 2.138521
v 2.095891 1.870120 0.697329
v 2.095274 1.871464 2.136767
v 2.094900 1.870039 2.139095
v 2.094733 1.869265 0.696772
v 2.093732 1.869180 2.139654
v 2.093573 1.868418 0.696228
v 2.092565 1.868329 2.140200
v 2.091563 1.867498 0.696464
v 2.090957 2.010638 0.532101
v 2.090707 1.867482 2.139918
v 2.089944 2.010600 2.304274
v 2.088717 2.283333 0.972660
v 2.087138 2.283333 1.861960
v 2.087012 1.863658 0.693538
v 2.086121 1.863622 2.142860
v 2.084731 1.861785 0.692154
v 2.083822 1.861738 2.144251
v 2.082446 1.859943 0.690823
v 2.081521 1.859887 2.145587
v 2.081303 1.859035 0.690179
v 2.080369 1.858974 2.146235
v 2.080159 1.858134 0.689547
v 2.079216 1.858069 2.146869
v 2.079014 1.857243 0.688930
v 2.078063 1.857173 2.147489
v 2.077869 1.856359 0.688326
v 2.076910 1.856285 2.148095
v 2.076724 1.855484 0.687737
v 2.075757 1.855406 2.148687
v 2.075578 1.854617 0.687161
v 2.074603 1.854534 2.149265
v 2.074432 1.853760 0.686599
v 2.073449 1.853672 2.149829
v 2.073286 1.852910 0.686051
v 2.072295 1.852819 2.150378
v 2.070994 1.851238 0.684999
v 2.069986 1.851139 2.151434
v 2.068701 1.849602 0.684003
v 2.067678 1.849495 2.152432
v 2.066410 1.848001 0.683065
v 2.065698 2.065151 1.091908
v 2.065371 1.847887 2.153373
v 2.064743 2.065151 1.742980
v 2.064214 2.147917 0.724143
v 2.064119 1.846437 0.682185
v 2.063065 1.846316 2.154254
v 2.062386 2.147917 2.111296
v 2.059868 1.894018 0.760713
v 2.059800 1.842648 0.679398
v 2.059544 1.843422 0.680600
v 2.058874 1.842581 2.157020
v 2.058669 1.841753 0.678777
v 2.058559 2.009270 0.535782
v 2.058461 1.843288 2.155839
v 2.058454 1.894001 2.075084
v 2.057734 1.841681 2.157643
v 2.057537 1.840867 0.678170
v 2.057384 2.009205 2.300572
v 2.056593 1.840791 2.158253
v 2.056589 1.947983 0.862951
v 2.056404 1.839990 0.677576
v 2.055453 1.839910 2.158849
v 2.055365 1.948062 1.972575
v 2.055272 1.839121 0.676997
v 2.054980 1.840559 0.679252
v 2.054312 1.839036 2.159431
v 2.054139 1.838261 0.676431
v 2.053869 1.840415 2.157184
v 2.053172 1.838172 2.159998
v 2.053006 1.837409 0.675880
v 2.052031 1.837317 2.160552
v 2.052002 2.065151 1.108076
v 2.051124 2.065151 1.726764
v 2.045906 1.835305 0.677278
v 2.044744 1.835146 2.159145
v 2.043358 1.832600 0.674829
v 2.042581 1.832600 2.161534
v 2.042459 1.134943 0.218182
v 2.042418 2.283333 1.022906
v 2.042403 1.134943 2.618182
v 2.041683 1.828984 0.670542
v 2.041010 2.283333 1.811485
v 2.040790 1.828925 2.165872
v 2.040164 2.065151 1.125635
v 2.039447 1.827166 0.669253
v 2.039354 2.065151 1.709175
v 2.038537 1.827097 2.167167
v 2.038329 1.826269 0.668628
v 2.037410 1.826196 2.167794
v 2.037210 1.825381 0.668017
v 2.036934 1.830703 0.676278
v 2.036283 1.825303 2.168407
v 2.036091 1.824501 0.667420
v 2.035727 1.830534 2.160122
v 2.035156 1.824419 2.169007
v 2.034972 1.823630 0.666837
v 2.034029 1.823544 2.169592
v 2.033853 1.822768 0.666268
v 2.032902 1.822677 2.170164
v 2.032733 1.821915 0.665712
v 2.031775 1.821819 2.170721
v 2.031614 1.821071 0.665171
v 2.030648 1.820971 2.171265
v 2.030495 1.820235 0.664643
v 2.030150 2.065151 1.144386
v 2.029521 1.820131 2.171794
v 2.029406 2.065151 1.690409
v 2.029376 1.819408 0.664130
v 2.028394 1.819302 2.172309
v 2.028258 1.818591 0.663630
v 2.028100 1.826774 0.676259
v 2.027268 1.818480 2.172809
v 2.027194 2.008434 0.542929
v 2.026854 1.826602 2.160105
v 2.026021 1.816984 0.662675
v 2.025876 2.008351 2.293369
v 2.025017 1.816866 2.173767
v 2.023787 1.815414 0.661776
v 2.022768 1.815289 2.174667
v 2.021931 2.065151 1.164128
v 2.021881 2.283333 1.047343
v 2.021248 2.065151 1.670664
v 2.020345 2.283333 1.786663
v 2.014678 1.808146 0.656682
v 2.013752 1.808057 2.179749
v 2.013573 1.807282 0.656109
v 2.012639 1.807189 2.180325
v 2.012467 1.806427 0.655549
v 2.011693 1.367496 0.370398
v 2.011525 1.806330 2.180886
v 2.011396 1.367496 2.465966
v 2.011362 1.805581 0.655004
v 2.010983 1.820988 0.679160
v 2.010745 2.065151 1.205780
v 2.010412 1.805480 2.181433
v 2.010257 1.804744 0.654473
v 2.010185 2.065151 1.629023
v 2.009683 1.820836 2.157101
v 2.009654 1.805682 0.656002
v 2.009300 1.804639 2.181966
v 2.009152 1.803916 0.653955
v 2.008860 1.805661 2.180384
v 2.008187 1.803806 2.182485
v 2.008048 1.803098 0.653452
v 2.007075 1.802984 2.182990
v 2.006352 2.065151 1.248987
v 2.006138 2.065151 1.417407
v 2.005924 2.065151 1.585830
v 2.005301 1.801798 0.653034
v 2.004473 1.801756 2.183367
v 2.003433 2.283333 1.073902
v 2.001964 2.283333 1.759895
v 2.000940 1.798044 0.650273
v 2.000921 1.470833 0.177273
v 2.000641 1.470833 2.659091
v 2.000079 1.797981 2.186142
v 1.998758 1.796218 0.648972
v 1.997955 2.147917 0.786834
v 1.997880 1.796145 2.187450
v 1.997335 2.008152 0.553515
v 1.996574 1.794425 0.647724
v 1.996275 2.147917 2.048404
v 1.995899 2.008064 2.282692
v 1.995681 1.794344 2.188703
v 1.994818 1.818009 0.685892
v 1.994391 1.792668 0.646531
v 1.993495 1.817906 2.150224
v 1.993482 1.792577 2.189902
v 1.993299 1.791802 0.645954
v 1.992382 1.791707 2.190480
v 1.992208 1.790946 0.645391
v 1.991283 1.790847 2.191045
v 1.991117 1.790098 0.644843
v 1.990184 1.789995 2.191596
v 1.990026 1.789260 0.644307
v 1.989973 1.836940 0.720510
v 1.989086 1.789152 2.192133
v 1.988935 1.788431 0.643786
v 1.988648 1.836918 2.115325
v 1.987988 1.788320 2.192656
v 1.987845 1.787611 0.643279
v 1.987388 2.283333 1.102303
v 1.986890 1.787496 2.193165
v 1.986755 1.786800 0.642786
v 1.986062 2.283333 1.731375
v 1.985793 1.786681 2.193659
v 1.985666 1.785998 0.642307
v 1.984696 1.785875 2.194139
v 1.984687 1.946516 0.927037
v 1.983578 1.946567 1.908312
v 1.983490 1.784424 0.641391
v 1.982514 2.080208 0.675254
v 1.982506 1.784294 2.195057
v 1.981316 1.782887 0.640532
v 1.980817 2.080208 2.160251
v 1.980319 1.782751 2.195917
v 1.979829 1.817809 0.696249
v 1.979146 1.781390 0.639730
v 1.978518 1.817782 2.139688
v 1.978135 1.781247 2.196719
v 1.974819 1.778512 0.638300
v 1.974110 1.777196 0.636384
v 1.974003 2.283333 1.132210
v 1.973782 1.778358 2.198148
v 1.973217 1.777103 2.200050
v 1.973032 1.776329 0.635804
v 1.972867 2.283333 1.701447
v 1.972173 1.741667 0.354545
v 1.972132 1.776232 2.200632
v 1.971955 1.775472 0.635238
v 1.971613 1.741667 2.481818
v 1.971047 1.775371 2.201200
v 1.970878 1.774623 0.634686
v 1.969963 1.774517 2.201754
v 1.969801 1.773783 0.634147
v 1.969422 2.008434 0.567413
v 1.968879 1.773673 2.202295
v 1.968726 1.772953 0.633622
v 1.967898 2.008351 2.268672
v 1.967795 1.772840 2.202821
v 1.967650 1.772132 0.633111
v 1.966712 1.772014 2.203334
v 1.966575 1.771319 0.632614
v 1.965630 1.771198 2.203832
v 1.965500 1.770517 0.632131
v 1.964548 1.770392 2.204317
v 1.963473 2.283333 1.163239
v 1.962524 2.283333 1.670419
v 1.958895 2.006847 1.073424
v 1.957939 2.006817 1.761540
v 1.955963 1.763493 0.627448
v 1.955901 2.283333 1.195062
v 1.955149 2.283333 1.638703
v 1.955102 1.763408 2.208982
v 1.953835 1.761730 0.626242
v 1.952960 1.761636 2.210193
v 1.952772 1.760862 0.625659
v 1.951889 1.760763 2.210778
v 1.951709 1.760003 0.625090
v 1.951351 2.283333 1.227271
v 1.950819 1.759900 2.211350
v 1.950778 2.283333 1.606720
v 1.950647 1.759153 0.624534
v 1.950041 1.600047 0.522614
v 1.949811 2.283333 1.259589
v 1.949749 1.759047 2.211908
v 1.949701 2.283333 1.338413
v 1.949591 2.283333 1.417237
v 1.949585 1.758313 0.623992
v 1.949504 1.600047 2.313750
v 1.949481 2.283333 1.496060
v 1.949371 2.283333 1.574884
v 1.948679 1.758202 2.212452
v 1.948523 1.757482 0.623464
v 1.947611 1.757366 2.212982
v 1.947462 1.756660 0.622949
v 1.946542 1.756540 2.213498
v 1.946402 1.755847 0.622448
v 1.945475 1.755724 2.214000
v 1.945342 1.755044 0.621961
v 1.944408 1.754917 2.214488
v 1.944283 1.754250 0.621488
v 1.943838 2.009270 0.584401
v 1.943354 1.877083 0.443182
v 1.943342 1.754120 2.214962
v 1.943224 1.753466 0.621029
v 1.942654 1.877083 2.393182
v 1.942277 1.753332 2.215422
v 1.942261 2.009205 2.251534
v 1.941111 1.751926 0.620153
v 1.940149 1.751786 2.216300
v 1.939001 1.750426 0.619334
v 1.938026 1.750279 2.217120
v 1.931695 2.147917 0.849526
v 1.931470 1.744542 0.614946
v 1.930597 1.744437 2.221495
v 1.930422 1.743691 0.614387
v 1.930165 2.147917 1.985512
v 1.929542 1.743583 2.222056
v 1.929375 1.742850 0.613842
v 1.928487 1.742737 2.222603
v 1.928328 1.742018 0.613310
v 1.927788 1.743906 0.615568
v 1.927433 1.741901 2.223136
v 1.927282 1.741195 0.612792
v 1.927057 1.743881 2.220820
v 1.926380 1.741075 2.223656
v 1.926237 1.740382 0.612288
v 1.925327 1.740257 2.224162
v 1.925191 1.739578 0.611797
v 1.924275 1.739450 2.224654
v 1.924148 1.738784 0.611320
v 1.923653 1.739997 0.612572
v 1.923225 1.738652 2.225132
v 1.923104 1.737999 0.610858
v 1.922889 1.739950 2.223833
v 1.922175 1.737864 2.225596
v 1.920893 2.010638 0.604175
v 1.920797 2.215625 0.998907
v 1.919513 1.736220 0.609777
v 1.919477 2.215625 1.835607
v 1.919302 2.010600 2.231586
v 1.918718 1.736153 2.226642
v 1.915374 1.732583 0.607187
v 1.914547 1.732495 2.229245
v 1.913305 1.730817 0.605971
v 1.912822 1.945122 0.991161
v 1.912464 1.730720 2.230466
v 1.911830 1.945148 1.844011
v 1.911238 1.729087 0.604807
v 1.910382 1.728981 2.231635
v 1.910205 1.728236 0.604246
v 1.909342 1.728126 2.232199
v 1.909173 1.727394 0.603697
v 1.908302 1.727280 2.232749
v 1.908141 1.726562 0.603162
v 1.907385 1.769423 0.672838
v 1.907263 1.726443 2.233286
v 1.907109 1.725739 0.602641
v 1.906225 1.725616 2.233809
v 1.906174 1.769403 2.163039
v 1.906079 1.724924 0.602133
v 1.905188 1.724798 2.234318
v 1.905049 1.724120 0.601639
v 1.904151 1.723990 2.234814
v 1.904020 1.723326 0.601159
v 1.903115 1.723192 2.235295
v 1.902992 1.722541 0.600692
v 1.902081 1.722404 2.235763
v 1.901965 1.721766 0.600239
v 1.901047 1.721625 2.236217
v 1.900939 1.721000 0.599800
v 1.900815 2.012500 0.626365
v 1.900014 1.720857 2.236657
v 1.899248 2.012500 2.209206
v 1.898890 1.719499 0.598964
v 1.897953 1.719348 2.237494
v 1.896845 1.718037 0.598183
v 1.895896 1.717880 2.238275
v 1.894806 1.716615 0.597459
v 1.893845 1.716454 2.238999
v 1.893456 2.002425 1.224421
v 1.893053 2.002424 1.610474
v 1.890746 1.713894 0.596181
v 1.889762 1.713723 2.240275
v 1.888977 1.711946 0.593558
v 1.888328 1.716323 0.598721
v 1.888124 1.711830 2.242890
v 1.887960 1.711112 0.593020
v 1.887671 1.716323 2.237642
v 1.887371 1.825514 0.789153
v 1.887101 1.710993 2.243430
v 1.886944 1.710289 0.592495
v 1.886712 1.711339 0.595131
v 1.886301 1.825584 2.046451
v 1.886077 1.710166 2.243956
v 1.885928 1.709475 0.591984
v 1.885707 1.711161 2.241320
v 1.885056 1.709348 2.244468
v 1.884914 1.708671 0.591487
v 1.884034 1.708539 2.244967
v 1.883900 1.707875 0.591003
v 1.883014 1.707741 2.245453
v 1.882887 1.707090 0.590533
v 1.881995 1.706952 2.245924
v 1.881876 1.706315 0.590076
v 1.880977 1.706173 2.246382
v 1.880865 1.705549 0.589633
v 1.879960 1.705404 2.246825
v 1.878740 1.706737 0.593723
v 1.877698 1.706549 2.242711
v 1.870921 1.702828 0.593243
v 1.870792 1.698197 0.584545
v 1.869972 1.698090 2.251899
v 1.869849 1.702639 2.243163
v 1.868787 1.696504 0.583423
v 1.867953 1.696387 2.253025
v 1.867786 1.695670 0.582883
v 1.866945 1.695550 2.253568
v 1.866786 1.694847 0.582355
v 1.865937 1.694723 2.254097
v 1.865786 1.694033 0.581841
v 1.865436 2.147917 0.912217
v 1.864931 1.693905 2.254613
v 1.864786 1.693229 0.581340
v 1.864054 2.147917 1.922621
v 1.863925 1.693096 2.255115
v 1.863788 1.692433 0.580853
v 1.862920 1.692298 2.255604
v 1.862791 1.691648 0.580379
v 1.861917 1.691509 2.256079
v 1.861794 1.690873 0.579919
v 1.860914 1.690730 2.256540
v 1.860799 1.690107 0.579473
v 1.859913 1.689961 2.256987
v 1.859805 1.689352 0.579040
v 1.858912 1.689202 2.257421
v 1.858812 1.688606 0.578621
v 1.857913 1.688454 2.257841
v 1.856830 1.687144 0.577823
v 1.856603 1.134943 0.218182
v 1.856546 1.134943 2.618182
v 1.855919 1.686986 2.258639
v 1.854853 1.685722 0.577082
v 1.853931 1.685559 2.259381
v 1.852205 1.948466 1.054592
v 1.851249 1.948406 1.780453
v 1.846634 1.679413 0.572221
v 1.845805 1.679288 2.264232
v 1.845650 1.678599 0.571704
v 1.844813 1.678470 2.264751
v 1.844666 1.677794 0.571200
v 1.843823 1.677662 2.265257
v 1.843683 1.677000 0.570710
v 1.842834 1.676864 2.265748
v 1.842702 1.676215 0.570233
v 1.841846 1.676075 2.266227
v 1.841721 1.675440 0.569769
v 1.840860 1.675296 2.266691
v 1.840742 1.674674 0.569319
v 1.839874 1.674527 2.267143
v 1.839763 1.673919 0.568882
v 1.838890 1.673769 2.267580
v 1.838786 1.673173 0.568459
v 1.838162 1.674474 0.569336
v 1.837906 1.673019 2.268004
v 1.837434 1.674402 2.267086
v 1.834264 1.670833 0.566718
v 1.833508 1.670741 2.269717
v 1.831123 1.946002 1.074005
v 1.830372 1.667336 0.564302
v 1.830132 1.945904 1.760925
v 1.829587 1.667226 2.272144
v 1.828430 1.665642 0.563171
v 1.827947 2.215625 1.233089
v 1.827631 1.665524 2.273279
v 1.827536 2.215625 1.601502
v 1.826490 1.663986 0.562092
v 1.825679 1.663860 2.274362
v 1.825521 1.663173 0.561572
v 1.824857 1.701904 0.625072
v 1.824704 1.663043 2.274884
v 1.824553 1.662369 0.561066
v 1.823761 1.701884 2.210850
v 1.823730 1.662235 2.275392
v 1.823586 1.661574 0.560572
v 1.822756 1.661437 2.275887
v 1.822620 1.660789 0.560092
v 1.821784 1.660649 2.276368
v 1.821656 1.660015 0.559625
v 1.820813 1.659871 2.276836
v 1.820692 1.659250 0.559172
v 1.820301 1.200000 2.836364
v 1.820301 1.200000 0.000000
v 1.819843 1.659102 2.277291
v 1.819729 1.658495 0.558732
v 1.819115 1.944792 0.577476
v 1.818875 1.658344 2.277732
v 1.818768 1.657749 0.558305
v 1.817908 1.657596 2.278159
v 1.817807 1.657014 0.557892
v 1.817678 1.944792 2.258161
v 1.816942 1.656857 2.278573
v 1.816849 1.656289 0.557492
v 1.815977 1.656129 2.278973
v 1.814935 1.654869 0.556733
v 1.814595 2.012500 0.701501
v 1.814053 1.654704 2.279732
v 1.813155 2.012500 2.133898
v 1.813027 1.653490 0.556029
v 1.812134 1.653319 2.280436
v 1.811626 1.944167 1.101252
v 1.811126 1.652152 0.555380
v 1.810882 1.944125 1.733703
v 1.810223 1.651978 2.281084
v 1.807344 1.649602 0.554247
v 1.806422 1.649419 2.282214
v 1.805560 1.648441 2.284486
v 1.804601 1.647624 2.285010
v 1.804448 1.646951 0.550938
v 1.803643 1.646817 2.285521
v 1.803497 1.646157 0.550441
v 1.802686 1.646019 2.286019
v 1.802547 1.645373 0.549958
v 1.801730 1.645232 2.286503
v 1.801598 1.644599 0.549488
v 1.800775 1.644454 2.286974
v 1.800650 1.643834 0.549031
v 1.799821 1.643686 2.287432
v 1.799703 1.643080 0.548588
v 1.799177 2.147917 0.974908
v 1.798868 1.642928 2.287877
v 1.798758 1.642335 0.548158
v 1.797944 2.147917 1.859729
v 1.797917 1.642180 2.288308
v 1.797813 1.641601 0.547741
v 1.797375 1.824286 0.864927
v 1.796968 1.641443 2.288725
v 1.796870 1.640876 0.547337
v 1.796507 1.942538 1.132369
v 1.796402 1.824331 1.970522
v 1.796070 1.942549 1.702960
v 1.796019 1.640716 2.289129
v 1.789229 1.636391 2.292367
v 1.787337 1.634691 2.293511
v 1.786426 1.941193 1.165758
v 1.786222 1.633157 0.541852
v 1.786059 1.941219 1.669614
v 1.785449 1.633030 2.294603
v 1.784505 1.632214 2.295130
v 1.784350 1.631541 0.540815
v 1.783564 1.631407 2.295644
v 1.783415 1.630749 0.540316
v 1.782622 1.630610 2.296144
v 1.782481 1.629965 0.539830
v 1.781682 1.629824 2.296632
v 1.781548 1.629191 0.539357
v 1.780996 2.149233 0.998891
v 1.780744 1.629046 2.297106
v 1.780616 1.628428 0.538898
v 1.780560 1.939699 1.199857
v 1.780481 1.939708 1.308654
v 1.780399 1.939714 1.417467
v 1.780317 1.939721 1.526279
v 1.780181 1.939698 1.635120
v 1.779806 1.628279 2.297567
v 1.779685 1.627674 0.538451
v 1.779656 2.149255 1.835369
v 1.778870 1.627522 2.298015
v 1.778756 1.626930 0.538017
v 1.777935 1.626775 2.298449
v 1.777827 1.626196 0.537597
v 1.777001 1.626038 2.298870
v 1.776900 1.625472 0.537190
v 1.776069 1.625311 2.299278
v 1.775974 1.624758 0.536796
v 1.775138 1.624595 2.299672
v 1.775050 1.624055 0.536415
v 1.774209 1.623888 2.300053
v 1.773206 1.622678 0.535695
v 1.772354 1.622507 2.300774
v 1.771369 1.621343 0.535028
v 1.770507 1.621167 2.301440
v 1.764221 2.150202 1.024997
v 1.764178 1.620477 0.534788
v 1.763576 1.620447 2.301603
v 1.763492 1.616005 2.305760
v 1.762936 2.150228 1.809056
v 1.762804 1.741667 0.354545
v 1.762567 1.615210 2.306263
v 1.762422 1.614566 0.529709
v 1.762244 1.741667 2.481818
v 1.761643 1.614424 2.306753
v 1.761505 1.613792 0.529234
v 1.760721 1.613647 2.307230
v 1.760589 1.613029 0.528771
v 1.759799 1.612882 2.307695
v 1.759675 1.612277 0.528321
v 1.758879 1.612125 2.308146
v 1.758761 1.611534 0.527884
v 1.757960 1.611379 2.308583
v 1.757849 1.610801 0.527460
v 1.757043 1.610642 2.309008
v 1.756938 1.610078 0.527050
v 1.756886 1.612806 0.528953
v 1.756226 1.612733 2.307470
v 1.756127 1.609917 2.309419
v 1.756029 1.609365 0.526652
v 1.755212 1.609201 2.309817
v 1.755120 1.608662 0.526268
v 1.754299 1.608496 2.310201
v 1.753243 1.609178 0.526319
v 1.752557 1.609085 2.310118
v 1.749608 1.605694 0.523878
v 1.749144 2.150796 1.052927
v 1.748896 1.605583 2.312569
v 1.747978 2.150818 1.781008
v 1.747069 1.603888 2.313720
v 1.745983 1.602358 0.521636
v 1.745601 1.890025 1.035488
v 1.745246 1.602231 2.314820
v 1.744646 1.889935 1.799643
v 1.744174 1.600747 0.520590
v 1.743427 1.600613 2.315870
v 1.742518 1.599817 2.316375
v 1.742371 1.599174 0.519595
v 1.742370 1.634385 0.577237
v 1.741611 1.599032 2.316868
v 1.741470 1.598403 0.519116
v 1.741389 1.634366 2.258731
v 1.740705 1.598258 2.317348
v 1.740571 1.597641 0.518651
v 1.739800 1.597492 2.317815
v 1.739672 1.596889 0.518198
v 1.738896 1.596738 2.318269
v 1.738775 1.596148 0.517758
v 1.737994 1.595992 2.318710
v 1.737879 1.595415 0.517331
v 1.737415 1.877083 0.528587
v 1.737093 1.595257 2.319138
v 1.736984 1.594693 0.516917
v 1.736193 1.594532 2.319552
v 1.736109 1.877083 2.307116
v 1.736091 1.593981 0.516516
v 1.736017 2.150998 1.082317
v 1.735295 1.593818 2.319954
v 1.735198 1.593279 0.516128
v 1.735012 2.151012 1.751595
v 1.734398 1.593113 2.320342
v 1.734308 1.592587 0.515753
v 1.733960 1.739189 0.354133
v 1.733419 1.591906 0.515391
v 1.733298 1.600047 0.522614
v 1.733254 1.739140 2.482255
v 1.732761 1.600047 2.313750
v 1.732608 1.591735 2.321079
v 1.731645 1.590574 0.514707
v 1.730826 1.590399 2.321763
v 1.729878 1.589283 0.514076
v 1.729050 1.589104 2.322393
v 1.728374 2.012500 0.776638
v 1.728118 1.588035 0.513498
v 1.727281 1.587852 2.322969
v 1.727063 2.012500 2.058590
v 1.725047 2.150805 1.112756
v 1.724619 1.585663 0.512502
v 1.724196 2.150809 1.721157
v 1.723767 1.585475 2.323961
v 1.721153 1.583463 0.511721
v 1.720559 1.582261 0.508538
v 1.720287 1.583271 2.324735
v 1.719809 1.582113 2.327929
v 1.719677 1.581511 0.508082
v 1.718921 1.581359 2.328385
v 1.718894 1.702830 0.714116
v 1.718796 1.580770 0.507639
v 1.718035 1.580615 2.328829
v 1.717992 1.702891 2.121591
v 1.717916 1.580039 0.507209
v 1.717465 1.367496 0.370398
v 1.717168 1.367496 2.465966
v 1.717151 1.579882 2.329260
v 1.717038 1.579318 0.506792
v 1.716352 2.150216 1.143885
v 1.716267 1.579158 2.329678
v 1.716161 1.578608 0.506387
v 1.715670 2.150212 1.690134
v 1.715385 1.578444 2.330083
v 1.715285 1.577907 0.505996
v 1.714505 1.577741 2.330475
v 1.714411 1.577216 0.505617
v 1.714329 1.579583 0.510805
v 1.713538 1.576535 0.505252
v 1.713440 1.579389 2.325630
v 1.710027 2.149248 1.175265
v 1.709503 2.149240 1.658977
v 1.707669 1.576408 0.510755
v 1.707402 1.823107 0.940725
v 1.706764 1.576221 2.325650
v 1.706526 1.823130 1.894566
v 1.706084 2.147917 1.206589
v 1.705988 2.147917 1.311972
v 1.705948 1.737377 0.356621
v 1.705892 2.147917 1.417355
v 1.705796 2.147917 1.522738
v 1.705700 2.147917 1.628121
v 1.705112 1.737290 2.479765
v 1.705071 1.571465 2.335013
v 1.703319 1.569852 2.336070
v 1.702289 1.568419 0.499386
v 1.701570 1.568277 2.337078
v 1.701312 1.470833 0.177273
v 1.701195 1.573947 0.511567
v 1.701032 1.470833 2.659091
v 1.700555 1.566891 0.498432
v 1.700282 1.573773 2.324799
v 1.699825 1.566743 2.338035
v 1.699689 1.566141 0.497973
v 1.698954 1.565990 2.338494
v 1.698825 1.565402 0.497528
v 1.698084 1.565248 2.338941
v 1.697962 1.564672 0.497095
v 1.697217 1.564515 2.339375
v 1.697100 1.563952 0.496674
v 1.696350 1.563793 2.339796
v 1.696239 1.563243 0.496267
v 1.695484 1.563081 2.340204
v 1.695379 1.562544 0.495872
v 1.694928 1.572204 0.513232
v 1.694620 1.562379 2.340600
v 1.694521 1.561854 0.495490
v 1.694014 1.572052 2.323086
v 1.693757 1.561687 2.340982
v 1.693665 1.561175 0.495120
v 1.692896 1.561005 2.341352
v 1.691956 1.559847 0.494420
v 1.691178 1.559672 2.342051
v 1.690252 1.558560 0.493772
v 1.689467 1.558382 2.342699
v 1.688889 1.571176 0.515738
v 1.688556 1.557316 0.493176
v 1.687980 1.571054 2.320524
v 1.687763 1.557134 2.343294
v 1.683093 1.570859 0.519063
v 1.682198 1.570774 2.317134
v 1.679137 1.736272 0.362068
v 1.678862 1.550043 0.487424
v 1.678193 1.736163 2.474288
v 1.678142 1.549890 2.349045
v 1.678015 1.549315 0.486988
v 1.677557 1.571240 0.523183
v 1.677556 2.080208 0.950909
v 1.677290 1.549159 2.349482
v 1.677169 1.548597 0.486564
v 1.676682 1.571200 2.312942
v 1.676439 1.548438 2.349906
v 1.676411 2.080208 1.883851
v 1.676325 1.547889 0.486154
v 1.675591 1.547728 2.350317
v 1.675481 1.547191 0.485756
v 1.674743 1.547027 2.350716
v 1.674640 1.546503 0.485370
v 1.673897 1.546336 2.351102
v 1.673799 1.545825 0.484997
v 1.673052 1.545655 2.351475
v 1.670746 1.134943 0.218182
v 1.670690 1.134943 2.618182
v 1.668940 1.544165 0.483540
v 1.668303 1.544055 2.352908
v 1.667663 1.876972 1.175295
v 1.667311 1.876972 1.659767
v 1.665583 1.540856 0.481276
v 1.664923 1.540730 2.355181
v 1.663238 1.539124 2.356244
v 1.662237 1.537698 0.479204
v 1.661556 1.537559 2.357260
v 1.660569 1.536177 0.478241
v 1.659904 1.566870 0.529362
v 1.659879 1.536030 2.358225
v 1.659039 1.566852 2.306652
v 1.658906 1.534695 0.477327
v 1.658206 1.534542 2.359142
v 1.658075 1.533968 0.476889
v 1.657371 1.533813 2.359581
v 1.657246 1.533252 0.476462
v 1.656537 1.533093 2.360008
v 1.656418 1.532545 0.476049
v 1.655715 1.809375 0.479698
v 1.655705 1.532384 2.360423
v 1.655591 1.531848 0.475647
v 1.654874 1.531685 2.360824
v 1.654766 1.531161 0.475259
v 1.654540 1.809375 2.356071
v 1.654044 1.530995 2.361214
v 1.653942 1.530485 0.474882
v 1.653878 1.735901 0.370463
v 1.653216 1.530317 2.361590
v 1.653119 1.529819 0.474519
v 1.652853 1.735785 2.465837
v 1.652389 1.529649 2.361954
v 1.652298 1.529162 0.474167
v 1.651564 1.528990 2.362305
v 1.650660 1.527881 0.473503
v 1.649918 1.527704 2.362969
v 1.649027 1.526641 0.472889
v 1.648278 1.526461 2.363582
v 1.647401 1.525441 0.472326
v 1.646645 1.525259 2.364144
v 1.645782 1.524284 0.471814
v 1.645020 1.524099 2.364654
v 1.642566 1.522097 0.470944
v 1.642155 2.012500 0.851774
v 1.641791 1.521908 2.365518
v 1.640970 2.012500 1.983282
v 1.639060 1.831542 1.016187
v 1.638106 1.831423 1.819032
v 1.637331 1.517916 0.466368
v 1.636643 1.517758 2.370102
v 1.636519 1.517211 0.465952
v 1.635827 1.517051 2.370519
v 1.635709 1.516516 0.465547
v 1.635013 1.516354 2.370924
v 1.634900 1.515831 0.465155
v 1.634200 1.515666 2.371317
v 1.634092 1.515156 0.464776
v 1.633388 1.514989 2.371697
v 1.633286 1.514491 0.464408
v 1.632577 1.514322 2.372064
v 1.632481 1.513836 0.464054
v 1.631768 1.513665 2.372419
v 1.631234 1.877083 0.616168
v 1.630491 1.736272 0.381719
v 1.630035 1.877083 2.219392
v 1.629413 1.736163 2.454497
v 1.619015 1.504025 0.457156
v 1.618357 1.503875 2.379312
v 1.617423 1.502589 0.456282
v 1.616756 1.502434 2.380188
v 1.616628 1.501886 0.455862
v 1.615957 1.501728 2.380608
v 1.615834 1.501193 0.455455
v 1.615159 1.501033 2.381016
v 1.615042 1.500510 0.455060
v 1.614363 1.500347 2.381412
v 1.614251 1.499837 0.454678
v 1.613567 1.499672 2.381795
v 1.613461 1.499174 0.454307
v 1.612774 1.499006 2.382165
v 1.612672 1.498521 0.453949
v 1.611981 1.498351 2.382524
v 1.611885 1.497878 0.453603
v 1.611190 1.497706 2.382870
v 1.611098 1.497245 0.453269
v 1.610711 1.701780 0.801529
v 1.610400 1.497071 2.383204
v 1.609884 1.701820 2.034041
v 1.609530 1.496010 0.452639
v 1.609251 1.737377 0.395683
v 1.608826 1.495833 2.383833
v 1.608151 1.737290 2.440426
v 1.607968 1.494816 0.452058
v 1.607257 1.494637 2.384413
v 1.607084 1.822043 1.030451
v 1.606412 1.493663 0.451527
v 1.606236 1.821959 1.804670
v 1.605695 1.493482 2.384942
v 1.595967 1.485882 0.445372
v 1.595313 1.485723 2.391099
v 1.595191 1.485200 0.444974
v 1.594542 1.489713 0.448368
v 1.594533 1.485039 2.391498
v 1.594417 1.484529 0.444588
v 1.594023 1.489641 2.388054
v 1.593755 1.484365 2.391884
v 1.593643 1.483868 0.444214
v 1.592978 1.483702 2.392258
v 1.592870 1.483216 0.443853
v 1.592202 1.483048 2.392620
v 1.592099 1.482574 0.443503
v 1.591427 1.482405 2.392969
v 1.591330 1.481943 0.443166
v 1.590654 1.481771 2.393307
v 1.590374 1.739189 0.412136
v 1.589285 1.739140 2.423844
v 1.588876 1.820609 1.056226
v 1.588365 1.482750 0.443288
v 1.588252 1.820580 1.778919
v 1.587804 1.482644 2.393157
v 1.585285 1.479483 0.441015
v 1.584704 1.479362 2.395439
v 1.584221 2.080208 1.180089
v 1.583864 2.080208 1.654739
v 1.582253 1.606250 0.265909
v 1.582214 1.476363 0.438924
v 1.581833 1.606250 2.570455
v 1.581614 1.476229 2.397538
v 1.579154 1.473394 0.437017
v 1.578537 1.473248 2.399450
v 1.578268 1.483771 0.446506
v 1.577851 1.483771 2.389858
v 1.577629 1.471968 0.436133
v 1.577440 1.499361 0.481472
v 1.577004 1.471815 2.400336
v 1.576690 1.499346 2.354589
v 1.576107 1.470580 0.435296
v 1.575475 1.470423 2.401174
v 1.575348 1.469900 0.434896
v 1.574712 1.469741 2.401575
v 1.574590 1.469232 0.434507
v 1.574015 1.741667 0.430809
v 1.573950 1.469069 2.401964
v 1.573833 1.468572 0.434130
v 1.573786 1.818812 1.085931
v 1.573454 1.818840 1.749571
v 1.573189 1.468408 2.402341
v 1.573077 1.467922 0.433765
v 1.572970 1.741667 2.405026
v 1.572430 1.467756 2.402707
v 1.572322 1.467282 0.433412
v 1.571671 1.467114 2.403060
v 1.571568 1.466653 0.433071
v 1.570915 1.466483 2.403401
v 1.570816 1.466033 0.432742
v 1.570159 1.465862 2.403729
v 1.570065 1.465424 0.432425
v 1.569405 1.465251 2.404046
v 1.568567 1.464235 0.431827
v 1.567901 1.464060 2.404643
v 1.567074 1.463088 0.431278
v 1.566402 1.462911 2.405191
v 1.565587 1.461982 0.430777
v 1.564910 1.461802 2.405690
v 1.564106 1.460917 0.430324
v 1.563425 1.460735 2.406140
v 1.562538 1.816754 1.117950
v 1.562269 1.816799 1.717594
v 1.561165 1.458911 0.429566
v 1.560474 1.458728 2.406892
v 1.558252 1.457073 0.429003
v 1.557554 1.456891 2.407447
v 1.555934 2.012500 0.926910
v 1.554878 2.012500 1.907974
v 1.554770 1.453944 0.424435
v 1.554767 1.814246 1.150733
v 1.554699 1.814254 1.284128
v 1.554628 1.814260 1.417546
v 1.554556 1.814265 1.550964
v 1.554440 1.814246 1.684415
v 1.554152 1.453785 2.412036
v 1.554030 1.453286 0.424055
v 1.553409 1.453125 2.412416
v 1.553290 1.452639 0.423687
v 1.552666 1.452476 2.412784
v 1.552552 1.452002 0.423331
v 1.552519 1.453908 0.428466
v 1.551924 1.451836 2.413141
v 1.551815 1.451373 0.422986
v 1.551811 1.453732 2.407961
v 1.551183 1.451206 2.413485
v 1.551078 1.450756 0.422653
v 1.551004 1.579973 0.638103
v 1.550444 1.450587 2.413818
v 1.550344 1.450148 0.422333
v 1.550282 1.580025 2.197725
v 1.549706 1.449978 2.414138
v 1.546926 1.451427 0.428713
v 1.546215 1.451263 2.407684
v 1.541491 1.449636 0.429737
v 1.540781 1.449492 2.406622
v 1.539442 2.014760 0.950304
v 1.538287 2.014797 1.884212
v 1.536409 1.440007 0.415171
v 1.536227 1.448532 0.431529
v 1.535820 1.439855 2.421298
v 1.535526 1.448417 2.404785
v 1.534958 1.438668 0.414371
v 1.534362 1.438511 2.422098
v 1.534235 1.438012 0.413989
v 1.533635 1.437854 2.422481
v 1.533511 1.437366 0.413617
v 1.532909 1.437206 2.422853
v 1.532789 1.436731 0.413258
v 1.532184 1.436568 2.423212
v 1.532068 1.436106 0.412910
v 1.531460 1.435941 2.423560
v 1.531348 1.435490 0.412574
v 1.531150 1.448112 0.434073
v 1.530736 1.435324 2.423896
v 1.530629 1.434883 0.412250
v 1.530465 1.448030 2.402189
v 1.530015 1.434716 2.424221
v 1.529195 1.433702 0.411636
v 1.528575 1.433531 2.424834
v 1.527765 1.432560 0.411069
v 1.527140 1.432387 2.425400
v 1.526341 1.431458 0.410549
v 1.526273 1.448365 0.437350
v 1.525711 1.431284 2.425918
v 1.525609 1.448324 2.398854
v 1.525054 1.877083 0.703750
v 1.524922 1.430397 0.410076
v 1.524287 1.430222 2.426389
v 1.523961 1.877083 2.131667
v 1.523853 2.016426 0.975855
v 1.522740 2.016471 1.858457
v 1.516805 1.764375 0.993872
v 1.515927 1.764261 1.841439
v 1.509448 2.017450 1.003249
v 1.508431 2.017488 1.830946
v 1.502542 1.700764 0.888960
v 1.502297 1.415174 0.398757
v 1.501791 1.700784 1.946473
v 1.501781 1.415047 2.437699
v 1.499515 1.412251 0.396831
v 1.498982 1.412113 2.439631
v 1.496739 1.409477 0.395080
v 1.496479 2.017800 1.032099
v 1.496194 1.409330 2.441386
v 1.495598 2.017825 1.802072
v 1.495356 1.408148 0.394271
v 1.494963 1.431865 0.433589
v 1.494804 1.407996 2.442196
v 1.494328 1.431851 2.402519
v 1.493975 1.406856 0.393506
v 1.493418 1.406701 2.442961
v 1.492598 1.405602 0.392787
v 1.492315 1.673958 0.381920
v 1.492034 1.405444 2.443681
v 1.491402 1.673958 2.453981
v 1.491223 1.404388 0.392112
v 1.490655 1.404227 2.444355
v 1.489853 1.403214 0.391483
v 1.489279 1.403049 2.444984
v 1.488486 1.402079 0.390899
v 1.487907 1.401912 2.445567
v 1.487123 1.400983 0.390361
v 1.486541 1.400814 2.446104
v 1.485766 1.399926 0.389869
v 1.485179 1.399757 2.446594
v 1.485163 2.017466 1.061966
v 1.484890 1.134943 0.218182
v 1.484834 1.134943 2.618182
v 1.484413 1.398911 0.389422
v 1.484409 2.017473 1.772205
v 1.483822 1.398741 2.447038
v 1.483065 1.397935 0.389022
v 1.482471 1.397764 2.447436
v 1.480385 1.396107 0.388359
v 1.479784 1.395936 2.448092
v 1.475638 2.016452 1.092459
v 1.475027 2.016445 1.741815
v 1.468024 2.014786 1.123111
v 1.467554 2.014771 1.711380
v 1.462358 2.012500 1.153589
v 1.462276 2.012500 1.285531
v 1.462193 2.012500 1.417473
v 1.462111 2.012500 1.549415
v 1.462029 2.012500 1.681357
v 1.454467 1.376390 0.373432
v 1.453955 1.376241 2.463032
v 1.453156 1.375146 0.372701
v 1.452638 1.374994 2.463763
v 1.451846 1.373940 0.372014
v 1.451324 1.373786 2.464451
v 1.450539 1.372773 0.371371
v 1.450011 1.372617 2.465094
v 1.449235 1.371645 0.370771
v 1.448704 1.371486 2.465692
v 1.447935 1.370555 0.370216
v 1.447874 1.741667 0.530835
v 1.447399 1.370395 2.466246
v 1.446915 1.741667 2.304885
v 1.446638 1.369504 0.369705
v 1.446098 1.369343 2.466756
v 1.445345 1.368493 0.369238
v 1.444801 1.368330 2.467221
v 1.444056 1.367521 0.368815
v 1.443509 1.367358 2.467641
v 1.441870 1.751520 1.126173
v 1.441569 1.751520 1.709064
v 1.434314 1.944792 0.902911
v 1.433345 1.944792 1.932096
v 1.432461 1.366955 0.368036
v 1.432088 1.366892 2.468378
v 1.430451 1.200000 2.836364
v 1.430451 1.200000 0.000000
v 1.427480 1.360275 0.363060
v 1.427074 1.360184 2.473374
v 1.424562 1.579053 0.737119
v 1.423890 1.579085 2.098593
v 1.423238 1.367496 0.370398
v 1.422940 1.367496 2.465966
v 1.422482 1.354131 0.358709
v 1.422049 1.354015 2.477740
v 1.419981 1.351266 0.356774
v 1.419537 1.351141 2.479681
v 1.418873 1.877083 0.791331
v 1.417886 1.877083 2.043943
v 1.417482 1.348544 0.355002
v 1.417026 1.348412 2.481456
v 1.414987 1.345968 0.353395
v 1.414519 1.345827 2.483065
v 1.413740 1.344735 0.352654
v 1.413269 1.344591 2.483806
v 1.412496 1.343539 0.351956
v 1.412458 1.364383 0.385731
v 1.412020 1.343392 2.484505
v 1.411937 1.364372 2.450422
v 1.411253 1.342381 0.351299
v 1.410772 1.342232 2.485161
v 1.410616 1.606250 0.333031
v 1.410012 1.341259 0.350685
v 1.409832 1.606250 2.502936
v 1.409528 1.341109 2.485775
v 1.408772 1.340177 0.350113
v 1.408285 1.340024 2.486346
v 1.407537 1.339131 0.349584
v 1.407045 1.338978 2.486873
v 1.406302 1.338125 0.349097
v 1.405808 1.337971 2.487358
v 1.405072 1.337156 0.348654
v 1.404574 1.337003 2.487800
v 1.403844 1.336227 0.348253
v 1.403344 1.336073 2.488198
v 1.402619 1.335337 0.347895
v 1.402117 1.335183 2.488553
v 1.401703 1.470833 0.177273
v 1.401423 1.470833 2.659091
v 1.400181 1.333673 0.347309
v 1.399675 1.333521 2.489132
v 1.397758 1.332167 0.346895
v 1.397250 1.332018 2.489538
v 1.394590 1.697183 0.971425
v 1.393790 1.697075 1.863980
v 1.392968 1.329629 0.346583
v 1.392459 1.329491 2.489828
v 1.388262 1.327726 0.346958
v 1.387756 1.327604 2.489425
v 1.383652 1.326460 0.348012
v 1.383548 1.456982 0.561381
v 1.383155 1.326361 2.488338
v 1.383013 1.457023 2.274582
v 1.382141 1.697652 0.986821
v 1.381430 1.697578 1.848493
v 1.379151 1.325825 0.349735
v 1.378668 1.325754 2.486576
v 1.378592 1.468980 0.176976
v 1.378223 1.468943 2.659408
v 1.374772 1.325815 0.352112
v 1.374307 1.325779 2.484155
v 1.373173 1.313185 0.331938
v 1.372743 1.313047 2.504518
v 1.371993 1.312036 0.331269
v 1.371560 1.311896 2.505186
v 1.370814 1.310923 0.330641
v 1.370378 1.310781 2.505814
v 1.369637 1.309847 0.330054
v 1.369197 1.309705 2.506401
v 1.368461 1.308808 0.329507
v 1.368018 1.308664 2.506946
v 1.367286 1.307807 0.329002
v 1.366840 1.307662 2.507449
v 1.366113 1.306843 0.328538
v 1.365664 1.306698 2.507912
v 1.364942 1.305917 0.328115
v 1.364809 1.696345 1.010981
v 1.364491 1.305772 2.508332
v 1.364298 1.696326 1.824354
v 1.363772 1.305028 0.327733
v 1.363319 1.304883 2.508711
v 1.356118 1.467628 0.178873
v 1.355675 1.467565 2.657516
v 1.349771 1.694368 1.039236
v 1.349538 1.694407 1.796440
v 1.340495 1.944792 1.127089
v 1.340193 1.944792 1.707975
v 1.338329 1.287785 0.315067
v 1.337963 1.287669 2.521379
v 1.337809 1.691840 1.069960
v 1.337625 1.691897 1.765759
v 1.336104 1.285262 0.313437
v 1.335730 1.285140 2.523011
v 1.334529 1.466807 0.183000
v 1.334025 1.466726 2.653378
v 1.333875 1.282878 0.311961
v 1.333492 1.282751 2.524488
v 1.332759 1.281738 0.311281
v 1.332374 1.281610 2.525168
v 1.331643 1.280635 0.310640
v 1.331254 1.280505 2.525809
v 1.330526 1.279567 0.310038
v 1.330134 1.279435 2.526410
v 1.329911 1.296920 0.337918
v 1.329502 1.296913 2.498279
v 1.329411 1.278535 0.309475
v 1.329016 1.278402 2.526972
v 1.328973 1.688793 1.101614
v 1.328917 1.688800 1.259611
v 1.328916 1.538541 0.284142
v 1.328856 1.688805 1.417634
v 1.328795 1.688809 1.575657
v 1.328699 1.688794 1.733714
v 1.328294 1.277539 0.308952
v 1.328263 1.538541 2.551891
v 1.327897 1.277406 2.527494
v 1.327178 1.276580 0.308468
v 1.326778 1.276445 2.527976
v 1.326062 1.275657 0.308024
v 1.325662 1.275522 2.528419
v 1.324947 1.274770 0.307619
v 1.324545 1.274636 2.528821
v 1.323834 1.273920 0.307254
v 1.323430 1.273787 2.529183
v 1.322721 1.273108 0.306929
v 1.322316 1.272976 2.529506
v 1.321733 1.741667 0.630862
v 1.320858 1.741667 2.204745
v 1.320500 1.271593 0.306397
v 1.320093 1.271464 2.530030
v 1.314057 1.466532 0.189349
v 1.313511 1.466445 2.647002
v 1.312693 1.877083 0.878912
v 1.311811 1.877083 1.956218
v 1.299033 1.134943 0.218182
v 1.298977 1.134943 2.618182
v 1.298127 1.578156 0.836147
v 1.297509 1.578171 1.999448
v 1.297215 1.879912 0.901581
v 1.296235 1.879959 1.933193
v 1.294919 1.466807 0.197866
v 1.294350 1.466726 2.638443
v 1.292496 1.250397 0.290683
v 1.292155 1.250278 2.545759
v 1.291440 1.249337 0.290068
v 1.291097 1.249218 2.546374
v 1.290383 1.248313 0.289490
v 1.290037 1.248192 2.546951
v 1.289325 1.247323 0.288949
v 1.288977 1.247202 2.547491
v 1.288265 1.246367 0.288446
v 1.287915 1.246246 2.547992
v 1.287206 1.245448 0.287981
v 1.286854 1.245326 2.548455
v 1.286144 1.244564 0.287554
v 1.285791 1.244442 2.548881
v 1.285083 1.243715 0.287165
v 1.284729 1.243594 2.549268
v 1.284021 1.242902 0.286813
v 1.283666 1.242782 2.549616
v 1.282320 1.882003 0.926475
v 1.281367 1.882059 1.908099
v 1.277303 1.467628 0.208454
v 1.276729 1.467565 2.627798
v 1.272408 1.629971 0.948874
v 1.271684 1.629870 1.886628
v 1.268287 1.883290 0.953268
v 1.268207 1.251219 0.294290
v 1.268030 1.251219 2.542074
v 1.267410 1.883338 1.881191
v 1.264514 1.606250 0.445502
v 1.263794 1.606250 2.390379
v 1.263134 1.232500 0.278980
v 1.262873 1.232418 2.557444
v 1.261362 1.468980 0.220974
v 1.260804 1.468943 2.615208
v 1.259275 1.227201 0.275281
v 1.259000 1.227107 2.561150
v 1.257322 1.224741 0.273638
v 1.257040 1.224642 2.562795
v 1.255373 1.883731 0.981552
v 1.255354 1.222410 0.272134
v 1.255066 1.222307 2.564300
v 1.254609 1.883761 1.852881
v 1.253372 1.220209 0.270771
v 1.253079 1.220104 2.565663
v 1.252378 1.219159 0.270143
v 1.252082 1.219052 2.566291
v 1.251379 1.218142 0.269550
v 1.251081 1.218034 2.566883
v 1.250379 1.217158 0.268993
v 1.250079 1.217050 2.567439
v 1.249374 1.216208 0.268472
v 1.249074 1.216100 2.567958
v 1.248369 1.215292 0.267987
v 1.248067 1.215183 2.568442
v 1.247361 1.214410 0.267538
v 1.247216 1.470833 0.235253
v 1.247058 1.214302 2.568889
v 1.246694 1.470833 2.600846
v 1.246351 1.213562 0.267125
v 1.246047 1.213454 2.569300
v 1.245339 1.212748 0.266749
v 1.245034 1.212641 2.569675
v 1.244327 1.211968 0.266408
v 1.244020 1.211863 2.570013
v 1.243809 1.883309 1.010864
v 1.243312 1.211224 0.266104
v 1.243150 1.883320 1.823567
v 1.243005 1.211120 2.570314
v 1.241278 1.209838 0.265604
v 1.240971 1.209737 2.570808
v 1.239241 1.208591 0.265249
v 1.238933 1.208494 2.571156
v 1.238792 1.456155 0.671968
v 1.238284 1.456179 2.163899
v 1.237201 1.207483 0.265039
v 1.236894 1.207392 2.571358
v 1.235159 1.206515 0.264973
v 1.234854 1.206430 2.571414
v 1.233750 1.882036 1.040783
v 1.233214 1.882027 1.793748
v 1.231078 1.204999 0.265273
v 1.230779 1.204929 2.571094
v 1.227009 1.204039 0.266141
v 1.226718 1.203989 2.570200
v 1.226158 1.212232 0.277970
v 1.225830 1.212185 2.558313
v 1.225339 1.879945 1.070811
v 1.224928 1.879926 1.763929
v 1.222960 1.203631 0.267569
v 1.222681 1.203605 2.568745
v 1.221152 1.335416 0.088636
v 1.221012 1.335416 2.747727
v 1.218632 1.877083 1.100589
v 1.218563 1.877083 1.259090
v 1.218494 1.877083 1.417591
v 1.218426 1.877083 1.576092
v 1.218357 1.877083 1.734593
v 1.216371 1.333896 0.484213
v 1.216076 1.626066 1.077055
v 1.216027 1.333926 2.351893
v 1.215829 1.626068 1.758366
v 1.212397 1.188023 0.249658
v 1.212149 1.187929 2.586766
v 1.211452 1.187045 0.249086
v 1.211203 1.186952 2.587337
v 1.210505 1.186101 0.248547
v 1.210254 1.186007 2.587875
v 1.209553 1.185188 0.248043
v 1.209300 1.185095 2.588378
v 1.208597 1.184309 0.247573
v 1.208344 1.184215 2.588846
v 1.207638 1.183461 0.247137
v 1.207383 1.183368 2.589280
v 1.206676 1.182647 0.246736
v 1.206420 1.182554 2.589680
v 1.205709 1.181866 0.246368
v 1.205453 1.181774 2.590045
v 1.204741 1.181117 0.246036
v 1.204483 1.181026 2.590376
v 1.195592 1.741667 0.730888
v 1.194802 1.741667 2.104604
v 1.191072 1.809375 0.854913
v 1.190279 1.809375 1.980341
v 1.176926 1.162139 0.232479
v 1.176733 1.162064 2.603935
v 1.175193 1.159986 0.231083
v 1.174996 1.159910 2.605331
v 1.173435 1.157956 0.229814
v 1.173236 1.157878 2.606600
v 1.172547 1.156986 0.229227
v 1.172347 1.156908 2.607186
v 1.171655 1.156047 0.228672
v 1.171453 1.155969 2.607740
v 1.170755 1.155138 0.228150
v 1.170552 1.155060 2.608261
v 1.169851 1.154261 0.227659
v 1.169647 1.154182 2.608751
v 1.168941 1.153415 0.227201
v 1.168736 1.153337 2.609207
v 1.168027 1.152599 0.226775
v 1.167821 1.152522 2.609632
v 1.167107 1.151815 0.226382
v 1.166901 1.151739 2.610023
v 1.166183 1.151063 0.226021
v 1.165976 1.150988 2.610382
v 1.165516 1.403125 0.186364
v 1.165253 1.150343 0.225693
v 1.165124 1.403125 2.649801
v 1.165046 1.150269 2.610708
v 1.164319 1.149653 0.225397
v 1.164111 1.149580 2.611002
v 1.163381 1.148995 0.225133
v 1.163173 1.148925 2.611263
v 1.162438 1.148370 0.224902
v 1.162230 1.148300 2.611492
v 1.160334 1.147148 2.611850
v 1.158629 1.146186 0.224303
v 1.158422 1.146125 2.612079
v 1.156283 1.572830 0.943120
v 1.155703 1.572766 1.892386
v 1.151430 1.139597 2.618182
v 1.151381 1.139952 0.218182
v 1.151187 1.139319 2.618182
v 1.150812 1.140261 0.218182
v 1.150518 1.138892 0.218182
v 1.150286 1.140343 0.218182
v 1.150279 1.140155 2.618182
v 1.150246 1.562747 0.926245
v 1.149632 1.140383 0.218182
v 1.149611 1.140236 2.618182
v 1.149600 1.562654 1.909354
v 1.149468 1.138304 2.618182
v 1.148532 1.137735 0.218182
v 1.146195 1.140198 2.618182
v 1.143500 1.135598 0.218182
v 1.143314 1.135556 2.618182
v 1.141762 1.134943 0.218182
v 1.141692 1.134943 2.618182
v 1.141159 1.139639 0.218182
v 1.141099 1.139645 2.618182
v 1.139412 1.571373 0.965519
v 1.139009 1.571361 1.870007
v 1.124453 1.569199 0.992284
v 1.124308 1.569245 1.843570
v 1.122267 1.127596 0.218182
v 1.122016 1.127508 2.618182
v 1.118412 1.606250 0.557974
v 1.117756 1.606250 2.277822
v 1.113176 1.134943 0.218182
v 1.113120 1.134943 2.618182
v 1.112235 1.566446 1.021786
v 1.112123 1.566508 1.814110
v 1.103179 1.563339 1.052497
v 1.103134 1.563346 1.235101
v 1.103085 1.563350 1.417729
v 1.103036 1.563354 1.600358
v 1.102959 1.563342 1.783017
v 1.096768 1.809375 1.074089
v 1.096521 1.809375 1.761211
v 1.094044 1.455347 0.782566
v 1.093563 1.455355 2.053205
v 1.083817 1.335416 0.137475
v 1.083555 1.335416 2.698756
v 1.081154 1.470833 0.360169
v 1.080673 1.470833 2.475873
v 1.069450 1.741667 0.830914
v 1.068746 1.741667 2.004463
v 1.054312 1.744688 0.852723
v 1.053496 1.744738 1.982313
v 1.053270 1.333138 0.606351
v 1.052930 1.333153 2.229680
v 1.049317 1.210755 0.406866
v 1.049170 1.210773 2.429388
v 1.040602 1.200000 2.836364
v 1.040602 1.200000 0.000000
v 1.040602 1.090415 2.618182
v 1.040602 1.090399 0.218182
v 1.040602 0.000000 2.836364
v 1.040602 0.000000 2.618182
v 1.040602 0.000000 0.218182
v 1.040602 0.000000 0.000000
v 1.039615 1.746927 0.876856
v 1.038809 1.746987 1.957986
v 1.038189 1.089529 2.617840
v 1.038188 1.089510 0.218521
v 1.038174 0.000000 2.617988
v 1.038174 0.000000 0.218376
v 1.035850 1.088848 2.617221
v 1.035850 1.088830 0.219140
v 1.035772 0.000000 2.617402
v 1.035772 0.000000 0.218962
v 1.033576 1.088374 2.616319
v 1.033575 1.088357 0.220044
v 1.033476 0.000000 2.616436
v 1.033476 0.000000 0.219928
v 1.031357 1.088103 2.615128
v 1.031357 1.088088 0.221235
v 1.031357 0.000000 2.615128
v 1.031357 0.000000 0.221235
v 1.028099 1.495518 0.903563
v 1.027530 1.495431 1.932134
v 1.025647 1.748308 0.902980
v 1.024900 1.748359 1.931746
v 1.024841 1.200000 2.835738
v 1.024841 1.200000 0.000626
v 1.012684 1.748780 0.930674
v 1.012031 1.748814 1.904025
v 1.009037 1.200000 2.833842
v 1.009037 1.200000 0.002522
v 1.009037 0.000000 2.833842
v 1.009037 0.000000 0.002522
v 1.002116 1.267708 0.088586
v 1.001986 1.267708 2.747711
v 1.000970 1.748328 0.959448
v 1.000404 1.748339 1.875245
v 0.993319 1.200000 2.830667
v 0.993319 1.200000 0.005697
v 0.990680 1.746963 0.988853
v 0.990282 1.500613 1.027940
v 0.990221 1.746952 1.845934
v 0.990089 1.500616 1.807670
v 0.981969 1.744723 1.018364
v 0.981622 1.744702 1.816626
v 0.977815 1.200000 2.826222
v 0.977815 1.200000 0.010142
v 0.977815 0.000000 2.826222
v 0.977815 0.000000 0.010142
v 0.974905 1.741667 1.047589
v 0.974851 1.741667 1.232649
v 0.974795 1.741667 1.417709
v 0.974741 1.741667 1.602769
v 0.974686 1.741667 1.787830
v 0.972310 1.606250 0.670445
v 0.971718 1.606250 2.165265
v 0.962655 1.200000 2.820539
v 0.962655 1.200000 0.015825
v 0.947962 1.200000 2.813669
v 0.947962 1.200000 0.022695
v 0.947962 0.000000 2.813669
v 0.947962 0.000000 0.022695
v 0.947829 1.673958 0.806915
v 0.947213 1.673958 2.028585
v 0.937913 1.087814 0.289194
v 0.937903 1.087824 2.547162
v 0.933848 1.200000 2.805683
v 0.933848 1.200000 0.030681
v 0.929502 1.447584 0.899358
v 0.929043 1.447528 1.936341
v 0.920417 1.200000 2.796667
v 0.920417 1.200000 0.039697
v 0.920417 0.000000 2.796667
v 0.920417 0.000000 0.039697
v 0.915091 1.470833 0.485086
v 0.914654 1.470833 2.350899
v 0.912670 1.445686 0.919841
v 0.912369 1.445680 1.915878
v 0.905960 1.428286 0.880843
v 0.905469 1.428205 1.954953
v 0.897820 1.443296 0.945071
v 0.897793 1.335416 0.274836
v 0.897754 1.443347 1.890961
v 0.897553 1.335416 2.561367
v 0.890177 1.332398 0.728499
v 0.889838 1.332397 2.107457
v 0.885812 1.440570 0.973426
v 0.885760 1.440629 1.862650
v 0.877384 1.437886 1.003383
v 0.877351 1.437891 1.210596
v 0.877314 1.437895 1.417829
v 0.877276 1.437899 1.625063
v 0.877219 1.437891 1.832322
v 0.867862 1.210055 0.540542
v 0.867691 1.210059 2.295657
v 0.853043 1.673958 1.021089
v 0.852850 1.673958 1.814448
v 0.844470 1.087541 0.357153
v 0.844450 1.087544 2.479196
v 0.826208 1.606250 0.782916
v 0.825680 1.606250 2.052707
v 0.810730 1.609086 0.803728
v 0.810068 1.609134 2.031573
v 0.795728 1.611194 0.826994
v 0.795056 1.611250 2.008118
v 0.783827 1.361053 0.858096
v 0.783414 1.360981 1.977800
v 0.781516 1.612495 0.852383
v 0.780887 1.612544 1.982615
v 0.768395 1.612941 0.879460
v 0.767846 1.612972 1.955507
v 0.764487 1.375159 0.978826
v 0.764349 1.375165 1.856975
v 0.756634 1.612514 0.907715
v 0.756160 1.612525 1.927242
v 0.751026 1.087268 0.425112
v 0.750996 1.087265 2.411230
v 0.749028 1.470833 0.610002
v 0.748633 1.470833 2.225926
v 0.746419 1.611227 0.936669
v 0.746039 1.611217 1.898375
v 0.737911 1.609120 0.965768
v 0.737633 1.609100 1.869470
v 0.731179 1.606250 0.994589
v 0.731138 1.606250 1.206208
v 0.731097 1.606250 1.417827
v 0.731055 1.606250 1.629447
v 0.731014 1.606250 1.841066
v 0.714433 1.200000 2.646860
v 0.714433 1.200000 0.189504
v 0.711770 1.335416 0.412198
v 0.711552 1.335416 2.423977
v 0.704587 1.538541 0.758917
v 0.704146 1.538541 2.076830
v 0.701783 1.321919 0.855540
v 0.701441 1.321869 1.980351
v 0.686413 1.209372 0.674226
v 0.686218 1.209361 2.161918
v 0.684571 1.319283 0.873949
v 0.684364 1.319279 1.961964
v 0.669865 1.316704 1.938616
v 0.669860 1.316656 0.897597
v 0.661695 1.293825 0.835334
v 0.661359 1.293760 2.000663
v 0.658537 1.314205 0.924879
v 0.658532 1.314255 1.911379
v 0.657582 1.086993 0.493071
v 0.657542 1.086986 2.343263
v 0.651589 1.312432 0.954270
v 0.651567 1.312437 1.186093
v 0.651543 1.312440 1.417932
v 0.651518 1.312444 1.649771
v 0.651480 1.312439 1.881629
v 0.609316 1.538541 0.968089
v 0.609179 1.538541 1.867684
v 0.582966 1.470833 0.734918
v 0.582614 1.470833 2.100952
v 0.567228 1.241831 0.817724
v 0.566957 1.241774 2.018350
v 0.566467 1.473105 0.754596
v 0.565948 1.473144 2.080973
v 0.564139 1.086719 0.561030
v 0.564089 1.086704 2.275297
v 0.550651 1.474798 0.776890
v 0.550101 1.474843 2.058498
v 0.538692 1.249705 0.929713
v 0.538610 1.249714 1.906282
v 0.535878 1.475844 0.801474
v 0.535357 1.475883 2.033800
v 0.525747 1.335416 0.549559
v 0.525550 1.335416 2.286587
v 0.522492 1.476204 0.827907
v 0.522040 1.476229 2.007332
v 0.510785 1.475860 0.855661
v 0.510401 1.475868 1.979562
v 0.508450 1.200000 2.497054
v 0.508450 1.200000 0.339310
v 0.500957 1.474824 0.884229
v 0.500661 1.474817 1.951073
v 0.493162 1.473132 0.913023
v 0.492958 1.473117 1.922463
v 0.487453 1.470833 0.941589
v 0.487426 1.470833 1.179767
v 0.487398 1.470833 1.417946
v 0.487370 1.470833 1.656124
v 0.487343 1.470833 1.894302
v 0.473117 1.195842 0.811676
v 0.472883 1.195795 2.024409
v 0.472759 1.189841 0.800115
v 0.472551 1.189793 2.036036
v 0.470695 1.086441 0.628989
v 0.470635 1.086422 2.207331
v 0.461345 1.403125 0.710919
v 0.461081 1.403125 2.125074
v 0.455101 1.192159 0.827843
v 0.454983 1.192155 2.008265
v 0.440627 1.189309 1.986537
v 0.440562 1.189269 0.849858
v 0.430435 1.187381 1.960300
v 0.430405 1.187348 0.876143
v 0.425795 1.186978 0.905157
v 0.425784 1.186982 1.161592
v 0.425771 1.186985 1.418036
v 0.425758 1.186988 1.674480
v 0.425740 1.186988 1.930935
v 0.378286 1.137857 0.782508
v 0.378142 1.137816 2.053720
v 0.377253 1.086162 0.696948
v 0.377182 1.086136 2.139365
v 0.365590 1.403125 0.915089
v 0.365507 1.403125 1.920920
v 0.339724 1.335416 0.686920
v 0.339548 1.335416 2.149197
v 0.321521 1.336744 0.705327
v 0.321133 1.336766 2.130513
v 0.312898 1.124251 0.880600
v 0.312870 1.124262 1.955588
v 0.304374 1.337735 0.726541
v 0.303933 1.337762 2.109127
v 0.302465 1.200000 2.347248
v 0.302465 1.200000 0.489116
v 0.288721 1.338348 0.750250
v 0.288296 1.338372 2.085304
v 0.283809 1.085879 0.764907
v 0.283729 1.085848 2.071399
v 0.280233 1.086035 0.767507
v 0.280147 1.085999 2.068793
v 0.276115 1.085745 0.770502
v 0.276026 1.085707 2.065797
v 0.274959 1.338559 0.776013
v 0.274596 1.338574 2.059502
v 0.266580 1.084025 0.777437
v 0.266497 1.083990 2.058867
v 0.263412 1.338358 0.803285
v 0.263114 1.338363 2.032206
v 0.254287 1.337750 0.831531
v 0.254076 1.337746 2.004030
v 0.247721 1.336760 0.860129
v 0.247594 1.336750 1.975605
v 0.244604 1.077408 0.793419
v 0.244563 1.077393 2.042914
v 0.243727 1.335416 0.888589
v 0.243712 1.335416 1.153326
v 0.243699 1.335416 1.418064
v 0.243686 1.335416 1.682801
v 0.243671 1.335416 1.947538
v 0.218103 1.267708 0.662921
v 0.218015 1.267708 2.173319
v 0.207422 1.062449 2.015903
v 0.207422 1.062441 0.820461
v 0.207422 0.000000 2.015903
v 0.207422 0.000000 0.820461
v 0.205918 1.061836 2.014332
v 0.205917 1.061828 0.822031
v 0.205833 0.000000 2.014592
v 0.205833 0.000000 0.821772
v 0.204578 1.061313 2.012670
v 0.204577 1.061304 0.823693
v 0.204369 0.000000 2.013046
v 0.204369 0.000000 0.823318
v 0.203403 1.060880 2.010917
v 0.203403 1.060871 0.825447
v 0.203070 0.000000 2.011289
v 0.203070 0.000000 0.825075
v 0.202394 1.060535 2.009072
v 0.202394 1.060527 0.827291
v 0.201972 0.000000 2.009354
v 0.201972 0.000000 0.827010
v 0.201549 1.060280 2.007136
v 0.201549 1.060271 0.829228
v 0.201105 0.000000 2.007285
v 0.201105 0.000000 0.829079
v 0.200868 1.060115 2.005107
v 0.200868 1.060106 0.831256
v 0.200485 0.000000 2.005131
v 0.200485 0.000000 0.831233
v 0.200352 1.060039 2.002987
v 0.200352 1.060030 0.833376
v 0.200119 0.000000 2.002944
v 0.200119 0.000000 0.833420
v 0.200000 1.061537 1.980241
v 0.200000 1.061535 1.839715
v 0.200000 1.061534 1.699190
v 0.200000 1.061532 1.558666
v 0.200000 1.061531 1.418141
v 0.200000 1.061529 1.277616
v 0.200000 1.061527 1.137092
v 0.200000 1.061526 0.996567
v 0.200000 1.061524 0.856043
v 0.200000 1.060052 2.000775
v 0.200000 1.060044 0.835589
v 0.200000 0.000000 2.000775
v 0.200000 0.000000 0.835589
v 0.121863 1.267708 0.862089
v 0.121836 1.267708 1.974157
v 0.096482 1.200000 2.197441
v 0.096482 1.200000 0.638922
v 0.096482 0.799999 2.197441
v 0.096482 0.799999 0.638922
v 0.096482 0.400000 2.197441
v 0.096482 0.400000 0.638922
v 0.096482 0.000000 2.197441
v 0.096482 0.000000 0.638922
v 0.075831 1.200000 2.180394
v 0.075831 1.200000 0.655970
v 0.075831 0.799999 2.180394
v 0.075831 0.799999 0.655970
v 0.075831 0.400000 2.180394
v 0.075831 0.400000 0.655970
v 0.075831 0.000000 2.180394
v 0.075831 0.000000 0.655970
v 0.056791 1.200000 2.160302
v 0.056791 1.200000 0.676062
v 0.056791 0.799999 2.160302
v 0.056791 0.799999 0.676062
v 0.056791 0.400000 2.160302
v 0.056791 0.400000 0.676062
v 0.056791 0.000000 2.160302
v 0.056791 0.000000 0.676062
v 0.039902 1.200000 2.137459
v 0.039902 1.200000 0.698905
v 0.039902 0.799999 2.137459
v 0.039902 0.799999 0.698905
v 0.039902 0.400000 2.137459
v 0.039902 0.400000 0.698905
v 0.039902 0.000000 2.137459
v 0.039902 0.000000 0.698905
v 0.025638 1.200000 2.112305
v 0.025638 1.200000 0.724059
v 0.025638 0.799999 2.112305
v 0.025638 0.799999 0.724059
v 0.025638 0.400000 2.112305
v 0.025638 0.400000 0.724059
v 0.025638 0.000000 2.112305
v 0.025638 0.000000 0.724059
v 0.014365 1.200000 2.085405
v 0.014365 1.200000 0.750959
v 0.014365 0.799999 2.085405
v 0.014365 0.799999 0.750959
v 0.014365 0.400000 2.085405
v 0.014365 0.400000 0.750959
v 0.014365 0.000000 2.085405
v 0.014365 0.000000 0.750959
v 0.006310 1.200000 2.057403
v 0.006310 1.200000 0.778961
v 0.006310 0.799999 2.057403
v 0.006310 0.799999 0.778961
v 0.006310 0.400000 2.057403
v 0.006310 0.400000 0.778961
v 0.006310 0.000000 2.057403
v 0.006310 0.000000 0.778961
v 0.001548 1.200000 2.028975
v 0.001548 1.200000 0.807389
v 0.000000 1.200000 2.000775
v 0.000000 1.200000 1.709478
v 0.000000 1.200000 1.418182
v 0.000000 1.200000 1.126885
v 0.000000 1.200000 0.835589
v 0.000000 0.799999 2.000775
v 0.000000 0.799999 0.835589
v 0.000000 0.400000 2.000775
v 0.000000 0.400000 0.835589
v 0.000000 0.000000 2.000775
v 0.000000 0.000000 0.835589

vn 0.860918 0.508197 0.023578
vn 0.796715 0.604355 0.000003
vn 0.893136 0.449787 0.000006
vn 0.796740 0.604323 0.000003
vn 0.860939 0.508161 -0.023579
vn 0.998466 -0.000567 0.055364
vn 0.998936 -0.000661 -0.046105
vn 0.998870 0.000000 0.047533
vn 0.998461 0.000000 -0.055457
vn 0.273908 -0.961636 0.015214
vn 0.553256 -0.832444 -0.030729
vn 0.855692 0.509586 0.090074
vn 0.855721 0.509548 -0.090014
vn 0.836281 0.511447 0.197624
vn 0.774195 0.609331 -0.171283
vn 0.982080 -0.000795 0.188462
vn 0.979585 -0.000497 -0.201028
vn 0.978522 0.000000 0.206140
vn 0.984098 0.000000 -0.177625
vn 0.439850 -0.894995 0.074271
vn 0.434955 -0.894995 -0.098986
vn 0.808298 0.509947 0.294292
vn 0.815846 0.509943 -0.272680
vn 0.949558 0.000000 0.313592
vn 0.936623 0.000000 -0.350339
vn 0.936623 0.000000 0.350338
vn 0.949558 0.000000 -0.313592
vn 0.789711 -0.555282 0.260802
vn 0.778954 -0.555282 -0.291363
vn 0.769782 0.505527 0.389716
vn 0.779990 0.505574 -0.368795
vn 0.906242 0.000000 0.422759
vn 0.888740 0.000000 -0.458411
vn 0.888741 0.000000 0.458410
vn 0.906242 0.000000 -0.422760
vn 0.753673 -0.555305 0.351586
vn 0.739118 -0.555305 -0.381236
vn 0.762188 0.396054 0.512066
vn 0.777266 0.396109 -0.488830
vn 0.849317 0.000000 0.527883
vn 0.827355 0.000000 -0.561679
vn 0.827354 0.000000 0.561680
vn 0.849318 0.000000 -0.527882
vn 0.706322 -0.555323 0.439006
vn 0.688057 -0.555323 -0.467112
vn 0.667385 0.491031 0.559898
vn 0.682303 0.491059 -0.541593
vn 0.779291 0.000000 0.626662
vn 0.753167 0.000000 -0.657830
vn 0.753167 0.000000 0.657829
vn 0.779292 0.000000 -0.626661
vn 0.648080 -0.555334 0.521149
vn 0.626354 -0.555334 -0.547069
vn 0.571388 0.538801 0.619039
vn 0.585882 0.538974 -0.605186
vn 0.688865 0.000000 0.724890
vn 0.673515 0.000000 -0.739173
vn 0.673517 0.000000 0.739172
vn 0.688863 0.000000 -0.724892
vn 0.579858 -0.555337 0.596125
vn 0.555083 -0.555337 -0.619260
vn 0.545576 0.454601 0.704048
vn 0.576447 0.361882 -0.732633
vn 0.612686 0.000000 0.790327
vn 0.612684 0.000000 -0.790328
vn 0.612686 0.000000 0.790327
vn 0.612684 0.000000 -0.790328
vn 0.438832 -0.707254 0.554272
vn 0.339746 -0.832171 -0.438252
vn 0.483336 0.875324 -0.013939
vn 0.483233 0.875378 0.014096
vn -0.860371 -0.509335 0.018455
vn -0.796741 -0.604321 -0.000010
vn -0.861899 -0.507080 -0.000005
vn -0.796732 -0.604332 -0.000012
vn -0.915247 -0.402893 -0.000004
vn -0.796723 -0.604345 -0.000013
vn -0.861887 -0.507100 -0.000005
vn -0.796714 -0.604356 -0.000010
vn -0.860352 -0.509365 -0.018475
vn -0.855363 -0.511586 0.081452
vn -0.855340 -0.511609 -0.081546
vn -0.961481 -0.274768 -0.007538
vn -0.919090 -0.393981 0.007206
vn -0.825055 -0.555271 -0.104679
vn -0.825055 -0.555271 0.104680
vn -0.898438 -0.406172 0.166832
vn -0.898416 -0.406189 -0.166914
vn -0.810071 -0.555305 -0.188204
vn -0.810071 -0.555305 0.188204
vn -0.883850 -0.406562 0.231334
vn -0.883846 -0.406579 -0.231324
vn -0.785771 -0.555381 -0.272241
vn -0.785769 -0.555381 0.272248
vn -0.863696 -0.407479 0.296631
vn -0.863717 -0.407496 -0.296547
vn -0.717671 -0.600767 -0.352174
vn -0.717651 -0.600767 0.352216
vn -0.799366 -0.514322 -0.310624
vn -0.799341 -0.514298 0.310727
vn -0.695161 -0.555420 -0.456354
vn -0.695137 -0.555421 0.456390
vn -0.819360 -0.409920 -0.400768
vn -0.819335 -0.409902 0.400837
vn -0.640703 -0.555377 -0.530147
vn -0.640769 -0.555379 0.530065
vn -0.784807 -0.412081 -0.462891
vn -0.784853 -0.412060 0.462830
vn -0.578780 -0.555397 -0.597116
vn -0.578796 -0.555397 0.597101
vn -0.745634 -0.414744 0.521553
vn -0.745592 -0.414774 -0.521590
vn -0.669665 -0.390970 0.631419
vn -0.669741 -0.391010 -0.631315
vn -0.357784 -0.800075 -0.481529
vn -0.357786 -0.800075 0.481527
vn 0.362071 0.812245 -0.457343
vn 0.362079 0.812028 0.457722
vn 0.483265 0.875352 -0.014645
vn 0.485747 0.874100 0.000022
vn 0.485721 0.874114 0.000035
vn 0.485694 0.874129 0.000022
vn 0.483139 0.875416 0.014955
vn -0.593829 -0.618315 0.514834
vn -0.593913 -0.618359 -0.514684
vn 0.476261 0.877713 -0.052877
vn 0.476080 0.877774 0.053484
vn 0.463641 0.878564 -0.114733
vn 0.463385 0.878566 0.115744
vn -0.563117 -0.596819 0.571582
vn -0.563175 -0.596738 -0.571610
vn 0.449990 0.875920 -0.173992
vn 0.449697 0.875834 0.175176
vn -0.523514 -0.563884 0.638723
vn -0.523427 -0.563639 -0.639011
vn -0.478514 -0.595643 0.645162
vn -0.478294 -0.595291 -0.645649
vn 0.431351 0.867995 -0.246011
vn 0.431086 0.867815 0.247106
vn -0.566578 -0.248586 0.785617
vn -0.566476 -0.248390 -0.785753
vn 0.412032 0.855670 -0.313143
vn 0.411690 0.855360 0.314438
vn 0.497468 0.534523 0.683236
vn 0.497437 0.534628 -0.683176
vn -0.480172 -0.876594 0.031897
vn -0.480107 -0.876628 -0.031952
vn 0.387428 0.836175 -0.388216
vn 0.387125 0.835774 0.389379
vn 0.364555 0.814893 -0.450610
vn 0.364472 0.814606 0.451196
vn 0.483309 0.875331 -0.014448
vn 0.483177 0.875397 0.014819
vn -0.526974 -0.448583 0.721853
vn -0.526977 -0.448477 -0.721917
vn -0.359484 -0.810928 0.461700
vn -0.359385 -0.810603 -0.462347
vn -0.480163 -0.876595 0.032023
vn -0.485750 -0.874098 -0.000029
vn -0.485721 -0.874114 -0.000035
vn -0.485693 -0.874130 -0.000029
vn -0.480087 -0.876634 -0.032090
vn -0.469775 -0.878507 -0.086816
vn -0.469806 -0.878483 0.086886
vn -0.457965 -0.877567 -0.141927
vn -0.457904 -0.877537 0.142316
vn -0.437844 -0.871203 0.222031
vn -0.437882 -0.871207 -0.221939
vn 0.366874 0.816465 -0.445857
vn 0.366746 0.816153 0.446532
vn -0.526930 -0.447334 0.722660
vn -0.526937 -0.447254 -0.722704
vn -0.365994 -0.816602 0.446329
vn -0.365856 -0.816261 -0.447064
vn -0.397859 -0.845602 0.355901
vn -0.397710 -0.845364 -0.356633
vn 0.483332 0.875321 -0.014242
vn 0.485750 0.874098 0.000052
vn 0.485722 0.874113 0.000069
vn 0.485692 0.874130 0.000052
vn 0.483185 0.875395 0.014676
vn 0.476268 0.877679 -0.053364
vn 0.476032 0.877750 0.054299
vn 0.463760 0.878467 -0.114989
vn 0.463427 0.878460 0.116373
vn 0.544331 0.381164 0.747274
vn 0.544333 0.381206 -0.747251
vn 0.450229 0.875796 -0.174000
vn 0.449843 0.875682 0.175563
vn 0.354865 0.801430 -0.481436
vn 0.354905 0.801299 0.481625
vn 0.434460 0.869347 -0.235542
vn 0.434032 0.869107 0.237211
vn -0.480471 -0.876471 0.030774
vn -0.480389 -0.876511 -0.030904
vn 0.415785 0.858249 -0.300886
vn 0.415329 0.857873 0.302581
vn 0.392299 0.840100 -0.374610
vn -0.499337 -0.533405 0.682746
vn -0.499328 -0.533328 -0.682813
vn 0.391900 0.839645 0.376047
vn -0.370579 -0.821158 0.434016
vn -0.370380 -0.820775 -0.434910
vn 0.368712 0.818672 -0.440258
vn 0.368545 0.818328 0.441038
vn 0.483376 0.875300 -0.014053
vn 0.483226 0.875375 0.014540
vn -0.480621 -0.876432 0.029496
vn -0.485751 -0.874097 -0.000060
vn -0.485721 -0.874114 -0.000077
vn -0.485691 -0.874130 -0.000060
vn -0.480522 -0.876480 -0.029695
vn -0.550691 -0.354401 0.755737
vn -0.550682 -0.354374 -0.755757
vn -0.470627 -0.878423 0.082969
vn -0.470587 -0.878448 -0.082927
vn -0.368473 -0.817728 0.442209
vn -0.368302 -0.817387 -0.442982
vn -0.456646 -0.877336 -0.147498
vn -0.456603 -0.877310 0.147790
vn -0.436545 -0.870439 0.227519
vn -0.436517 -0.870409 -0.227688
vn -0.355347 -0.802628 0.479079
vn -0.355375 -0.802475 -0.479315
vn -0.402626 -0.848837 0.342589
vn -0.402349 -0.848526 -0.343684
vn 0.372700 0.822615 -0.429416
vn 0.370878 0.819786 0.436350
vn 0.357977 0.798274 -0.484366
vn 0.357953 0.798208 0.484494
vn 0.478877 0.582901 0.656432
vn 0.478902 0.582891 -0.656423
vn 0.483401 0.875289 -0.013860
vn 0.485754 0.874096 0.000089
vn 0.485722 0.874114 0.000111
vn 0.485689 0.874131 0.000090
vn 0.483234 0.875373 0.014404
vn 0.476524 0.877620 -0.052034
vn 0.476254 0.877700 0.053139
vn 0.357458 0.804006 -0.475182
vn 0.464394 0.878502 -0.112122
vn 0.357458 0.803292 0.476388
vn 0.464023 0.878499 0.113676
vn -0.500282 -0.530838 0.684053
vn -0.500253 -0.530814 -0.684093
vn 0.451360 0.876102 -0.169466
vn 0.450932 0.875987 0.171196
vn -0.480886 -0.876322 0.028436
vn -0.480780 -0.876372 -0.028692
vn 0.436301 0.870181 -0.228968
vn 0.435821 0.869933 0.230817
vn -0.373917 -0.823078 0.427467
vn -0.373666 -0.822682 -0.428448
vn 0.418647 0.860007 -0.291759
vn 0.418128 0.859615 0.293652
vn 0.396719 0.843501 -0.362105
vn 0.396242 0.843013 0.363761
vn 0.370100 0.818673 -0.439090
vn 0.372646 0.822001 0.430638
vn -0.528175 -0.442998 0.724420
vn -0.528154 -0.443009 -0.724429
vn 0.483442 0.875269 -0.013670
vn 0.483271 0.875354 0.014280
vn -0.358233 -0.799154 0.482723
vn -0.358200 -0.799072 -0.482883
vn -0.481011 -0.876288 0.027340
vn -0.485753 -0.874096 -0.000097
vn -0.485721 -0.874114 -0.000118
vn -0.485688 -0.874132 -0.000096
vn -0.480890 -0.876345 -0.027659
vn -0.471247 -0.878381 0.079824
vn -0.471170 -0.878411 -0.079956
vn -0.358583 -0.803603 0.475017
vn -0.358542 -0.803434 -0.475333
vn 0.360607 0.795286 -0.487321
vn -0.456848 -0.877360 0.146729
vn 0.361042 0.794921 0.487596
vn -0.456854 -0.877379 -0.146592
vn -0.376307 -0.825873 0.419913
vn -0.376018 -0.825446 -0.421010
vn -0.437201 -0.870670 0.225364
vn -0.437117 -0.870618 -0.225730
vn 0.361005 0.800024 -0.479205
vn 0.360915 0.799926 0.479435
vn 0.514693 0.438916 0.736508
vn 0.514708 0.438864 -0.736528
vn 0.372656 -0.759415 0.533307
vn 0.372656 -0.759415 -0.533307
vn -0.406861 -0.851826 0.329933
vn -0.406507 -0.851484 -0.331252
vn 0.465740 0.496594 0.732448
vn 0.465836 0.496562 -0.732409
vn -0.500670 -0.528327 0.685711
vn -0.500636 -0.528352 -0.685717
vn 0.375402 0.823827 -0.424714
vn 0.375112 0.823416 0.425767
vn 0.407303 0.508625 0.758554
vn 0.407496 0.508631 -0.758447
vn 0.409524 -0.448073 0.794683
vn 0.409525 -0.448073 -0.794682
vn 0.363259 0.412449 0.835422
vn 0.363397 0.412455 -0.835358
vn 0.361335 0.805574 -0.469562
vn 0.360603 0.805718 0.469876
vn 0.483468 0.875258 -0.013475
vn 0.485758 0.874093 0.000137
vn 0.485720 0.874114 0.000166
vn 0.485684 0.874134 0.000138
vn 0.483277 0.875353 0.014157
vn 0.287560 0.473966 0.832265
vn 0.287705 0.473981 -0.832207
vn 0.280222 -0.448109 0.848925
vn 0.280222 -0.448109 -0.848925
vn 0.476770 0.877562 -0.050745
vn 0.476468 0.877652 0.052018
vn -0.481239 -0.876191 0.026425
vn -0.481110 -0.876250 -0.026811
vn 0.465001 0.878530 -0.109358
vn 0.228421 0.376683 0.897738
vn 0.228524 0.376699 -0.897705
vn 0.464594 0.878530 0.111072
vn 0.354102 0.790041 -0.500446
vn 0.354040 0.790097 0.500403
vn 0.452438 0.876380 -0.165100
vn 0.451968 0.876262 0.167001
vn 0.153404 0.422649 0.893216
vn 0.153495 0.422670 -0.893191
vn 0.154007 -0.243234 0.957663
vn 0.154006 -0.243234 -0.957663
vn 0.438039 0.870940 -0.222677
vn 0.437514 0.870686 0.224694
vn 0.075484 0.364994 0.927945
vn 0.075529 0.365009 -0.927935
vn -0.378741 -0.827123 0.415238
vn -0.378409 -0.826687 -0.416408
vn -0.481571 -0.503740 0.717172
vn -0.481576 -0.503473 -0.717356
vn -0.516860 -0.447356 -0.729882
vn -0.516856 -0.447356 0.729885
vn -0.384915 -0.555534 -0.737036
vn -0.384796 -0.555533 0.737099
vn -0.434810 -0.352749 -0.828558
vn -0.434638 -0.352712 0.828664
vn 0.421324 0.861600 -0.283075
vn 0.420753 0.861195 0.285150
vn -0.276163 -0.555752 -0.784139
vn -0.276026 -0.555750 0.784189
vn -0.333956 -0.216096 -0.917483
vn -0.333770 -0.215840 0.917612
vn -0.159236 -0.556023 -0.815771
vn -0.159199 -0.556025 0.815777
vn -0.295743 -0.451002 -0.842100
vn -0.295970 -0.451151 0.841941
vn 0.018867 0.294342 0.955514
vn 0.018869 0.294337 -0.955516
vn -0.138057 -0.253815 0.957350
vn -0.137852 -0.253667 -0.957418
vn 0.013876 -0.581441 0.813470
vn -0.022227 -0.406536 -0.913365
vn -0.023198 -0.316569 0.948286
vn 0.012946 -0.650982 -0.758983
vn -0.361352 -0.795291 0.486762
vn -0.361255 -0.795289 -0.486837
vn 0.400798 0.846549 -0.350309
vn 0.400246 0.846031 0.352184
vn -0.361898 -0.800582 0.477596
vn -0.361788 -0.800475 -0.477860
vn 0.377214 0.826176 -0.418501
vn 0.376886 0.825731 0.419672
vn 0.364603 0.795856 -0.483402
vn 0.364416 0.796320 0.482779
vn 0.362293 0.792285 -0.490946
vn 0.361657 0.791494 0.492687
vn -0.361161 -0.806296 0.468455
vn -0.361065 -0.806081 -0.468898
vn 0.483506 0.875240 -0.013284
vn 0.483310 0.875336 0.014042
vn -0.481349 -0.876159 0.025478
vn -0.485759 -0.874093 -0.000143
vn -0.485721 -0.874114 -0.000170
vn -0.485683 -0.874135 -0.000143
vn -0.481199 -0.876228 -0.025928
vn -0.471808 -0.878335 0.076968
vn -0.471698 -0.878370 -0.077249
vn 0.246079 0.737532 -0.628881
vn 0.245512 0.737341 0.629327
vn 0.364759 0.802162 -0.472743
vn 0.364590 0.802029 0.473101
vn -0.283948 -0.650874 0.704086
vn -0.283553 -0.650742 -0.704367
vn -0.457210 -0.877430 0.145176
vn -0.457177 -0.877442 -0.145202
vn -0.438074 -0.871001 0.222369
vn -0.437926 -0.870927 -0.222949
vn 0.089269 0.624897 -0.775587
vn 0.081322 0.618331 0.781699
vn 0.000000 0.000000 1.000000
vn 0.000000 0.000000 -1.000000
vn -0.310582 -0.771120 0.555799
vn -0.305640 -0.768219 -0.562515
vn 0.033021 0.577447 -0.815760
vn -0.399993 -0.804904 -0.438332
vn -0.430913 -0.813765 0.390000
vn -0.380727 -0.829648 0.408327
vn -0.030326 0.518760 -0.854382
vn 0.001396 0.550242 0.835004
vn -0.380363 -0.829181 -0.409613
vn -0.150294 0.396211 -0.905775
vn -0.058358 0.495212 0.866810
vn -0.594017 -0.802658 -0.053705
vn -0.145053 0.406804 0.901926
vn -0.616168 -0.787587 0.006677
vn -0.512626 -0.100779 0.852677
vn -0.583351 -0.228147 -0.779519
vn -0.410495 -0.854290 0.318877
vn -0.410065 -0.853920 -0.320417
vn -0.348696 -0.787563 0.508090
vn -0.338733 -0.782424 -0.522563
vn -0.383023 -0.799275 0.463091
vn -0.424613 -0.810973 0.402525
vn -0.443942 -0.815904 -0.370427
vn -0.466914 -0.819164 0.333109
vn -0.470161 -0.820127 -0.326099
vn -0.513927 -0.821464 0.247135
vn -0.526368 -0.821301 -0.220001
vn -0.559934 -0.814712 0.150726
vn 0.371197 0.794580 -0.480474
vn -0.567123 -0.813454 -0.129087
vn 0.368218 0.794600 0.482728
vn -0.632672 -0.772767 -0.050561
vn -0.642138 -0.760103 0.099512
vn -0.675623 -0.690944 -0.257156
vn -0.677482 -0.659918 0.324849
vn -0.680894 -0.547662 -0.486261
vn -0.670181 -0.503018 0.545738
vn -0.618005 -0.313085 -0.721143
vn -0.599474 -0.274410 0.751885
vn -0.498106 -0.067074 -0.864518
vn -0.484180 -0.045318 0.873794
vn -0.334633 0.177675 -0.925447
vn -0.363483 0.140487 0.920947
vn -0.255486 0.278368 -0.925871
vn -0.250447 0.287099 0.924582
vn -0.181967 0.365113 -0.913006
vn -0.184997 0.363514 0.913035
vn -0.109288 0.443031 -0.889820
vn -0.113911 0.440054 0.890717
vn -0.069904 0.483121 -0.872759
vn -0.065413 0.488467 0.870127
vn -0.015131 0.534729 -0.844888
vn -0.002477 0.546917 0.837183
vn 0.381283 0.830018 -0.407054
vn 0.380896 0.829535 0.408399
vn 0.364810 0.809746 -0.459593
vn 0.364639 0.809474 0.460207
vn -0.584848 -0.806583 0.085883
vn -0.587445 -0.805467 -0.078303
vn -0.638808 -0.764997 -0.081874
vn -0.641628 -0.761238 0.093973
vn -0.678105 -0.669553 -0.303103
vn -0.679101 -0.661431 0.318325
vn -0.671529 -0.501518 -0.545462
vn -0.668788 -0.489116 0.559900
vn -0.602418 -0.280070 -0.747431
vn -0.595978 -0.265512 0.757835
vn -0.490233 -0.055894 -0.869798
vn -0.482157 -0.042509 0.875053
vn -0.371009 0.129518 -0.919553
vn -0.363932 0.139203 0.920965
vn -0.269912 0.263325 -0.926179
vn -0.263981 0.270479 0.925827
vn -0.194320 0.352913 -0.915255
vn -0.189910 0.357782 0.914290
vn -0.481544 -0.876074 0.024687
vn -0.365210 -0.797246 0.480646
vn -0.481393 -0.876142 -0.025203
vn -0.365031 -0.797208 -0.480845
vn 0.483536 0.875227 -0.013087
vn 0.485764 0.874090 0.000202
vn 0.485721 0.874114 0.000241
vn 0.485677 0.874138 0.000202
vn 0.483317 0.875334 0.013924
vn 0.017204 0.563553 -0.825901
vn 0.017179 0.563543 0.825908
vn -0.300024 -0.766037 0.568483
vn -0.299061 -0.765700 -0.569443
vn -0.343373 -0.784947 0.515706
vn 0.477007 0.877505 -0.049499
vn -0.342403 -0.784688 -0.516744
vn 0.476673 0.877604 0.050934
vn -0.295871 -0.763566 0.573957
vn -0.295438 -0.763464 -0.574316
vn -0.317635 -0.773074 0.549058
vn -0.317375 -0.773085 -0.549193
vn -0.346121 -0.784930 0.513892
vn -0.341884 -0.783323 -0.519154
vn 0.465584 0.878550 -0.106684
vn 0.465143 0.878554 0.108556
vn -0.376810 -0.796406 0.473024
vn -0.376404 -0.796402 -0.473354
vn -0.365522 -0.802597 0.471415
vn -0.365335 -0.802455 -0.471801
vn -0.417058 -0.808795 0.414624
vn -0.417602 -0.809113 -0.413454
vn -0.472824 -0.819698 0.323316
vn -0.474559 -0.820067 -0.319819
vn -0.535161 -0.820019 0.202906
vn -0.537525 -0.819853 -0.197253
vn -0.579199 -0.808956 0.100589
vn -0.582520 -0.807668 -0.091333
vn -0.645153 -0.756487 -0.107266
vn -0.647870 -0.752251 0.119928
vn -0.673989 -0.689557 -0.265047
vn -0.675297 -0.682796 0.278861
vn 0.371200 0.794584 -0.480465
vn -0.677933 -0.542946 -0.495597
vn 0.370709 0.794551 0.480898
vn -0.675926 -0.530514 0.511546
vn 0.453466 0.876630 -0.160900
vn -0.623638 -0.334745 -0.706415
vn -0.617533 -0.319352 0.718796
vn 0.452962 0.876512 0.162948
vn -0.519366 -0.108294 -0.847663
vn -0.511517 -0.094508 0.854060
vn -0.400473 0.086442 -0.912222
vn -0.392645 0.097612 0.914495
vn -0.321462 0.196819 -0.926242
vn -0.314472 0.205797 0.926690
vn -0.208962 0.335865 -0.918439
vn -0.203717 0.341770 0.917438
vn -0.129771 0.423045 -0.896768
vn -0.126351 0.426567 0.895587
vn -0.088742 0.465007 -0.880848
vn -0.086565 0.467141 0.879935
vn -0.011824 0.538532 -0.842522
vn -0.021467 0.529784 0.847861
vn 0.032233 0.577471 -0.815775
vn 0.030870 0.576341 0.816626
vn 0.361783 0.790650 -0.493949
vn 0.361093 0.790556 0.494604
vn 0.439688 0.871632 -0.216639
vn 0.439120 0.871373 0.218821
vn 0.062484 0.603068 -0.795238
vn 0.062718 0.603320 0.795029
vn 0.368882 0.798081 -0.476438
vn 0.368624 0.798031 0.476721
vn 0.258669 -0.263647 0.929290
vn 0.258010 -0.264265 -0.929298
vn -0.383339 -0.830808 0.403496
vn -0.382934 -0.830337 -0.404848
vn 0.322637 0.774486 -0.544129
vn 0.423831 0.863043 -0.274816
vn 0.321974 0.774351 0.544714
vn 0.423206 0.862628 0.277072
vn -0.577071 -0.809797 0.105914
vn -0.580052 -0.808713 -0.097587
vn -0.626115 -0.778877 -0.036475
vn -0.629022 -0.775931 0.047574
vn -0.668648 -0.708097 -0.226956
vn -0.670566 -0.701208 0.242176
vn -0.680953 -0.574433 -0.454235
vn -0.679771 -0.563990 0.468856
vn -0.638681 -0.378524 -0.669930
vn -0.633574 -0.364311 0.682540
vn -0.543658 -0.154963 -0.824877
vn -0.535857 -0.140446 0.832545
vn -0.425364 0.048426 -0.903726
vn -0.416839 0.061065 0.906927
vn -0.314119 0.206116 -0.926739
vn -0.306886 0.215329 0.927068
vn -0.226473 0.315095 -0.921643
vn -0.221046 0.321313 0.920813
vn 0.404570 0.849284 -0.339175
vn 0.283012 0.755444 -0.590939
vn 0.282416 0.755286 0.591426
vn 0.403945 0.848742 0.341271
vn -0.365094 -0.809118 0.460471
vn -0.364916 -0.808860 -0.461066
vn -0.000000 -0.285743 0.958306
vn -0.000000 -0.285744 -0.958306
vn 0.378882 0.826018 -0.417305
vn 0.378503 0.825564 0.418544
vn 0.238677 0.730870 -0.639424
vn 0.238156 0.730696 0.639816
vn -0.475226 -0.819898 0.319260
vn -0.476934 -0.820262 -0.315759
vn 0.369540 0.804833 -0.464418
vn 0.369270 0.804657 0.464938
vn -0.519273 -0.821371 0.236021
vn -0.521309 -0.821423 -0.231303
vn -0.571986 -0.811652 0.118543
vn -0.575020 -0.810678 -0.110243
vn -0.632325 -0.772481 -0.058628
vn -0.635545 -0.768738 0.071584
vn -0.663763 -0.721301 -0.197846
vn -0.665906 -0.715160 0.212403
vn -0.682051 -0.601238 -0.416317
vn -0.681437 -0.591510 0.430999
vn -0.650274 -0.416802 -0.635153
vn 0.370953 0.795411 -0.479287
vn -0.645799 -0.402947 0.648520
vn -0.481638 -0.876045 0.023865
vn -0.485765 -0.874090 -0.000204
vn -0.485721 -0.874114 -0.000241
vn 0.370506 0.795372 0.479696
vn -0.485678 -0.874138 -0.000203
vn -0.481467 -0.876123 -0.024449
vn -0.563338 -0.195280 -0.802817
vn -0.555284 -0.179421 0.812077
vn -0.356426 -0.790666 0.497802
vn -0.355685 -0.790499 -0.498597
vn -0.445890 0.015785 -0.894949
vn -0.437546 0.028543 0.898743
vn -0.360086 0.143409 -0.921831
vn -0.351827 0.154574 0.923214
vn -0.235358 0.304249 -0.923060
vn -0.229865 0.310597 0.922329
vn -0.144299 0.407163 -0.901885
vn -0.140667 0.410948 0.900741
vn 0.188886 0.699473 -0.689245
vn 0.188450 0.699295 0.689546
vn -0.078594 0.474781 -0.876588
vn -0.075892 0.477414 0.875395
vn -0.472317 -0.878286 0.074362
vn -0.472178 -0.878325 -0.074786
vn -0.008980 0.540924 -0.841023
vn -0.007462 0.542317 0.840141
vn 0.483573 0.875209 -0.012905
vn 0.483352 0.875317 0.013819
vn -0.457656 -0.877512 0.143264
vn -0.457574 -0.877519 -0.143484
vn 0.132907 0.659707 -0.739677
vn 0.132591 0.659553 0.739871
vn -0.569004 -0.812677 0.125662
vn -0.571865 -0.811836 -0.117866
vn -0.439077 -0.871391 0.218837
vn -0.614462 -0.788946 0.000854
vn -0.438871 -0.871298 -0.219620
vn -0.617458 -0.786545 0.009676
vn -0.658487 -0.733098 -0.170184
vn -0.660685 -0.727888 0.183507
vn -0.681738 -0.624534 -0.381038
vn -0.681637 -0.613635 0.398525
vn -0.658951 -0.449688 -0.602962
vn -0.654978 -0.435910 0.617240
vn -0.578971 -0.229358 -0.782424
vn -0.571416 -0.213752 0.792334
vn -0.462892 -0.012278 -0.886330
vn -0.453980 0.001766 0.891010
vn -0.343499 0.165892 -0.924385
vn -0.335784 0.176080 0.925335
vn -0.245136 0.292147 -0.924423
vn -0.238675 0.299728 0.923687
vn -0.322809 -0.776134 0.541673
vn -0.321656 -0.775763 -0.542890
vn 0.065788 0.606151 -0.792624
vn 0.065610 0.606045 0.792720
vn -0.313242 -0.771351 0.553983
vn -0.312661 -0.771210 -0.554507
vn -0.413519 -0.856265 0.309535
vn -0.413037 -0.855883 -0.311232
vn -0.369541 -0.798250 0.475642
vn -0.328515 -0.777523 0.536224
vn -0.369266 -0.798199 -0.475941
vn -0.327961 -0.777429 -0.536699
vn -0.348415 -0.785435 0.511566
vn -0.348003 -0.785436 -0.511844
vn -0.385633 -0.799022 0.461357
vn -0.385647 -0.799214 -0.461013
vn -0.385075 -0.833249 0.396753
vn -0.384648 -0.832754 -0.398204
vn -0.424103 -0.810288 0.404438
vn -0.424631 -0.810621 -0.403215
vn -0.476433 -0.819970 0.317270
vn -0.477766 -0.820306 -0.314384
vn 0.018111 0.564348 -0.825338
vn 0.018066 0.564321 0.825358
vn -0.529029 -0.820724 0.215732
vn -0.531274 -0.820668 -0.210359
vn -0.564098 -0.814216 0.137280
vn -0.566565 -0.813605 -0.130577
vn -0.620605 -0.783884 -0.019368
vn -0.623923 -0.780850 0.031510
vn -0.652585 -0.744200 -0.142477
vn -0.655566 -0.738367 0.158261
vn -0.680457 -0.643602 -0.350363
vn -0.680777 -0.634433 0.366111
vn -0.665303 -0.477656 -0.573774
vn -0.661612 -0.463221 0.589658
vn -0.591898 -0.259261 -0.763178
vn 0.380044 0.796882 -0.469623
vn -0.584394 -0.243001 0.774232
vn 0.379336 0.796811 0.470315
vn -0.476007 -0.034704 -0.878756
vn -0.466825 -0.019882 0.884126
vn -0.359289 -0.791282 0.494757
vn -0.383908 0.108562 -0.916967
vn -0.358364 -0.791069 -0.495768
vn -0.374812 0.121278 0.919134
vn -0.248323 0.287969 -0.924883
vn -0.241780 0.295675 0.924185
vn -0.147019 0.403788 -0.902962
vn -0.142230 0.408831 0.901459
vn -0.088744 0.464333 -0.881203
vn -0.085207 0.467830 0.879702
vn 0.370963 0.812510 -0.449682
vn 0.370668 0.812200 0.450486
vn 0.001620 0.550427 -0.834882
vn 0.002802 0.551501 0.834170
vn 0.048475 0.591392 -0.804926
vn 0.048973 0.591857 0.804554
vn 0.663653 0.558254 0.497913
vn 0.663391 0.558659 -0.497808
vn -0.370117 -0.804996 0.463676
vn -0.369830 -0.804818 -0.464212
vn 0.093973 0.628825 -0.771847
vn 0.093983 0.628909 0.771778
vn 0.000000 0.342285 0.939596
vn 0.000000 0.342285 -0.939596
vn 0.136160 0.662290 -0.736772
vn 0.135720 0.662053 0.737066
vn 0.385070 0.831705 -0.399985
vn 0.384593 0.831193 0.401505
vn -0.481807 -0.875971 0.023174
vn -0.481632 -0.876050 -0.023828
vn -0.559752 -0.815476 0.147233
vn -0.562577 -0.814840 -0.139794
vn -0.602790 -0.797131 0.035029
vn -0.605343 -0.795523 -0.026509
vn -0.647393 -0.752611 -0.120245
vn -0.649963 -0.748216 0.133121
vn 0.374391 0.800254 -0.468427
vn -0.678291 -0.661622 -0.319654
vn 0.374017 0.800171 0.468868
vn -0.679242 -0.651075 0.338719
vn -0.670084 -0.502586 -0.546256
vn -0.666750 -0.487655 0.563594
vn -0.602136 -0.284401 -0.746022
vn -0.594887 -0.268007 0.757814
vn -0.486620 -0.053454 -0.871977
vn -0.476845 -0.037325 0.878195
vn -0.358660 0.143978 -0.922298
vn -0.349603 0.156231 0.923780
vn -0.249411 0.286265 -0.925120
vn -0.242150 0.294857 0.924350
vn 0.483598 0.875198 -0.012713
vn 0.485773 0.874085 0.000291
vn 0.485722 0.874113 0.000350
vn 0.485669 0.874143 0.000291
vn 0.483352 0.875319 0.013710
vn 0.477235 0.877448 -0.048293
vn 0.476874 0.877555 0.049881
vn 0.466145 0.878563 -0.104098
vn 0.465671 0.878572 0.106123
vn -0.475509 -0.819928 0.318762
vn -0.476810 -0.820273 -0.315919
vn -0.509538 -0.821828 0.254892
vn -0.511157 -0.821999 -0.251069
vn -0.554444 -0.816847 0.159225
vn -0.556484 -0.816514 -0.153724
vn 0.000000 -0.285743 0.958306
vn 0.000000 -0.285743 -0.958306
vn -0.607772 -0.793870 0.019573
vn -0.611695 -0.791067 -0.006594
vn -0.640843 -0.761868 -0.094223
vn -0.644506 -0.756562 0.110569
vn -0.675648 -0.676708 -0.292516
vn -0.676760 -0.668475 0.308441
vn 0.454451 0.876854 -0.156847
vn -0.673561 -0.524604 -0.520678
vn 0.453910 0.876738 0.159048
vn -0.670800 -0.510424 0.538046
vn -0.621988 -0.336524 -0.707024
vn -0.614466 -0.317582 0.722200
vn 0.381463 0.798505 -0.465698
vn -0.502852 -0.082918 -0.860386
vn 0.380800 0.798428 0.466374
vn -0.492192 -0.064690 0.868079
vn -0.393248 0.093618 -0.914654
vn -0.382946 0.108270 0.917404
vn -0.364826 -0.792414 0.488857
vn -0.239037 0.298457 -0.924005
vn -0.363865 -0.792224 -0.489882
vn -0.232001 0.306685 0.923103
vn -0.135628 0.415570 -0.899392
vn -0.130792 0.420604 0.897767
vn -0.054703 0.497684 -0.865632
vn -0.051889 0.500366 0.864258
vn 0.025589 0.571656 -0.820094
vn -0.370237 -0.812735 0.449873
vn 0.026781 0.572724 0.819310
vn -0.369951 -0.812421 -0.450676
vn 0.441250 0.872261 -0.210853
vn 0.440637 0.872000 0.213202
vn -0.388083 -0.834451 0.391258
vn -0.387599 -0.833954 -0.392795
vn 0.426186 0.864354 -0.266940
vn 0.425508 0.863932 0.269379
vn 0.375837 0.808256 -0.453286
vn -0.548870 -0.818127 0.171494
vn -0.551960 -0.817638 -0.163731
vn 0.375438 0.808029 0.454022
vn -0.340702 -0.783124 0.520230
vn -0.589206 -0.804783 0.071831
vn -0.339447 -0.782770 -0.521580
vn -0.592494 -0.803193 -0.061902
vn -0.634478 -0.769697 -0.070739
vn -0.637515 -0.765881 0.083668
vn -0.671157 -0.695519 -0.256518
vn -0.672888 -0.687227 0.273752
vn -0.679229 -0.577203 -0.453305
vn -0.328479 -0.777677 0.536022
vn -0.677482 -0.561121 0.475564
vn -0.653573 -0.435156 -0.619258
vn -0.327640 -0.777462 -0.536847
vn -0.647010 -0.413358 0.640713
vn -0.630484 -0.361290 -0.686993
vn -0.622676 -0.340441 0.704539
vn -0.551670 -0.175553 -0.815378
vn -0.541472 -0.155994 0.826120
vn -0.505704 -0.088522 -0.858153
vn -0.494164 -0.068632 0.866656
vn -0.409358 0.069458 -0.909726
vn -0.398179 0.085752 0.913291
vn -0.322189 0.192901 -0.926814
vn -0.312357 0.205638 0.927441
vn -0.337818 -0.781079 0.525162
vn -0.242457 0.294000 -0.924542
vn 0.408063 0.851744 -0.328657
vn -0.337011 -0.780908 -0.525933
vn -0.234713 0.303108 0.923599
vn 0.407376 0.851186 0.330950
vn -0.350228 -0.785783 0.509789
vn -0.349581 -0.785707 -0.510351
vn -0.368210 -0.792524 0.486134
vn -0.367700 -0.792534 -0.486505
vn -0.678774 -0.650819 -0.340148
vn -0.374934 -0.800237 0.468022
vn -0.679457 -0.638531 0.361408
vn -0.678015 -0.563891 -0.471512
vn -0.374543 -0.800157 -0.468472
vn -0.675829 -0.547391 0.493577
vn -0.658975 -0.456901 -0.597490
vn -0.396733 -0.802338 0.445934
vn -0.653473 -0.437142 0.617965
vn -0.617585 -0.326203 -0.715668
vn -0.396665 -0.802529 -0.445650
vn -0.608817 -0.304542 0.732527
vn -0.557993 -0.188972 -0.808043
vn -0.547455 -0.168353 0.819726
vn -0.487357 -0.056526 -0.871371
vn -0.475431 -0.036700 0.878987
vn -0.411239 0.066242 -0.909117
vn -0.481888 -0.875945 0.022458
vn -0.485772 -0.874086 -0.000287
vn -0.485721 -0.874114 -0.000338
vn -0.485669 -0.874143 -0.000286
vn -0.481687 -0.876036 -0.023182
vn -0.398881 0.084356 0.913114
vn 0.387154 0.834562 -0.391941
vn 0.386639 0.834017 0.393606
vn -0.425482 -0.810629 0.402301
vn -0.425890 -0.810952 -0.401217
vn -0.468946 -0.819272 0.329974
vn -0.470056 -0.819631 -0.327493
vn -0.472784 -0.878235 0.071962
vn -0.472613 -0.878280 -0.072530
vn -0.512097 -0.822018 0.249086
vn -0.514340 -0.822152 -0.243968
vn -0.541584 -0.819539 0.187196
vn -0.543719 -0.819357 -0.181723
vn -0.593216 -0.802801 0.060042
vn -0.596483 -0.801073 -0.049899
vn -0.619570 -0.784691 -0.019836
vn -0.623425 -0.781147 0.033931
vn -0.658657 -0.730816 -0.179107
vn -0.661552 -0.723540 0.197076
vn -0.678058 -0.655853 -0.331804
vn -0.678922 -0.643394 0.353707
vn -0.675463 -0.543317 -0.498554
vn -0.672319 -0.524221 0.522667
vn -0.660423 -0.463738 -0.590583
vn -0.655054 -0.443903 0.611437
vn -0.620012 -0.333313 -0.710273
vn 0.385698 0.798652 -0.461943
vn -0.611600 -0.312250 0.726943
vn -0.560523 -0.194698 -0.804926
vn -0.458155 -0.877600 0.141113
vn -0.458028 -0.877601 -0.141516
vn -0.548412 -0.170740 0.818591
vn -0.507433 -0.092388 -0.856724
vn 0.384912 0.798571 0.462739
vn -0.494695 -0.070304 0.866218
vn -0.411301 0.065852 -0.909118
vn -0.399547 0.083066 0.912941
vn -0.340632 0.167502 -0.925156
vn -0.330670 0.180716 0.926283
vn -0.368134 -0.794120 0.483581
vn -0.230824 0.307670 -0.923071
vn -0.367148 -0.793916 -0.484665
vn -0.222444 0.317426 0.921824
vn 0.520289 0.827737 -0.210121
vn 0.518833 0.828010 0.212630
vn -0.108738 0.443440 -0.889684
vn -0.103893 0.448353 0.887798
vn -0.035830 0.515553 -0.856108
vn 0.018725 0.564931 -0.824926
vn -0.033241 0.518024 0.854720
vn 0.018668 0.564892 0.824954
vn 0.483637 0.875179 -0.012521
vn 0.483389 0.875300 0.013617
vn 0.055709 0.597509 -0.799925
vn 0.052608 0.594959 0.802032
vn 0.103966 0.636960 -0.763854
vn -0.440158 -0.871810 0.214959
vn 0.103979 0.637047 0.763779
vn -0.439894 -0.871699 -0.215947
vn 0.381538 0.796656 -0.468793
vn 0.380450 0.796495 0.469950
vn -0.676758 -0.664891 -0.316099
vn -0.677960 -0.652439 0.338663
vn -0.678947 -0.579880 -0.450300
vn -0.677299 -0.564292 0.472059
vn -0.662262 -0.472552 -0.581466
vn -0.656901 -0.451946 0.603511
vn -0.622589 -0.340980 -0.704355
vn -0.613676 -0.318253 0.722576
vn -0.561010 -0.196214 -0.804219
vn 0.155864 0.676557 -0.719706
vn -0.549317 -0.173061 0.817497
vn -0.485338 -0.053818 -0.872669
vn 0.155144 0.676143 0.720251
vn -0.472847 -0.033098 0.880523
vn -0.404588 0.075642 -0.911365
vn -0.392299 0.093487 0.915075
vn -0.534730 -0.820625 0.201590
vn -0.416022 -0.857849 0.301695
vn -0.537438 -0.820445 -0.195016
vn -0.415487 -0.857453 -0.303555
vn -0.572718 -0.811894 0.113234
vn -0.576318 -0.810676 -0.103254
vn 0.340024 0.781370 -0.523302
vn -0.621859 -0.782612 -0.028455
vn 0.339004 0.781136 0.524312
vn -0.626054 -0.778535 0.044039
vn -0.376035 -0.808003 0.453573
vn -0.652357 -0.743055 -0.149333
vn -0.375624 -0.807782 -0.454307
vn -0.655808 -0.735974 0.168102
vn -0.675710 -0.670702 -0.305900
vn -0.677098 -0.658591 0.328324
vn -0.677168 -0.561680 -0.475352
vn -0.674719 -0.543768 0.499070
vn -0.663663 -0.479814 -0.573872
vn -0.658718 -0.460233 0.595211
vn -0.624182 -0.346055 -0.700459
vn -0.614787 -0.321797 0.720058
vn -0.561178 -0.197079 -0.803890
vn -0.549556 -0.174045 0.817127
vn -0.505763 -0.090247 -0.857939
vn -0.491525 -0.065564 0.868392
vn -0.401953 0.079298 -0.912220
vn -0.388684 0.098530 0.916087
vn -0.299265 0.222183 -0.927941
vn -0.288871 0.235317 0.927998
vn -0.210547 0.331260 -0.919748
vn -0.202122 0.340865 0.918128
vn 0.298678 0.762916 -0.573368
vn 0.381708 0.803038 -0.457634
vn 0.297760 0.762638 0.574215
vn 0.381182 0.802915 0.458288
vn -0.674073 -0.679182 -0.290409
vn -0.675646 -0.668135 0.311605
vn -0.679475 -0.598902 -0.423827
vn -0.678327 -0.582403 0.447973
vn -0.665467 -0.489367 -0.563626
vn -0.659909 -0.466170 0.589242
vn -0.625952 -0.351726 -0.696041
vn -0.615859 -0.325287 0.717570
vn -0.560488 -0.196161 -0.804596
vn -0.547253 -0.169900 0.819542
vn -0.479123 -0.043959 -0.876646
vn -0.465300 -0.021235 0.884898
vn -0.392785 0.092576 -0.914959
vn -0.379427 0.111697 0.918455
vn -0.389699 -0.836985 0.384177
vn -0.389190 -0.836456 -0.385841
vn 0.377139 0.818042 -0.434251
vn -0.461798 -0.818449 0.341882
vn 0.376723 0.817652 0.435344
vn -0.462949 -0.818847 -0.339364
vn -0.486469 -0.821532 0.297377
vn -0.488157 -0.821867 -0.293660
vn -0.524539 -0.821808 0.222465
vn -0.527728 -0.821727 -0.215100
vn -0.574983 -0.811188 0.106623
vn -0.578992 -0.809726 -0.095459
vn -0.613349 -0.789809 -0.001936
vn -0.617223 -0.786635 0.015540
vn -0.645785 -0.753818 -0.121322
vn -0.648927 -0.748427 0.136932
vn -0.672224 -0.687284 -0.275237
vn 0.252307 0.738504 -0.625263
vn -0.674375 -0.674866 0.299623
vn -0.678244 -0.579416 -0.451953
vn 0.251503 0.738197 0.625949
vn -0.676010 -0.558271 0.480983
vn -0.666475 -0.495493 -0.557044
vn 0.385249 0.799679 -0.460540
vn -0.661193 -0.472717 0.582548
vn -0.626147 -0.352991 -0.695224
vn -0.616561 -0.327845 0.715801
vn -0.559462 -0.194577 -0.805693
vn 0.384506 0.799587 0.461320
vn -0.545985 -0.167897 0.820799
vn -0.498265 -0.077701 -0.863536
vn -0.482855 -0.051354 0.874193
vn -0.387522 0.100031 -0.916417
vn -0.373278 0.120298 0.919887
vn -0.306041 0.212905 -0.927907
vn -0.294059 0.228220 0.928141
vn -0.372838 -0.794774 0.478880
vn -0.188333 0.356610 -0.915074
vn -0.371790 -0.794582 -0.480013
vn -0.179398 0.366573 0.912930
vn -0.094025 0.458215 -0.883854
vn -0.058453 0.493695 0.867669
vn -0.010892 0.538832 -0.842343
vn 0.045463 0.588867 -0.806951
vn 0.024771 0.570918 0.820633
vn -0.482038 -0.875878 0.021835
vn -0.481838 -0.875967 -0.022654
vn 0.097065 0.631486 -0.769288
vn 0.099104 0.633193 0.767623
vn 0.000000 -0.285743 0.958306
vn 0.000000 -0.285743 -0.958306
vn -0.670339 -0.694655 -0.260960
vn -0.672886 -0.682081 0.286340
vn -0.679280 -0.614849 -0.400674
vn -0.678720 -0.599815 0.423748
vn -0.667360 -0.501250 -0.550799
vn -0.662708 -0.480634 0.574291
vn -0.626909 -0.355919 -0.693041
vn -0.616801 -0.329206 0.714969
vn 0.391103 0.836356 -0.384118
vn -0.557475 -0.191009 -0.807922
vn -0.356009 -0.788625 0.501327
vn -0.542593 -0.161664 0.824292
vn -0.468212 -0.026340 -0.883224
vn 0.390517 0.835798 0.385926
vn -0.354611 -0.788274 -0.502867
vn -0.452183 -0.000423 0.891925
vn -0.373621 0.119884 -0.919802
vn 0.200036 0.706674 -0.678673
vn -0.359221 0.139997 0.922692
vn 0.199380 0.706371 0.679182
vn -0.341976 -0.782800 0.519881
vn -0.340924 -0.782542 -0.520960
vn -0.516278 -0.822435 0.238867
vn -0.344521 -0.783429 0.517247
vn -0.519182 -0.822496 -0.232273
vn -0.343593 -0.783234 -0.518159
vn -0.552080 -0.818069 0.161156
vn -0.555554 -0.817417 -0.152278
vn -0.603086 -0.797176 0.028250
vn -0.605362 -0.795695 -0.020148
vn -0.636826 -0.766168 -0.086250
vn -0.652760 -0.741044 0.157347
vn -0.667989 -0.702735 -0.244857
vn -0.352542 -0.786336 0.507336
vn -0.670196 -0.693392 0.264662
vn -0.678572 -0.592889 -0.433615
vn -0.351675 -0.786191 -0.508163
vn -0.678672 -0.607642 0.412523
vn -0.668503 -0.508680 -0.542539
vn -0.663379 -0.484880 0.569929
vn -0.627280 -0.357751 -0.691762
vn -0.615901 -0.327518 0.716518
vn -0.554106 -0.184627 -0.811714
vn -0.538660 -0.154431 0.828249
vn -0.485652 -0.056452 -0.872327
vn -0.468842 -0.028356 0.882827
vn -0.364979 0.131962 -0.921616
vn -0.350296 0.152255 0.924181
vn -0.249876 0.283699 -0.925784
vn -0.361776 -0.789823 0.495275
vn -0.237975 0.297968 0.924437
vn 0.000000 0.547659 -0.836702
vn -0.361037 -0.789752 -0.495928
vn 0.000000 0.547659 0.836702
vn -0.155452 0.393060 -0.906277
vn -0.143492 0.405992 0.902541
vn -0.042611 0.508941 -0.859746
vn 0.021824 0.568304 -0.822529
vn 0.140980 0.665641 -0.732834
vn 0.483668 0.875165 -0.012325
vn 0.485786 0.874078 0.000425
vn 0.485720 0.874114 0.000521
vn 0.140494 0.665373 0.733171
vn 0.485657 0.874150 0.000427
vn 0.483386 0.875303 0.013527
vn -0.377011 -0.817478 0.435421
vn -0.373017 -0.794122 0.479822
vn -0.376587 -0.817098 -0.436501
vn -0.372472 -0.794143 -0.480211
vn 0.476841 0.877537 -0.050504
vn 0.476437 0.877652 0.052299
vn -0.399524 -0.803354 0.441592
vn -0.617329 -0.786493 0.018275
vn -0.399476 -0.803567 -0.441247
vn -0.645242 -0.753936 0.123461
vn -0.665638 -0.710005 -0.229825
vn -0.667964 -0.701306 0.248985
vn -0.678404 -0.633092 -0.372777
vn -0.678493 -0.614564 0.402440
vn -0.669459 -0.515511 -0.534858
vn -0.663985 -0.488973 0.565711
vn -0.626964 -0.357651 -0.692100
vn -0.000000 -0.547659 0.836702
vn -0.000000 -0.547659 -0.836702
vn 0.465541 0.878522 -0.107097
vn -0.615378 -0.326879 0.717258
vn -0.381861 -0.802713 0.458076
vn -0.549994 -0.176818 -0.816236
vn 0.465034 0.878525 0.109263
vn -0.533204 -0.144312 0.833587
vn -0.381323 -0.802601 -0.458721
vn -0.449879 0.003064 -0.893084
vn -0.432592 0.030201 0.901084
vn -0.346423 0.157697 -0.924729
vn -0.412899 -0.807627 0.421015
vn -0.330250 0.179542 0.926660
vn -0.413134 -0.807927 -0.420207
vn -0.445757 -0.815949 0.368141
vn -0.447111 -0.816446 -0.365386
vn 0.384511 0.812793 -0.437629
vn -0.479793 -0.821357 0.308498
vn -0.481811 -0.821767 -0.304232
vn 0.383941 0.812505 0.438664
vn 0.455392 0.877057 -0.152934
vn -0.503189 -0.822825 0.264121
vn 0.454815 0.876943 0.155289
vn -0.505993 -0.823051 -0.257990
vn -0.552015 -0.818264 0.160386
vn -0.547335 -0.819422 -0.170212
vn -0.587927 -0.805892 0.069856
vn 0.658554 0.523543 0.540564
vn 0.069577 0.609317 -0.789868
vn 0.658380 0.524394 -0.539950
vn -0.575816 -0.811303 -0.101109
vn 0.069321 0.609149 0.790021
vn -0.611698 -0.791090 0.001001
vn -0.639884 -0.761872 -0.100494
vn -0.648493 -0.748392 0.139161
vn -0.661593 -0.721045 -0.205885
vn -0.665927 -0.707712 0.235978
vn 0.394552 0.800757 -0.450684
vn -0.677613 -0.642857 -0.357177
vn -0.678195 -0.622170 0.391096
vn -0.670158 -0.521152 -0.528478
vn 0.393564 0.800653 0.451733
vn -0.664608 -0.493278 0.561225
vn -0.625817 -0.355176 -0.694408
vn -0.613436 -0.322498 0.720896
vn -0.542968 -0.163270 -0.823729
vn -0.526722 -0.132403 0.839662
vn -0.464181 -0.020825 -0.885496
vn -0.445118 0.009860 0.895417
vn -0.332548 0.176526 -0.926418
vn -0.375052 -0.796529 0.474212
vn -0.316844 0.197362 0.927717
vn -0.250757 0.282220 -0.925998
vn 0.442733 0.872835 -0.205297
vn -0.374100 -0.796356 -0.475255
vn -0.225633 0.312463 0.922744
vn -0.153973 0.394583 -0.905868
vn 0.442077 0.872572 0.207812
vn -0.078391 0.473837 -0.877117
vn -0.107815 0.443681 0.889676
vn -0.393246 -0.838318 0.377598
vn -0.023082 0.527410 -0.849297
vn -0.392672 -0.837783 -0.379380
vn 0.006314 0.554465 0.832183
vn 0.048736 0.591652 -0.804719
vn 0.095197 0.630030 -0.770713
vn 0.078002 0.616176 0.783737
vn 0.139112 0.664024 -0.734656
vn 0.139158 0.664159 0.734526
vn -0.599600 -0.799479 0.036240
vn -0.606512 -0.794942 -0.014523
vn -0.629430 -0.774659 -0.061002
vn -0.635469 -0.767418 0.085136
vn -0.657766 -0.730043 -0.185422
vn 0.180671 0.694151 -0.696787
vn 0.179597 0.693530 0.697683
vn -0.662926 -0.716318 0.217754
vn -0.676669 -0.651597 -0.342841
vn -0.677747 -0.630196 0.378830
vn -0.670497 -0.524849 -0.524373
vn 0.428398 0.865546 -0.259433
vn -0.665271 -0.497932 0.556309
vn -0.623287 -0.348843 -0.699872
vn -0.611762 -0.318873 0.723925
vn 0.427671 0.865119 0.262044
vn -0.535969 -0.150042 -0.830798
vn -0.517730 -0.115949 0.847651
vn -0.421287 0.047615 -0.905677
vn -0.403162 0.074834 0.912064
vn -0.307641 0.209646 -0.928119
vn 0.019292 0.565424 -0.824575
vn -0.290605 0.231577 0.928397
vn -0.208280 0.332982 -0.919642
vn 0.019224 0.565376 0.824609
vn -0.127312 0.423244 -0.897026
vn 0.216158 0.718771 -0.660791
vn 0.214756 0.717998 0.662087
vn -0.492630 -0.822662 0.283800
vn -0.495387 -0.823004 -0.277948
vn -0.516979 -0.822985 0.235432
vn -0.531745 -0.821993 -0.203898
vn -0.555880 -0.817641 0.149870
vn -0.559886 -0.816736 -0.139537
vn -0.592104 -0.803854 0.056846
vn -0.598510 -0.800234 -0.037560
vn -0.631809 -0.771887 -0.070765
vn -0.639195 -0.762384 0.100998
vn -0.654009 -0.737842 -0.166915
vn 0.411307 0.853962 -0.318709
vn -0.659474 -0.725072 0.198405
vn -0.675838 -0.657603 -0.332869
vn 0.410563 0.853391 0.321189
vn -0.677084 -0.639187 0.364687
vn -0.671172 -0.530916 -0.517356
vn -0.665668 -0.501353 0.552749
vn -0.622349 -0.347067 -0.701588
vn -0.482112 -0.875853 0.021192
vn -0.485784 -0.874079 -0.000421
vn -0.485721 -0.874114 -0.000418
vn -0.485658 -0.874149 -0.000422
vn -0.481881 -0.875958 -0.022116
vn -0.609058 -0.312643 0.728905
vn -0.525772 -0.130934 -0.840488
vn -0.505587 -0.094094 0.857630
vn -0.402228 0.076350 -0.912350
vn -0.410342 0.063622 0.909710
vn -0.281440 0.243444 -0.928185
vn -0.270271 0.257351 0.927752
vn -0.200334 0.342080 -0.918067
vn -0.149816 0.398806 0.904715
vn -0.107557 0.443921 -0.889588
vn -0.031822 0.519145 -0.854094
vn -0.473089 -0.878210 0.070245
vn -0.053271 0.498460 0.865274
vn -0.472882 -0.878261 -0.070987
vn 0.036544 0.581183 -0.812952
vn 0.097107 0.631593 -0.769194
vn -0.584759 -0.807598 0.076436
vn -0.457991 -0.877513 0.142177
vn -0.383869 -0.811969 0.439717
vn -0.457803 -0.877499 -0.142871
vn -0.592070 -0.803981 -0.055385
vn -0.616217 -0.787393 -0.017017
vn -0.383297 -0.811694 -0.440722
vn -0.622654 -0.781476 0.039959
vn -0.648995 -0.747084 -0.143773
vn 0.393610 0.839755 -0.374008
vn -0.655297 -0.734379 0.176843
vn -0.674211 -0.668468 -0.313992
vn 0.392982 0.839162 0.375996
vn -0.676216 -0.648096 0.350291
vn -0.671447 -0.534523 -0.513269
vn -0.665882 -0.503925 0.550145
vn -0.619142 -0.339050 -0.708314
vn -0.602748 -0.297413 0.740433
vn -0.511911 -0.105506 -0.852535
vn -0.491924 -0.070131 0.867809
vn -0.380177 0.108662 -0.918508
vn -0.356948 0.141590 0.923331
vn -0.254192 0.277479 -0.926494
vn -0.235069 0.300615 0.924323
vn -0.151453 0.397028 -0.905224
vn -0.066609 0.485411 -0.871745
vn -0.431399 -0.813129 0.390789
vn -0.432568 -0.813636 -0.388435
vn -0.445020 -0.816475 0.367867
vn -0.440266 -0.871450 0.216198
vn -0.447004 -0.817099 -0.364055
vn -0.439926 -0.871301 -0.217483
vn -0.474547 -0.821421 0.316343
vn -0.477581 -0.821971 -0.310289
vn 0.391892 0.806715 -0.442302
vn -0.521286 -0.822982 0.225745
vn 0.391161 0.806547 0.443254
vn -0.525472 -0.822860 -0.216287
vn -0.537779 -0.821393 0.190020
vn -0.542288 -0.820849 -0.179250
vn -0.574394 -0.812083 0.102916
vn 0.395405 0.802476 -0.446864
vn -0.580508 -0.809691 -0.086085
vn -0.618181 -0.785656 -0.024436
vn -0.626824 -0.777174 0.055604
vn -0.644494 -0.754396 -0.124552
vn 0.394476 0.802361 0.447890
vn -0.651093 -0.742638 0.156738
vn -0.672117 -0.679772 -0.293545
vn 0.000000 0.342284 0.939596
vn 0.000000 0.342284 -0.939596
vn -0.675230 -0.656145 0.336954
vn -0.671620 -0.537695 -0.509716
vn -0.665957 -0.505850 0.548286
vn -0.614203 -0.326593 -0.718395
vn -0.597336 -0.284857 0.749698
vn -0.496884 -0.078789 -0.864233
vn -0.472300 -0.036611 0.880677
vn -0.351450 0.149393 -0.924211
vn -0.379612 -0.796480 0.470652
vn -0.359064 0.138295 0.923010
vn -0.219316 0.319551 -0.921839
vn -0.378342 -0.796250 -0.472062
vn -0.207562 0.333208 0.919723
vn -0.120970 0.429759 -0.894804
vn -0.109619 0.441565 0.890508
vn 0.483705 0.875147 -0.012106
vn -0.004518 0.544558 -0.838711
vn 0.483415 0.875288 0.013462
vn -0.002726 0.546158 0.837678
vn 0.082751 0.620045 -0.780190
vn -0.416339 -0.857602 0.301963
vn 0.090376 0.626283 0.774339
vn -0.415759 -0.857177 -0.303961
vn 0.152112 0.673627 -0.723248
vn 0.154863 0.675748 0.720681
vn 0.204927 0.710625 -0.673066
vn -0.566986 -0.814781 0.121071
vn 0.203482 0.709809 0.674364
vn -0.573756 -0.812503 -0.103162
vn -0.598393 -0.800374 0.036426
vn -0.606624 -0.794917 -0.010708
vn -0.636363 -0.765906 -0.091819
vn -0.644615 -0.753737 0.127876
vn -0.670163 -0.688430 -0.277390
vn -0.673920 -0.665204 0.321459
vn -0.671793 -0.540951 -0.506030
vn -0.665306 -0.503918 0.550848
vn -0.608571 -0.312703 -0.729286
vn -0.589459 -0.266802 0.762466
vn -0.475546 -0.042028 -0.878686
vn -0.448678 0.002231 0.893691
vn -0.316977 0.196325 -0.927891
vn -0.293652 0.226801 0.928617
vn -0.178548 0.366637 -0.913070
vn -0.162378 0.384622 0.908680
vn -0.394984 -0.841188 0.369310
vn -0.394381 -0.840618 -0.371247
vn -0.460565 -0.819731 0.340471
vn -0.464131 -0.820496 -0.333720
vn -0.490305 -0.823227 0.286179
vn 0.000000 -0.285743 0.958306
vn 0.000000 -0.285743 -0.958306
vn -0.494949 -0.823668 -0.276759
vn -0.515092 -0.823698 0.237067
vn -0.520975 -0.823577 -0.224291
vn -0.550575 -0.819376 0.159657
vn -0.558107 -0.817675 -0.141149
vn -0.598749 -0.800191 0.034570
vn -0.607937 -0.793964 -0.005761
vn -0.628979 -0.774735 -0.064583
vn -0.638159 -0.763176 0.101560
vn -0.667375 -0.699204 -0.256366
vn -0.671925 -0.676773 0.300823
vn -0.672232 -0.546396 -0.499555
vn -0.664979 -0.503744 0.551402
vn -0.600706 -0.293662 -0.743583
vn 0.387319 0.825064 -0.411404
vn -0.576261 -0.237302 0.782056
vn -0.447427 0.004370 -0.894310
vn 0.386714 0.824594 0.412913
vn -0.420554 0.046554 0.906072
vn -0.305993 0.210694 -0.928427
vn -0.280109 0.244066 0.928424
vn -0.139344 0.409919 -0.901415
vn -0.125578 0.424570 0.896644
vn -0.023517 0.526879 -0.849615
vn -0.016216 0.533689 0.845526
vn -0.369079 -0.792794 0.485034
vn 0.069155 0.608865 -0.790253
vn 0.071854 0.611149 0.788247
vn -0.368494 -0.792802 -0.485465
vn -0.378339 -0.796647 0.471396
vn -0.378207 -0.796829 -0.471193
vn -0.540011 -0.821478 0.183196
vn -0.548152 -0.820143 -0.163998
vn -0.574421 -0.812356 0.100590
vn -0.584448 -0.808125 -0.073171
vn -0.619126 -0.784690 -0.030738
vn -0.629531 -0.773910 0.068949
vn -0.662990 -0.713377 -0.227017
vn -0.669988 -0.685913 0.283972
vn -0.671810 -0.545340 -0.501274
vn -0.664239 -0.501487 0.554343
vn -0.587386 -0.262475 -0.765561
vn -0.384771 -0.799433 0.461366
vn -0.562659 -0.208370 0.799998
vn -0.410349 0.062388 -0.909792
vn -0.390964 -0.805916 0.444574
vn -0.385031 -0.799755 -0.460589
vn -0.377798 0.110553 0.919264
vn -0.223437 0.314195 -0.922690
vn -0.390243 -0.805765 -0.445481
vn 0.656098 0.505488 0.560372
vn -0.202095 0.339179 0.918757
vn -0.080626 0.471192 -0.878338
vn 0.655987 0.506610 -0.559489
vn -0.067711 0.484054 0.872414
vn -0.403374 -0.805989 0.433210
vn -0.404564 -0.806582 -0.430990
vn -0.480989 -0.876316 0.026832
vn -0.480717 -0.876432 -0.027901
vn -0.424086 -0.812212 0.400577
vn -0.426996 -0.813173 -0.395504
vn -0.436392 -0.815402 0.380371
vn -0.439827 -0.816386 -0.374253
vn -0.476519 -0.822381 0.310836
vn -0.480658 -0.823013 -0.302685
vn 0.400822 0.802472 -0.442018
vn -0.486405 -0.823442 0.292154
vn 0.399753 0.802364 0.443182
vn -0.493166 -0.824063 -0.278761
vn -0.520495 -0.823807 0.224561
vn -0.531403 -0.822995 -0.200727
vn -0.571241 -0.813651 0.107963
vn -0.582849 -0.808951 -0.076716
vn -0.607260 -0.794474 0.006858
vn -0.619347 -0.784397 0.033639
vn -0.658479 -0.725317 -0.200800
vn -0.666539 -0.699797 0.256926
vn -0.671337 -0.544014 -0.503344
vn -0.661595 -0.489854 0.567745
vn -0.385372 -0.799493 0.460759
vn -0.567812 -0.219252 -0.793422
vn -0.539904 -0.162222 0.825946
vn -0.364568 0.129729 -0.922096
vn -0.384274 -0.799308 -0.461995
vn -0.330106 0.177535 0.927098
vn -0.188561 0.354886 -0.915697
vn -0.165312 0.381040 0.909659
vn -0.033002 0.517839 -0.854841
vn -0.021697 0.528503 0.848654
vn 0.056154 0.597987 -0.799537
vn 0.060712 0.601867 0.796285
vn -0.387113 -0.824328 0.413069
vn 0.131217 0.658062 -0.741442
vn -0.386495 -0.823862 -0.414576
vn 0.131665 0.658492 0.740981
vn 0.189349 0.699899 -0.688686
vn 0.188459 0.699426 0.689410
vn 0.238579 0.731905 -0.638275
vn 0.394348 0.800154 -0.451933
vn 0.398930 0.842085 -0.362971
vn 0.235938 0.730443 0.640926
vn 0.398210 0.841481 0.365156
vn 0.393041 0.799976 0.453384
vn -0.508013 -0.824389 0.249611
vn 0.252941 0.741037 -0.622001
vn -0.517135 -0.824305 -0.230417
vn -0.540285 -0.821773 0.181054
vn 0.250598 0.739807 0.624408
vn -0.552768 -0.819417 -0.151665
vn -0.590708 -0.805016 0.054891
vn -0.607406 -0.794379 -0.004448
vn -0.653707 -0.736004 -0.175970
vn -0.662455 -0.713062 0.229556
vn -0.670744 -0.541855 -0.506455
vn 0.281674 0.758135 -0.588125
vn -0.660974 -0.488454 0.569671
vn -0.544774 -0.171829 -0.820790
vn 0.279136 0.756905 0.590912
vn -0.506394 -0.098887 0.856613
vn -0.303231 0.213673 -0.928652
vn -0.264352 0.263478 0.927738
vn -0.089682 0.461885 -0.882394
vn 0.397230 0.819056 -0.413951
vn -0.069171 0.482520 0.873149
vn 0.041635 0.585574 -0.809549
vn 0.045269 0.588736 0.807057
vn 0.396421 0.818701 0.415426
vn -0.417997 -0.811046 0.409246
vn -0.420461 -0.811941 -0.404925
vn -0.436169 -0.815851 0.379663
vn -0.441414 -0.817221 -0.370544
vn 0.351294 0.785556 -0.509405
vn -0.452628 -0.819420 0.351679
vn 0.019697 0.565812 -0.824299
vn -0.458752 -0.820692 -0.340605
vn -0.481514 -0.823499 0.299988
vn 0.019617 0.565752 0.824342
vn 0.350080 0.785284 0.510659
vn -0.494007 -0.824533 -0.275867
vn -0.532767 -0.823008 0.197019
vn -0.547672 -0.820687 -0.162874
vn -0.572412 -0.813443 0.103223
vn -0.586683 -0.807256 -0.064349
vn -0.643477 -0.754650 -0.128218
vn -0.658287 -0.724292 0.205082
vn -0.669793 -0.537224 -0.512609
vn -0.655108 -0.463922 0.596331
vn -0.512038 -0.109178 -0.851996
vn 0.109889 0.993940 -0.002699
vn 0.250922 0.968007 0.000302
vn -0.000000 -0.547660 0.836701
vn -0.460015 -0.018405 0.887721
vn 0.124402 0.992232 0.000173
vn 0.250845 0.968027 0.000302
vn -0.216009 0.322597 -0.921559
vn 0.109809 0.993948 0.003044
vn -0.000000 -0.547660 -0.836701
vn -0.179064 0.365328 0.913494
vn -0.021969 0.528218 -0.848825
vn 0.367457 0.929505 -0.031565
vn -0.008183 0.541050 0.840951
vn 0.367135 0.929583 0.032968
vn 0.095199 0.630093 -0.770662
vn 0.096343 0.631082 0.769710
vn 0.157453 0.677443 -0.718526
vn 0.158439 0.678273 0.717525
vn 0.215083 0.716879 -0.663192
vn 0.212774 0.715542 0.665377
vn 0.320059 0.944907 -0.068651
vn 0.319700 0.944916 0.070189
vn -0.396911 -0.842452 0.364331
vn -0.396280 -0.841876 -0.366342
vn -0.462714 -0.821380 0.333512
vn -0.473043 -0.822973 -0.314557
vn -0.491338 -0.824453 0.280828
vn -0.507316 -0.825001 -0.249008
vn 0.280888 0.954703 -0.098206
vn -0.549041 -0.820430 0.159528
vn 0.280514 0.954653 0.099748
vn -0.567737 -0.815338 -0.113570
vn -0.628552 -0.774712 -0.068874
vn 0.308842 0.767560 -0.561666
vn -0.648136 -0.746055 0.152711
vn -0.669144 -0.534934 -0.515840
vn 0.307747 0.767226 0.562722
vn -0.650463 -0.446777 0.614238
vn -0.445717 0.005240 -0.895158
vn -0.388804 0.093149 0.916599
vn -0.107436 0.443422 -0.889851
vn 0.000000 0.547659 -0.836702
vn -0.071612 0.479984 0.874349
vn 0.090624 0.626442 -0.774182
vn 0.000000 0.547659 0.836701
vn 0.094943 0.629979 0.770787
vn 0.173054 0.688530 -0.704257
vn -0.378314 -0.798028 0.469074
vn 0.173311 0.688829 0.703902
vn -0.379759 -0.798773 -0.466632
vn -0.374004 -0.796862 0.474481
vn -0.374333 -0.794353 0.478412
vn -0.375603 -0.797672 -0.471850
vn -0.372718 -0.794008 -0.480243
vn 0.273451 0.953031 -0.130215
vn -0.384299 -0.800873 0.459258
vn 0.402720 0.804498 -0.436576
vn 0.273037 0.952923 0.131864
vn -0.386882 -0.801991 -0.455119
vn -0.409199 -0.809154 0.421694
vn 0.401645 0.804367 0.437806
vn -0.414783 -0.810980 -0.412634
vn -0.393023 -0.814632 0.426505
vn -0.392269 -0.814334 -0.427769
vn -0.408902 -0.809262 0.421775
vn -0.415314 -0.811327 -0.411416
vn -0.429697 -0.815027 0.388704
vn -0.441271 -0.817886 -0.369246
vn -0.474997 -0.823286 0.310770
vn -0.488478 -0.824668 -0.285153
vn -0.504705 -0.825096 0.253947
vn -0.387914 -0.798745 0.459924
vn -0.528873 -0.824003 -0.203253
vn -0.610967 -0.791604 -0.009084
vn -0.386636 -0.798545 -0.461345
vn -0.636120 -0.764956 0.100964
vn -0.660048 -0.486685 -0.572254
vn -0.631101 -0.382219 0.674997
vn -0.329460 0.177818 -0.927274
vn -0.277447 0.246318 0.928628
vn 0.045155 0.588606 -0.807158
vn 0.059037 0.600461 0.797472
vn 0.186927 0.698083 -0.691186
vn -0.354269 -0.786916 0.505229
vn 0.183611 0.695942 0.694228
vn -0.352061 -0.786329 -0.507680
vn 0.262065 0.745434 -0.612903
vn 0.261187 0.743334 -0.615821
vn 0.407046 0.811744 -0.418790
vn 0.257170 0.742774 0.618184
vn 0.265199 0.950233 -0.163484
vn 0.260228 0.742962 0.616676
vn 0.278146 0.754717 -0.594169
vn 0.406023 0.811532 0.420192
vn 0.264754 0.950062 0.165189
vn 0.272631 0.751841 0.600339
vn 0.291505 0.762236 -0.577946
vn 0.000000 0.547659 -0.836702
vn 0.000000 0.547659 0.836702
vn 0.287108 0.760078 0.582967
vn 0.311430 0.772934 -0.552797
vn 0.307656 0.771232 0.557269
vn -0.249421 -0.968363 0.007928
vn -0.222916 -0.974838 -0.000237
vn -0.249294 -0.968390 -0.008528
vn -0.400850 -0.807121 0.433445
vn -0.411019 -0.810415 -0.417480
vn -0.415498 -0.811608 0.410674
vn 0.334781 0.784695 -0.521705
vn -0.427102 -0.814907 -0.391804
vn -0.464523 -0.822235 0.328860
vn 0.331048 0.783168 0.526361
vn -0.354723 -0.786967 0.504831
vn -0.322632 -0.944936 0.054804
vn -0.490522 -0.825047 -0.280510
vn -0.567028 -0.815736 0.114251
vn -0.322437 -0.944960 -0.055537
vn -0.355488 -0.787442 -0.503550
vn -0.607858 -0.794045 0.001228
vn 0.000000 -0.547659 0.836702
vn -0.641376 -0.414983 -0.645311
vn 0.000000 -0.547659 -0.836702
vn -0.601744 -0.302204 0.739308
vn -0.080626 0.470929 -0.878479
vn -0.074346 0.477158 0.875667
vn 0.233334 0.728190 -0.644433
vn 0.227802 0.724930 0.650064
vn 0.256236 0.946230 -0.197465
vn 0.255788 0.946007 0.199104
vn -0.280609 -0.954697 0.099055
vn -0.280433 -0.954677 -0.099745
vn -0.357739 -0.791085 0.496193
vn -0.360553 -0.792428 -0.491996
vn -0.357872 -0.791410 0.495579
vn 0.207351 0.711308 -0.671600
vn -0.361941 -0.793254 -0.489639
vn -0.353910 -0.786958 0.505415
vn 0.206563 0.710934 0.672239
vn -0.349935 -0.788359 0.505999
vn -0.351796 -0.786266 -0.507962
vn -0.356004 -0.791089 -0.497433
vn -0.352036 -0.789411 0.502892
vn -0.362267 -0.793780 -0.488545
vn -0.228369 -0.967618 0.107528
vn -0.376466 -0.799129 0.468685
vn -0.228185 -0.967581 -0.108250
vn -0.391438 -0.804596 -0.446544
vn -0.379780 -0.800463 0.463709
vn -0.410547 -0.810735 -0.417326
vn -0.492175 -0.825246 0.277007
vn -0.561817 -0.817678 -0.125558
vn -0.597756 -0.291076 -0.746969
vn -0.555959 -0.197842 0.807321
vn 0.388200 0.803824 -0.450742
vn 0.404632 0.809394 0.425623
vn 0.347564 0.788306 -0.507714
vn -0.346134 -0.784288 0.514862
vn 0.325453 0.778613 0.536509
vn 0.356088 0.792024 -0.495883
vn -0.345536 -0.784259 -0.515308
vn 0.335435 0.783331 0.523331
vn 0.334905 0.783036 -0.524112
vn 0.326758 0.779494 0.534433
vn 0.336086 0.783755 -0.522278
vn -0.266685 -0.950810 0.157608
vn 0.328998 0.780722 0.531256
vn -0.266426 -0.950713 -0.158627
vn 0.353775 0.791686 -0.498073
vn 0.167196 0.975206 -0.144977
vn 0.345637 0.788433 0.508830
vn 0.000000 -0.342283 0.939597
vn 0.166903 0.975103 0.146008
vn 0.000000 -0.342283 -0.939597
vn 0.526211 0.827480 -0.195904
vn 0.523059 0.827965 0.202196
vn -0.351831 -0.787207 0.506477
vn -0.351820 -0.787424 -0.506148
vn -0.317075 -0.915849 0.246343
vn -0.316615 -0.915560 -0.248002
vn -0.286282 -0.758421 0.585526
vn -0.324200 -0.777648 -0.538664
vn -0.051161 -0.593707 0.803053
vn -0.337315 -0.781569 0.524756
vn 0.003261 -0.545430 -0.838150
vn 0.629324 0.379038 0.678440
vn -0.337700 -0.781950 -0.523940
vn 0.657537 0.481784 -0.579249
vn -0.403192 -0.808837 0.428040
vn 0.548447 0.821364 -0.156736
vn 0.505816 0.826143 0.248269
vn -0.402228 -0.808665 -0.429271
vn 0.449516 0.820686 -0.352717
vn 0.146320 0.669521 -0.728239
vn 0.415505 0.812900 0.408104
vn 0.401957 0.808834 -0.429207
vn -0.392013 -0.801311 0.451915
vn -0.332139 -0.779804 0.530649
vn 0.145738 0.669191 0.728659
vn 0.389441 0.804956 0.447640
vn 0.392395 0.805912 -0.443319
vn -0.332900 -0.780355 -0.529362
vn 0.382651 0.802758 0.457338
vn -0.390772 -0.801115 -0.453334
vn 0.411027 0.804635 -0.428508
vn -0.326360 -0.777552 0.537496
vn -0.327416 -0.778239 -0.535857
vn 0.409735 0.804514 0.429969
vn -0.137008 -0.981964 0.130293
vn -0.312209 -0.771050 0.554984
vn -0.136786 -0.981900 -0.131002
vn -0.314145 -0.772189 -0.552302
vn -0.308441 -0.769407 0.559354
vn -0.312255 -0.771474 -0.554369
vn -0.285691 -0.757923 0.586458
vn -0.289467 -0.760110 -0.581757
vn -0.219281 -0.719257 0.659230
vn -0.232500 -0.727664 -0.645329
vn -0.094793 -0.629794 0.770956
vn -0.071430 -0.610817 -0.788543
vn 0.299288 -0.217447 0.929055
vn 0.393969 -0.083935 -0.915283
vn 0.657239 0.480116 0.580969
vn 0.673820 0.618248 -0.404643
vn 0.604189 0.796810 -0.007049
vn 0.564562 0.817159 0.116281
vn 0.502691 0.826263 -0.254147
vn 0.482835 0.825596 0.291996
vn 0.467444 0.823882 -0.320491
vn 0.450642 0.821404 0.349595
vn 0.426202 0.816019 -0.390468
vn 0.413424 0.812777 0.410456
vn 0.420126 0.814585 -0.399931
vn 0.408292 0.811444 0.418159
vn 0.399641 0.808885 -0.431269
vn 0.391574 0.806447 0.443073
vn 0.380132 0.802685 -0.459562
vn 0.374549 0.800823 0.467329
vn 0.277067 0.922802 -0.267713
vn 0.276532 0.922559 0.269099
vn 0.072140 0.611448 -0.787990
vn 0.392570 0.807525 -0.440218
vn 0.071838 0.611244 0.788175
vn 0.387274 0.805912 0.447800
vn -0.202996 -0.708698 0.675677
vn -0.207790 -0.711980 -0.670752
vn -0.116080 -0.646522 0.754013
vn -0.111351 -0.642940 -0.757779
vn 0.077861 -0.473514 0.877338
vn 0.381769 0.804505 -0.454999
vn 0.128629 -0.420516 -0.898121
vn 0.434373 -0.021352 0.900480
vn 0.377657 0.803193 0.460713
vn 0.504566 0.099333 -0.857640
vn 0.666842 0.532636 0.521172
vn 0.673494 0.621704 -0.399862
vn 0.623552 0.779555 0.058963
vn 0.600351 0.799558 0.016887
vn 0.544349 0.822597 -0.164371
vn 0.517418 0.826190 0.222910
vn 0.490411 0.826218 -0.277238
vn 0.479079 0.825589 0.298139
vn 0.467387 0.824237 -0.319660
vn 0.454902 0.822537 0.341317
vn -0.275256 -0.752057 0.598869
vn -0.276691 -0.753032 -0.596979
vn -0.234821 -0.728763 0.643244
vn -0.236237 -0.729794 -0.641555
vn -0.183935 -0.695923 0.694161
vn -0.185414 -0.697068 -0.692616
vn -0.115644 -0.646208 0.754349
vn -0.111034 -0.642713 -0.758018
vn 0.002493 -0.546179 0.837665
vn 0.020269 -0.529642 -0.847979
vn 0.219729 -0.317132 0.922576
vn 0.265923 -0.260000 -0.928270
vn 0.526971 0.141501 0.838021
vn 0.564013 0.218007 -0.796469
vn 0.670592 0.564058 0.481814
vn 0.672877 0.635587 -0.378504
vn 0.637711 0.761521 0.115801
vn 0.617130 0.785920 -0.038485
vn 0.569800 0.815470 -0.101674
vn 0.554184 0.820576 0.139768
vn 0.539807 0.823684 -0.173648
vn 0.020079 0.566138 -0.824066
vn 0.520701 0.826230 0.214973
vn 0.490873 0.826545 -0.275438
vn 0.019989 0.566070 0.824115
vn 0.478606 0.825848 0.298180
vn 0.460544 0.823609 -0.331009
vn 0.451340 0.822262 0.346665
vn 0.453698 0.822801 -0.342281
vn 0.435948 0.819447 0.372097
vn -0.395671 -0.800552 0.450068
vn -0.394252 -0.800350 -0.451671
vn 0.161299 0.974736 -0.154509
vn 0.142675 0.980149 0.137667
vn -0.053479 -0.595714 0.801414
vn -0.044073 -0.587685 -0.807888
vn 0.093975 -0.456951 0.884514
vn 0.118161 -0.431542 -0.894321
vn 0.332338 -0.172258 0.927296
vn 0.372362 -0.115120 -0.920920
vn 0.572595 0.236808 0.784893
vn 0.606689 0.319684 -0.727826
vn 0.672317 0.588519 0.449038
vn 0.672665 0.633275 -0.382734
vn 0.646230 0.747023 0.156025
vn 0.630147 0.771525 -0.087541
vn 0.592698 0.804522 -0.038127
vn 0.574547 0.813769 0.087612
vn -0.289684 -0.759447 0.582515
vn 0.546944 0.822422 -0.156440
vn 0.417560 0.808110 -0.415454
vn 0.532752 0.825105 0.188089
vn -0.289849 -0.759728 -0.582066
vn 0.519304 0.826495 -0.217323
vn 0.416213 0.807966 0.417081
vn 0.507371 0.827211 0.241448
vn -0.250041 -0.737705 0.627114
vn -0.250686 -0.738257 -0.626206
vn -0.211130 -0.713926 0.667633
vn -0.211610 -0.714378 -0.666997
vn -0.152121 -0.673548 0.723321
vn -0.147815 -0.670511 -0.727025
vn -0.074816 -0.613578 0.786082
vn -0.058082 -0.599633 -0.798165
vn 0.042206 -0.508670 0.859926
vn 0.046876 -0.504073 -0.862388
vn 0.224278 -0.311382 0.923440
vn 0.224084 -0.311415 -0.923475
vn 0.418696 -0.045202 0.907001
vn 0.455141 0.014137 -0.890307
vn 0.603916 0.312427 0.733263
vn 0.627514 0.378997 -0.680138
vn 0.672160 0.591418 0.445450
vn 0.672073 0.640384 -0.371787
vn 0.651116 0.736666 0.182679
vn 0.637278 0.761529 -0.118107
vn 0.605675 0.795709 0.002327
vn 0.591301 0.805441 0.040343
vn 0.579634 0.811562 -0.073432
vn 0.000000 -0.547659 0.836702
vn 0.561981 0.818593 0.118670
vn -0.210199 -0.954170 0.213016
vn 0.535058 0.824874 -0.182471
vn 0.000000 -0.547659 -0.836702
vn 0.517586 0.826877 -0.219953
vn -0.209753 -0.954072 -0.213895
vn 0.522107 0.826639 0.209933
vn 0.474085 0.826020 -0.304850
vn 0.473563 0.826158 0.305288
vn 0.450775 0.823047 -0.345536
vn 0.444049 0.821941 0.356698
vn -0.079137 -0.617180 -0.782832
vn 0.455357 0.824377 -0.336233
vn 0.449685 0.823558 0.345738
vn 0.011251 -0.538017 -0.842859
vn 0.110802 -0.439300 0.891481
vn 0.190301 0.965340 -0.178615
vn 0.134956 -0.413356 -0.900513
vn 0.284857 -0.235406 0.929215
vn 0.314469 -0.195907 -0.928833
vn 0.000000 0.547659 -0.836702
vn 0.479376 0.055414 0.875858
vn 0.189714 0.965303 0.179440
vn 0.000000 0.547659 0.836702
vn -0.000000 -0.547659 0.836702
vn 0.512476 0.115892 -0.850845
vn 0.623866 0.368054 0.689440
vn -0.000000 -0.547659 -0.836702
vn 0.642919 0.430520 -0.633489
vn 0.672396 0.603739 0.428232
vn 0.671563 0.644398 -0.365724
vn 0.654450 0.728283 0.203222
vn 0.643976 0.750231 -0.149829
vn 0.617706 0.785204 0.043515
vn 0.608554 0.793393 -0.013767
vn 0.581404 0.810798 -0.067640
vn 0.554201 0.821033 -0.136988
vn -0.160045 -0.679243 0.716250
vn -0.159420 -0.678910 -0.716705
vn -0.061459 -0.602449 0.795788
vn 0.617435 0.784631 0.055935
vn -0.084742 -0.621772 -0.778601
vn 0.614321 0.787721 -0.045874
vn -0.397437 -0.800804 0.448058
vn -0.005735 -0.553660 -0.832723
vn 0.070914 -0.480267 0.874251
vn 0.097409 -0.453155 -0.886094
vn -0.395992 -0.800606 -0.449690
vn 0.194119 -0.346871 0.917605
vn 0.214609 -0.322522 -0.921912
vn 0.358194 -0.135163 0.923812
vn 0.388133 -0.090970 -0.917103
vn 0.526684 0.143006 0.837946
vn 0.554787 0.200597 -0.807448
vn 0.638840 0.416252 0.647007
vn -0.327337 -0.776569 0.538323
vn 0.652394 0.468402 -0.595804
vn 0.672222 0.609053 0.420918
vn -0.326919 -0.776590 -0.538546
vn 0.671233 0.645090 -0.365110
vn 0.656321 0.722764 0.216458
vn 0.657892 0.717622 -0.228467
vn 0.626514 0.775608 0.076898
vn 0.615714 0.787018 -0.038719
vn 0.599914 0.799958 -0.013043
vn 0.573538 0.814532 0.087130
vn 0.000000 0.342284 0.939596
vn 0.000000 0.342284 -0.939596
vn 0.550383 0.822199 -0.145148
vn 0.544759 0.823656 0.157569
vn 0.517773 0.827524 -0.217059
vn 0.509830 0.828088 0.233120
vn -0.299648 -0.764119 0.571256
vn -0.299395 -0.764188 -0.571297
vn 0.026490 -0.523646 0.851524
vn 0.040842 -0.509862 -0.859286
vn 0.134056 -0.414283 0.900222
vn 0.149255 -0.397525 -0.905371
vn 0.265503 -0.259910 0.928415
vn 0.288841 -0.229580 -0.929443
vn 0.421043 -0.040519 0.906135
vn 0.447920 0.003254 -0.894068
vn 0.561409 0.214698 0.799203
vn -0.263546 -0.745267 0.612470
vn 0.585074 0.268844 -0.765122
vn 0.648556 0.452825 0.611821
vn 0.079578 0.993885 -0.076547
vn -0.263465 -0.745400 -0.612344
vn 0.657254 0.491655 -0.571220
vn 0.672018 0.616859 0.409728
vn 0.079295 0.993882 0.076885
vn 0.670842 0.646689 -0.362993
vn 0.658905 0.714398 0.235542
vn 0.000000 -0.285743 0.958306
vn 0.000000 -0.285743 -0.958306
vn 0.651044 0.735061 -0.189281
vn 0.632408 0.767953 0.101532
vn -0.215261 -0.716484 0.663561
vn 0.623998 0.778295 -0.069890
vn -0.215418 -0.716729 -0.663245
vn -0.131945 -0.658671 0.740772
vn -0.131047 -0.658086 -0.741451
vn -0.075257 -0.614031 0.785686
vn -0.068112 -0.608154 -0.790891
vn 0.014888 -0.534551 0.845005
vn 0.021288 -0.528523 -0.848652
vn 0.101309 -0.449074 0.887732
vn 0.112977 -0.436725 -0.892473
vn 0.220151 -0.315822 0.922925
vn -0.000000 0.547659 -0.836702
vn -0.000000 0.547659 0.836702
vn 0.237686 -0.294306 -0.925683
vn 0.330281 -0.173945 0.927716
vn 0.352990 -0.141777 -0.924823
vn 0.471554 0.043052 0.880786
vn 0.495214 0.085396 -0.864564
vn 0.588741 0.277549 0.759177
vn 0.605491 0.320416 -0.728502
vn 0.654422 0.478605 0.585379
vn 0.662063 0.518292 -0.541337
vn 0.671711 0.623739 0.399693
vn 0.670339 0.649715 -0.358490
vn 0.665037 0.689661 0.286520
vn 0.659900 0.709655 -0.246823
vn 0.636491 0.761912 0.119871
vn 0.342425 0.858506 -0.381724
vn 0.629207 0.771888 -0.091037
vn 0.603010 0.797733 -0.001112
vn 0.341216 0.858369 0.383110
vn 0.594470 0.803683 0.026429
vn 0.578063 0.812719 -0.073020
vn 0.569745 0.816378 0.094436
vn 0.536278 0.825633 -0.175317
vn 0.529238 0.826812 0.190496
vn 0.519082 0.828082 -0.211741
vn 0.512686 0.828639 0.224747
vn 0.146731 -0.400292 0.904564
vn 0.159733 -0.385714 -0.908686
vn 0.260656 -0.265731 0.928141
vn 0.278271 -0.242973 -0.929263
vn 0.388148 -0.090477 0.917145
vn 0.407835 -0.060108 -0.911075
vn 0.511679 0.115722 0.851348
vn 0.532835 0.157221 -0.831486
vn 0.608329 0.327857 0.722804
vn 0.622240 0.367685 -0.691104
vn -0.277128 -0.909756 0.309103
vn 0.658911 0.501374 0.560768
vn 0.664659 0.536288 -0.520215
vn 0.671371 0.626016 0.396692
vn -0.276159 -0.909641 -0.310306
vn 0.669948 0.651115 -0.356678
vn 0.660507 0.707386 0.251666
vn 0.655214 0.723411 -0.217648
vn 0.639861 0.756247 0.136632
vn 0.633314 0.766119 -0.109431
vn 0.221814 0.919764 -0.323778
vn -0.010068 -0.557583 0.830060
vn 0.221026 0.919650 0.324642
vn -0.004902 -0.552882 -0.833245
vn 0.098764 -0.451584 0.886745
vn 0.108559 -0.441238 -0.890799
vn 0.215666 -0.320968 0.922208
vn 0.228267 -0.305560 -0.924406
vn 0.339913 -0.160121 0.926726
vn 0.357311 -0.135121 -0.924160
vn 0.434932 -0.017359 0.900296
vn 0.455694 0.017275 -0.889969
vn 0.544333 0.180389 0.819244
vn 0.562231 0.218877 -0.797489
vn 0.621614 0.365842 0.692644
vn 0.633324 0.402924 -0.660721
vn 0.662109 0.520495 0.539164
vn 0.666403 0.551253 -0.502022
vn 0.670952 0.631798 0.388142
vn 0.669532 0.652764 -0.354437
vn 0.663296 0.695445 0.276396
vn 0.659164 0.710612 -0.246034
vn 0.621055 0.781317 0.061924
vn 0.613731 0.788650 -0.036958
vn 0.588021 0.807705 -0.042946
vn -0.192643 -0.946272 0.259726
vn 0.580410 0.811829 0.063705
vn 0.000000 0.547659 -0.836702
vn -0.217927 -0.928984 -0.299159
vn 0.578719 0.812701 -0.067834
vn 0.000000 0.547659 0.836702
vn 0.573395 0.815210 0.081549
vn 0.020371 0.566420 -0.823865
vn 0.020278 0.566350 0.823915
vn 0.000000 -0.547659 0.836702
vn 0.256964 -0.270112 0.927906
vn 0.000000 -0.547659 -0.836702
vn 0.271297 -0.251662 -0.929012
vn 0.367752 -0.120093 0.922137
vn 0.385850 -0.093015 -0.917861
vn 0.476536 0.052878 0.877563
vn 0.494879 0.086057 -0.864690
vn 0.569057 0.233882 0.788336
vn 0.195031 0.912506 -0.359577
vn 0.584265 0.269570 -0.765485
vn 0.633641 0.403917 0.659810
vn 0.194312 0.912363 0.360329
vn 0.642609 0.435955 -0.630076
vn 0.664525 0.537592 0.519038
vn 0.667501 0.563256 -0.487017
vn 0.670365 0.638615 0.377865
vn 0.668710 0.658425 -0.345405
vn -0.224472 -0.920432 0.320028
vn -0.223059 -0.920177 -0.321743
vn 0.000000 -0.547659 0.836702
vn -0.020240 -0.566629 0.823725
vn 0.000000 -0.547659 -0.836702
vn -0.016149 -0.563056 -0.826261
vn 0.101174 -0.449038 0.887766
vn 0.098776 -0.451668 -0.886702
vn 0.200579 -0.338651 0.919284
vn 0.230580 -0.302422 -0.924864
vn 0.329579 -0.174161 0.927925
vn -0.241091 -0.899732 0.363809
vn 0.344694 -0.152744 -0.926205
vn 0.429614 -0.025870 0.902642
vn -0.215426 -0.918372 -0.331941
vn 0.446688 0.002307 -0.894687
vn 0.522461 0.136073 0.841735
vn 0.526574 0.145576 -0.837572
vn 0.595855 0.294126 0.747292
vn 0.617061 0.355263 -0.702157
vn 0.638327 0.414719 0.648496
vn 0.656425 0.494674 -0.569565
vn 0.668154 0.565723 0.483247
vn 0.669894 0.594490 -0.444774
vn 0.655540 0.721201 0.223914
vn 0.650682 0.733528 -0.196342
vn -0.220856 -0.893819 0.390270
vn -0.220399 -0.893764 -0.390653
vn 0.623231 0.778662 0.072593
vn 0.614646 0.787663 -0.042386
vn 0.596373 0.802495 0.018488
vn 0.164784 0.902603 -0.397685
vn 0.164164 0.902446 0.398299
vn -0.181092 -0.879506 0.440086
vn -0.180933 -0.879523 -0.440116
vn -0.114813 -0.882803 0.455496
vn -0.114655 -0.882782 -0.455577
vn -0.049927 -0.851503 0.521968
vn 0.043942 -0.752878 0.656691
vn 0.388856 -0.431007 0.814263
vn -0.027170 -0.799881 -0.599544
vn 0.170926 -0.961146 0.216753
vn 0.756567 0.448537 0.475837
vn 0.978724 0.204040 0.021610
vn 0.239444 -0.604756 -0.759564
vn 0.652903 0.155426 -0.741323
vn 0.278310 -0.926452 -0.253437
vn 0.864177 0.433653 -0.255229
vn 0.000000 0.547660 -0.836701
vn 0.000000 0.547660 0.836701
vn 0.130228 0.889307 -0.438375
vn 0.129710 0.889145 0.438857
vn 0.000000 -0.547659 0.836702
vn 0.000000 -0.547659 -0.836702
vn 0.000000 0.547659 -0.836702
vn 0.000000 0.547659 0.836702
vn 0.090346 0.871627 -0.481771
vn 0.089977 0.871490 0.482089
vn 0.000000 -0.342283 0.939597
vn 0.000000 -0.342283 -0.939597
vn 0.044153 0.848386 -0.527533
vn 0.043957 0.848300 0.527689
vn 0.000000 -0.547659 0.836702
vn 0.000000 -0.547659 -0.836702
vn 0.000000 0.547660 -0.836701
vn 0.000000 0.547660 0.836701
vn 0.011661 0.885117 -0.465223
vn 0.011607 0.885096 0.465264
vn -0.000001 0.840444 -0.541899
vn -0.000001 0.840444 0.541899
vn 0.000000 0.823455 -0.567381
vn 0.000000 0.823455 0.567381
vn 0.000000 0.879676 -0.475574
vn 0.000000 0.879676 0.475573
vn 0.000000 0.950075 -0.312023
vn 0.000000 -0.935447 0.353466
vn 0.000000 0.547660 -0.836701
vn 0.000000 -0.547659 0.836702
vn 0.000000 0.547659 -0.836702
vn 0.000000 -0.547659 0.836702
vn 0.000000 -0.547659 0.836702
vn 0.000000 0.547659 -0.836702
vn 0.000000 -0.228189 0.973617
vn 0.000000 0.326268 0.945277
vn 0.000000 0.326268 -0.945277
vn 0.000000 -0.228189 -0.973617
vn 0.000000 0.547659 0.836702
vn 0.000000 -0.547659 -0.836702
vn 0.000000 -0.547659 -0.836702
vn 0.000000 0.547659 0.836702
vn 0.000000 -0.547659 -0.836702
vn 0.000000 0.547660 0.836701
vn 0.000000 -0.935447 -0.353466
vn 0.000000 0.950075 0.312023
vn 0.000000 0.879676 -0.475574
vn 0.000000 0.879676 0.475573
vn 0.000000 0.823455 -0.567381
vn 0.000000 0.823455 0.567381
vn 0.000001 0.840444 -0.541899
vn 0.000001 0.840444 0.541899
vn -0.011608 0.885096 -0.465264
vn -0.011661 0.885117 0.465223
vn 0.000000 0.547660 -0.836701
vn 0.000000 0.547660 0.836701
vn 0.000000 -0.547659 0.836702
vn 0.000000 -0.547659 -0.836702
vn -0.043957 0.848300 -0.527689
vn -0.044153 0.848386 0.527533
vn 0.000000 -0.342283 0.939597
vn 0.000000 -0.342283 -0.939597
vn -0.089976 0.871490 -0.482089
vn -0.090346 0.871627 0.481771
vn 0.000000 0.547659 -0.836702
vn 0.000000 0.547659 0.836702
vn 0.000000 -0.547659 0.836702
vn 0.000000 -0.547659 -0.836702
vn -0.129710 0.889145 -0.438858
vn -0.130228 0.889307 0.438375
vn 0.000000 0.547660 -0.836701
vn 0.000000 0.547660 0.836701
vn -0.864171 0.433827 0.254955
vn -0.278330 -0.926424 0.253517
vn -0.652877 0.155384 0.741355
vn -0.239543 -0.604667 0.759603
vn -0.978738 0.203950 -0.021830
vn -0.756544 0.448406 -0.475997
vn -0.170943 -0.961132 -0.216801
vn 0.027179 -0.799885 0.599537
vn -0.388606 -0.431235 -0.814262
vn -0.043968 -0.752861 -0.656709
vn 0.049874 -0.851475 -0.522018
vn 0.114653 -0.882781 0.455579
vn 0.114792 -0.882794 -0.455520
vn 0.180938 -0.879525 0.440111
vn 0.181102 -0.879510 -0.440074
vn -0.164164 0.902446 -0.398298
vn -0.164785 0.902604 0.397684
vn -0.596296 0.802546 -0.018740
vn -0.614707 0.787605 0.042581
vn -0.623264 0.778624 -0.072710
vn 0.220400 -0.893765 0.390651
vn 0.220860 -0.893820 -0.390264
vn -0.650636 0.733637 0.196085
vn -0.655528 0.721243 -0.223813
vn -0.669914 0.594844 0.444269
vn -0.668165 0.565776 -0.483169
vn -0.656368 0.494382 0.569884
vn -0.638071 0.413862 -0.649294
vn -0.616786 0.354485 0.702792
vn -0.595299 0.292753 -0.748274
vn -0.527129 0.146661 0.837034
vn -0.522193 0.135552 -0.841986
vn -0.446538 0.002059 0.894762
vn 0.240429 -0.899644 0.364465
vn -0.430424 -0.024580 -0.902292
vn -0.344587 -0.152896 0.926220
vn 0.216029 -0.918447 -0.331341
vn -0.329262 -0.174597 -0.927956
vn -0.230833 -0.302112 0.924902
vn -0.200455 -0.338798 -0.919257
vn -0.098727 -0.451717 0.886682
vn -0.101194 -0.449018 -0.887774
vn 0.016207 -0.563107 0.826225
vn 0.000000 -0.547659 0.836702
vn 0.020311 -0.566693 -0.823679
vn 0.000000 -0.547659 -0.836702
vn 0.223720 -0.920330 0.320846
vn 0.223764 -0.920267 -0.320997
vn -0.668671 0.658799 0.344765
vn -0.670360 0.638676 -0.377771
vn -0.667379 0.562204 0.488398
vn -0.664451 0.537114 -0.519628
vn -0.642678 0.436222 0.629822
vn -0.194312 0.912363 -0.360328
vn -0.633422 0.403199 -0.660460
vn -0.585208 0.271804 0.763973
vn -0.195031 0.912506 0.359577
vn -0.568915 0.233556 -0.788535
vn -0.494360 0.085124 0.865079
vn -0.476557 0.052916 -0.877550
vn -0.385878 -0.092969 0.917854
vn -0.367860 -0.119937 -0.922114
vn -0.271492 -0.251409 0.929024
vn -0.257212 -0.269801 -0.927927
vn 0.000000 -0.547659 0.836702
vn 0.000000 -0.547659 -0.836702
vn -0.020277 0.566350 -0.823915
vn -0.020372 0.566421 0.823864
vn -0.573359 0.815226 -0.081652
vn 0.000000 0.547659 -0.836702
vn -0.578727 0.812698 0.067807
vn 0.191939 -0.946194 0.260532
vn 0.000000 0.547659 0.836702
vn -0.580623 0.811723 -0.063111
vn 0.218701 -0.929083 -0.298285
vn -0.587845 0.807806 0.043456
vn -0.613789 0.788595 0.037159
vn -0.621093 0.781276 -0.062059
vn -0.659145 0.710666 0.245932
vn -0.663332 0.695274 -0.276737
vn -0.669547 0.652574 0.354758
vn -0.670937 0.632287 -0.387370
vn -0.666612 0.552851 0.499984
vn -0.662187 0.520952 -0.538626
vn -0.633332 0.402952 0.660696
vn -0.621597 0.365792 -0.692685
vn -0.561669 0.217660 0.798218
vn -0.544057 0.179818 -0.819553
vn -0.455152 0.016371 0.890263
vn -0.435401 -0.016608 -0.900084
vn -0.357795 -0.134423 0.924074
vn -0.338857 -0.161593 -0.926857
vn -0.228673 -0.305066 0.924469
vn -0.215758 -0.320857 -0.922225
vn -0.108153 -0.441665 0.890637
vn -0.098839 -0.451505 -0.886777
vn 0.004889 -0.552871 0.833253
vn -0.221025 0.919650 -0.324642
vn 0.010147 -0.557654 -0.830011
vn -0.221815 0.919764 0.323778
vn -0.633135 0.766375 0.108672
vn -0.640194 0.755690 -0.138144
vn -0.655032 0.723924 0.216490
vn -0.660577 0.707135 -0.252188
vn -0.669910 0.651592 0.355877
vn 0.276155 -0.909640 0.310311
vn -0.671361 0.626581 -0.395815
vn -0.664663 0.536309 0.520188
vn -0.659129 0.502469 -0.559530
vn 0.277129 -0.909756 -0.309101
vn -0.621623 0.365876 0.692618
vn -0.608238 0.327617 -0.722989
vn -0.531980 0.155523 0.832352
vn -0.511506 0.115402 -0.851495
vn -0.408792 -0.058638 0.910742
vn -0.387071 -0.092087 -0.917440
vn -0.278195 -0.243074 0.929259
vn -0.260731 -0.265636 -0.928147
vn -0.159035 -0.386496 0.908476
vn -0.146722 -0.400302 -0.904561
vn -0.512684 0.828639 -0.224750
vn -0.519001 0.828088 0.211918
vn -0.529334 0.826799 -0.190285
vn -0.536108 0.825661 0.175707
vn -0.570005 0.816274 -0.093759
vn -0.578070 0.812715 0.073000
vn -0.594460 0.803690 -0.026455
vn -0.341214 0.858369 -0.383113
vn -0.603215 0.797579 0.000467
vn -0.629103 0.772020 0.090634
vn -0.342425 0.858506 0.381723
vn -0.636887 0.761311 -0.121580
vn -0.659639 0.710555 0.244923
vn -0.664901 0.690324 -0.285235
vn -0.670279 0.650538 0.357109
vn -0.671709 0.623527 -0.400027
vn -0.661876 0.517226 0.542584
vn -0.654584 0.479326 -0.584608
vn -0.605637 0.320784 0.728218
vn -0.588388 0.276708 -0.759758
vn -0.495635 0.086154 0.864247
vn -0.471376 0.042744 -0.880896
vn -0.352147 -0.142974 0.924960
vn -0.330340 -0.173868 -0.927710
vn -0.237530 -0.294498 0.925662
vn 0.000000 0.547659 -0.836702
vn 0.000000 0.547659 0.836702
vn -0.220150 -0.315827 -0.922923
vn -0.112454 -0.437281 0.892266
vn -0.101421 -0.448959 -0.887778
vn -0.021552 -0.528276 0.848799
vn -0.014825 -0.534612 -0.844968
vn 0.068162 -0.608196 0.790855
vn 0.075310 -0.614075 -0.785646
vn 0.131124 -0.658144 0.741386
vn 0.131982 -0.658698 -0.740741
vn 0.215374 -0.716701 0.663290
vn -0.623689 0.778645 0.068731
vn 0.215202 -0.716446 -0.663621
vn -0.632499 0.767826 -0.101917
vn -0.651025 0.735098 0.189202
vn 0.000000 -0.285743 0.958306
vn 0.000000 -0.285743 -0.958306
vn -0.658694 0.715071 -0.234084
vn -0.670822 0.646965 0.362538
vn -0.079295 0.993882 -0.076885
vn -0.672017 0.616697 -0.409972
vn -0.657274 0.491747 0.571118
vn 0.263471 -0.745404 0.612337
vn -0.079578 0.993885 0.076547
vn -0.648394 0.452205 -0.612451
vn -0.584432 0.267336 0.766140
vn 0.263556 -0.745273 -0.612460
vn -0.562861 0.217826 -0.797333
vn -0.447726 0.002933 0.894166
vn -0.420625 -0.041178 -0.906300
vn -0.288854 -0.229565 0.929443
vn -0.265745 -0.259602 -0.928432
vn -0.149280 -0.397499 0.905378
vn -0.134433 -0.413874 -0.900353
vn -0.040920 -0.509789 0.859326
vn -0.026229 -0.523894 -0.851380
vn 0.299400 -0.764191 0.571290
vn 0.299652 -0.764121 -0.571251
vn -0.510086 0.828079 -0.232587
vn -0.517788 0.827524 0.217024
vn -0.544747 0.823659 -0.157597
vn -0.550604 0.822144 0.144621
vn 0.000000 0.342284 0.939596
vn 0.000000 0.342284 -0.939596
vn -0.573491 0.814552 -0.087247
vn -0.599646 0.800145 0.013886
vn -0.615205 0.787500 0.036961
vn -0.626477 0.775652 -0.076756
vn -0.657637 0.718391 0.226778
vn -0.656741 0.721577 -0.219130
vn -0.671255 0.644692 0.365771
vn 0.326915 -0.776588 0.538552
vn -0.672274 0.611581 -0.417152
vn -0.652318 0.468097 0.596126
vn 0.327335 -0.776568 -0.538325
vn -0.638726 0.415876 -0.647361
vn -0.554580 0.200166 0.807697
vn -0.526171 0.142014 -0.838437
vn -0.387826 -0.091427 0.917187
vn -0.358457 -0.134787 -0.923765
vn -0.214864 -0.322217 0.921960
vn -0.194135 -0.346850 -0.917609
vn 0.395988 -0.800605 0.449694
vn -0.097299 -0.453266 0.886049
vn -0.070523 -0.480657 -0.874068
vn 0.006040 -0.553936 0.832537
vn 0.397434 -0.800804 -0.448061
vn -0.614312 0.787730 0.045842
vn 0.084931 -0.621924 0.778459
vn -0.617403 0.784664 -0.055819
vn 0.061447 -0.602439 -0.795796
vn 0.159446 -0.678928 0.716682
vn 0.160193 -0.679350 -0.716115
vn -0.554481 0.820956 0.136313
vn -0.582065 0.810474 0.065813
vn -0.608783 0.793204 0.014517
vn -0.617290 0.785612 -0.042039
vn -0.644455 0.749352 0.152150
vn -0.654356 0.728528 -0.202646
vn -0.671515 0.645140 0.364502
vn -0.672377 0.603142 -0.429102
vn -0.643198 0.431508 0.632532
vn 0.000000 -0.547659 0.836702
vn -0.624193 0.369001 -0.688637
vn -0.512133 0.115254 0.851138
vn -0.000000 -0.547659 -0.836702
vn 0.000000 0.547659 -0.836702
vn -0.189714 0.965303 -0.179440
vn -0.478506 0.053894 -0.876429
vn 0.000000 0.547659 0.836702
vn -0.314135 -0.196352 0.928852
vn -0.282889 -0.237953 -0.929167
vn -0.134767 -0.413561 0.900447
vn -0.190301 0.965340 0.178616
vn -0.111164 -0.438921 -0.891622
vn -0.011291 -0.537979 0.842883
vn -0.449693 0.823560 -0.345725
vn -0.455306 0.824368 0.336324
vn 0.078999 -0.617067 0.782935
vn -0.444172 0.821966 -0.356488
vn -0.450666 0.823028 0.345725
vn -0.473526 0.826153 -0.305358
vn -0.473969 0.826008 0.305065
vn -0.522116 0.826638 -0.209916
vn 0.209753 -0.954071 0.213895
vn -0.517909 0.826856 0.219272
vn 0.000000 -0.547659 0.836702
vn -0.535098 0.824866 0.182388
vn 0.210199 -0.954170 -0.213016
vn -0.563023 0.818254 -0.116045
vn 0.000000 -0.547659 -0.836702
vn -0.579290 0.811721 0.074379
vn -0.591008 0.805613 -0.041201
vn -0.606017 0.795444 -0.003414
vn -0.636998 0.761952 0.116887
vn -0.650944 0.737051 -0.181735
vn -0.672153 0.638694 0.374539
vn -0.672152 0.591258 -0.445674
vn -0.626805 0.376874 0.681969
vn -0.602798 0.309557 -0.735398
vn -0.457252 0.017652 0.889162
vn -0.416586 -0.048500 -0.907802
vn -0.223779 -0.311787 0.923424
vn -0.227027 -0.308068 -0.923879
vn -0.047444 -0.503524 0.862678
vn -0.041983 -0.508887 -0.859809
vn 0.058015 -0.599579 0.798210
vn 0.074706 -0.613487 -0.786164
vn 0.147681 -0.670415 0.727141
vn 0.152359 -0.673720 -0.723110
vn 0.211703 -0.714440 0.666902
vn 0.211092 -0.713901 -0.667671
vn 0.250549 -0.738178 0.626354
vn 0.249923 -0.737636 -0.627241
vn -0.507298 0.827211 -0.241598
vn -0.416212 0.807967 -0.417082
vn -0.519094 0.826510 0.217769
vn 0.289843 -0.759725 0.582072
vn -0.532547 0.825132 -0.188551
vn -0.417560 0.808110 0.415455
vn -0.547163 0.822376 0.155920
vn 0.289674 -0.759442 -0.582526
vn -0.575066 0.813550 -0.086231
vn -0.592727 0.804505 0.038029
vn -0.630738 0.770773 0.089879
vn -0.645956 0.747536 -0.154695
vn -0.672511 0.637306 0.376258
vn -0.671998 0.583726 -0.455722
vn -0.607500 0.321803 0.726214
vn -0.572697 0.237031 -0.784751
vn -0.372216 -0.115330 0.920953
vn -0.332806 -0.171607 -0.927249
vn -0.119166 -0.430474 0.894702
vn -0.094319 -0.456594 -0.884661
vn 0.044678 -0.588208 0.807474
vn 0.053583 -0.595800 -0.801343
vn -0.142675 0.980149 -0.137667
vn -0.161300 0.974735 0.154509
vn 0.394257 -0.800350 0.451664
vn 0.395667 -0.800552 -0.450071
vn -0.436043 0.819468 -0.371939
vn -0.453498 0.822767 0.342627
vn -0.450978 0.822194 -0.347298
vn -0.460820 0.823653 0.330516
vn -0.479055 0.825889 -0.297343
vn -0.019988 0.566069 -0.824115
vn -0.491434 0.826576 0.274344
vn -0.521610 0.826157 -0.213045
vn -0.020081 0.566139 0.824065
vn -0.538906 0.823841 0.175687
vn -0.554056 0.820609 -0.140079
vn -0.569747 0.815490 0.101809
vn -0.616626 0.786399 0.036737
vn -0.638073 0.760982 -0.117347
vn -0.672980 0.632686 0.383154
vn -0.670583 0.563951 -0.481951
vn -0.565302 0.220805 0.794782
vn -0.524764 0.137237 -0.840113
vn -0.265447 -0.260603 0.928237
vn -0.222082 -0.314312 -0.922978
vn -0.020113 -0.529787 0.847892
vn -0.002698 -0.545990 -0.837787
vn 0.110841 -0.642562 0.758174
vn 0.115619 -0.646188 -0.754369
vn 0.184978 -0.696770 0.693033
vn 0.184035 -0.695992 -0.694065
vn 0.236260 -0.729808 0.641530
vn 0.234636 -0.728651 -0.643439
vn 0.276640 -0.753003 0.597040
vn 0.275213 -0.752033 -0.598919
vn -0.455888 0.822705 -0.339591
vn -0.466202 0.824076 0.321799
vn -0.478292 0.825514 -0.299604
vn -0.490510 0.826221 0.277052
vn -0.518511 0.826122 -0.220609
vn -0.544053 0.822656 0.165058
vn -0.599354 0.800236 -0.019927
vn -0.625171 0.777785 -0.064907
vn -0.673493 0.622480 0.398656
vn -0.666769 0.532157 -0.521755
vn -0.503317 0.097041 0.858636
vn -0.377683 0.803204 -0.460673
vn -0.438353 -0.014958 -0.898679
vn -0.126312 -0.422999 0.897283
vn -0.381762 0.804502 0.455011
vn -0.076024 -0.475370 -0.876495
vn 0.110637 -0.642383 0.758356
vn 0.116966 -0.647206 -0.753288
vn 0.207468 -0.711769 0.671075
vn 0.202761 -0.708543 -0.675910
vn -0.387267 0.805911 -0.447807
vn -0.071837 0.611244 -0.788175
vn -0.392591 0.807532 0.440186
vn -0.072141 0.611448 0.787989
vn -0.276531 0.922559 -0.269100
vn -0.277067 0.922802 0.267713
vn -0.374370 0.800757 -0.467586
vn -0.380033 0.802649 0.459706
vn -0.391508 0.806424 -0.443172
vn -0.399711 0.808907 0.431162
vn -0.409108 0.811686 -0.416890
vn -0.419343 0.814372 0.401186
vn -0.413336 0.812752 -0.410594
vn -0.426989 0.816217 0.389192
vn -0.450369 0.821353 -0.350066
vn -0.467310 0.823865 0.320732
vn -0.481186 0.825456 -0.295098
vn -0.504580 0.826266 0.250367
vn -0.565094 0.816980 -0.114945
vn -0.602410 0.798088 0.012551
vn -0.673731 0.609168 0.418331
vn -0.657034 0.479203 -0.581954
vn -0.384909 -0.097451 0.917795
vn -0.290912 -0.228429 -0.929080
vn 0.068805 -0.608637 0.790460
vn 0.096718 -0.631328 -0.769461
vn 0.231318 -0.726933 0.646576
vn 0.219379 -0.719318 -0.659132
vn 0.289786 -0.760278 0.581380
vn 0.285330 -0.757728 -0.586885
vn 0.312601 -0.771642 0.553939
vn 0.308920 -0.769643 -0.558765
vn 0.313986 -0.772112 0.552499
vn 0.136785 -0.981900 0.131003
vn 0.312067 -0.770980 -0.555161
vn 0.137008 -0.981964 -0.130292
vn -0.409735 0.804514 -0.429970
vn 0.327465 -0.778261 0.535795
vn 0.326240 -0.777495 -0.537651
vn -0.411029 0.804636 0.428506
vn 0.390778 -0.801116 0.453328
vn -0.381961 0.802509 -0.458350
vn 0.332977 -0.780389 0.529263
vn -0.392860 0.806067 0.442625
vn -0.389408 0.804945 -0.447690
vn -0.145738 0.669191 -0.728659
vn 0.332214 -0.779838 -0.530553
vn 0.392014 -0.801311 -0.451913
vn -0.403296 0.809251 0.427160
vn -0.416831 0.813270 -0.406010
vn -0.146318 0.669519 0.728241
vn -0.446768 0.820157 0.357408
vn 0.402228 -0.808666 0.429270
vn -0.508729 0.826104 -0.242378
vn -0.551055 0.820763 0.150619
vn 0.403192 -0.808838 -0.428040
vn -0.658461 0.485981 0.574675
vn 0.337689 -0.781945 0.523954
vn -0.625615 0.367991 -0.687887
vn -0.008648 -0.540457 0.841327
vn 0.337297 -0.781561 -0.524780
vn 0.052575 -0.594911 -0.802070
vn 0.318694 -0.775036 0.545667
vn 0.286153 -0.758355 -0.585674
vn 0.316615 -0.915560 0.248003
vn 0.317075 -0.915849 -0.246341
vn 0.351810 -0.787420 0.506161
vn 0.351824 -0.787205 -0.506487
vn -0.645342 0.743510 0.175291
vn -0.646736 0.740917 -0.181035
vn 0.000000 -0.342283 0.939597
vn -0.166677 0.975029 -0.146759
vn 0.000000 -0.342283 -0.939597
vn -0.345735 0.788475 -0.508698
vn -0.166969 0.975133 0.145728
vn -0.353727 0.791667 0.498136
vn 0.266426 -0.950713 0.158627
vn -0.328848 0.780653 -0.531451
vn 0.266685 -0.950810 -0.157607
vn -0.336124 0.783772 0.522228
vn -0.326442 0.779347 -0.534839
vn -0.335419 0.783265 0.523440
vn -0.336360 0.783746 -0.522115
vn 0.345542 -0.784262 0.515300
vn -0.354310 0.791289 0.498323
vn -0.326268 0.778993 -0.535462
vn 0.346146 -0.784293 -0.514847
vn -0.348857 0.788854 0.505973
vn -0.402719 0.808805 -0.428546
vn -0.392692 0.805340 0.444095
vn 0.567699 -0.222948 -0.792472
vn 0.599471 -0.295167 0.743983
vn 0.550538 -0.820725 0.152707
vn 0.491461 -0.825212 -0.278371
vn 0.411336 -0.810963 0.416103
vn 0.381360 -0.801034 -0.461421
vn 0.393185 -0.805178 0.443952
vn 0.228186 -0.967581 0.108250
vn 0.376828 -0.799263 -0.468165
vn 0.228369 -0.967618 -0.107527
vn 0.361694 -0.793551 0.489340
vn 0.351748 -0.789289 -0.503286
vn 0.356240 -0.791186 0.497110
vn 0.353111 -0.786861 0.506124
vn 0.350361 -0.788537 -0.505427
vn -0.206563 0.710934 -0.672239
vn 0.352660 -0.786392 -0.507167
vn 0.361702 -0.793161 0.489967
vn -0.207353 0.711309 0.671599
vn 0.357526 -0.791271 -0.496050
vn 0.360715 -0.792493 0.491772
vn 0.357790 -0.791107 -0.496121
vn 0.280434 -0.954677 0.099744
vn -0.254771 0.945500 -0.202784
vn 0.280609 -0.954697 -0.099055
vn -0.255220 0.945729 0.201147
vn -0.225204 0.723305 -0.652774
vn -0.236020 0.729840 0.641583
vn 0.072490 0.479022 -0.874804
vn 0.092274 0.459056 0.883603
vn 0.602015 -0.302879 -0.738811
vn 0.000000 -0.547659 0.836702
vn 0.645628 -0.429810 0.631212
vn 0.000000 -0.547659 -0.836702
vn 0.609592 -0.792687 -0.006737
vn 0.353755 -0.786802 0.505767
vn 0.322436 -0.944961 0.055537
vn 0.567817 -0.815463 -0.112263
vn 0.490119 -0.825026 0.281275
vn 0.322633 -0.944936 -0.054804
vn 0.356473 -0.787612 -0.502587
vn -0.331051 0.783169 -0.526357
vn 0.467308 -0.822621 -0.323910
vn 0.428010 -0.815131 0.390344
vn -0.334827 0.784716 0.521643
vn 0.415817 -0.811695 -0.410181
vn 0.410406 -0.810238 0.418428
vn 0.400745 -0.807090 -0.433600
vn 0.249294 -0.968390 0.008528
vn 0.222916 -0.974838 0.000238
vn 0.249422 -0.968363 -0.007928
vn -0.307533 0.771170 -0.557423
vn -0.311459 0.772949 0.552760
vn -0.262733 0.949235 -0.172988
vn -0.263182 0.949420 0.171280
vn -0.287075 0.760060 -0.583006
vn 0.000000 0.547659 -0.836702
vn 0.000000 0.547659 0.836702
vn -0.291292 0.762123 0.578201
vn -0.272519 0.751778 -0.600469
vn -0.406024 0.811532 -0.420191
vn -0.277889 0.754574 0.594471
vn -0.260229 0.742962 -0.616675
vn -0.257276 0.742836 -0.618065
vn -0.407046 0.811744 0.418791
vn -0.261187 0.743334 0.615822
vn -0.262027 0.745411 0.612947
vn 0.353101 -0.786663 0.506439
vn -0.182845 0.695415 -0.694958
vn 0.353204 -0.786578 -0.506500
vn -0.188219 0.698961 0.689947
vn -0.059282 0.600670 -0.797296
vn -0.040907 0.584940 0.810044
vn 0.275772 0.248467 -0.928555
vn 0.333174 0.172727 0.926909
vn 0.632428 -0.386313 -0.671415
vn 0.659592 -0.484569 0.574571
vn 0.634761 -0.766787 -0.095478
vn 0.386641 -0.798546 0.461338
vn 0.612328 -0.790489 0.013495
vn 0.531398 -0.823709 0.197785
vn 0.387915 -0.798745 -0.459922
vn 0.504974 -0.825098 -0.253405
vn 0.487656 -0.824616 0.286707
vn -0.270216 0.952053 -0.143451
vn 0.474630 -0.823245 -0.311438
vn 0.440358 -0.817690 0.370766
vn -0.270639 0.952183 0.141779
vn 0.429899 -0.815077 -0.388375
vn 0.414961 -0.811228 0.411967
vn 0.407791 -0.808935 -0.423474
vn 0.392269 -0.814334 0.427769
vn 0.393023 -0.814632 -0.426505
vn 0.414522 -0.810907 0.413040
vn -0.401646 0.804367 -0.437806
vn 0.409350 -0.809197 -0.421466
vn 0.386990 -0.802029 0.454960
vn -0.402721 0.804499 0.436574
vn 0.384277 -0.800865 -0.459288
vn 0.372720 -0.794008 0.480240
vn 0.375744 -0.797724 0.471648
vn 0.374330 -0.794352 -0.478416
vn 0.374189 -0.796930 -0.474221
vn 0.379748 -0.798769 0.466647
vn -0.173917 0.689254 -0.703336
vn -0.277029 0.953958 -0.114976
vn 0.378275 -0.798014 -0.469128
vn -0.173812 0.689061 0.703552
vn -0.094420 0.629561 -0.771193
vn -0.277420 0.954035 0.113383
vn -0.000000 0.547659 -0.836701
vn -0.090589 0.626413 0.774209
vn 0.072196 0.479399 -0.874622
vn -0.000000 0.547659 0.836701
vn 0.108538 0.442269 0.890291
vn 0.390035 0.091315 -0.916261
vn 0.449091 -0.000261 0.893486
vn 0.648682 -0.440032 -0.620954
vn -0.307747 0.767226 -0.562723
vn 0.669271 -0.535803 0.514774
vn 0.649090 -0.744261 -0.157347
vn -0.308843 0.767560 0.561665
vn 0.630301 -0.772677 0.075443
vn 0.567689 -0.815356 0.113680
vn 0.548569 -0.820533 -0.160620
vn 0.506794 -0.825007 0.250047
vn 0.490482 -0.824410 -0.282447
vn 0.473055 -0.822971 0.314543
vn 0.462350 -0.821326 -0.334150
vn -0.283293 0.955057 -0.087239
vn -0.283652 0.955087 0.085735
vn 0.396279 -0.841876 0.366343
vn 0.396911 -0.842451 -0.364331
vn -0.212697 0.715493 -0.665455
vn -0.321496 0.944911 -0.061503
vn -0.321841 0.944890 0.060011
vn -0.215367 0.717063 0.662901
vn -0.159017 0.678687 -0.717006
vn -0.157750 0.677657 0.718259
vn -0.096674 0.631344 -0.769454
vn -0.095254 0.630135 0.770621
vn 0.008426 0.540827 -0.841092
vn -0.367901 0.929414 -0.028940
vn 0.022748 0.527488 0.849258
vn -0.368215 0.929332 0.027564
vn 0.179161 0.365217 -0.913520
vn 0.000000 -0.547659 0.836701
vn -0.098722 0.995112 -0.002412
vn 0.219277 0.318709 0.922140
vn -0.250845 0.968027 -0.000302
vn -0.124402 0.992232 -0.000173
vn 0.461436 -0.020782 -0.886930
vn 0.000000 -0.547659 -0.836701
vn -0.250922 0.968007 -0.000302
vn -0.098794 0.995106 0.002105
vn 0.508677 -0.102958 0.854779
vn 0.655997 -0.467663 -0.592418
vn 0.669866 -0.537740 0.511972
vn 0.658386 -0.724028 -0.205696
vn 0.642490 -0.756214 0.123883
vn 0.587894 -0.806634 0.061008
vn 0.571540 -0.813771 -0.105447
vn 0.547958 -0.820626 0.162217
vn 0.533534 -0.822909 -0.195352
vn 0.493971 -0.824531 0.275937
vn -0.350079 0.785284 -0.510660
vn -0.019617 0.565752 -0.824342
vn 0.482661 -0.823596 -0.297871
vn 0.458024 -0.820572 0.341871
vn -0.019698 0.565812 0.824299
vn 0.452428 -0.819383 -0.352022
vn -0.351293 0.785556 0.509406
vn 0.441356 -0.817209 0.370640
vn 0.436037 -0.815820 -0.379881
vn 0.420526 -0.811958 0.404823
vn 0.418168 -0.811093 -0.408978
vn -0.396421 0.818701 -0.415426
vn -0.045225 0.588696 -0.807088
vn -0.040724 0.584787 0.810164
vn 0.068606 0.483085 -0.872882
vn -0.397230 0.819055 0.413952
vn 0.089591 0.461979 0.882354
vn 0.266514 0.260758 -0.927888
vn 0.302757 0.214301 0.928662
vn 0.507919 -0.101683 -0.855383
vn -0.279087 0.756878 -0.590970
vn 0.546009 -0.174324 0.819442
vn 0.660326 -0.485381 -0.573040
vn -0.281682 0.758141 0.588114
vn 0.671060 -0.544167 0.503548
vn 0.662801 -0.711996 -0.231856
vn 0.652667 -0.738194 0.170574
vn 0.606717 -0.794891 0.006587
vn 0.591503 -0.804582 -0.052657
vn 0.553289 -0.819292 0.150436
vn -0.250567 0.739789 -0.624443
vn 0.541095 -0.821639 -0.179237
vn 0.516959 -0.824316 0.230775
vn -0.252920 0.741025 0.622024
vn 0.508136 -0.824390 -0.249358
vn -0.393040 0.799976 -0.453385
vn -0.397603 0.840981 -0.366966
vn -0.235963 0.730459 -0.640899
vn -0.398323 0.841589 0.364782
vn -0.394350 0.800155 0.451930
vn -0.238469 0.731838 0.638393
vn -0.188302 0.699321 -0.689560
vn -0.189272 0.699848 0.688759
vn -0.131835 0.658621 -0.740836
vn 0.386495 -0.823862 0.414576
vn -0.131389 0.658191 0.741297
vn 0.387113 -0.824328 -0.413069
vn -0.060892 0.602020 -0.796156
vn -0.055717 0.597617 0.799844
vn 0.021182 0.528990 -0.848364
vn 0.033165 0.517686 0.854928
vn 0.167005 0.379148 -0.910141
vn 0.188776 0.354640 0.915748
vn 0.330612 0.176847 -0.927049
vn 0.384278 -0.799310 0.461990
vn 0.363481 0.131290 0.922304
vn 0.538493 -0.159406 -0.827415
vn 0.570448 -0.224999 0.789914
vn 0.385373 -0.799493 -0.460759
vn 0.662557 -0.494529 -0.562547
vn 0.671663 -0.546494 0.500213
vn 0.666516 -0.699884 -0.256748
vn 0.658356 -0.725626 0.200085
vn 0.619299 -0.784441 -0.033476
vn 0.607703 -0.794146 -0.005480
vn 0.582837 -0.808956 0.076753
vn 0.571745 -0.813465 -0.106690
vn 0.530894 -0.823055 0.201823
vn 0.520897 -0.823779 -0.223727
vn 0.493258 -0.824067 0.278587
vn -0.399753 0.802364 -0.443182
vn 0.486308 -0.823434 -0.292337
vn -0.400824 0.802472 0.442016
vn 0.480855 -0.823029 0.302327
vn 0.476398 -0.822368 -0.311056
vn 0.439948 -0.816411 0.374056
vn 0.436328 -0.815389 -0.380471
vn 0.426905 -0.813152 0.395647
vn 0.424084 -0.812212 -0.400581
vn 0.480717 -0.876432 0.027899
vn 0.480989 -0.876316 -0.026832
vn 0.404586 -0.806589 0.430957
vn 0.403438 -0.806008 -0.433115
vn 0.068790 0.482980 -0.872925
vn -0.546329 0.824261 -0.148722
vn 0.080221 0.471602 0.878155
vn 0.201738 0.339594 -0.918683
vn -0.548450 0.823632 0.144334
vn 0.390242 -0.805765 0.445482
vn 0.224707 0.312668 0.922901
vn 0.378939 0.108883 -0.918994
vn 0.384989 -0.799741 0.460649
vn 0.390964 -0.805916 -0.444574
vn 0.410962 0.061439 0.909580
vn 0.562852 -0.208779 -0.799756
vn 0.384756 -0.799427 -0.461387
vn 0.587520 -0.262783 0.765353
vn 0.663796 -0.499199 -0.556934
vn 0.671845 -0.545602 0.500942
vn 0.670071 -0.685517 -0.284729
vn 0.663380 -0.712190 0.229593
vn 0.628703 -0.774850 -0.065883
vn 0.619361 -0.784473 0.031537
vn 0.584244 -0.808222 0.073727
vn 0.574789 -0.812213 -0.099640
vn 0.548232 -0.820123 0.163827
vn 0.539894 -0.821497 -0.183458
vn 0.378220 -0.796834 0.471175
vn 0.378332 -0.796644 -0.471406
vn 0.368504 -0.792806 0.485451
vn -0.072188 0.611426 -0.788002
vn -0.069293 0.608979 0.790154
vn 0.369079 -0.792794 -0.485033
vn 0.017211 0.532758 -0.846092
vn 0.023845 0.526568 0.849799
vn 0.125015 0.425166 -0.896440
vn 0.140222 0.408964 0.901713
vn 0.280332 0.243776 -0.928433
vn 0.304116 0.213175 0.928477
vn 0.419906 0.047566 -0.906320
vn -0.386714 0.824594 -0.412913
vn 0.447966 0.003490 0.894044
vn 0.576388 -0.237596 -0.781873
vn -0.387319 0.825064 0.411405
vn 0.600545 -0.293269 0.743867
vn 0.665020 -0.503986 -0.551132
vn 0.672278 -0.546787 0.499066
vn 0.671888 -0.676988 -0.300422
vn 0.667776 -0.697656 0.259522
vn 0.638454 -0.762770 -0.102752
vn 0.629845 -0.773758 0.067777
vn 0.608330 -0.793671 0.004545
vn 0.598369 -0.800427 -0.035667
vn 0.558157 -0.817661 0.141037
vn 0.550848 -0.819315 -0.159027
vn 0.520713 -0.823596 0.224828
vn 0.514683 -0.823716 -0.237893
vn 0.495110 -0.823676 0.276448
vn 0.000000 -0.285743 0.958306
vn 0.000000 -0.285743 -0.958306
vn 0.490095 -0.823215 -0.286572
vn 0.463996 -0.820477 0.333955
vn 0.460668 -0.819748 -0.340291
vn 0.394382 -0.840619 0.371245
vn 0.394983 -0.841187 -0.369314
vn 0.160738 0.386445 -0.908198
vn 0.178385 0.366826 0.913026
vn 0.294055 0.226278 -0.928617
vn 0.317167 0.196072 0.927880
vn 0.449223 0.001340 -0.893419
vn 0.476121 -0.043007 0.878327
vn 0.588929 -0.265550 -0.763312
vn 0.608713 -0.313056 0.729016
vn 0.665274 -0.503741 -0.551050
vn 0.671444 -0.538415 0.509188
vn 0.674008 -0.664543 -0.322639
vn 0.670212 -0.688191 0.277866
vn 0.644780 -0.753470 -0.128615
vn 0.636239 -0.766065 0.091347
vn 0.606558 -0.794964 0.010898
vn 0.598512 -0.800302 -0.036067
vn 0.573022 -0.812783 0.105026
vn -0.203500 0.709821 -0.674346
vn 0.566774 -0.814851 -0.121593
vn -0.204905 0.710610 0.673088
vn -0.154752 0.675668 -0.720781
vn -0.152020 0.673560 0.723331
vn 0.415760 -0.857177 0.303958
vn -0.090506 0.626387 -0.774240
vn 0.416338 -0.857601 -0.301965
vn -0.082949 0.620206 0.780041
vn 0.002961 0.545943 -0.837817
vn -0.483689 0.875160 -0.011865
vn 0.004554 0.544525 0.838732
vn -0.483976 0.875018 0.010514
vn 0.108371 0.442872 -0.890011
vn 0.121807 0.428873 0.895115
vn 0.208481 0.332132 -0.919904
vn 0.378342 -0.796251 0.472061
vn 0.219283 0.319591 0.921833
vn 0.359308 0.137957 -0.922966
vn 0.379615 -0.796481 -0.470650
vn 0.351976 0.148655 0.924129
vn 0.472595 -0.037112 -0.880498
vn 0.497185 -0.079323 0.864011
vn 0.597259 -0.284671 -0.749830
vn 0.614267 -0.326762 0.718264
vn 0.665927 -0.505697 -0.548464
vn 0.671869 -0.539495 0.507482
vn 0.675235 -0.656087 -0.337057
vn 0.000000 0.342284 0.939596
vn 0.000000 0.342284 -0.939596
vn 0.672296 -0.678813 0.295350
vn 0.651071 -0.742681 -0.156625
vn -0.394476 0.802361 -0.447890
vn 0.644455 -0.754459 0.124379
vn 0.626245 -0.777788 -0.053517
vn 0.619086 -0.784844 0.027440
vn 0.580960 -0.809491 0.084906
vn -0.395407 0.802477 0.446861
vn 0.574077 -0.812204 -0.103730
vn 0.542522 -0.820808 0.178732
vn 0.537096 -0.821494 -0.191511
vn 0.525269 -0.822878 0.216712
vn -0.391161 0.806548 -0.443254
vn 0.521318 -0.822980 -0.225681
vn -0.391892 0.806715 0.442302
vn 0.477887 -0.822002 0.309737
vn 0.474576 -0.821424 -0.316291
vn 0.439927 -0.871301 0.217483
vn 0.446978 -0.817094 0.364099
vn 0.440266 -0.871450 -0.216197
vn 0.445142 -0.816500 -0.367663
vn 0.432589 -0.813641 0.388401
vn 0.431478 -0.813147 -0.390663
vn 0.066648 0.485373 0.871763
vn 0.151913 0.396523 0.905368
vn 0.235915 0.299590 -0.924440
vn 0.254377 0.277245 0.926514
vn 0.357767 0.140432 -0.923191
vn 0.379632 0.109457 0.918639
vn 0.491725 -0.069773 -0.867951
vn 0.512948 -0.107428 0.851671
vn 0.603183 -0.298508 -0.739637
vn 0.618953 -0.338532 0.708726
vn 0.665322 -0.500984 -0.553499
vn 0.671420 -0.534338 0.513497
vn 0.676175 -0.648587 -0.349460
vn -0.392330 0.838641 -0.377833
vn 0.674242 -0.668242 0.314405
vn 0.655285 -0.734411 -0.176754
vn -0.392959 0.839240 0.375845
vn 0.649490 -0.746203 0.146098
vn 0.622819 -0.781316 -0.040516
vn 0.383297 -0.811694 0.440722
vn 0.615716 -0.787818 0.015402
vn 0.591643 -0.804213 0.056575
vn 0.457803 -0.877499 0.142873
vn 0.383869 -0.811969 -0.439717
vn 0.457991 -0.877513 -0.142177
vn 0.584586 -0.807679 -0.076906
vn -0.097201 0.631668 0.769121
vn -0.036672 0.581296 0.812866
vn 0.472882 -0.878262 0.070989
vn 0.052972 0.498751 -0.865125
vn 0.473089 -0.878210 -0.070246
vn 0.031871 0.519100 0.854119
vn 0.108280 0.443165 0.889876
vn 0.150153 0.398436 -0.904822
vn 0.200319 0.342099 0.918064
vn 0.270351 0.257251 -0.927757
vn 0.281461 0.243415 0.928186
vn 0.412245 0.060708 -0.909048
vn 0.402768 0.075536 0.912180
vn 0.505001 -0.093027 -0.858091
vn -0.408519 0.851857 -0.327799
vn 0.525173 -0.129788 0.841040
vn 0.608569 -0.311390 -0.729849
vn 0.481880 -0.875958 0.022115
vn 0.485658 -0.874149 0.000421
vn 0.485721 -0.874114 0.000419
vn 0.485784 -0.874079 0.000421
vn 0.482112 -0.875853 -0.021192
vn 0.622837 -0.348428 0.700480
vn 0.665619 -0.501120 -0.553019
vn -0.409268 0.852446 0.325325
vn 0.671129 -0.530626 0.517708
vn 0.677137 -0.638283 -0.366169
vn 0.675875 -0.657241 0.333507
vn 0.659491 -0.725030 -0.198501
vn 0.654327 -0.737197 0.168515
vn 0.638524 -0.763298 -0.098303
vn 0.632233 -0.771395 0.072326
vn 0.598221 -0.800411 0.038400
vn 0.592125 -0.803842 -0.056797
vn 0.559851 -0.816744 0.139625
vn 0.555482 -0.817741 -0.150797
vn 0.532001 -0.821963 0.203353
vn 0.516860 -0.822992 -0.235669
vn 0.495240 -0.823000 0.278222
vn 0.492649 -0.822663 -0.283763
vn -0.423800 0.862741 -0.275810
vn -0.214739 0.717986 -0.662105
vn -0.216146 0.718763 0.660803
vn 0.127101 0.423470 0.896949
vn -0.424535 0.863208 0.273207
vn -0.019223 0.565375 -0.824610
vn 0.208445 0.332791 0.919674
vn 0.291345 0.230619 -0.928404
vn -0.019292 0.565425 0.824574
vn 0.307473 0.209868 0.928125
vn 0.403356 0.074545 -0.912002
vn 0.421058 0.047971 0.905764
vn 0.518127 -0.116693 -0.847306
vn 0.536586 -0.151249 0.830180
vn 0.611117 -0.317189 -0.725209
vn 0.623814 -0.350328 0.698661
vn 0.664897 -0.496045 -0.558436
vn 0.670310 -0.523677 0.525782
vn 0.677703 -0.631236 -0.377173
vn 0.676840 -0.649804 0.345894
vn 0.662767 -0.716771 -0.216747
vn -0.179617 0.693543 -0.697665
vn -0.180691 0.694165 0.696768
vn 0.657810 -0.729941 0.185664
vn 0.635509 -0.767370 -0.085272
vn 0.629100 -0.775020 0.059811
vn 0.606226 -0.795143 0.015393
vn 0.599005 -0.799845 -0.037965
vn -0.139141 0.664146 -0.734540
vn -0.139102 0.664017 0.734664
vn -0.078003 0.616176 -0.783737
vn -0.436912 0.870181 -0.227800
vn -0.095333 0.630139 0.770608
vn -0.437594 0.870504 0.225242
vn -0.048735 0.591651 0.804719
vn -0.006306 0.554456 -0.832189
vn 0.392673 -0.837784 0.379377
vn 0.023264 0.527239 0.849399
vn 0.393245 -0.838319 -0.377598
vn 0.107555 0.443951 -0.889573
vn 0.078664 0.473562 0.877240
vn 0.154295 0.394225 0.905969
vn 0.225491 0.312635 -0.922720
vn 0.374095 -0.796355 0.475259
vn 0.250428 0.282623 0.925964
vn 0.316992 0.197167 -0.927707
vn 0.375056 -0.796530 -0.474208
vn 0.332195 0.177005 0.926453
vn 0.445633 0.009038 -0.895170
vn 0.464888 -0.022016 0.885095
vn 0.526489 -0.131949 -0.839880
vn 0.542900 -0.163135 0.823800
vn 0.613433 -0.322488 -0.720903
vn 0.625239 -0.353534 0.695765
vn 0.664726 -0.493852 -0.560580
vn -0.393563 0.800652 -0.451735
vn 0.669766 -0.518790 0.531292
vn 0.678210 -0.621585 -0.392000
vn 0.677593 -0.643102 0.356774
vn -0.394553 0.800758 0.450682
vn 0.665509 -0.709041 -0.233150
vn -0.448646 0.875127 -0.181300
vn 0.661612 -0.720995 0.206000
vn 0.648451 -0.748463 -0.138977
vn -0.449264 0.875313 0.178857
vn 0.639693 -0.762136 0.099707
vn 0.612418 -0.790528 -0.003266
vn -0.069321 0.609149 -0.790020
vn 0.575649 -0.811369 0.101533
vn -0.658379 0.524391 0.539954
vn -0.069576 0.609316 0.789869
vn -0.658555 0.523549 -0.540557
vn 0.587942 -0.805884 -0.069823
vn 0.547039 -0.819480 0.170882
vn 0.552056 -0.818254 -0.160297
vn 0.506033 -0.823051 0.257913
vn 0.503103 -0.822823 -0.264290
vn -0.383940 0.812505 -0.438663
vn 0.482036 -0.821786 0.303824
vn 0.479939 -0.821372 -0.308232
vn -0.384511 0.812793 0.437629
vn -0.459231 0.877871 -0.135827
vn 0.447117 -0.816447 0.365378
vn -0.459785 0.877935 0.133523
vn 0.445742 -0.815947 -0.368164
vn 0.413127 -0.807926 0.420217
vn 0.330371 0.179375 -0.926650
vn 0.412910 -0.807630 -0.420999
vn 0.346363 0.157786 0.924736
vn 0.432673 0.030068 -0.901049
vn 0.450321 0.002353 0.892863
vn 0.381323 -0.802600 0.458721
vn 0.533386 -0.144670 -0.833409
vn 0.549348 -0.175502 0.816955
vn 0.381861 -0.802713 -0.458076
vn 0.615198 -0.326400 -0.717631
vn 0.000000 -0.547659 0.836702
vn 0.000000 -0.547659 -0.836702
vn 0.626576 -0.356543 0.693022
vn 0.664221 -0.490121 -0.564439
vn -0.467864 0.878604 -0.095692
vn 0.669516 -0.515847 0.534463
vn 0.678486 -0.616110 -0.400081
vn -0.468348 0.878572 0.093604
vn 0.678431 -0.632474 0.373775
vn 0.668124 -0.700733 -0.250165
vn 0.665556 -0.710247 0.229314
vn 0.645557 -0.753438 -0.124849
vn 0.399492 -0.803572 0.441224
vn 0.617473 -0.786369 -0.018749
vn 0.399524 -0.803354 -0.441591
vn -0.477631 0.877362 -0.045874
vn -0.478023 0.877238 0.044121
vn 0.372487 -0.794148 0.480189
vn 0.376588 -0.817098 0.436500
vn 0.373014 -0.794120 -0.479827
vn 0.377010 -0.817478 -0.435422
vn -0.483664 0.875173 -0.011917
vn -0.485656 0.874150 -0.000426
vn -0.140496 0.665374 -0.733170
vn -0.485720 0.874114 -0.000520
vn -0.485786 0.874078 -0.000426
vn -0.483947 0.875032 0.010709
vn -0.140980 0.665641 0.732835
vn -0.021713 0.568204 0.822601
vn 0.042824 0.508735 0.859858
vn 0.143452 0.406035 -0.902528
vn 0.155189 0.393352 0.906196
vn 0.000000 0.547659 -0.836702
vn 0.361025 -0.789747 0.495943
vn -0.000000 0.547659 0.836702
vn 0.237854 0.298111 -0.924422
vn 0.361782 -0.789825 -0.495267
vn 0.249746 0.283862 0.925770
vn 0.350049 0.152597 -0.924218
vn 0.366383 0.129962 0.921343
vn 0.468199 -0.027274 -0.883202
vn 0.485157 -0.055588 0.872658
vn 0.538296 -0.153712 -0.828619
vn 0.554061 -0.184531 0.811767
vn 0.616430 -0.328938 -0.715412
vn 0.627637 -0.358782 0.690904
vn 0.663483 -0.485356 -0.569404
vn 0.668549 -0.508943 0.542235
vn 0.678685 -0.608837 -0.410737
vn 0.351675 -0.786190 0.508163
vn 0.678602 -0.593621 0.432567
vn 0.670461 -0.692302 -0.266834
vn 0.352540 -0.786335 -0.507340
vn 0.668226 -0.701912 0.246564
vn 0.652952 -0.740673 -0.158294
vn 0.637067 -0.765862 0.087185
vn 0.605449 -0.795636 0.019885
vn 0.603055 -0.797196 -0.028338
vn 0.555565 -0.817414 0.152258
vn 0.551951 -0.818097 -0.161453
vn 0.343598 -0.783236 0.518152
vn 0.519203 -0.822494 0.232231
vn 0.344526 -0.783431 -0.517241
vn 0.516171 -0.822440 -0.239080
vn 0.340923 -0.782542 0.520961
vn 0.341969 -0.782797 -0.519890
vn -0.199382 0.706372 -0.679181
vn 0.358931 0.140411 -0.922742
vn -0.200037 0.706674 0.678673
vn 0.373761 0.119683 0.919771
vn 0.452942 -0.001664 -0.891538
vn 0.354605 -0.788272 0.502874
vn -0.389858 0.835231 -0.387815
vn 0.468650 -0.027076 0.882969
vn 0.542443 -0.161366 -0.824449
vn 0.356008 -0.788624 -0.501329
vn 0.557688 -0.191454 0.807669
vn -0.390445 0.835794 0.386007
vn 0.616799 -0.329195 -0.714975
vn 0.626620 -0.355081 0.693733
vn 0.662754 -0.480820 -0.574082
vn 0.667457 -0.501734 0.550240
vn 0.678711 -0.599408 -0.424337
vn 0.679285 -0.614378 0.401388
vn 0.672651 -0.683240 -0.284120
vn 0.670182 -0.695276 0.259707
vn 0.000000 -0.285743 0.958306
vn 0.000000 -0.285743 -0.958306
vn -0.099108 0.633197 -0.767620
vn -0.097087 0.631503 0.769271
vn 0.481838 -0.875967 0.022656
vn 0.482039 -0.875878 -0.021835
vn -0.024810 0.570953 -0.820608
vn -0.045326 0.588749 0.807044
vn 0.010809 0.538908 0.842296
vn 0.058473 0.493676 -0.867678
vn 0.093900 0.458340 0.883803
vn 0.179399 0.366574 -0.912929
vn 0.371786 -0.794580 0.480018
vn 0.188306 0.356637 0.915069
vn 0.372842 -0.794775 -0.478875
vn 0.293942 0.228373 -0.928140
vn 0.305375 0.213781 0.927925
vn 0.374118 0.119087 -0.919703
vn 0.388483 0.098620 0.916163
vn 0.482282 -0.050360 -0.874567
vn 0.497517 -0.076365 0.864087
vn 0.545915 -0.167755 -0.820875
vn -0.384505 0.799586 -0.461321
vn 0.559171 -0.193968 0.806042
vn 0.616388 -0.327375 -0.716165
vn 0.625995 -0.352557 0.695582
vn 0.661461 -0.473911 -0.581272
vn -0.385249 0.799679 0.460540
vn 0.666453 -0.495373 0.557177
vn 0.676130 -0.559439 -0.479454
vn -0.251502 0.738196 -0.625950
vn 0.678315 -0.580476 0.450484
vn 0.674368 -0.674910 -0.299540
vn -0.252306 0.738503 0.625264
vn 0.672340 -0.686763 0.276253
vn 0.649309 -0.747778 -0.138662
vn 0.645606 -0.754094 0.120560
vn 0.617074 -0.786761 -0.015056
vn 0.613299 -0.789848 0.001786
vn 0.578982 -0.809730 0.095484
vn 0.574902 -0.811218 -0.106828
vn 0.527581 -0.821741 0.215408
vn 0.524435 -0.821816 -0.222678
vn 0.488256 -0.821875 0.293476
vn 0.486587 -0.821539 -0.297163
vn 0.462893 -0.818840 0.339458
vn -0.376723 0.817653 -0.435344
vn 0.461815 -0.818451 -0.341854
vn -0.377139 0.818042 0.434251
vn 0.389192 -0.836457 0.385836
vn 0.389700 -0.836985 -0.384174
vn 0.378909 0.112446 -0.918577
vn 0.392797 0.092560 0.914955
vn 0.464865 -0.020514 -0.885144
vn 0.479594 -0.044773 0.876348
vn 0.548131 -0.171685 -0.818582
vn 0.559861 -0.194862 0.805348
vn 0.616162 -0.326110 -0.716936
vn 0.625888 -0.351551 0.696187
vn 0.659926 -0.466245 -0.589163
vn 0.665647 -0.490260 0.562635
vn 0.678278 -0.581605 -0.449083
vn 0.679455 -0.598264 0.424760
vn 0.675804 -0.667085 -0.313506
vn 0.673897 -0.680086 0.288697
vn -0.381182 0.802915 -0.458288
vn -0.297757 0.762636 -0.574218
vn -0.381708 0.803038 0.457634
vn -0.298678 0.762916 0.573368
vn 0.202186 0.340787 -0.918142
vn 0.210103 0.331779 0.919663
vn 0.288638 0.235614 -0.927995
vn 0.299489 0.221891 0.927939
vn 0.389164 0.097815 -0.915960
vn 0.402333 0.078723 0.912102
vn 0.491797 -0.066051 -0.868201
vn 0.504465 -0.087904 0.858946
vn 0.548723 -0.172356 -0.818045
vn 0.561575 -0.197918 0.803407
vn 0.614877 -0.322029 -0.719878
vn 0.623980 -0.345496 0.700915
vn 0.658671 -0.460040 -0.595412
vn 0.663543 -0.479270 0.574467
vn 0.674540 -0.542408 -0.500789
vn 0.677215 -0.562143 0.474737
vn 0.677014 -0.659239 -0.327194
vn 0.675550 -0.671679 0.304106
vn 0.655747 -0.736100 -0.167789
vn 0.375624 -0.807782 0.454307
vn 0.652578 -0.742652 0.150365
vn 0.376034 -0.808004 -0.453573
vn 0.625878 -0.778711 -0.043430
vn -0.339006 0.781137 -0.524309
vn 0.622017 -0.782468 0.028976
vn -0.340021 0.781369 0.523305
vn 0.576304 -0.810682 0.103292
vn 0.572662 -0.811913 -0.113379
vn 0.415488 -0.857453 0.303552
vn 0.537329 -0.820460 0.195248
vn 0.416023 -0.857850 -0.301691
vn 0.534898 -0.820602 -0.201237
vn 0.392019 0.093902 -0.915152
vn 0.404037 0.076472 0.911541
vn 0.471852 -0.031413 -0.881118
vn -0.155155 0.676151 -0.720241
vn 0.485761 -0.054557 0.872387
vn 0.549697 -0.173823 -0.817080
vn -0.155885 0.676572 0.719687
vn 0.560692 -0.195555 0.804601
vn 0.613897 -0.318833 -0.722133
vn 0.622040 -0.339479 0.705564
vn 0.656770 -0.451436 -0.604035
vn 0.662303 -0.472747 0.581261
vn 0.677258 -0.563833 -0.472667
vn 0.678953 -0.579973 0.450171
vn 0.678050 -0.651587 -0.340122
vn 0.676870 -0.664117 0.317484
vn -0.380448 0.796495 -0.469953
vn -0.381539 0.796657 0.468792
vn 0.439894 -0.871699 0.215948
vn -0.103983 0.637051 -0.763776
vn 0.440158 -0.871810 -0.214959
vn -0.103950 0.636947 0.763867
vn -0.052561 0.594919 -0.802065
vn -0.055647 0.597456 0.799969
vn -0.483667 0.875170 -0.011990
vn -0.483917 0.875046 0.010891
vn -0.018667 0.564891 -0.824955
vn 0.033237 0.518027 -0.854719
vn -0.018725 0.564931 0.824926
vn 0.035770 0.515610 0.856076
vn 0.103807 0.448442 -0.887763
vn 0.108785 0.443392 0.889702
vn -0.518836 0.828009 -0.212626
vn -0.520268 0.827739 0.210166
vn 0.222645 0.317189 -0.921857
vn 0.367146 -0.793916 0.484667
vn 0.230859 0.307626 0.923076
vn 0.368137 -0.794122 -0.483575
vn 0.329999 0.181628 -0.926343
vn 0.340720 0.167384 0.925145
vn 0.398742 0.084272 -0.913183
vn 0.411784 0.065116 0.908952
vn 0.495600 -0.071904 -0.865570
vn -0.384909 0.798571 -0.462742
vn 0.507527 -0.092563 0.856650
vn 0.548633 -0.171181 -0.818352
vn 0.458028 -0.877601 0.141517
vn 0.458155 -0.877600 -0.141112
vn 0.559672 -0.192923 0.805945
vn 0.611069 -0.310866 -0.727981
vn -0.385699 0.798652 0.461943
vn 0.620074 -0.333476 0.710142
vn 0.655301 -0.444861 -0.610475
vn 0.660201 -0.462800 0.591567
vn 0.672201 -0.523496 -0.523543
vn 0.675461 -0.543341 0.498531
vn 0.678927 -0.643319 -0.353836
vn 0.678088 -0.655597 0.332248
vn 0.661373 -0.723982 -0.196049
vn 0.658779 -0.730545 0.179759
vn 0.623396 -0.781174 -0.033831
vn 0.619696 -0.784580 0.020250
vn 0.596308 -0.801173 0.050387
vn 0.593217 -0.802801 -0.060038
vn 0.543720 -0.819357 0.181721
vn 0.541383 -0.819573 -0.187629
vn 0.514425 -0.822148 0.243801
vn 0.512090 -0.822018 -0.249099
vn 0.472612 -0.878280 0.072534
vn 0.472784 -0.878235 -0.071964
vn 0.470002 -0.819624 0.327589
vn 0.468987 -0.819277 -0.329903
vn 0.426006 -0.810979 0.401038
vn 0.425481 -0.810628 -0.402304
vn -0.385937 0.833434 -0.395525
vn -0.386452 0.833984 0.393860
vn 0.399109 0.084017 -0.913046
vn 0.481687 -0.876037 0.023185
vn 0.485669 -0.874143 0.000286
vn 0.485721 -0.874114 0.000338
vn 0.485772 -0.874086 0.000288
vn 0.481887 -0.875945 -0.022460
vn 0.410534 0.067319 0.909357
vn 0.474979 -0.035925 -0.879263
vn 0.486420 -0.054893 0.871999
vn 0.548076 -0.169606 -0.819052
vn 0.558476 -0.189968 0.807476
vn 0.609239 -0.305627 -0.731724
vn 0.396668 -0.802530 0.445646
vn 0.618191 -0.327826 0.714402
vn 0.652897 -0.434992 -0.620087
vn 0.396717 -0.802333 -0.445957
vn 0.658690 -0.455735 0.598692
vn 0.675854 -0.547588 -0.493324
vn 0.374543 -0.800157 0.468472
vn 0.677986 -0.563575 0.471931
vn 0.679446 -0.638695 -0.361140
vn 0.374934 -0.800237 -0.468023
vn 0.678752 -0.651027 0.339794
vn 0.367693 -0.792532 0.486514
vn 0.368220 -0.792528 -0.486121
vn 0.349579 -0.785706 0.510354
vn 0.350228 -0.785783 -0.509789
vn -0.405204 0.849514 -0.337840
vn -0.405891 0.850088 0.335563
vn 0.234314 0.303589 -0.923542
vn 0.337010 -0.780908 0.525934
vn 0.242547 0.293891 0.924553
vn 0.337808 -0.781075 -0.525174
vn 0.312308 0.205705 -0.927442
vn 0.321884 0.193310 0.926834
vn 0.398601 0.085121 -0.913166
vn 0.408517 0.070727 0.910007
vn 0.495329 -0.070694 -0.865824
vn 0.506249 -0.089505 0.857730
vn 0.540737 -0.154544 -0.826873
vn 0.551827 -0.175868 0.815204
vn 0.622222 -0.339190 -0.705543
vn 0.630236 -0.360567 0.687600
vn 0.647311 -0.414391 -0.639741
vn 0.327640 -0.777462 0.536847
vn 0.653643 -0.435424 0.618997
vn 0.677609 -0.562457 -0.473801
vn 0.328469 -0.777673 -0.536034
vn 0.679149 -0.576021 0.454925
vn 0.672850 -0.687392 -0.273433
vn 0.671159 -0.695513 0.256530
vn 0.637524 -0.765871 -0.083692
vn 0.634357 -0.769837 0.070303
vn 0.592512 -0.803183 0.061857
vn 0.339446 -0.782770 0.521582
vn 0.589225 -0.804774 -0.071782
vn 0.340701 -0.783124 -0.520231
vn -0.375438 0.808029 -0.454022
vn 0.552202 -0.817584 0.163185
vn 0.549023 -0.818095 -0.171156
vn -0.375836 0.808257 0.453286
vn -0.421424 0.861355 -0.283671
vn -0.422109 0.861815 0.281246
vn 0.387600 -0.833955 0.392792
vn 0.388084 -0.834452 -0.391256
vn -0.435227 0.869413 -0.233877
vn -0.435868 0.869735 0.231473
vn 0.369951 -0.812421 0.450676
vn -0.026769 0.572715 -0.819318
vn 0.370238 -0.812735 -0.449872
vn -0.025574 0.571643 0.820104
vn 0.051825 0.500429 -0.864225
vn 0.054692 0.497695 0.865626
vn 0.130560 0.420851 -0.897685
vn -0.447494 0.874765 -0.185838
vn 0.135564 0.415640 0.899369
vn -0.448077 0.874951 0.183541
vn 0.232058 0.306615 -0.923112
vn 0.363865 -0.792223 0.489883
vn 0.239122 0.298357 0.924015
vn 0.364828 -0.792416 -0.488853
vn 0.383118 0.108020 -0.917362
vn 0.393531 0.093201 0.914575
vn 0.491853 -0.064094 -0.868316
vn -0.380798 0.798427 -0.466377
vn 0.502855 -0.082924 0.860384
vn -0.381465 0.798506 0.465695
vn 0.614684 -0.318142 -0.721768
vn 0.621791 -0.335980 0.707456
vn 0.670859 -0.510750 -0.537665
vn 0.673679 -0.525369 0.519754
vn 0.676716 -0.668750 -0.307943
vn 0.675713 -0.676366 0.293157
vn 0.644583 -0.756451 -0.110885
vn 0.641022 -0.761631 0.094920
vn 0.611882 -0.790926 0.006020
vn 0.607770 -0.793872 -0.019579
vn -0.458494 0.877757 -0.139017
vn 0.000000 -0.285743 0.958306
vn 0.000000 -0.285743 -0.958306
vn 0.556341 -0.816549 0.154053
vn -0.459009 0.877824 0.136880
vn 0.554341 -0.816872 -0.159457
vn 0.511135 -0.821999 0.251117
vn 0.509558 -0.821829 -0.254847
vn 0.476898 -0.820282 0.315762
vn 0.475506 -0.819929 -0.318765
vn -0.468415 0.878609 -0.092917
vn -0.468867 0.878572 0.090969
vn -0.478012 0.877264 -0.043739
vn -0.478366 0.877147 0.042186
vn -0.483636 0.875186 -0.012067
vn -0.485670 0.874142 -0.000291
vn -0.485722 0.874113 -0.000350
vn -0.485773 0.874085 -0.000292
vn -0.483882 0.875063 0.011070
vn 0.242050 0.294977 -0.924338
vn 0.249676 0.285940 0.925149
vn 0.349433 0.156466 -0.923805
vn 0.358306 0.144477 0.922357
vn 0.477054 -0.037682 -0.878066
vn 0.487172 -0.054410 0.871610
vn 0.595093 -0.268498 -0.757478
vn 0.602272 -0.284733 0.745785
vn 0.666679 -0.487298 -0.563985
vn 0.669962 -0.501923 0.547014
vn 0.679256 -0.650958 -0.338918
vn -0.374018 0.800171 -0.468868
vn 0.678287 -0.661647 0.319609
vn -0.374391 0.800254 0.468427
vn 0.650036 -0.748093 -0.133451
vn 0.647293 -0.752764 0.119824
vn 0.605198 -0.795619 0.026932
vn 0.602621 -0.797237 -0.035514
vn 0.562766 -0.814785 0.139354
vn 0.559774 -0.815469 -0.147184
vn 0.481632 -0.876050 0.023830
vn 0.481806 -0.875971 -0.023177
vn -0.383882 0.830564 -0.403482
vn -0.384359 0.831080 0.401963
vn -0.135717 0.662051 -0.737068
vn -0.136166 0.662294 0.736767
vn -0.000000 0.342285 0.939596
vn -0.000000 0.379124 -0.925346
vn -0.093998 0.628920 -0.771767
vn -0.093960 0.628815 0.771857
vn 0.369830 -0.804819 0.464212
vn 0.370118 -0.804996 -0.463676
vn -0.663391 0.558659 0.497807
vn -0.663653 0.558253 -0.497913
vn -0.048985 0.591868 -0.804545
vn -0.048460 0.591379 0.804937
vn -0.002777 0.551479 -0.834184
vn -0.001667 0.550470 0.834853
vn -0.369733 0.812585 -0.450559
vn -0.370008 0.812903 0.449759
vn 0.085178 0.467858 -0.879689
vn 0.088748 0.464328 0.881206
vn 0.142333 0.408720 -0.901493
vn 0.146994 0.403812 0.902955
vn 0.241591 0.295904 -0.924162
vn 0.248178 0.288144 0.924868
vn 0.374682 0.121467 -0.919162
vn 0.358365 -0.791068 0.495768
vn 0.384335 0.107935 0.916862
vn 0.359287 -0.791281 -0.494759
vn 0.466606 -0.019513 -0.884250
vn 0.475695 -0.034173 0.878946
vn -0.379332 0.796811 -0.470319
vn 0.584636 -0.243551 -0.773876
vn -0.380052 0.796883 0.469614
vn 0.592006 -0.259516 0.763007
vn 0.661699 -0.463596 -0.589265
vn 0.665262 -0.477481 0.573967
vn 0.680772 -0.634503 -0.365999
vn 0.680455 -0.643623 0.350329
vn 0.655646 -0.738212 -0.158654
vn 0.652575 -0.744219 0.142421
vn 0.624151 -0.780636 -0.032281
vn 0.620481 -0.783992 0.018964
vn 0.566428 -0.813649 0.130900
vn 0.564111 -0.814212 -0.137250
vn 0.531334 -0.820663 0.210230
vn 0.528814 -0.820746 -0.216176
vn -0.014451 0.561019 -0.827677
vn -0.018110 0.564348 0.825339
vn 0.477713 -0.820301 0.314479
vn 0.476469 -0.819974 -0.317206
vn 0.424648 -0.810625 0.403188
vn 0.424078 -0.810282 -0.404477
vn 0.384649 -0.832755 0.398201
vn 0.385076 -0.833249 -0.396753
vn 0.385675 -0.799223 0.460974
vn 0.385649 -0.799028 -0.461334
vn 0.347973 -0.785424 0.511882
vn 0.348382 -0.785422 -0.511607
vn 0.327960 -0.777429 0.536700
vn 0.369266 -0.798199 0.475941
vn 0.328506 -0.777520 -0.536235
vn 0.369541 -0.798250 -0.475642
vn 0.413037 -0.855883 0.311229
vn 0.413519 -0.856265 -0.309536
vn 0.312671 -0.771214 0.554496
vn 0.313248 -0.771354 -0.553976
vn -0.065610 0.606044 -0.792720
vn -0.065788 0.606151 0.792624
vn 0.321658 -0.775764 0.542887
vn 0.322811 -0.776135 -0.541671
vn 0.238805 0.299570 -0.923704
vn 0.244938 0.292388 0.924400
vn 0.335824 0.176020 -0.925332
vn 0.343632 0.165711 0.924369
vn 0.453974 0.001774 -0.891013
vn 0.463013 -0.012479 0.886264
vn 0.571373 -0.213656 -0.792392
vn 0.578687 -0.228734 0.782817
vn 0.655097 -0.436355 -0.616800
vn 0.658839 -0.449243 0.603416
vn 0.681636 -0.613729 -0.398384
vn 0.681725 -0.624889 0.380480
vn 0.660730 -0.727784 -0.183757
vn 0.658372 -0.733333 0.169611
vn 0.617476 -0.786530 -0.009734
vn 0.438871 -0.871298 0.219618
vn 0.614579 -0.788855 -0.000489
vn 0.439077 -0.871391 -0.218837
vn 0.572099 -0.811755 0.117288
vn 0.568891 -0.812713 -0.125941
vn -0.132591 0.659554 -0.739871
vn -0.132910 0.659709 0.739675
vn 0.457572 -0.877519 0.143488
vn 0.457656 -0.877512 -0.143262
vn -0.483638 0.875184 -0.012151
vn -0.483858 0.875075 0.011243
vn 0.007439 0.542338 -0.840127
vn 0.009049 0.540861 0.841063
vn 0.472178 -0.878325 0.074788
vn 0.472316 -0.878287 -0.074366
vn 0.075926 0.477380 -0.875410
vn 0.078572 0.474803 0.876578
vn -0.188453 0.699296 -0.689544
vn -0.188884 0.699472 0.689248
vn 0.140841 0.410760 -0.900799
vn 0.144090 0.407389 0.901816
vn 0.229716 0.310776 -0.922306
vn 0.235544 0.304026 0.923086
vn 0.351692 0.154761 -0.923234
vn 0.360232 0.143207 0.921805
vn 0.437356 0.028842 -0.898826
vn 0.445647 0.016174 0.895063
vn 0.355685 -0.790500 0.498597
vn 0.356426 -0.790666 -0.497803
vn 0.555508 -0.179878 -0.811822
vn 0.563138 -0.194863 0.803059
vn 0.481467 -0.876123 0.024449
vn 0.485678 -0.874138 0.000202
vn -0.372886 0.795190 -0.478152
vn 0.485721 -0.874114 0.000241
vn 0.485765 -0.874090 0.000204
vn 0.481637 -0.876046 -0.023868
vn 0.645880 -0.403212 -0.648274
vn -0.370959 0.795412 0.479280
vn 0.650496 -0.417585 0.634411
vn 0.681431 -0.591367 -0.431204
vn 0.682051 -0.601263 0.416279
vn 0.665869 -0.715261 -0.212179
vn 0.663937 -0.720872 0.198827
vn 0.635613 -0.768659 -0.071836
vn 0.632309 -0.772499 0.058566
vn 0.575187 -0.810616 0.109821
vn 0.572113 -0.811607 -0.118239
vn 0.521271 -0.821427 0.231376
vn 0.519008 -0.821386 -0.236552
vn -0.369270 0.804656 -0.464938
vn -0.369540 0.804833 0.464418
vn 0.476876 -0.820257 0.315860
vn 0.475344 -0.819911 -0.319052
vn -0.238152 0.730694 -0.639820
vn -0.238675 0.730869 0.639425
vn -0.380694 0.829016 -0.409640
vn -0.381113 0.829516 0.408234
vn 0.000000 -0.285743 0.958306
vn 0.000000 -0.285744 -0.958306
vn 0.364916 -0.808860 0.461066
vn 0.365094 -0.809119 -0.460471
vn -0.401629 0.846916 -0.348464
vn -0.402252 0.847471 0.346390
vn -0.282416 0.755285 -0.591427
vn -0.283011 0.755443 0.590941
vn 0.221086 0.321264 -0.920820
vn 0.226534 0.315022 0.921652
vn 0.306543 0.215778 -0.927077
vn 0.314131 0.206100 0.926739
vn 0.417295 0.060368 -0.906764
vn 0.425507 0.048200 0.903671
vn 0.535779 -0.140291 -0.832622
vn 0.543774 -0.155197 0.824756
vn 0.633578 -0.364325 -0.682529
vn 0.638381 -0.377605 0.670734
vn 0.679746 -0.563699 -0.469243
vn 0.680905 -0.573782 0.455129
vn 0.670465 -0.701545 -0.241475
vn 0.668778 -0.707703 0.227800
vn 0.629016 -0.775936 -0.047564
vn 0.625985 -0.779002 0.036042
vn 0.580157 -0.808670 0.097317
vn 0.576604 -0.809976 -0.107080
vn -0.418886 0.859829 -0.291939
vn -0.419519 0.860280 0.289692
vn -0.321974 0.774351 -0.544713
vn -0.322635 0.774485 0.544131
vn 0.382933 -0.830337 0.404848
vn 0.383339 -0.830808 -0.403496
vn -0.433444 0.868573 -0.240221
vn -0.257999 -0.264277 0.929298
vn -0.258671 -0.263645 -0.929290
vn -0.434046 0.868892 0.237973
vn -0.368619 0.797489 -0.477631
vn -0.368881 0.798081 0.476438
vn -0.062728 0.603328 -0.795022
vn -0.062486 0.603070 0.795237
vn -0.361092 0.790556 -0.494605
vn -0.361788 0.790651 0.493943
vn -0.030882 0.576352 -0.816618
vn -0.032214 0.577454 0.815787
vn 0.021462 0.529789 -0.847858
vn 0.011833 0.538524 0.842527
vn -0.446290 0.874368 -0.190540
vn 0.086600 0.467107 -0.879950
vn 0.088736 0.465013 0.880845
vn -0.446827 0.874554 0.188420
vn 0.126321 0.426600 -0.895576
vn 0.129614 0.423211 0.896712
vn 0.203672 0.341824 -0.917428
vn 0.209159 0.335635 0.918478
vn 0.314544 0.205704 -0.926687
vn 0.321501 0.196768 0.926239
vn 0.393065 0.096995 -0.914381
vn 0.400548 0.086331 0.912200
vn 0.511375 -0.094253 -0.854173
vn 0.518964 -0.107550 0.848003
vn 0.617511 -0.319298 -0.718838
vn 0.623365 -0.334001 0.707007
vn 0.676010 -0.531107 -0.510818
vn -0.370126 0.795214 -0.480252
vn 0.677838 -0.542196 0.496547
vn -0.371203 0.794586 0.480460
vn 0.675296 -0.682803 -0.278846
vn 0.673914 -0.689859 0.264451
vn 0.648141 -0.751834 -0.121073
vn 0.645019 -0.756678 0.106715
vn 0.582739 -0.807574 0.090773
vn 0.579172 -0.808966 -0.100665
vn -0.457720 0.877629 -0.142338
vn 0.537603 -0.819840 0.197091
vn -0.458202 0.877698 0.140348
vn 0.535230 -0.820011 -0.202759
vn 0.474449 -0.820055 0.320012
vn 0.472737 -0.819689 -0.323465
vn 0.417707 -0.809141 0.413294
vn 0.417133 -0.808815 -0.414510
vn 0.365335 -0.802455 0.471801
vn 0.365522 -0.802597 -0.471415
vn 0.376401 -0.796401 0.473359
vn 0.376822 -0.796411 -0.473007
vn 0.341836 -0.783304 0.519214
vn 0.346073 -0.784911 -0.513954
vn -0.467975 0.878620 -0.095005
vn -0.468398 0.878588 0.093201
vn 0.317385 -0.773088 0.549182
vn 0.317640 -0.773076 -0.549051
vn 0.295435 -0.763463 0.574319
vn 0.295867 -0.763565 -0.573962
vn 0.342409 -0.784691 0.516736
vn 0.343374 -0.784948 -0.515704
vn -0.477845 0.877310 -0.044633
vn -0.478168 0.877203 0.043248
vn 0.299049 -0.765695 0.569457
vn 0.300013 -0.766032 -0.568495
vn -0.020615 0.566675 -0.823683
vn -0.017203 0.563552 0.825901
vn -0.483609 0.875199 -0.012231
vn -0.485677 0.874138 -0.000202
vn -0.485721 0.874114 -0.000242
vn -0.485764 0.874090 -0.000202
vn -0.483827 0.875090 0.011407
vn 0.365031 -0.797208 0.480845
vn 0.481394 -0.876142 0.025203
vn 0.365210 -0.797245 -0.480646
vn 0.481544 -0.876074 -0.024689
vn 0.190046 0.357627 -0.914322
vn 0.194495 0.352713 0.915295
vn 0.264466 0.269876 -0.925864
vn 0.269712 0.263576 0.926166
vn 0.363435 0.139908 -0.921054
vn 0.370931 0.129634 0.919568
vn 0.482251 -0.042670 -0.874993
vn 0.490090 -0.055649 0.869893
vn 0.595994 -0.265546 -0.757811
vn 0.602278 -0.279730 0.747672
vn 0.668667 -0.488501 -0.560580
vn 0.671548 -0.501627 0.545338
vn 0.679184 -0.660848 -0.319357
vn 0.678094 -0.669616 0.302991
vn 0.641685 -0.761162 -0.094200
vn 0.638816 -0.764988 0.081905
vn 0.587576 -0.805405 0.077951
vn 0.584676 -0.806660 -0.086332
vn -0.364571 0.808736 -0.461557
vn -0.365513 0.808621 0.461012
vn -0.378835 0.826470 -0.416451
vn -0.379217 0.826937 0.415174
vn 0.002495 0.546901 -0.837194
vn 0.015195 0.534670 0.844924
vn 0.065386 0.488493 -0.870115
vn 0.069855 0.483171 0.872735
vn 0.114009 0.439951 -0.890755
vn 0.109189 0.443136 0.889780
vn 0.184968 0.363549 -0.913027
vn 0.181717 0.365396 0.912943
vn 0.250409 0.287147 -0.924576
vn 0.255823 0.277949 0.925905
vn 0.363462 0.140518 -0.920951
vn 0.334306 0.178109 0.925482
vn 0.484132 -0.045233 -0.873825
vn 0.498174 -0.067197 0.864470
vn 0.599445 -0.274341 -0.751933
vn 0.618232 -0.313676 0.720692
vn 0.670293 -0.503645 -0.545022
vn 0.680830 -0.547126 0.486953
vn 0.677514 -0.659631 -0.325363
vn 0.675687 -0.690690 0.257672
vn 0.642208 -0.760005 -0.099806
vn 0.632685 -0.772753 0.050620
vn -0.368218 0.794600 -0.482728
vn 0.566674 -0.813593 0.130179
vn -0.368618 0.794627 0.482379
vn 0.559762 -0.814760 -0.151108
vn 0.526338 -0.821301 0.220077
vn 0.513654 -0.821477 -0.247660
vn 0.470215 -0.820130 0.326015
vn 0.467042 -0.819182 -0.332887
vn 0.444000 -0.815912 0.370340
vn 0.424837 -0.811030 -0.402174
vn 0.383005 -0.799273 -0.463109
vn 0.338707 -0.782413 0.522597
vn 0.348675 -0.787559 -0.508111
vn 0.410066 -0.853921 0.320415
vn 0.410495 -0.854290 -0.318878
vn 0.583251 -0.227939 0.779655
vn 0.512783 -0.101070 -0.852548
vn 0.616095 -0.787642 -0.006862
vn 0.145005 0.406853 -0.901911
vn 0.594035 -0.802647 0.053676
vn 0.058352 0.495215 -0.866809
vn 0.150308 0.396193 0.905781
vn 0.380363 -0.829181 0.409612
vn -0.001396 0.550238 -0.835007
vn 0.030372 0.518720 0.854404
vn 0.380727 -0.829648 -0.408328
vn 0.430987 -0.813787 -0.389873
vn 0.400040 -0.804915 0.438270
vn -0.033029 0.577455 0.815754
vn 0.305635 -0.768217 0.562521
vn 0.310572 -0.771118 -0.555808
vn 0.000000 0.000000 1.000000
vn 0.000000 0.000000 -1.000000
vn -0.081334 0.618340 -0.781691
vn -0.089267 0.624896 0.775588
vn 0.437926 -0.870927 0.222951
vn 0.438074 -0.871001 -0.222369
vn 0.457177 -0.877442 0.145202
vn 0.457209 -0.877430 -0.145179
vn 0.283554 -0.650741 0.704367
vn 0.283949 -0.650873 -0.704086
vn -0.364590 0.802029 -0.473101
vn -0.364760 0.802162 0.472743
vn -0.245498 0.737332 -0.629343
vn -0.246081 0.737533 0.628880
vn 0.471699 -0.878370 0.077248
vn 0.471809 -0.878335 -0.076968
vn 0.481200 -0.876227 0.025928
vn 0.485683 -0.874135 0.000144
vn 0.485721 -0.874114 0.000170
vn 0.485759 -0.874093 0.000143
vn 0.481350 -0.876158 -0.025478
vn -0.483602 0.875201 -0.012335
vn -0.483797 0.875103 0.011588
vn 0.361065 -0.806081 0.468898
vn 0.361160 -0.806296 -0.468455
vn -0.361655 0.791494 -0.492690
vn -0.361974 0.791485 0.492469
vn -0.363821 0.796709 -0.482585
vn -0.364581 0.796342 0.482618
vn -0.376077 0.825026 -0.421780
vn -0.373613 0.821635 0.430499
vn -0.397769 0.844030 -0.359713
vn -0.398319 0.844560 0.357856
vn 0.361788 -0.800475 0.477860
vn 0.361898 -0.800582 -0.477596
vn 0.361255 -0.795289 0.486837
vn 0.361352 -0.795291 -0.486762
vn -0.018867 0.294336 0.955516
vn -0.018869 0.294343 -0.955514
vn 0.138055 -0.253848 -0.957341
vn 0.137839 -0.253712 0.957408
vn -0.012946 -0.650982 0.758983
vn 0.023201 -0.316569 -0.948286
vn 0.022216 -0.406535 0.913365
vn -0.013875 -0.581441 -0.813470
vn -0.416173 0.858147 -0.300640
vn -0.416755 0.858589 0.298563
vn 0.295987 -0.451230 -0.841893
vn 0.295741 -0.450952 0.842128
vn 0.159197 -0.556024 -0.815778
vn 0.159259 -0.556025 0.815765
vn 0.333777 -0.215895 -0.917596
vn 0.333954 -0.215912 0.917527
vn 0.276016 -0.555750 -0.784192
vn 0.276167 -0.555751 0.784138
vn 0.434663 -0.352754 -0.828633
vn 0.434804 -0.352624 0.828615
vn 0.384810 -0.555534 -0.737091
vn 0.384925 -0.555534 0.737031
vn 0.481586 -0.503769 -0.717141
vn 0.481586 -0.503542 0.717301
vn 0.516860 -0.447356 -0.729882
vn 0.516856 -0.447356 0.729885
vn 0.378409 -0.826687 0.416407
vn 0.378740 -0.827124 -0.415237
vn -0.431563 0.867654 -0.246842
vn -0.432112 0.867966 0.244776
vn -0.075530 0.365009 0.927935
vn -0.075481 0.364993 -0.927945
vn -0.445023 0.873933 -0.195434
vn -0.445517 0.874117 0.193480
vn -0.153498 0.422671 0.893190
vn -0.153404 0.422649 -0.893216
vn -0.154008 -0.243234 0.957663
vn -0.154007 -0.243234 -0.957663
vn -0.354039 0.790096 -0.500405
vn -0.354103 0.790042 0.500445
vn -0.456911 0.877485 -0.145781
vn -0.457361 0.877556 0.143934
vn -0.228519 0.376697 0.897707
vn -0.228423 0.376684 -0.897737
vn -0.467521 0.878627 -0.097157
vn 0.481109 -0.876251 0.026810
vn -0.467906 0.878601 0.095520
vn 0.481239 -0.876191 -0.026426
vn -0.477669 0.877357 -0.045574
vn -0.477962 0.877260 0.044347
vn -0.287703 0.473981 0.832207
vn -0.287556 0.473965 -0.832267
vn -0.280220 -0.448109 0.848926
vn -0.280220 -0.448109 -0.848926
vn -0.483575 0.875214 -0.012437
vn -0.485684 0.874134 -0.000138
vn -0.485720 0.874114 -0.000166
vn -0.485758 0.874093 -0.000138
vn -0.483765 0.875119 0.011764
vn -0.360603 0.805718 -0.469876
vn -0.361262 0.806349 0.468285
vn -0.363396 0.412455 0.835359
vn -0.363258 0.412449 -0.835422
vn -0.407495 0.508631 0.758447
vn -0.407303 0.508624 -0.758555
vn -0.409526 -0.448073 0.794682
vn -0.409526 -0.448073 -0.794682
vn -0.374293 0.822660 -0.427944
vn -0.375995 0.825449 0.421026
vn 0.500636 -0.528352 0.685717
vn 0.500670 -0.528327 -0.685711
vn -0.465841 0.496563 0.732406
vn -0.465743 0.496594 -0.732446
vn 0.406507 -0.851484 0.331251
vn 0.406863 -0.851827 -0.329929
vn -0.514714 0.438864 0.736524
vn -0.514699 0.438916 -0.736504
vn -0.372658 -0.759415 0.533306
vn -0.372658 -0.759415 -0.533306
vn -0.360915 0.799927 -0.479435
vn -0.361005 0.800024 0.479205
vn 0.437116 -0.870617 0.225733
vn 0.437200 -0.870670 -0.225365
vn 0.376020 -0.825448 0.421005
vn 0.376308 -0.825873 -0.419912
vn 0.456855 -0.877380 0.146590
vn -0.361041 0.794921 -0.487595
vn 0.456849 -0.877360 -0.146728
vn -0.361133 0.794918 0.487533
vn 0.358542 -0.803434 0.475333
vn 0.358583 -0.803603 -0.475016
vn 0.471170 -0.878411 0.079957
vn 0.471247 -0.878382 -0.079826
vn 0.480890 -0.876345 0.027658
vn 0.485688 -0.874132 0.000096
vn 0.485721 -0.874114 0.000118
vn 0.485753 -0.874096 0.000097
vn 0.481009 -0.876289 -0.027344
vn 0.358200 -0.799072 0.482883
vn 0.358232 -0.799155 -0.482723
vn -0.483571 0.875216 -0.012532
vn -0.483740 0.875130 0.011932
vn 0.528153 -0.443009 0.724429
vn 0.528174 -0.442998 -0.724420
vn -0.371777 0.821228 -0.432860
vn -0.369394 0.818039 0.440862
vn -0.393586 0.840812 -0.371653
vn -0.394056 0.841310 0.370023
vn -0.413272 0.856293 -0.309789
vn -0.413797 0.856721 0.307898
vn 0.373668 -0.822683 0.428445
vn 0.373919 -0.823079 -0.427464
vn -0.429569 0.866645 -0.253766
vn -0.430064 0.866947 0.251887
vn -0.443687 0.873456 -0.200543
vn -0.444143 0.873636 0.198739
vn 0.480780 -0.876372 0.028693
vn 0.480887 -0.876322 -0.028436
vn -0.456072 0.877325 -0.149333
vn -0.456478 0.877396 0.147662
vn 0.500253 -0.530815 0.684093
vn 0.500281 -0.530838 -0.684054
vn -0.358001 0.802965 -0.476532
vn -0.357458 0.804006 0.475182
vn -0.467045 0.878629 -0.099397
vn -0.467397 0.878609 0.097915
vn -0.477489 0.877405 -0.046535
vn -0.477751 0.877318 0.045468
vn -0.483540 0.875231 -0.012630
vn -0.485689 0.874132 -0.000090
vn -0.485722 0.874113 -0.000111
vn -0.485754 0.874096 -0.000089
vn -0.483707 0.875146 0.012099
vn -0.478902 0.582891 0.656423
vn -0.478877 0.582901 -0.656432
vn -0.357953 0.798208 -0.484494
vn -0.357977 0.798274 0.484366
vn -0.369997 0.818958 -0.438645
vn -0.371642 0.821636 0.432200
vn 0.402349 -0.848525 0.343687
vn 0.402627 -0.848838 -0.342588
vn 0.355375 -0.802475 0.479315
vn 0.355348 -0.802628 -0.479078
vn 0.436518 -0.870409 0.227687
vn 0.436544 -0.870439 -0.227522
vn 0.456602 -0.877310 -0.147791
vn 0.456646 -0.877336 0.147498
vn 0.368302 -0.817387 0.442981
vn 0.368475 -0.817730 -0.442204
vn 0.470587 -0.878448 0.082929
vn 0.470627 -0.878423 -0.082969
vn 0.550683 -0.354375 0.755756
vn 0.550691 -0.354402 -0.755737
vn 0.480522 -0.876480 0.029698
vn 0.485691 -0.874130 0.000060
vn 0.485721 -0.874114 0.000077
vn 0.485751 -0.874097 0.000060
vn 0.480621 -0.876432 -0.029493
vn -0.483533 0.875233 -0.012744
vn -0.483683 0.875157 0.012271
vn -0.365301 0.814269 -0.451133
vn -0.367766 0.817819 0.442628
vn 0.370380 -0.820775 0.434909
vn 0.370580 -0.821160 -0.434012
vn -0.389044 0.837218 -0.384331
vn -0.389434 0.837681 0.382926
vn 0.499328 -0.533328 0.682813
vn 0.499336 -0.533404 -0.682747
vn -0.410165 0.854245 -0.319421
vn -0.410623 0.854653 0.317737
vn 0.480389 -0.876511 0.030904
vn 0.480471 -0.876471 -0.030772
vn -0.427450 0.865537 -0.261021
vn -0.427894 0.865830 0.259317
vn -0.354868 0.801770 -0.480867
vn -0.354865 0.801430 0.481436
vn -0.442284 0.872932 -0.205851
vn -0.442692 0.873107 0.204227
vn -0.455192 0.877146 -0.153020
vn -0.455556 0.877216 0.151525
vn -0.544333 0.381206 0.747251
vn -0.544331 0.381164 -0.747274
vn -0.466548 0.878628 -0.101717
vn -0.466867 0.878611 0.100393
vn -0.477300 0.877454 -0.047539
vn -0.477530 0.877377 0.046637
vn -0.483500 0.875250 -0.012860
vn -0.485692 0.874130 -0.000051
vn -0.485722 0.874114 -0.000069
vn -0.485750 0.874098 -0.000052
vn -0.483645 0.875176 0.012442
vn 0.397710 -0.845363 0.356633
vn 0.397858 -0.845602 -0.355903
vn 0.365856 -0.816261 0.447064
vn 0.365994 -0.816602 -0.446329
vn 0.526936 -0.447255 0.722704
vn 0.526931 -0.447334 -0.722659
vn -0.367088 0.817354 -0.444049
vn -0.365914 0.815553 0.448309
vn 0.437882 -0.871207 0.221941
vn 0.437844 -0.871203 -0.222031
vn 0.457903 -0.877536 -0.142320
vn 0.457965 -0.877567 0.141930
vn 0.469805 -0.878483 -0.086893
vn 0.469774 -0.878507 0.086823
vn 0.480087 -0.876634 0.032090
vn 0.485692 -0.874130 0.000029
vn 0.485720 -0.874114 0.000035
vn 0.485750 -0.874098 0.000028
vn 0.480163 -0.876595 -0.032020
vn 0.359387 -0.810605 0.462342
vn 0.359481 -0.810926 -0.461707
vn 0.526978 -0.448475 0.721917
vn 0.526975 -0.448583 -0.721852
vn -0.483493 0.875252 -0.012978
vn -0.483623 0.875186 0.012623
vn -0.363462 0.813672 -0.453689
vn -0.363537 0.813958 0.453115
vn -0.384103 0.833194 -0.397810
vn -0.384393 0.833600 0.396678
vn 0.480107 -0.876628 0.031950
vn 0.480172 -0.876594 -0.031896
vn -0.406844 0.851991 -0.329529
vn -0.407176 0.852324 0.328254
vn -0.497436 0.534628 0.683177
vn -0.497468 0.534523 -0.683235
vn -0.425216 0.864334 -0.268548
vn -0.425552 0.864570 0.267254
vn 0.566498 -0.248291 0.785768
vn 0.566564 -0.248618 -0.785617
vn 0.478401 -0.595075 0.645770
vn 0.478437 -0.595779 -0.645093
vn 0.523491 -0.563524 0.639060
vn 0.523476 -0.563933 -0.638711
vn -0.440825 0.872370 -0.211291
vn -0.441139 0.872508 0.210062
vn 0.563164 -0.596774 0.571583
vn 0.563139 -0.596763 -0.571618
vn -0.454288 0.876956 -0.156750
vn -0.454578 0.877008 0.155614
vn -0.466799 0.878645 -0.100408
vn -0.467015 0.878624 0.099579
vn -0.478058 0.877258 -0.043360
vn -0.478243 0.877189 0.042697
vn 0.593906 -0.618377 0.514671
vn 0.593837 -0.618297 -0.514846
vn -0.483461 0.875268 -0.013091
vn -0.485694 0.874129 -0.000022
vn -0.485721 0.874114 -0.000035
vn -0.485747 0.874100 -0.000022
vn -0.483586 0.875203 0.012796
vn -0.361580 0.811439 -0.459158
vn -0.361567 0.811654 0.458789
vn 0.669674 -0.390975 -0.631408
vn 0.669702 -0.391011 0.631355
vn 0.357773 -0.800075 -0.481538
vn 0.357775 -0.800075 0.481536
vn 0.745598 -0.414740 -0.521608
vn 0.745556 -0.414772 0.521641
vn 0.578796 -0.555400 -0.597098
vn 0.578720 -0.555397 0.597174
vn 0.784804 -0.412057 -0.462917
vn 0.784867 -0.412081 0.462789
vn 0.640739 -0.555379 -0.530101
vn 0.640736 -0.555379 0.530106
vn 0.819316 -0.409903 -0.400876
vn 0.819371 -0.409921 0.400744
vn 0.695132 -0.555418 -0.456401
vn 0.695192 -0.555417 0.456311
vn 0.799374 -0.514299 -0.310641
vn 0.799366 -0.514322 0.310624
vn 0.717652 -0.600768 -0.352211
vn 0.717654 -0.600768 0.352207
vn 0.863696 -0.407478 -0.296632
vn 0.863693 -0.407495 0.296619
vn 0.785751 -0.555381 -0.272301
vn 0.785752 -0.555381 0.272299
vn 0.883832 -0.406563 -0.231403
vn 0.883826 -0.406580 0.231395
vn 0.810071 -0.555305 -0.188204
vn 0.810072 -0.555305 0.188203
vn 0.898438 -0.406172 -0.166834
vn 0.898416 -0.406188 0.166912
vn 0.825055 -0.555271 -0.104681
vn 0.825055 -0.555271 0.104679
vn 0.860371 -0.509335 -0.018455
vn 0.796741 -0.604321 0.000010
vn 0.861899 -0.507080 0.000005
vn 0.796732 -0.604332 0.000012
vn 0.915247 -0.402893 0.000004
vn 0.796723 -0.604345 0.000014
vn 0.861887 -0.507100 0.000005
vn 0.796714 -0.604357 0.000010
vn 0.860352 -0.509365 0.018475
vn 0.855363 -0.511586 -0.081453
vn 0.855340 -0.511609 0.081544
vn 0.961481 -0.274768 -0.007538
vn 0.919090 -0.393981 0.007206
vn -0.483456 0.875270 -0.013148
vn -0.483556 0.875217 0.013002
vn -0.576444 0.361881 0.732636
vn -0.545572 0.454601 -0.704052
vn -0.612681 -0.000000 0.790330
vn -0.612680 -0.000000 -0.790331
vn -0.612681 0.000000 0.790330
vn -0.612680 0.000000 -0.790331
vn -0.339744 -0.832171 0.438254
vn -0.438827 -0.707254 -0.554276
vn -0.584586 0.537614 0.607644
vn -0.570075 0.537420 -0.621446
vn -0.673516 0.000000 0.739173
vn -0.688865 0.000000 -0.724890
vn -0.688866 0.000000 0.724888
vn -0.673514 0.000000 -0.739175
vn -0.555082 -0.555337 0.619261
vn -0.579860 -0.555337 -0.596123
vn -0.680539 0.489406 0.545297
vn -0.665579 0.489338 -0.563518
vn -0.753172 0.000000 0.657823
vn -0.779294 0.000000 -0.626658
vn -0.779294 0.000000 0.626659
vn -0.753172 0.000000 -0.657823
vn -0.626359 -0.555334 0.547064
vn -0.648082 -0.555334 -0.521146
vn -0.736281 0.499754 0.456220
vn -0.723627 0.499727 -0.476065
vn -0.827354 0.000000 0.561680
vn -0.849318 0.000000 -0.527882
vn -0.849317 0.000000 0.527883
vn -0.827355 0.000000 -0.561679
vn -0.688057 -0.555323 0.467113
vn -0.706322 -0.555323 -0.439005
vn -0.781764 0.506532 0.363690
vn -0.771648 0.506544 -0.384672
vn -0.888743 0.000000 0.458406
vn -0.906246 0.000000 -0.422751
vn -0.906246 0.000000 0.422750
vn -0.888743 0.000000 -0.458406
vn -0.739120 -0.555305 0.381232
vn -0.753677 -0.555305 -0.351579
vn -0.816820 0.510297 0.269075
vn -0.809346 0.510343 -0.290705
vn -0.936625 0.000000 0.350334
vn -0.949556 0.000000 -0.313597
vn -0.949556 0.000000 0.313597
vn -0.936625 0.000000 -0.350334
vn -0.778956 -0.555282 0.291360
vn -0.789710 -0.555282 -0.260807
vn -0.838039 0.511428 0.190087
vn -0.888084 0.406322 -0.214962
vn -0.979583 -0.000497 0.201041
vn -0.982078 -0.000795 -0.188475
vn -0.984096 0.000000 0.177637
vn -0.978520 0.000000 -0.206152
vn -0.434954 -0.894995 0.098991
vn -0.439849 -0.894995 -0.074276
vn -0.809171 0.580748 0.089292
vn -0.809111 0.580800 -0.089504
vn -0.860939 0.508161 0.023579
vn -0.796740 0.604323 -0.000003
vn -0.893136 0.449787 -0.000006
vn -0.796715 0.604355 -0.000003
vn -0.860918 0.508197 -0.023578
vn -0.998936 -0.000661 0.046108
vn -0.998466 -0.000567 -0.055367
vn -0.998461 0.000000 0.055461
vn -0.998869 0.000000 -0.047537
vn -0.494800 -0.868572 0.027484
vn -0.315304 -0.948829 -0.017514

f 1874//1874 1606//1606 1552//1552
f 2114//2114 2037//2037 1874//1874
f 2108//2108 1874//1874 1961//1961
f 2124//2124 2114//2114 2108//2108
f 718//718 354//354 484//484
f 1090//1090 718//718 484//484
f 1090//1090 677//677 909//909
f 1213//1213 1552//1552 909//909
f 1090//1090 909//909 1552//1552
f 484//484 677//677 1090//1090
f 1090//1090 1606//1606 1306//1306
f 1917//1917 1306//1306 1606//1606
f 2142//2142 1917//1917 2037//2037
f 2037//2037 2114//2114 2145//2145
f 1552//1552 1213//1213 1496//1496
f 1961//1961 1496//1496 1795//1795
f 2040//2040 1961//1961 1795//1795
f 2128//2128 2040//2040 2126//2126
f 2128//2128 2130//2130 2108//2108
f 2040//2040 2128//2128 1961//1961
f 2114//2114 2124//2124 2148//2148
f 2150//2150 2124//2124 2132//2132
f 2130//2130 2132//2132 2124//2124
f 1496//1496 1961//1961 1552//1552
f 2414//2414 2682//2682 2251//2251
f 2738//2738 3201//3201 2682//2682
f 2178//2178 2414//2414 2172//2172
f 2325//2325 2738//2738 2414//2414
f 2367//2367 2142//2142 2251//2251
f 2980//2980 2367//2367 2682//2682
f 2145//2145 2148//2148 2172//2172
f 2148//2148 2150//2150 2162//2162
f 3932//3932 3572//3572 3810//3810
f 3201//3201 3810//3810 3572//3572
f 2682//2682 3201//3201 2980//2980
f 3201//3201 3382//3382 3615//3615
f 3382//3382 3201//3201 2738//2738
f 3810//3810 3201//3201 3615//3615
f 2150//2150 2152//2152 2154//2154
f 2178//2178 2162//2162 2156//2156
f 2156//2156 2158//2158 2178//2178
f 3079//3079 2738//2738 2794//2794
f 2325//2325 2794//2794 2738//2738
f 2493//2493 2794//2794 2325//2325
f 2493//2493 2325//2325 2246//2246
f 2158//2158 2246//2246 2325//2325
f 2158//2158 2160//2160 2246//2246
f 3382//3382 2738//2738 3079//3079
f 3194//3194 3659//3659 3635//3635
f 3235//3235 3671//3671 3659//3659
f 3286//3286 3708//3708 3671//3671
f 3321//3321 3718//3718 3708//3708
f 3347//3347 3740//3740 3718//3718
f 3371//3371 3752//3752 3740//3740
f 2585//2585 3194//3194 3141//3141
f 2643//2643 3235//3235 3194//3194
f 2690//2690 3286//3286 3235//3235
f 2746//2746 3321//3321 3286//3286
f 2796//2796 3347//3347 3321//3321
f 2829//2829 3371//3371 3347//3347
f 3962//3962 3932//3932 3810//3810
f 3966//3966 3962//3962 3659//3659
f 3974//3974 3966//3966 3671//3671
f 3993//3993 3982//3982 3718//3718
f 3982//3982 3974//3974 3708//3708
f 3635//3635 3962//3962 3810//3810
f 3635//3635 3615//3615 3382//3382
f 3141//3141 3635//3635 3382//3382
f 3810//3810 3615//3615 3635//3635
f 4003//4003 3995//3995 3752//3752
f 3995//3995 3993//3993 3740//3740
f 4003//4003 3752//3752 3921//3921
f 4003//4003 3971//3971 4007//4007
f 3921//3921 3971//3971 4003//4003
f 3600//3600 3752//3752 3371//3371
f 3691//3691 3776//3776 3752//3752
f 3866//3866 3752//3752 3776//3776
f 3752//3752 3600//3600 3691//3691
f 3516//3516 3371//3371 3404//3404
f 3371//3371 3516//3516 3600//3600
f 3079//3079 3141//3141 3382//3382
f 2794//2794 2538//2538 3141//3141
f 3079//3079 2794//2794 3141//3141
f 2493//2493 2538//2538 2794//2794
f 2585//2585 2538//2538 2170//2170
f 2690//2690 2643//2643 2195//2195
f 2643//2643 2585//2585 2176//2176
f 2538//2538 2493//2493 2246//2246
f 2166//2166 2246//2246 2160//2160
f 2746//2746 2690//2690 2235//2235
f 2166//2166 2538//2538 2246//2246
f 2829//2829 2796//2796 2309//2309
f 3371//3371 2829//2829 3130//3130
f 3371//3371 3130//3130 3280//3280
f 2829//2829 2862//2862 2989//2989
f 2862//2862 2829//2829 2722//2722
f 3404//3404 3371//3371 3280//3280
f 2829//2829 2309//2309 2574//2574
f 2574//2574 2722//2722 2829//2829
f 2309//2309 2348//2348 2464//2464
f 2235//2235 2278//2278 2746//2746
f 4012//4012 4068//4068 4020//4020
f 4055//4055 4107//4107 4068//4068
f 3906//3906 4012//4012 3923//3923
f 3992//3992 4055//4055 4012//4012
f 3704//3704 3906//3906 3748//3748
f 3839//3839 3992//3992 3906//3906
f 3490//3490 3704//3704 3559//3559
f 3585//3585 3839//3839 3704//3704
f 3151//3151 3490//3490 3320//3320
f 3301//3301 3585//3585 3490//3490
f 2805//2805 3151//3151 2996//2996
f 2913//2913 3301//3301 3151//3151
f 4065//4065 4007//4007 3971//3971
f 4020//4020 3971//3971 3921//3921
f 4020//4020 4068//4068 4065//4065
f 4020//4020 4065//4065 3971//3971
f 3923//3923 4020//4020 3866//3866
f 4020//4020 3921//3921 3866//3866
f 3776//3776 3923//3923 3866//3866
f 3748//3748 3691//3691 3600//3600
f 3748//3748 3600//3600 3516//3516
f 3748//3748 3923//3923 3691//3691
f 3516//3516 3559//3559 3748//3748
f 3280//3280 3559//3559 3404//3404
f 3516//3516 3404//3404 3559//3559
f 3776//3776 3691//3691 3923//3923
f 4156//4156 4112//4112 4107//4107
f 4184//4184 4232//4232 4156//4156
f 4184//4184 4107//4107 4149//4149
f 4130//4130 4149//4149 4107//4107
f 4184//4184 4156//4156 4107//4107
f 4055//4055 4093//4093 4130//4130
f 4107//4107 4055//4055 4130//4130
f 4055//4055 3992//3992 4037//4037
f 4055//4055 4070//4070 4093//4093
f 3992//3992 4000//4000 4037//4037
f 3992//3992 3839//3839 3925//3925
f 3320//3320 3280//3280 3130//3130
f 3320//3320 3130//3130 2989//2989
f 2996//2996 3320//3320 2989//2989
f 2689//2689 2996//2996 2722//2722
f 2862//2862 2722//2722 2996//2996
f 2689//2689 2574//2574 2464//2464
f 2418//2418 2464//2464 2348//2348
f 2805//2805 2689//2689 2482//2482
f 2418//2418 2689//2689 2464//2464
f 2482//2482 2540//2540 2805//2805
f 3841//3841 3839//3839 3585//3585
f 3585//3585 3301//3301 3569//3569
f 3839//3839 3841//3841 3925//3925
f 3585//3585 3569//3569 3710//3710
f 3710//3710 3841//3841 3585//3585
f 3244//3244 3429//3429 3301//3301
f 3301//3301 2913//2913 3244//3244
f 2913//2913 2540//2540 2828//2828
f 2828//2828 3021//3021 2913//2913
f 3280//3280 3320//3320 3559//3559
f 4101//4101 4155//4155 4151//4151
f 4105//4105 4159//4159 4155//4155
f 4109//4109 4167//4167 4159//4159
f 4111//4111 4171//4171 4167//4167
f 4115//4115 4173//4173 4171//4171
f 4117//4117 4175//4175 4173//4173
f 4041//4041 4101//4101 4097//4097
f 4045//4045 4105//4105 4101//4101
f 4047//4047 4109//4109 4105//4105
f 4051//4051 4111//4111 4109//4109
f 4057//4057 4115//4115 4111//4111
f 4059//4059 4117//4117 4115//4115
f 3941//3941 4041//4041 4039//4039
f 3961//3961 4045//4045 4041//4041
f 3965//3965 4047//4047 4045//4045
f 3973//3973 4051//4051 4047//4047
f 3978//3978 4057//4057 4051//4051
f 3981//3981 4059//4059 4057//4057
f 3738//3738 3941//3941 3927//3927
f 3746//3746 3961//3961 3941//3941
f 3760//3760 3965//3965 3961//3961
f 3785//3785 3973//3973 3965//3965
f 3798//3798 3978//3978 3973//3973
f 3806//3806 3981//3981 3978//3978
f 3492//3492 3738//3738 3716//3716
f 3496//3496 3746//3746 3738//3738
f 3506//3506 3760//3760 3746//3746
f 3531//3531 3785//3785 3760//3760
f 3538//3538 3798//3798 3785//3785
f 3540//3540 3806//3806 3798//3798
f 3075//3075 3492//3492 3458//3458
f 3104//3104 3496//3496 3492//3492
f 3135//3135 3506//3506 3496//3496
f 3154//3154 3531//3531 3506//3506
f 3174//3174 3538//3538 3531//3531
f 3183//3183 3540//3540 3538//3538
f 4184//4184 4240//4240 4232//4232
f 4151//4151 4240//4240 4184//4184
f 4149//4149 4151//4151 4184//4184
f 4256//4256 4248//4248 4159//4159
f 4264//4264 4256//4256 4167//4167
f 4151//4151 4155//4155 4240//4240
f 4151//4151 4149//4149 4130//4130
f 4097//4097 4130//4130 4093//4093
f 4039//4039 4070//4070 4037//4037
f 4097//4097 4093//4093 4070//4070
f 3927//3927 4039//4039 4000//4000
f 4070//4070 4039//4039 4097//4097
f 4039//4039 4037//4037 4000//4000
f 4130//4130 4097//4097 4151//4151
f 4280//4280 4272//4272 4173//4173
f 4167//4167 4171//4171 4264//4264
f 4231//4231 4290//4290 4288//4288
f 4231//4231 4288//4288 4175//4175
f 4173//4173 4175//4175 4288//4288
f 4182//4182 4231//4231 4175//4175
f 4147//4147 4182//4182 4175//4175
f 4122//4122 4147//4147 4117//4117
f 4147//4147 4175//4175 4117//4117
f 4059//4059 4091//4091 4117//4117
f 4117//4117 4091//4091 4122//4122
f 4059//4059 4033//4033 4064//4064
f 4033//4033 3981//3981 3990//3990
f 4064//4064 4091//4091 4059//4059
f 3981//3981 4033//4033 4059//4059
f 3716//3716 3841//3841 3710//3710
f 3458//3458 3569//3569 3429//3429
f 3716//3716 3710//3710 3569//3569
f 3716//3716 3927//3927 3841//3841
f 3244//3244 3055//3055 3458//3458
f 3569//3569 3458//3458 3716//3716
f 3021//3021 3055//3055 3244//3244
f 3429//3429 3244//3244 3458//3458
f 3925//3925 3841//3841 3927//3927
f 2650//2650 3055//3055 2828//2828
f 3021//3021 2828//2828 3055//3055
f 2650//2650 2679//2679 3055//3055
f 3104//3104 3075//3075 2712//2712
f 3135//3135 3104//3104 2734//2734
f 3981//3981 3806//3806 3917//3917
f 3540//3540 3183//3183 3379//3379
f 3663//3663 3806//3806 3540//3540
f 3540//3540 3545//3545 3663//3663
f 3540//3540 3379//3379 3545//3545
f 3663//3663 3815//3815 3806//3806
f 3990//3990 3981//3981 3917//3917
f 3174//3174 3154//3154 2760//2760
f 2734//2734 2755//2755 3135//3135
f 2760//2760 2769//2769 3183//3183
f 2964//2964 3193//3193 3183//3183
f 2779//2779 2964//2964 2769//2769
f 3183//3183 2769//2769 2964//2964
f 4120//4120 4180//4180 4121//4121
f 4119//4119 4179//4179 4180//4180
f 4062//4062 4120//4120 4063//4063
f 4061//4061 4119//4119 4120//4120
f 3988//3988 4062//4062 3989//3989
f 3987//3987 4061//4061 4062//4062
f 3813//3813 3988//3988 3814//3814
f 3812//3812 3987//3987 3988//3988
f 3543//3543 3813//3813 3544//3544
f 3542//3542 3812//3812 3813//3813
f 3191//3191 3543//3543 3192//3192
f 3189//3189 3542//3542 3543//3543
f 4291//4291 4290//4290 4231//4231
f 4181//4181 4231//4231 4182//4182
f 4292//4292 4291//4291 4181//4181
f 4121//4121 4181//4181 4147//4147
f 4231//4231 4181//4181 4291//4291
f 4181//4181 4182//4182 4147//4147
f 4121//4121 4122//4122 4091//4091
f 4063//4063 4091//4091 4064//4064
f 4063//4063 4121//4121 4091//4091
f 4063//4063 4033//4033 3989//3989
f 3990//3990 3989//3989 4033//4033
f 4063//4063 4064//4064 4033//4033
f 4147//4147 4122//4122 4121//4121
f 4180//4180 4179//4179 4292//4292
f 4119//4119 4146//4146 4179//4179
f 4293//4293 4179//4179 4230//4230
f 4293//4293 4230//4230 4294//4294
f 4179//4179 4146//4146 4178//4178
f 4090//4090 4119//4119 4061//4061
f 4032//4032 4061//4061 3987//3987
f 4119//4119 4090//4090 4118//4118
f 4061//4061 4032//4032 4060//4060
f 4060//4060 4090//4090 4061//4061
f 4032//4032 3987//3987 3986//3986
f 4146//4146 4119//4119 4118//4118
f 3989//3989 3917//3917 3814//3814
f 3814//3814 3917//3917 3815//3815
f 3544//3544 3814//3814 3663//3663
f 3815//3815 3663//3663 3814//3814
f 3379//3379 3544//3544 3545//3545
f 3663//3663 3545//3545 3544//3544
f 3192//3192 3379//3379 3193//3193
f 3192//3192 3193//3193 2964//2964
f 3191//3191 3192//3192 2778//2778
f 2778//2778 3192//3192 2964//2964
f 3379//3379 3192//3192 3544//3544
f 3916//3916 3986//3986 3987//3987
f 3916//3916 3987//3987 3812//3812
f 3542//3542 3662//3662 3812//3812
f 3812//3812 3811//3811 3916//3916
f 3542//3542 3541//3541 3662//3662
f 3662//3662 3811//3811 3812//3812
f 3541//3541 3542//3542 3378//3378
f 2775//2775 2774//2774 3191//3191
f 3189//3189 2774//2774 2962//2962
f 3189//3189 3188//3188 3378//3378
f 2774//2774 2772//2772 2962//2962
f 3542//3542 3189//3189 3378//3378
f 3989//3989 3990//3990 3917//3917
f 4114//4114 4172//4172 4116//4116
f 4110//4110 4170//4170 4114//4114
f 4108//4108 4166//4166 4110//4110
f 4104//4104 4158//4158 4108//4108
f 4100//4100 4154//4154 4104//4104
f 4096//4096 4150//4150 4100//4100
f 4056//4056 4114//4114 4058//4058
f 4050//4050 4110//4110 4056//4056
f 4046//4046 4108//4108 4050//4050
f 4044//4044 4104//4104 4046//4046
f 4040//4040 4100//4100 4044//4044
f 4038//4038 4096//4096 4040//4040
f 3976//3976 4056//4056 3980//3980
f 3972//3972 4050//4050 3976//3976
f 3964//3964 4046//4046 3972//3972
f 3960//3960 4044//4044 3964//3964
f 3940//3940 4040//4040 3960//3960
f 3926//3926 4038//4038 3940//3940
f 3797//3797 3976//3976 3805//3805
f 3783//3783 3972//3972 3797//3797
f 3757//3757 3964//3964 3783//3783
f 3743//3743 3960//3960 3757//3757
f 3737//3737 3940//3940 3743//3743
f 3715//3715 3926//3926 3737//3737
f 3537//3537 3797//3797 3539//3539
f 3527//3527 3783//3783 3537//3537
f 3504//3504 3757//3757 3527//3527
f 3495//3495 3743//3743 3504//3504
f 3491//3491 3737//3737 3495//3495
f 3457//3457 3715//3715 3491//3491
f 3171//3171 3537//3537 3182//3182
f 3152//3152 3527//3527 3171//3171
f 3132//3132 3504//3504 3152//3152
f 3102//3102 3495//3495 3132//3132
f 3071//3071 3491//3491 3102//3102
f 3045//3045 3457//3457 3071//3071
f 4230//4230 4289//4289 4294//4294
f 4174//4174 4289//4289 4230//4230
f 4178//4178 4174//4174 4230//4230
f 4273//4273 4281//4281 4172//4172
f 4265//4265 4273//4273 4170//4170
f 4174//4174 4172//4172 4289//4289
f 4174//4174 4178//4178 4146//4146
f 4116//4116 4146//4146 4118//4118
f 4058//4058 4090//4090 4060//4060
f 4116//4116 4118//4118 4090//4090
f 3980//3980 4058//4058 4032//4032
f 4090//4090 4058//4058 4116//4116
f 3986//3986 3980//3980 4032//4032
f 4058//4058 4060//4060 4032//4032
f 4146//4146 4116//4116 4174//4174
f 4249//4249 4257//4257 4158//4158
f 4166//4166 4158//4158 4257//4257
f 4183//4183 4233//4233 4241//4241
f 4183//4183 4241//4241 4150//4150
f 4154//4154 4150//4150 4241//4241
f 4148//4148 4183//4183 4150//4150
f 4129//4129 4148//4148 4150//4150
f 4096//4096 4129//4129 4150//4150
f 4038//4038 4069//4069 4096//4096
f 3926//3926 3999//3999 4038//4038
f 4096//4096 4092//4092 4129//4129
f 4038//4038 4036//4036 4069//4069
f 4038//4038 3999//3999 4036//4036
f 4069//4069 4092//4092 4096//4096
f 3999//3999 3926//3926 3924//3924
f 3805//3805 3980//3980 3916//3916
f 3805//3805 3811//3811 3662//3662
f 3805//3805 3662//3662 3539//3539
f 3541//3541 3539//3539 3662//3662
f 3378//3378 3182//3182 3539//3539
f 3541//3541 3378//3378 3539//3539
f 3188//3188 3182//3182 3378//3378
f 2767//2767 3182//3182 2962//2962
f 3188//3188 2962//2962 3182//3182
f 2962//2962 2772//2772 2767//2767
f 2767//2767 2759//2759 3182//3182
f 3152//3152 3171//3171 2759//2759
f 3132//3132 3152//3152 2754//2754
f 3840//3840 3924//3924 3926//3926
f 3926//3926 3715//3715 3840//3840
f 3457//3457 3045//3045 3239//3239
f 3715//3715 3457//3457 3568//3568
f 3457//3457 3239//3239 3428//3428
f 3568//3568 3709//3709 3715//3715
f 3071//3071 3102//3102 2709//2709
f 2730//2730 2709//2709 3102//3102
f 2678//2678 2648//2648 3045//3045
f 2826//2826 3018//3018 3045//3045
f 2606//2606 2826//2826 2648//2648
f 3045//3045 2648//2648 2826//2826
f 3916//3916 3980//3980 3986//3986
f 4011//4011 4067//4067 4054//4054
f 3922//3922 4018//4018 4011//4011
f 3905//3905 4011//4011 3991//3991
f 3747//3747 3922//3922 3905//3905
f 3703//3703 3905//3905 3838//3838
f 3557//3557 3747//3747 3703//3703
f 3487//3487 3703//3703 3584//3584
f 3318//3318 3557//3557 3487//3487
f 3148//3148 3487//3487 3299//3299
f 2994//2994 3318//3318 3148//3148
f 2801//2801 3148//3148 2910//2910
f 2685//2685 2994//2994 2801//2801
f 4157//4157 4233//4233 4183//4183
f 4106//4106 4183//4183 4148//4148
f 4106//4106 4067//4067 4113//4113
f 4106//4106 4157//4157 4183//4183
f 4054//4054 4106//4106 4092//4092
f 4106//4106 4148//4148 4129//4129
f 3991//3991 4069//4069 4036//4036
f 3991//3991 4036//4036 3999//3999
f 3991//3991 4054//4054 4069//4069
f 3999//3999 3838//3838 3991//3991
f 3840//3840 3838//3838 3924//3924
f 3999//3999 3924//3924 3838//3838
f 4092//4092 4069//4069 4054//4054
f 4066//4066 4113//4113 4067//4067
f 3970//3970 4008//4008 4066//4066
f 3970//3970 4018//4018 3920//3920
f 3864//3864 3920//3920 4018//4018
f 3970//3970 4066//4066 4018//4018
f 3922//3922 3774//3774 3864//3864
f 4018//4018 3922//3922 3864//3864
f 3922//3922 3747//3747 3774//3774
f 3747//3747 3514//3514 3598//3598
f 3598//3598 3686//3686 3747//3747
f 3557//3557 3514//3514 3747//3747
f 3584//3584 3840//3840 3709//3709
f 3584//3584 3709//3709 3568//3568
f 3584//3584 3568//3568 3299//3299
f 3428//3428 3299//3299 3568//3568
f 2910//2910 3299//3299 3239//3239
f 3428//3428 3239//3239 3299//3299
f 2910//2910 3018//3018 2826//2826
f 2539//2539 2826//2826 2606//2606
f 2801//2801 2910//2910 2539//2539
f 2539//2539 2910//2910 2826//2826
f 2481//2481 2412//2412 2685//2685
f 3239//3239 3018//3018 2910//2910
f 3275//3275 3557//3557 3318//3318
f 3318//3318 2994//2994 2984//2984
f 3557//3557 3275//3275 3397//3397
f 3126//3126 3275//3275 3318//3318
f 2984//2984 2994//2994 2860//2860
f 3514//3514 3557//3557 3397//3397
f 2719//2719 2860//2860 2994//2994
f 2685//2685 2719//2719 2994//2994
f 2685//2685 2412//2412 2460//2460
f 2685//2685 2571//2571 2719//2719
f 2412//2412 2344//2344 2460//2460
f 3840//3840 3584//3584 3838//3838
f 3345//3345 3739//3739 3370//3370
f 3319//3319 3717//3717 3345//3345
f 3283//3283 3707//3707 3319//3319
f 3233//3233 3670//3670 3283//3283
f 3190//3190 3658//3658 3233//3233
f 3138//3138 3634//3634 3190//3190
f 2790//2790 3345//3345 2825//2825
f 2743//2743 3319//3319 2790//2790
f 2687//2687 3283//3283 2743//2743
f 2640//2640 3233//3233 2687//2687
f 2580//2580 3190//3190 2640//2640
f 2536//2536 3138//3138 2580//2580
f 4004//4004 4008//4008 3970//3970
f 4004//4004 3970//3970 3920//3920
f 3996//3996 4004//4004 3751//3751
f 3751//3751 3920//3920 3864//3864
f 3994//3994 3996//3996 3739//3739
f 3920//3920 3751//3751 4004//4004
f 3751//3751 3774//3774 3686//3686
f 3751//3751 3686//3686 3598//3598
f 3598//3598 3370//3370 3751//3751
f 3397//3397 3370//3370 3514//3514
f 3370//3370 3598//3598 3514//3514
f 3864//3864 3774//3774 3751//3751
f 3975//3975 3983//3983 3707//3707
f 3983//3983 3994//3994 3717//3717
f 3967//3967 3975//3975 3670//3670
f 3963//3963 3634//3634 3809//3809
f 3963//3963 3809//3809 3933//3933
f 3963//3963 3967//3967 3658//3658
f 3380//3380 3614//3614 3634//3634
f 3076//3076 3380//3380 3138//3138
f 3634//3634 3138//3138 3380//3380
f 3275//3275 3126//3126 3370//3370
f 3370//3370 3126//3126 2825//2825
f 2825//2825 2984//2984 2860//2860
f 2790//2790 2825//2825 2306//2306
f 2825//2825 2860//2860 2719//2719
f 2984//2984 2825//2825 3126//3126
f 2825//2825 2571//2571 2306//2306
f 2306//2306 2571//2571 2460//2460
f 2344//2344 2306//2306 2460//2460
f 2743//2743 2790//2790 2276//2276
f 2571//2571 2825//2825 2719//2719
f 2640//2640 2687//2687 2194//2194
f 2580//2580 2640//2640 2175//2175
f 2791//2791 3076//3076 3138//3138
f 2791//2791 2536//2536 2490//2490
f 2245//2245 2490//2490 2536//2536
f 3138//3138 2536//2536 2791//2791
f 2536//2536 2580//2580 2169//2169
f 2536//2536 2165//2165 2245//2245
f 2232//2232 2194//2194 2687//2687
f 3275//3275 3370//3370 3397//3397
f 2411//2411 2681//2681 2735//2735
f 2171//2171 2248//2248 2411//2411
f 2137//2137 2140//2140 2171//2171
f 2113//2113 2034//2034 2140//2140
f 1871//1871 1605//1605 2034//2034
f 1549//1549 1088//1088 1605//1605
f 2177//2177 2411//2411 2324//2324
f 2161//2161 2171//2171 2177//2177
f 2135//2135 2137//2137 2161//2161
f 2123//2123 2113//2113 2137//2137
f 2107//2107 1871//1871 2113//2113
f 1960//1960 1549//1549 1871//1871
f 3573//3573 3933//3933 3809//3809
f 2981//2981 3573//3573 3199//3199
f 2368//2368 2981//2981 2681//2681
f 2143//2143 2368//2368 2248//2248
f 3199//3199 3573//3573 3614//3614
f 3199//3199 3614//3614 3380//3380
f 2735//2735 3199//3199 3380//3380
f 719//719 1307//1307 1088//1088
f 719//719 1088//1088 483//483
f 719//719 483//483 355//355
f 483//483 1088//1088 676//676
f 1307//1307 1918//1918 1605//1605
f 2140//2140 2034//2034 2143//2143
f 1210//1210 907//907 1549//1549
f 907//907 1088//1088 1549//1549
f 676//676 1088//1088 907//907
f 3076//3076 2735//2735 3380//3380
f 2324//2324 2735//2735 2791//2791
f 2490//2490 2324//2324 2791//2791
f 2177//2177 2324//2324 2157//2157
f 2161//2161 2177//2177 2155//2155
f 2324//2324 2490//2490 2245//2245
f 2157//2157 2245//2245 2159//2159
f 2135//2135 2161//2161 2153//2153
f 2157//2157 2324//2324 2245//2245
f 2107//2107 2123//2123 2129//2129
f 1792//1792 1493//1493 1960//1960
f 1549//1549 1960//1960 1493//1493
f 2039//2039 1792//1792 1960//1960
f 1960//1960 2107//2107 2127//2127
f 2125//2125 2039//2039 2127//2127
f 2127//2127 2039//2039 1960//1960
f 2133//2133 2131//2131 2135//2135
f 1095//1095 632//632 656//656
f 1054//1054 620//620 632//632
f 1003//1003 583//583 620//620
f 968//968 574//574 583//583
f 942//942 551//551 574//574
f 918//918 539//539 551//551
f 1700//1700 1095//1095 1148//1148
f 1642//1642 1054//1054 1095//1095
f 1595//1595 1003//1003 1054//1054
f 1541//1541 968//968 1003//1003
f 1491//1491 942//942 968//968
f 1458//1458 918//918 942//942
f 333//333 355//355 483//483
f 656//656 333//333 483//483
f 327//327 333//333 632//632
f 311//311 320//320 583//583
f 320//320 327//327 620//620
f 656//656 483//483 676//676
f 907//907 1148//1148 656//656
f 676//676 907//907 656//656
f 1210//1210 1148//1148 907//907
f 1148//1148 1210//1210 1493//1493
f 583//583 574//574 311//311
f 292//292 298//298 539//539
f 292//292 539//539 372//372
f 292//292 322//322 286//286
f 372//372 322//322 292//292
f 298//298 302//302 551//551
f 539//539 918//918 691//691
f 427//427 539//539 515//515
f 539//539 600//600 515//515
f 691//691 918//918 775//775
f 691//691 600//600 539//539
f 1747//1747 1493//1493 1792//1792
f 2039//2039 1747//1747 1792//1792
f 1642//1642 1700//1700 2109//2109
f 1541//1541 1595//1595 2050//2050
f 1595//1595 1642//1642 2090//2090
f 1700//1700 1747//1747 2115//2115
f 2119//2119 2039//2039 2125//2125
f 2039//2039 2119//2119 1747//1747
f 2050//2050 2007//2007 1541//1541
f 1458//1458 1491//1491 1976//1976
f 1157//1157 918//918 1458//1458
f 918//918 1009//1009 885//885
f 1458//1458 1298//1298 1157//1157
f 1157//1157 1009//1009 918//918
f 1298//1298 1458//1458 1425//1425
f 775//775 918//918 885//885
f 1976//1976 1711//1711 1458//1458
f 1425//1425 1458//1458 1564//1564
f 1711//1711 1564//1564 1458//1458
f 1976//1976 1937//1937 1821//1821
f 1821//1821 1711//1711 1976//1976
f 1148//1148 1493//1493 1747//1747
f 283//283 229//229 275//275
f 240//240 190//190 229//229
f 387//387 283//283 370//370
f 303//303 240//240 283//283
f 587//587 387//387 545//545
f 454//454 303//303 387//387
f 799//799 587//587 732//732
f 706//706 454//454 587//587
f 1136//1136 799//799 969//969
f 988//988 706//706 799//799
f 1482//1482 1136//1136 1291//1291
f 1374//1374 988//988 1136//1136
f 232//232 286//286 322//322
f 275//275 322//322 372//372
f 275//275 229//229 232//232
f 275//275 232//232 322//322
f 370//370 275//275 372//372
f 515//515 370//370 427//427
f 545//545 600//600 691//691
f 545//545 691//691 775//775
f 545//545 370//370 600//600
f 775//775 732//732 545//545
f 1009//1009 732//732 885//885
f 775//775 885//885 732//732
f 515//515 600//600 370//370
f 145//145 187//187 190//190
f 117//117 63//63 145//145
f 169//169 150//150 190//190
f 117//117 190//190 150//150
f 117//117 145//145 190//190
f 240//240 204//204 169//169
f 190//190 240//240 169//169
f 240//240 303//303 258//258
f 240//240 227//227 204//204
f 303//303 295//295 258//258
f 454//454 295//295 303//303
f 969//969 1009//1009 1157//1157
f 969//969 1157//1157 1298//1298
f 969//969 1298//1298 1291//1291
f 1425//1425 1291//1291 1298//1298
f 1596//1596 1291//1291 1564//1564
f 1425//1425 1564//1564 1291//1291
f 1596//1596 1711//1711 1821//1821
f 1867//1867 1821//1821 1937//1937
f 1482//1482 1596//1596 1803//1803
f 1867//1867 1596//1596 1821//1821
f 1803//1803 1745//1745 1482//1482
f 1564//1564 1711//1711 1596//1596
f 454//454 706//706 581//581
f 722//722 706//706 988//988
f 454//454 452//452 368//368
f 706//706 722//722 581//581
f 722//722 988//988 860//860
f 295//295 454//454 368//368
f 1045//1045 860//860 988//988
f 1374//1374 1045//1045 988//988
f 1374//1374 1745//1745 1459//1459
f 1374//1374 1266//1266 1045//1045
f 1459//1459 1266//1266 1374//1374
f 1009//1009 969//969 732//732
f 196//196 142//142 148//148
f 192//192 138//138 142//142
f 188//188 132//132 138//138
f 184//184 128//128 132//132
f 182//182 126//126 128//128
f 254//254 196//196 198//198
f 250//250 192//192 196//196
f 246//246 188//188 192//192
f 241//241 184//184 188//188
f 238//238 182//182 184//184
f 344//344 254//254 256//256
f 330//330 250//250 254//254
f 324//324 246//246 250//250
f 318//318 241//241 246//246
f 314//314 238//238 241//241
f 552//552 344//344 364//364
f 541//541 330//330 344//344
f 519//519 324//324 330//330
f 497//497 318//318 324//324
f 488//488 314//314 318//318
f 797//797 552//552 573//573
f 793//793 541//541 552//552
f 769//769 519//519 541//541
f 753//753 497//497 519//519
f 751//751 488//488 497//497
f 1200//1200 797//797 829//829
f 1173//1173 793//793 797//797
f 1140//1140 769//769 793//793
f 1121//1121 753//753 769//769
f 1106//1106 751//751 753//753
f 117//117 55//55 63//63
f 148//148 55//55 117//117
f 150//150 148//148 117//117
f 39//39 47//47 138//138
f 148//148 142//142 55//55
f 148//148 150//150 169//169
f 198//198 169//169 204//204
f 256//256 227//227 258//258
f 198//198 204//204 227//227
f 295//295 364//364 256//256
f 227//227 256//256 198//198
f 256//256 258//258 295//295
f 169//169 198//198 148//148
f 31//31 39//39 138//138
f 132//132 23//23 31//31
f 132//132 128//128 23//23
f 132//132 31//31 138//138
f 13//13 15//15 126//126
f 13//13 70//70 5//5
f 70//70 13//13 126//126
f 70//70 126//126 119//119
f 126//126 152//152 119//119
f 126//126 182//182 152//152
f 182//182 238//238 206//206
f 238//238 262//262 233//233
f 206//206 177//177 182//182
f 314//314 262//262 238//238
f 295//295 368//368 364//364
f 573//573 452//452 581//581
f 829//829 722//722 860//860
f 573//573 581//581 722//722
f 573//573 364//364 452//452
f 1228//1228 829//829 1045//1045
f 722//722 829//829 573//573
f 860//860 1045//1045 829//829
f 368//368 452//452 364//364
f 1045//1045 1266//1266 1228//1228
f 1459//1459 1228//1228 1266//1266
f 1635//1635 1228//1228 1459//1459
f 1676//1676 1635//1635 1459//1459
f 1173//1173 1200//1200 1562//1562
f 1635//1635 1598//1598 1228//1228
f 1562//1562 1536//1536 1173//1173
f 262//262 314//314 305//305
f 314//314 376//376 305//305
f 314//314 488//488 376//376
f 488//488 751//751 628//628
f 751//751 746//746 628//628
f 751//751 910//910 746//746
f 910//910 751//751 1106//1106
f 1121//1121 1140//1140 1528//1528
f 1528//1528 1519//1519 1106//1106
f 1323//1323 1096//1096 1106//1106
f 1106//1106 1096//1096 910//910
f 1508//1508 1323//1323 1519//1519
f 1106//1106 1519//1519 1323//1323
f 179//179 121//121 178//178
f 180//180 122//122 121//121
f 235//235 179//179 234//234
f 236//236 180//180 179//179
f 307//307 235//235 306//306
f 308//308 236//236 235//235
f 480//480 307//307 479//479
f 481//481 308//308 307//307
f 748//748 480//480 747//747
f 749//749 481//481 480//480
f 1098//1098 748//748 1097//1097
f 1100//1100 749//749 748//748
f 4//4 5//5 70//70
f 120//120 70//70 119//119
f 120//120 121//121 3//3
f 120//120 4//4 70//70
f 178//178 120//120 152//152
f 120//120 119//119 152//152
f 234//234 206//206 233//233
f 234//234 233//233 262//262
f 234//234 178//178 206//206
f 262//262 306//306 234//234
f 376//376 306//306 305//305
f 262//262 305//305 306//306
f 177//177 206//206 178//178
f 2//2 3//3 122//122
f 71//71 1//1 2//2
f 153//153 123//123 122//122
f 71//71 122//122 123//123
f 71//71 2//2 122//122
f 180//180 181//181 153//153
f 122//122 180//180 153//153
f 180//180 236//236 207//207
f 180//180 207//207 181//181
f 236//236 263//263 237//237
f 308//308 263//263 236//236
f 479//479 376//376 478//478
f 479//479 478//478 628//628
f 479//479 628//628 747//747
f 746//746 747//747 628//628
f 1097//1097 747//747 910//910
f 1097//1097 1096//1096 1323//1323
f 1509//1509 1323//1323 1508//1508
f 1098//1098 1097//1097 1509//1509
f 1509//1509 1097//1097 1323//1323
f 1512//1512 1513//1513 1098//1098
f 910//910 1096//1096 1097//1097
f 377//377 308//308 481//481
f 629//629 481//481 749//749
f 308//308 377//377 309//309
f 481//481 629//629 482//482
f 482//482 377//377 481//481
f 629//629 749//749 750//750
f 263//263 308//308 309//309
f 911//911 750//750 749//749
f 749//749 1100//1100 911//911
f 1513//1513 1325//1325 1100//1100
f 1513//1513 1515//1515 1325//1325
f 1325//1325 1101//1101 1100//1100
f 376//376 479//479 306//306
f 185//185 129//129 183//183
f 189//189 133//133 185//185
f 193//193 139//139 189//189
f 197//197 143//143 193//193
f 201//201 149//149 197//197
f 243//243 185//185 239//239
f 247//247 189//189 243//243
f 251//251 193//193 247//247
f 255//255 197//197 251//251
f 257//257 201//201 255//255
f 321//321 243//243 315//315
f 325//325 247//247 321//321
f 331//331 251//251 325//325
f 345//345 255//255 331//331
f 365//365 257//257 345//345
f 498//498 321//321 490//490
f 522//522 325//325 498//498
f 542//542 331//331 522//522
f 554//554 345//345 542//542
f 576//576 365//365 554//554
f 754//754 498//498 752//752
f 771//771 522//522 754//754
f 794//794 542//542 771//771
f 798//798 554//554 794//794
f 832//832 576//576 798//798
f 1125//1125 754//754 1107//1107
f 1142//1142 771//771 1125//1125
f 1177//1177 794//794 1142//1142
f 1204//1204 798//798 1177//1177
f 1231//1231 832//832 1204//1204
f 71//71 12//12 1//1
f 127//127 12//12 71//71
f 123//123 127//127 71//71
f 22//22 14//14 129//129
f 127//127 129//129 14//14
f 127//127 123//123 153//153
f 183//183 153//153 181//181
f 239//239 207//207 237//237
f 183//183 181//181 207//207
f 263//263 315//315 239//239
f 207//207 239//239 183//183
f 239//239 237//237 263//263
f 153//153 183//183 127//127
f 30//30 22//22 133//133
f 139//139 38//38 30//30
f 139//139 143//143 46//46
f 139//139 30//30 133//133
f 54//54 46//46 143//143
f 54//54 118//118 62//62
f 118//118 54//54 149//149
f 118//118 149//149 151//151
f 149//149 170//170 151//151
f 201//201 170//170 149//149
f 201//201 257//257 228//228
f 201//201 205//205 170//170
f 257//257 296//296 259//259
f 228//228 205//205 201//201
f 365//365 296//296 257//257
f 263//263 309//309 315//315
f 490//490 377//377 482//482
f 752//752 629//629 750//750
f 490//490 482//482 629//629
f 490//490 315//315 377//377
f 1107//1107 752//752 911//911
f 629//629 752//752 490//490
f 750//750 911//911 752//752
f 309//309 377//377 315//315
f 1325//1325 1107//1107 1101//1101
f 1521//1521 1107//1107 1325//1325
f 1515//1515 1521//1521 1325//1325
f 1142//1142 1125//1125 1529//1529
f 1521//1521 1529//1529 1107//1107
f 1538//1538 1565//1565 1177//1177
f 296//296 365//365 369//369
f 365//365 453//453 369//369
f 365//365 576//576 453//453
f 576//576 832//832 723//723
f 832//832 861//861 723//723
f 832//832 1050//1050 861//861
f 1050//1050 832//832 1231//1231
f 1204//1204 1177//1177 1565//1565
f 1602//1602 1636//1636 1231//1231
f 1050//1050 1231//1231 1269//1269
f 1461//1461 1269//1269 1231//1231
f 1679//1679 1461//1461 1636//1636
f 1231//1231 1636//1636 1461//1461
f 284//284 230//230 242//242
f 371//371 277//277 284//284
f 388//388 284//284 304//304
f 546//546 371//371 388//388
f 588//588 388//388 455//455
f 734//734 546//546 588//588
f 802//802 588//588 707//707
f 971//971 734//734 802//802
f 1139//1139 802//802 990//990
f 1293//1293 971//971 1139//1139
f 1486//1486 1139//1139 1377//1377
f 1601//1601 1293//1293 1486//1486
f 144//144 62//62 118//118
f 191//191 118//118 151//151
f 186//186 144//144 191//191
f 242//242 191//191 170//170
f 118//118 191//191 144//144
f 191//191 151//151 170//170
f 242//242 205//205 228//228
f 304//304 228//228 259//259
f 304//304 242//242 228//228
f 455//455 304//304 296//296
f 369//369 455//455 296//296
f 170//170 205//205 242//242
f 230//230 277//277 231//231
f 371//371 429//429 277//277
f 231//231 277//277 323//323
f 231//231 323//323 285//285
f 277//277 429//429 373//373
f 605//605 517//517 371//371
f 546//546 605//605 371//371
f 429//429 371//371 517//517
f 546//546 693//693 605//605
f 777//777 734//734 892//892
f 777//777 693//693 546//546
f 546//546 734//734 777//777
f 707//707 455//455 582//582
f 990//990 707//707 723//723
f 1050//1050 990//990 861//861
f 723//723 861//861 990//990
f 1377//1377 1050//1050 1269//1269
f 1377//1377 1269//1269 1461//1461
f 1486//1486 1377//1377 1746//1746
f 1461//1461 1746//1746 1377//1377
f 1746//1746 1461//1461 1679//1679
f 1050//1050 1377//1377 990//990
f 734//734 971//971 1014//1014
f 971//971 1293//1293 1303//1303
f 1303//1303 1161//1161 971//971
f 1427//1427 1293//1293 1568//1568
f 892//892 734//734 1014//1014
f 1804//1804 1873//1873 1601//1601
f 1601//1601 1873//1873 1825//1825
f 1601//1601 1714//1714 1568//1568
f 1825//1825 1714//1714 1601//1601
f 1293//1293 1601//1601 1568//1568
f 453//453 455//455 369//369
f 944//944 553//553 919//919
f 970//970 575//575 944//944
f 1006//1006 584//584 970//970
f 1056//1056 621//621 1006//1006
f 1099//1099 633//633 1056//1056
f 1151//1151 657//657 1099//1099
f 1497//1497 944//944 1462//1462
f 1544//1544 970//970 1497//1497
f 1599//1599 1006//1006 1544//1544
f 1645//1645 1056//1056 1599//1599
f 1705//1705 1099//1099 1645//1645
f 1749//1749 1151//1151 1705//1705
f 291//291 285//285 323//323
f 291//291 323//323 373//373
f 297//297 291//291 540//540
f 429//429 540//540 373//373
f 373//373 540//540 291//291
f 429//429 517//517 540//540
f 540//540 605//605 693//693
f 919//919 693//693 777//777
f 693//693 919//919 540//540
f 1014//1014 919//919 892//892
f 919//919 777//777 892//892
f 517//517 605//605 540//540
f 553//553 575//575 301//301
f 319//319 310//310 584//584
f 326//326 319//319 621//621
f 657//657 484//484 332//332
f 332//332 484//484 354//354
f 332//332 326//326 633//633
f 310//310 301//301 575//575
f 1151//1151 909//909 657//657
f 657//657 909//909 677//677
f 484//484 657//657 677//677
f 1462//1462 919//919 1161//1161
f 1497//1497 1462//1462 1979//1979
f 1462//1462 1427//1427 1568//1568
f 1544//1544 1497//1497 2009//2009
f 1427//1427 1462//1462 1303//1303
f 1979//1979 1462//1462 1714//1714
f 1825//1825 1941//1941 1979//1979
f 1462//1462 1568//1568 1714//1714
f 2053//2053 2091//2091 1599//1599
f 1645//1645 1599//1599 2091//2091
f 1705//1705 1645//1645 2110//2110
f 909//909 1151//1151 1213//1213
f 1496//1496 1213//1213 1151//1151
f 1795//1795 1496//1496 1749//1749
f 1151//1151 1749//1749 1496//1496
f 1749//1749 1705//1705 2116//2116
f 2040//2040 1795//1795 1749//1749
f 2040//2040 2120//2120 2126//2126
f 1749//1749 2120//2120 2040//2040
f 1014//1014 1161//1161 919//919
f 2678//2678 2709//2709 2772//2772
f 2678//2678 2772//2772 2648//2648
f 2539//2539 2606//2606 2774//2774
f 2772//2772 2606//2606 2648//2648
f 2481//2481 2539//2539 2774//2774
f 2730//2730 2772//2772 2709//2709
f 2767//2767 2772//2772 2759//2759
f 2772//2772 2730//2730 2754//2754
f 2759//2759 2772//2772 2754//2754
f 2774//2774 2606//2606 2772//2772
f 2775//2775 2481//2481 2774//2774
f 2165//2165 2169//2169 2344//2344
f 2165//2165 2344//2344 2159//2159
f 2157//2157 2159//2159 2344//2344
f 2155//2155 2157//2157 2412//2412
f 2153//2153 2155//2155 2412//2412
f 2175//2175 2344//2344 2169//2169
f 2306//2306 2344//2344 2276//2276
f 2194//2194 2344//2344 2175//2175
f 2344//2344 2194//2194 2232//2232
f 2344//2344 2232//2232 2276//2276
f 2412//2412 2157//2157 2344//2344
f 2412//2412 2481//2481 2153//2153
f 2775//2775 1512//1512 2481//2481
f 2779//2779 2755//2755 2734//2734
f 2779//2779 2609//2609 2778//2778
f 2769//2769 2760//2760 2779//2779
f 2755//2755 2779//2779 2760//2760
f 2482//2482 2775//2775 2778//2778
f 2734//2734 2712//2712 2779//2779
f 2712//2712 2679//2679 2779//2779
f 2679//2679 2650//2650 2779//2779
f 2650//2650 2609//2609 2779//2779
f 2778//2778 2609//2609 2540//2540
f 2540//2540 2482//2482 2778//2778
f 2154//2154 2152//2152 2482//2482
f 2309//2309 2278//2278 2348//2348
f 2348//2348 2195//2195 2176//2176
f 2278//2278 2235//2235 2348//2348
f 2195//2195 2348//2348 2235//2235
f 2158//2158 2418//2418 2348//2348
f 2176//2176 2170//2170 2348//2348
f 2170//2170 2166//2166 2348//2348
f 2160//2160 2348//2348 2166//2166
f 2156//2156 2418//2418 2158//2158
f 2160//2160 2158//2158 2348//2348
f 2156//2156 2154//2154 2418//2418
f 2154//2154 2482//2482 2418//2418
f 2775//2775 2482//2482 2152//2152
f 2133//2133 2153//2153 2481//2481
f 2133//2133 1803//1803 2131//2131
f 2131//2131 1867//1867 2129//2129
f 2127//2127 1937//1937 2125//2125
f 2127//2127 2129//2129 1867//1867
f 2125//2125 1937//1937 2119//2119
f 2115//2115 1937//1937 2109//2109
f 2109//2109 1937//1937 2090//2090
f 2007//2007 2050//2050 1937//1937
f 1937//1937 2050//2050 2090//2090
f 1937//1937 2115//2115 2119//2119
f 1976//1976 2007//2007 1937//1937
f 1803//1803 1867//1867 2131//2131
f 2133//2133 1512//1512 1803//1803
f 1676//1676 1745//1745 1509//1509
f 1509//1509 1745//1745 1803//1803
f 1635//1635 1676//1676 1508//1508
f 1562//1562 1598//1598 1508//1508
f 1536//1536 1562//1562 1508//1508
f 1508//1508 1519//1519 1528//1528
f 1509//1509 1508//1508 1676//1676
f 1528//1528 1536//1536 1508//1508
f 1598//1598 1635//1635 1508//1508
f 1937//1937 2127//2127 1867//1867
f 1509//1509 1803//1803 1512//1512
f 2053//2053 1941//1941 2091//2091
f 2110//2110 2091//2091 1941//1941
f 1979//1979 1941//1941 2009//2009
f 2053//2053 2009//2009 1941//1941
f 1941//1941 2116//2116 2110//2110
f 1873//1873 2132//2132 2130//2130
f 1873//1873 2130//2130 2128//2128
f 1941//1941 2126//2126 2120//2120
f 2126//2126 1941//1941 2128//2128
f 1873//1873 2128//2128 1941//1941
f 1941//1941 2120//2120 2116//2116
f 2152//2152 2132//2132 1804//1804
f 1521//1521 1515//1515 1529//1529
f 1538//1538 1529//1529 1515//1515
f 1515//1515 1513//1513 1679//1679
f 1513//1513 1512//1512 1804//1804
f 1538//1538 1515//1515 1565//1565
f 1873//1873 1804//1804 2132//2132
f 1746//1746 1513//1513 1804//1804
f 1515//1515 1636//1636 1602//1602
f 1636//1636 1515//1515 1679//1679
f 1513//1513 1746//1746 1679//1679
f 1515//1515 1602//1602 1565//1565
f 1804//1804 2775//2775 2152//2152
f 2775//2775 1804//1804 1512//1512
f 2133//2133 2481//2481 1512//1512
f 2568//2568 2611//2611 2599//2599
f 2429//2429 2673//2673 2568//2568
f 2611//2611 2568//2568 2632//2632
f 2151//2151 2674//2674 2134//2134
f 2673//2673 2661//2661 2568//2568
f 2568//2568 2647//2647 2632//2632
f 2647//2647 2568//2568 2661//2661
f 2674//2674 2673//2673 2429//2429
f 2284//2284 2134//2134 2429//2429
f 2186//2186 2180//2180 2190//2190
f 2179//2179 2182//2182 2181//2181
f 2180//2180 2186//2186 2182//2182
f 2182//2182 2179//2179 2180//2180
f 2225//2225 2180//2180 2250//2250
f 2212//2212 2180//2180 2225//2225
f 2180//2180 2199//2199 2192//2192
f 2190//2190 2180//2180 2192//2192
f 2212//2212 2199//2199 2180//2180
f 2134//2134 2284//2284 2250//2250
f 2250//2250 2180//2180 2134//2134
f 2674//2674 2429//2429 2134//2134
f 2664//2664 2570//2570 2649//2649
f 2613//2613 2634//2634 2570//2570
f 2634//2634 2649//2649 2570//2570
f 2570//2570 2664//2664 2675//2675
f 2600//2600 2613//2613 2570//2570
f 2570//2570 2675//2675 2433//2433
f 2253//2253 2288//2288 2151//2151
f 2185//2185 2226//2226 2253//2253
f 2433//2433 2151//2151 2288//2288
f 2433//2433 2675//2675 2674//2674
f 2185//2185 2200//2200 2215//2215
f 2226//2226 2185//2185 2215//2215
f 2193//2193 2200//2200 2185//2185
f 2185//2185 2253//2253 2151//2151
f 2183//2183 2187//2187 2185//2185
f 2191//2191 2185//2185 2189//2189
f 2185//2185 2191//2191 2193//2193
f 2188//2188 2185//2185 2187//2187
f 2185//2185 2188//2188 2189//2189
f 2187//2187 2183//2183 2184//2184
f 2433//2433 2674//2674 2151//2151
f 2098//2098 2102//2102 2101//2101
f 2096//2096 2100//2100 2097//2097
f 2100//2100 2098//2098 2097//2097
f 2094//2094 2100//2100 2096//2096
f 2085//2085 2100//2100 2092//2092
f 2098//2098 2100//2100 2102//2102
f 2032//2032 2134//2134 2100//2100
f 2094//2094 2092//2092 2100//2100
f 2085//2085 2070//2070 2100//2100
f 2100//2100 2059//2059 2032//2032
f 2134//2134 1997//1997 1852//1852
f 1997//1997 2134//2134 2032//2032
f 1611//1611 2134//2134 1852//1852
f 1672//1672 1715//1715 1685//1685
f 1651//1651 1715//1715 1672//1672
f 1715//1715 1637//1637 1621//1621
f 1651//1651 1637//1637 1715//1715
f 1610//1610 1852//1852 1715//1715
f 2100//2100 2070//2070 2059//2059
f 1715//1715 1621//1621 1610//1610
f 2093//2093 2105//2105 2086//2086
f 2073//2073 2086//2086 2105//2105
f 2073//2073 2105//2105 2060//2060
f 2035//2035 2060//2060 2105//2105
f 2105//2105 2151//2151 2035//2035
f 2104//2104 2106//2106 2103//2103
f 2103//2103 2106//2106 2105//2105
f 2105//2105 2099//2099 2103//2103
f 2099//2099 2105//2105 2095//2095
f 2095//2095 2105//2105 2093//2093
f 1717//1717 1612//1612 1624//1624
f 1611//1611 1612//1612 1856//1856
f 2151//2151 1856//1856 2001//2001
f 1624//1624 1638//1638 1717//1717
f 1856//1856 1612//1612 1717//1717
f 2035//2035 2151//2151 2001//2001
f 1686//1686 1717//1717 1674//1674
f 1653//1653 1674//1674 1717//1717
f 1638//1638 1653//1653 1717//1717
f 2151//2151 1611//1611 1856//1856
f 1611//1611 1852//1852 1610//1610
f 2151//2151 2134//2134 1611//1611
f 4009//4009 4236//4236 4238//4238
f 4156//4156 4232//4232 4234//4234
f 4234//4234 4236//4236 4112//4112
f 4156//4156 4234//4234 4112//4112
f 4009//4009 4112//4112 4236//4236
f 4009//4009 4065//4065 4112//4112
f 4009//4009 4007//4007 4065//4065
f 3572//3572 3932//3932 3936//3936
f 3936//3936 2980//2980 3572//3572
f 3936//3936 2367//2367 2980//2980
f 2367//2367 3936//3936 2142//2142
f 1917//1917 2142//2142 358//358
f 3936//3936 358//358 2142//2142
f 1306//1306 1917//1917 358//358
f 358//358 718//718 1306//1306
f 358//358 354//354 718//718
f 231//231 285//285 287//287
f 287//287 186//186 231//231
f 186//186 287//287 66//66
f 66//66 64//64 186//186
f 62//62 144//144 64//64
f 64//64 144//144 186//186
f 68//68 66//66 287//287
f 8//8 3//3 6//6
f 1//1 6//6 2//2
f 6//6 3//3 2//2
f 8//8 10//10 11//11
f 8//8 9//9 3//3
f 3//3 9//9 7//7
f 7//7 4//4 3//3
f 7//7 5//5 4//4
f 288//288 67//67 69//69
f 145//145 63//63 65//65
f 65//65 67//67 187//187
f 145//145 65//65 187//187
f 288//288 187//187 67//67
f 288//288 232//232 187//187
f 288//288 286//286 232//232
f 719//719 355//355 361//361
f 361//361 1307//1307 719//719
f 361//361 1918//1918 1307//1307
f 1918//1918 361//361 2143//2143
f 2368//2368 2143//2143 3939//3939
f 361//361 3939//3939 2143//2143
f 2981//2981 2368//2368 3939//3939
f 3939//3939 3573//3573 2981//2981
f 3939//3939 3933//3933 3573//3573
f 4066//4066 4008//4008 4010//4010
f 4010//4010 4113//4113 4066//4066
f 4113//4113 4010//4010 4237//4237
f 4237//4237 4235//4235 4113//4113
f 4233//4233 4157//4157 4235//4235
f 4235//4235 4157//4157 4113//4113
f 4239//4239 4237//4237 4010//4010
f 4298//4298 4292//4292 4296//4296
f 4294//4294 4296//4296 4293//4293
f 4296//4296 4292//4292 4293//4293
f 4298//4298 4300//4300 4299//4299
f 4298//4298 4297//4297 4292//4292
f 4292//4292 4297//4297 4295//4295
f 4295//4295 4291//4291 4292//4292
f 4295//4295 4290//4290 4291//4291
f 116//116 29//29 21//21
f 116//116 37//37 29//29
f 45//45 116//116 53//53
f 45//45 37//37 116//116
f 53//53 116//116 61//61
f 86//86 11//11 84//84
f 21//21 11//11 98//98
f 10//10 84//84 11//11
f 11//11 94//94 98//98
f 11//11 86//86 90//90
f 11//11 90//90 94//94
f 102//102 21//21 98//98
f 116//116 69//69 61//61
f 300//300 288//288 361//361
f 313//313 300//300 361//361
f 288//288 360//360 361//361
f 360//360 288//288 351//351
f 361//361 329//329 313//313
f 347//347 351//351 288//288
f 21//21 102//102 106//106
f 110//110 21//21 106//106
f 288//288 341//341 347//347
f 339//339 69//69 116//116
f 288//288 339//339 341//341
f 110//110 116//116 21//21
f 69//69 339//339 288//288
f 85//85 83//83 10//10
f 84//84 10//10 83//83
f 89//89 85//85 10//10
f 10//10 97//97 93//93
f 10//10 93//93 89//89
f 20//20 97//97 10//10
f 36//36 115//115 28//28
f 20//20 28//28 115//115
f 115//115 44//44 52//52
f 52//52 60//60 115//115
f 115//115 36//36 44//44
f 60//60 68//68 115//115
f 20//20 101//101 97//97
f 109//109 20//20 115//115
f 20//20 105//105 101//101
f 68//68 287//287 338//338
f 287//287 346//346 340//340
f 287//287 340//340 338//338
f 115//115 68//68 338//338
f 312//312 358//358 299//299
f 287//287 299//299 358//358
f 359//359 287//287 358//358
f 358//358 312//312 328//328
f 358//358 3936//3936 359//359
f 350//350 287//287 359//359
f 350//350 346//346 287//287
f 105//105 20//20 109//109
f 3938//3938 361//361 360//360
f 4010//4010 3939//3939 3938//3938
f 3969//3969 3939//3939 3985//3985
f 3939//3939 4010//4010 3998//3998
f 3985//3985 3939//3939 3998//3998
f 3945//3945 4010//4010 3938//3938
f 4010//4010 3945//3945 3949//3949
f 4010//4010 3949//3949 3953//3953
f 3957//3957 4188//4188 4239//4239
f 4192//4192 4196//4196 4287//4287
f 4287//4287 4188//4188 4192//4192
f 3957//3957 4010//4010 3953//3953
f 3957//3957 4239//4239 4010//4010
f 4188//4188 4255//4255 4247//4247
f 4263//4263 4255//4255 4188//4188
f 4188//4188 4279//4279 4271//4271
f 4279//4279 4188//4188 4287//4287
f 4271//4271 4263//4263 4188//4188
f 4200//4200 4287//4287 4196//4196
f 4204//4204 4287//4287 4200//4200
f 4300//4300 4204//4204 4208//4208
f 4300//4300 4212//4212 4216//4216
f 4299//4299 4300//4300 4229//4229
f 4216//4216 4229//4229 4300//4300
f 4300//4300 4208//4208 4212//4212
f 4204//4204 4300//4300 4287//4287
f 4239//4239 4188//4188 4247//4247
f 4009//4009 3956//3956 3952//3952
f 4009//4009 3952//3952 3948//3948
f 4191//4191 4187//4187 4286//4286
f 4187//4187 3956//3956 4238//4238
f 4238//4238 3956//3956 4009//4009
f 3937//3937 3936//3936 4009//4009
f 3937//3937 359//359 3936//3936
f 3944//3944 3937//3937 4009//4009
f 3997//3997 3936//3936 3984//3984
f 3984//3984 3936//3936 3968//3968
f 4009//4009 3936//3936 3997//3997
f 4009//4009 3948//3948 3944//3944
f 4286//4286 4195//4195 4191//4191
f 4299//4299 4207//4207 4203//4203
f 4203//4203 4199//4199 4286//4286
f 4215//4215 4299//4299 4228//4228
f 4229//4229 4228//4228 4299//4299
f 4299//4299 4215//4215 4211//4211
f 4211//4211 4207//4207 4299//4299
f 4299//4299 4203//4203 4286//4286
f 4187//4187 4238//4238 4246//4246
f 4187//4187 4246//4246 4254//4254
f 4187//4187 4262//4262 4270//4270
f 4187//4187 4254//4254 4262//4262
f 4187//4187 4270//4270 4278//4278
f 4187//4187 4278//4278 4286//4286
f 4195//4195 4286//4286 4199//4199
f 3938//3938 3939//3939 361//361
f 4009//4009 4003//4003 4007//4007
f 3997//3997 3995//3995 4003//4003
f 3984//3984 3982//3982 3993//3993
f 3968//3968 3966//3966 3974//3974
f 3974//3974 3982//3982 3984//3984
f 3993//3993 3995//3995 3997//3997
f 3997//3997 3984//3984 3993//3993
f 3984//3984 3968//3968 3974//3974
f 3936//3936 3932//3932 3962//3962
f 3962//3962 3968//3968 3936//3936
f 3962//3962 3966//3966 3968//3968
f 4009//4009 3997//3997 4003//4003
f 4250//4250 4252//4252 4244//4244
f 4258//4258 4260//4260 4252//4252
f 4266//4266 4268//4268 4260//4260
f 4274//4274 4276//4276 4268//4268
f 4282//4282 4284//4284 4276//4276
f 4246//4246 4238//4238 4236//4236
f 4262//4262 4254//4254 4252//4252
f 4254//4254 4246//4246 4244//4244
f 4244//4244 4236//4236 4234//4234
f 4260//4260 4268//4268 4270//4270
f 4278//4278 4270//4270 4268//4268
f 4299//4299 4286//4286 4284//4284
f 4286//4286 4278//4278 4276//4276
f 4297//4297 4284//4284 4282//4282
f 4242//4242 4234//4234 4232//4232
f 4258//4258 4250//4250 4248//4248
f 4250//4250 4242//4242 4240//4240
f 4266//4266 4258//4258 4256//4256
f 4274//4274 4266//4266 4264//4264
f 4295//4295 4282//4282 4288//4288
f 4282//4282 4274//4274 4272//4272
f 4282//4282 4280//4280 4288//4288
f 358//358 332//332 354//354
f 328//328 326//326 332//332
f 312//312 310//310 319//319
f 299//299 297//297 301//301
f 301//301 310//310 312//312
f 319//319 326//326 328//328
f 328//328 312//312 319//319
f 312//312 299//299 301//301
f 287//287 285//285 291//291
f 299//299 287//287 291//291
f 358//358 328//328 332//332
f 50//50 48//48 56//56
f 42//42 40//40 48//48
f 34//34 32//32 40//40
f 26//26 24//24 32//32
f 18//18 16//16 24//24
f 54//54 62//62 64//64
f 38//38 46//46 48//48
f 46//46 54//54 56//56
f 56//56 64//64 66//66
f 30//30 38//38 40//40
f 22//22 30//30 32//32
f 16//16 12//12 14//14
f 14//14 22//22 24//24
f 16//16 6//6 12//12
f 58//58 66//66 68//68
f 42//42 50//50 52//52
f 50//50 58//58 60//60
f 44//44 36//36 34//34
f 26//26 34//34 36//36
f 18//18 8//8 6//6
f 18//18 26//26 28//28
f 20//20 10//10 8//8
f 27//27 25//25 17//17
f 35//35 33//33 25//25
f 43//43 41//41 33//33
f 51//51 49//49 41//41
f 59//59 57//57 49//49
f 7//7 13//13 5//5
f 23//23 15//15 17//17
f 15//15 13//13 17//17
f 17//17 7//7 9//9
f 25//25 33//33 31//31
f 7//7 17//17 13//13
f 47//47 39//39 41//41
f 63//63 55//55 57//57
f 55//55 47//47 49//49
f 33//33 41//41 39//39
f 19//19 9//9 11//11
f 35//35 27//27 29//29
f 27//27 19//19 21//21
f 37//37 45//45 43//43
f 51//51 43//43 45//45
f 59//59 67//67 65//65
f 59//59 51//51 53//53
f 61//61 69//69 67//67
f 288//288 292//292 286//286
f 300//300 298//298 292//292
f 313//313 311//311 302//302
f 329//329 327//327 320//320
f 320//320 311//311 313//313
f 302//302 298//298 300//300
f 300//300 313//313 302//302
f 313//313 329//329 320//320
f 361//361 355//355 333//333
f 333//333 329//329 361//361
f 333//333 327//327 329//329
f 288//288 300//300 292//292
f 3939//3939 3963//3963 3933//3933
f 3969//3969 3967//3967 3963//3963
f 3985//3985 3983//3983 3975//3975
f 3998//3998 3996//3996 3994//3994
f 3994//3994 3983//3983 3985//3985
f 3975//3975 3967//3967 3969//3969
f 3969//3969 3985//3985 3975//3975
f 3985//3985 3998//3998 3994//3994
f 4010//4010 4008//4008 4004//4004
f 3998//3998 4010//4010 4004//4004
f 3939//3939 3969//3969 3963//3963
f 4253//4253 4251//4251 4243//4243
f 4261//4261 4259//4259 4251//4251
f 4269//4269 4267//4267 4259//4259
f 4277//4277 4275//4275 4267//4267
f 4285//4285 4283//4283 4275//4275
f 4241//4241 4233//4233 4235//4235
f 4257//4257 4249//4249 4251//4251
f 4249//4249 4241//4241 4243//4243
f 4243//4243 4235//4235 4237//4237
f 4265//4265 4257//4257 4259//4259
f 4273//4273 4265//4265 4267//4267
f 4283//4283 4289//4289 4281//4281
f 4281//4281 4273//4273 4275//4275
f 4283//4283 4296//4296 4289//4289
f 4245//4245 4237//4237 4239//4239
f 4261//4261 4253//4253 4255//4255
f 4253//4253 4245//4245 4247//4247
f 4263//4263 4271//4271 4269//4269
f 4277//4277 4269//4269 4271//4271
f 4285//4285 4298//4298 4296//4296
f 4285//4285 4277//4277 4279//4279
f 4287//4287 4300//4300 4298//4298
f 81//81 86//86 84//84
f 91//91 94//94 90//90
f 87//87 90//90 86//86
f 86//86 81//81 87//87
f 94//94 91//91 95//95
f 95//95 100//100 98//98
f 91//91 90//90 87//87
f 98//98 94//94 95//95
f 104//104 102//102 98//98
f 111//111 110//110 106//106
f 108//108 106//106 102//102
f 108//108 102//102 104//104
f 111//111 113//113 110//110
f 106//106 108//108 111//111
f 116//116 110//110 113//113
f 100//100 104//104 98//98
f 140//140 113//113 124//124
f 124//124 130//130 140//140
f 116//116 113//113 154//154
f 140//140 134//134 136//136
f 130//130 134//134 140//140
f 140//140 154//154 113//113
f 154//154 171//171 116//116
f 199//199 116//116 171//171
f 244//244 339//339 213//213
f 116//116 199//199 213//213
f 116//116 213//213 339//339
f 260//260 339//339 244//244
f 339//339 293//293 336//336
f 260//260 293//293 339//339
f 336//336 341//341 339//339
f 336//336 343//343 341//341
f 347//347 341//341 343//343
f 349//349 347//347 343//343
f 353//353 360//360 351//351
f 351//351 349//349 353//353
f 360//360 353//353 356//356
f 347//347 349//349 351//351
f 579//579 356//356 389//389
f 579//579 389//389 397//397
f 1035//1035 360//360 356//356
f 761//761 356//356 579//579
f 356//356 761//761 1035//1035
f 1035//1035 1358//1358 360//360
f 1358//1358 1678//1678 360//360
f 1678//1678 1944//1944 360//360
f 360//360 1944//1944 2117//2117
f 2117//2117 2141//2141 360//360
f 3938//3938 2167//2167 2340//2340
f 2928//2928 3938//3938 2605//2605
f 2605//2605 3938//3938 2340//2340
f 2141//2141 2167//2167 3938//3938
f 3253//3253 3935//3935 3938//3938
f 3253//3253 3528//3528 3935//3935
f 3935//3935 3528//3528 3711//3711
f 3903//3903 3935//3935 3711//3711
f 2928//2928 3253//3253 3938//3938
f 3938//3938 360//360 2141//2141
f 3903//3903 3711//3711 3895//3895
f 3943//3943 3945//3945 3938//3938
f 3938//3938 3935//3935 3943//3943
f 3945//3945 3943//3943 3947//3947
f 3947//3947 3949//3949 3945//3945
f 3951//3951 3953//3953 3949//3949
f 3951//3951 3955//3955 3953//3953
f 3957//3957 3953//3953 3955//3955
f 3947//3947 3951//3951 3949//3949
f 4052//4052 4083//4083 3957//3957
f 4188//4188 4083//4083 4098//4098
f 4098//4098 4127//4127 4188//4188
f 3957//3957 4083//4083 4188//4188
f 3957//3957 3955//3955 4001//4001
f 3957//3957 4001//4001 4034//4034
f 4034//4034 4052//4052 3957//3957
f 4176//4176 4186//4186 4160//4160
f 4186//4186 4188//4188 4144//4144
f 4160//4160 4168//4168 4176//4176
f 4160//4160 4186//4186 4144//4144
f 4160//4160 4162//4162 4164//4164
f 4160//4160 4164//4164 4168//4168
f 4127//4127 4144//4144 4188//4188
f 4186//4186 4192//4192 4188//4188
f 4194//4194 4200//4200 4196//4196
f 4190//4190 4196//4196 4192//4192
f 4190//4190 4192//4192 4186//4186
f 4194//4194 4198//4198 4200//4200
f 4196//4196 4190//4190 4194//4194
f 4202//4202 4204//4204 4198//4198
f 4204//4204 4200//4200 4198//4198
f 4210//4210 4212//4212 4208//4208
f 4227//4227 4229//4229 4216//4216
f 4214//4214 4216//4216 4212//4212
f 4206//4206 4204//4204 4202//4202
f 4212//4212 4210//4210 4214//4214
f 4216//4216 4214//4214 4227//4227
f 4210//4210 4208//4208 4206//4206
f 4208//4208 4204//4204 4206//4206
f 4227//4227 4225//4225 4229//4229
f 4224//4224 4229//4229 4225//4225
f 4229//4229 4224//4224 4223//4223
f 4229//4229 4223//4223 4222//4222
f 4222//4222 4221//4221 4229//4229
f 4228//4228 4221//4221 4220//4220
f 4229//4229 4221//4221 4228//4228
f 4226//4226 4228//4228 4217//4217
f 4228//4228 4220//4220 4219//4219
f 4228//4228 4218//4218 4217//4217
f 4218//4218 4228//4228 4219//4219
f 4226//4226 4215//4215 4228//4228
f 4209//4209 4207//4207 4211//4211
f 4213//4213 4211//4211 4215//4215
f 4215//4215 4226//4226 4213//4213
f 4207//4207 4209//4209 4205//4205
f 4205//4205 4201//4201 4203//4203
f 4209//4209 4211//4211 4213//4213
f 4203//4203 4207//4207 4205//4205
f 4197//4197 4199//4199 4203//4203
f 4189//4189 4191//4191 4195//4195
f 4193//4193 4195//4195 4199//4199
f 4193//4193 4199//4199 4197//4197
f 4189//4189 4185//4185 4191//4191
f 4195//4195 4193//4193 4189//4189
f 4187//4187 4191//4191 4185//4185
f 4201//4201 4197//4197 4203//4203
f 4161//4161 4185//4185 4177//4177
f 4177//4177 4169//4169 4161//4161
f 4187//4187 4185//4185 4145//4145
f 4161//4161 4165//4165 4163//4163
f 4169//4169 4165//4165 4161//4161
f 4161//4161 4145//4145 4185//4185
f 4145//4145 4128//4128 4187//4187
f 4099//4099 4187//4187 4128//4128
f 4053//4053 3956//3956 4084//4084
f 4187//4187 4099//4099 4084//4084
f 4187//4187 4084//4084 3956//3956
f 4035//4035 3956//3956 4053//4053
f 3956//3956 4002//4002 3954//3954
f 4035//4035 4002//4002 3956//3956
f 3954//3954 3952//3952 3956//3956
f 3954//3954 3950//3950 3952//3952
f 3948//3948 3952//3952 3950//3950
f 3946//3946 3948//3948 3950//3950
f 3942//3942 3937//3937 3944//3944
f 3944//3944 3946//3946 3942//3942
f 3937//3937 3942//3942 3934//3934
f 3948//3948 3946//3946 3944//3944
f 3529//3529 3934//3934 3712//3712
f 3934//3934 3904//3904 3712//3712
f 3254//3254 3937//3937 3934//3934
f 3937//3937 3254//3254 2929//2929
f 3937//3937 2607//2607 2341//2341
f 2607//2607 3937//3937 2929//2929
f 3934//3934 3529//3529 3254//3254
f 2341//2341 2168//2168 3937//3937
f 3896//3896 3712//3712 3904//3904
f 2168//2168 2144//2144 3937//3937
f 2118//2118 1945//1945 359//359
f 1359//1359 359//359 1680//1680
f 1680//1680 359//359 1945//1945
f 359//359 2144//2144 2118//2118
f 1036//1036 357//357 359//359
f 357//357 580//580 390//390
f 1036//1036 762//762 357//357
f 1359//1359 1036//1036 359//359
f 359//359 3937//3937 2144//2144
f 357//357 762//762 580//580
f 580//580 398//398 390//390
f 352//352 350//350 359//359
f 359//359 357//357 352//352
f 350//350 352//352 348//348
f 348//348 346//346 350//350
f 342//342 340//340 346//346
f 342//342 337//337 340//340
f 338//338 340//340 337//337
f 348//348 342//342 346//346
f 245//245 214//214 338//338
f 115//115 214//214 200//200
f 200//200 172//172 115//115
f 338//338 214//214 115//115
f 338//338 337//337 294//294
f 338//338 294//294 261//261
f 261//261 245//245 338//338
f 125//125 114//114 141//141
f 114//114 115//115 155//155
f 141//141 131//131 125//125
f 141//141 114//114 155//155
f 141//141 137//137 135//135
f 141//141 135//135 131//131
f 172//172 155//155 115//115
f 114//114 109//109 115//115
f 107//107 101//101 105//105
f 112//112 105//105 109//109
f 112//112 109//109 114//114
f 107//107 103//103 101//101
f 105//105 112//112 107//107
f 99//99 97//97 103//103
f 97//97 101//101 103//103
f 92//92 89//89 93//93
f 82//82 83//83 85//85
f 88//88 85//85 89//89
f 96//96 97//97 99//99
f 89//89 92//92 88//88
f 85//85 88//88 82//82
f 92//92 93//93 96//96
f 93//93 97//97 96//96
f 82//82 80//80 83//83
f 79//79 83//83 80//80
f 83//83 79//79 78//78
f 83//83 78//78 77//77
f 77//77 76//76 83//83
f 84//84 76//76 75//75
f 83//83 76//76 84//84
f 81//81 84//84 72//72
f 84//84 75//75 74//74
f 84//84 73//73 72//72
f 73//73 84//84 74//74
f 1854//1854 1516//1516 1629//1629
f 2112//2112 1854//1854 2043//2043
f 2063//2063 1878//1878 1854//1854
f 2122//2122 2063//2063 2112//2112
f 548//548 386//386 580//580
f 1120//1120 580//580 762//762
f 762//762 1036//1036 1120//1120
f 713//713 548//548 1120//1120
f 1359//1359 1629//1629 1036//1036
f 1120//1120 1036//1036 1629//1629
f 548//548 580//580 1120//1120
f 1680//1680 1629//1629 1359//1359
f 2043//2043 1680//1680 1945//1945
f 2146//2146 2043//2043 2118//2118
f 1945//1945 2118//2118 2043//2043
f 2118//2118 2144//2144 2146//2146
f 2147//2147 2112//2112 2146//2146
f 1680//1680 2043//2043 1629//1629
f 1516//1516 903//903 1120//1120
f 1516//1516 1149//1149 903//903
f 1878//1878 1682//1682 1413//1413
f 1878//1878 2105//2105 1893//1893
f 1878//1878 1893//1893 1682//1682
f 1516//1516 1413//1413 1149//1149
f 2112//2112 2147//2147 2122//2122
f 2063//2063 2105//2105 1878//1878
f 2149//2149 2151//2151 2122//2122
f 2063//2063 2122//2122 2151//2151
f 2063//2063 2151//2151 2105//2105
f 1878//1878 1413//1413 1516//1516
f 2435//2435 2174//2174 2244//2244
f 2777//2777 2435//2435 2658//2658
f 2224//2224 2164//2164 2174//2174
f 2410//2410 2224//2224 2435//2435
f 2146//2146 2168//2168 2244//2244
f 2244//2244 2168//2168 2341//2341
f 2244//2244 2607//2607 2658//2658
f 2341//2341 2607//2607 2244//2244
f 3254//3254 2658//2658 2929//2929
f 2146//2146 2144//2144 2168//2168
f 3168//3168 3254//3254 3529//3529
f 3168//3168 3529//3529 3712//3712
f 3908//3908 3745//3745 3712//3712
f 3168//3168 3712//3712 3745//3745
f 3168//3168 3745//3745 3579//3579
f 3579//3579 3387//3387 3168//3168
f 3168//3168 2658//2658 3254//3254
f 2146//2146 2244//2244 2174//2174
f 2164//2164 2149//2149 2147//2147
f 2164//2164 2151//2151 2149//2149
f 2151//2151 2164//2164 2224//2224
f 2224//2224 2185//2185 2151//2151
f 3142//3142 2777//2777 3387//3387
f 2777//2777 3168//3168 3387//3387
f 2777//2777 3142//3142 2877//2877
f 2777//2777 2877//2877 2604//2604
f 2394//2394 2410//2410 2604//2604
f 2410//2410 2394//2394 2185//2185
f 2185//2185 2224//2224 2410//2410
f 3591//3591 3639//3639 3594//3594
f 3639//3639 3669//3669 3673//3673
f 3669//3669 3591//3591 3589//3589
f 3591//3591 3669//3669 3639//3639
f 3673//3673 3669//3669 3756//3756
f 3669//3669 3665//3665 3754//3754
f 3589//3589 3587//3587 3665//3665
f 3583//3583 3665//3665 3587//3587
f 3665//3665 3750//3750 3754//3754
f 3750//3750 3583//3583 3581//3581
f 3583//3583 3750//3750 3665//3665
f 3613//3613 3611//3611 3654//3654
f 3657//3657 3654//3654 3696//3696
f 3654//3654 3651//3651 3694//3694
f 3611//3611 3609//3609 3651//3651
f 3698//3698 3696//3696 3730//3730
f 3732//3732 3730//3730 3772//3772
f 3730//3730 3728//3728 3770//3770
f 3696//3696 3694//3694 3728//3728
f 3694//3694 3692//3692 3726//3726
f 3728//3728 3726//3726 3768//3768
f 3726//3726 3724//3724 3766//3766
f 3692//3692 3683//3683 3724//3724
f 3609//3609 3607//3607 3649//3649
f 3651//3651 3649//3649 3692//3692
f 3649//3649 3647//3647 3683//3683
f 3607//3607 3605//3605 3647//3647
f 3775//3775 3772//3772 3827//3827
f 3829//3829 3827//3827 3853//3853
f 3827//3827 3825//3825 3851//3851
f 3772//3772 3770//3770 3825//3825
f 3770//3770 3768//3768 3823//3823
f 3825//3825 3823//3823 3849//3849
f 3823//3823 3821//3821 3847//3847
f 3768//3768 3766//3766 3821//3821
f 3764//3764 3821//3821 3766//3766
f 3821//3821 3845//3845 3847//3847
f 3845//3845 3764//3764 3762//3762
f 3764//3764 3845//3845 3821//3821
f 3762//3762 3759//3759 3843//3843
f 3605//3605 3603//3603 3645//3645
f 3647//3647 3645//3645 3679//3679
f 3645//3645 3643//3643 3677//3677
f 3603//3603 3601//3601 3643//3643
f 3683//3683 3679//3679 3722//3722
f 3724//3724 3722//3722 3764//3764
f 3722//3722 3720//3720 3762//3762
f 3679//3679 3677//3677 3720//3720
f 3675//3675 3720//3720 3677//3677
f 3720//3720 3759//3759 3762//3762
f 3759//3759 3675//3675 3673//3673
f 3675//3675 3759//3759 3720//3720
f 3601//3601 3597//3597 3641//3641
f 3643//3643 3641//3641 3675//3675
f 3641//3641 3639//3639 3673//3673
f 3597//3597 3594//3594 3639//3639
f 3788//3788 3706//3706 3786//3786
f 3706//3706 3623//3623 3619//3619
f 3623//3623 3788//3788 3790//3790
f 3788//3788 3623//3623 3706//3706
f 3871//3871 3788//3788 3869//3869
f 3790//3790 3871//3871 3873//3873
f 3788//3788 3871//3871 3790//3790
f 3867//3867 3837//3837 3863//3863
f 3837//3837 3788//3788 3786//3786
f 3788//3788 3867//3867 3869//3869
f 3867//3867 3788//3788 3837//3837
f 3786//3786 3782//3782 3835//3835
f 3837//3837 3835//3835 3861//3861
f 3835//3835 3833//3833 3859//3859
f 3782//3782 3780//3780 3833//3833
f 3780//3780 3778//3778 3831//3831
f 3833//3833 3831//3831 3857//3857
f 3831//3831 3829//3829 3855//3855
f 3778//3778 3775//3775 3829//3829
f 3619//3619 3617//3617 3702//3702
f 3782//3782 3736//3736 3780//3780
f 3736//3736 3706//3706 3702//3702
f 3706//3706 3782//3782 3786//3786
f 3782//3782 3706//3706 3736//3736
f 3702//3702 3700//3700 3734//3734
f 3736//3736 3734//3734 3778//3778
f 3734//3734 3732//3732 3775//3775
f 3700//3700 3698//3698 3732//3732
f 3700//3700 3657//3657 3698//3698
f 3657//3657 3617//3617 3613//3613
f 3617//3617 3700//3700 3702//3702
f 3700//3700 3617//3617 3657//3657
f 3628//3628 3625//3625 3796//3796
f 3796//3796 3794//3794 3874//3874
f 3794//3794 3790//3790 3873//3873
f 3794//3794 3623//3623 3790//3790
f 3625//3625 3794//3794 3796//3796
f 3623//3623 3794//3794 3625//3625
f 3637//3637 3633//3633 3802//3802
f 3633//3633 3628//3628 3800//3800
f 3112//3112 3198//3198 3115//3115
f 3196//3196 3112//3112 3111//3111
f 3198//3198 3112//3112 3196//3196
f 3198//3198 3196//3196 3261//3261
f 3196//3196 3195//3195 3260//3260
f 3111//3111 3108//3108 3195//3195
f 3261//3261 3383//3383 3263//3263
f 3377//3377 3261//3261 3260//3260
f 3383//3383 3261//3261 3377//3377
f 3260//3260 3256//3256 3375//3375
f 3105//3105 3195//3195 3108//3108
f 3195//3195 3256//3256 3260//3260
f 3256//3256 3105//3105 3103//3103
f 3105//3105 3256//3256 3195//3195
f 3377//3377 3500//3500 3383//3383
f 3500//3500 3575//3575 3581//3581
f 3575//3575 3377//3377 3375//3375
f 3377//3377 3575//3575 3500//3500
f 3375//3375 3360//3360 3571//3571
f 3100//3100 3256//3256 3103//3103
f 3256//3256 3360//3360 3375//3375
f 3360//3360 3100//3100 3093//3093
f 3100//3100 3360//3360 3256//3256
f 3150//3150 3147//3147 3226//3226
f 3230//3230 3226//3226 3291//3291
f 3226//3226 3224//3224 3289//3289
f 3147//3147 3145//3145 3224//3224
f 3293//3293 3291//3291 3342//3342
f 3411//3411 3369//3369 3409//3409
f 3369//3369 3346//3346 3342//3342
f 3346//3346 3411//3411 3413//3413
f 3411//3411 3346//3346 3369//3369
f 3342//3342 3339//3339 3367//3367
f 3369//3369 3367//3367 3407//3407
f 3367//3367 3365//3365 3405//3405
f 3339//3339 3337//3337 3365//3365
f 3339//3339 3317//3317 3337//3337
f 3317//3317 3291//3291 3289//3289
f 3291//3291 3339//3339 3342//3342
f 3339//3339 3291//3291 3317//3317
f 3289//3289 3287//3287 3315//3315
f 3317//3317 3315//3315 3335//3335
f 3315//3315 3313//3313 3333//3333
f 3287//3287 3284//3284 3313//3313
f 3337//3337 3335//3335 3363//3363
f 3365//3365 3363//3363 3402//3402
f 3363//3363 3361//3361 3398//3398
f 3335//3335 3333//3333 3361//3361
f 3333//3333 3331//3331 3358//3358
f 3361//3361 3358//3358 3395//3395
f 3358//3358 3355//3355 3393//3393
f 3331//3331 3329//3329 3355//3355
f 3284//3284 3281//3281 3311//3311
f 3313//3313 3311//3311 3331//3331
f 3311//3311 3309//3309 3329//3329
f 3281//3281 3278//3278 3309//3309
f 3145//3145 3143//3143 3222//3222
f 3287//3287 3252//3252 3284//3284
f 3252//3252 3224//3224 3222//3222
f 3224//3224 3287//3287 3289//3289
f 3287//3287 3224//3224 3252//3252
f 3222//3222 3220//3220 3250//3250
f 3252//3252 3250//3250 3281//3281
f 3250//3250 3248//3248 3278//3278
f 3220//3220 3217//3217 3248//3248
f 3220//3220 3177//3177 3217//3217
f 3177//3177 3143//3143 3136//3136
f 3143//3143 3220//3220 3222//3222
f 3220//3220 3143//3143 3177//3177
f 3413//3413 3411//3411 3449//3449
f 3452//3452 3449//3449 3475//3475
f 3449//3449 3446//3446 3472//3472
f 3411//3411 3409//3409 3446//3446
f 3475//3475 3518//3518 3478//3478
f 3515//3515 3475//3475 3472//3472
f 3518//3518 3475//3475 3515//3515
f 3470//3470 3515//3515 3472//3472
f 3512//3512 3470//3470 3468//3468
f 3515//3515 3470//3470 3512//3512
f 3409//3409 3407//3407 3443//3443
f 3446//3446 3443//3443 3470//3470
f 3443//3443 3440//3440 3468//3468
f 3407//3407 3405//3405 3440//3440
f 3518//3518 3515//3515 3549//3549
f 3551//3551 3549//3549 3591//3591
f 3549//3549 3547//3547 3589//3589
f 3515//3515 3512//3512 3547//3547
f 3509//3509 3547//3547 3512//3512
f 3547//3547 3587//3587 3589//3589
f 3587//3587 3509//3509 3505//3505
f 3509//3509 3587//3587 3547//3547
f 3405//3405 3402//3402 3438//3438
f 3440//3440 3438//3438 3466//3466
f 3438//3438 3436//3436 3464//3464
f 3402//3402 3398//3398 3436//3436
f 3466//3466 3512//3512 3468//3468
f 3509//3509 3466//3466 3464//3464
f 3512//3512 3466//3466 3509//3509
f 3464//3464 3461//3461 3505//3505
f 3395//3395 3436//3436 3398//3398
f 3436//3436 3461//3461 3464//3464
f 3461//3461 3395//3395 3393//3393
f 3395//3395 3461//3461 3436//3436
f 3390//3390 3461//3461 3393//3393
f 3461//3461 3502//3502 3505//3505
f 3502//3502 3390//3390 3385//3385
f 3390//3390 3502//3502 3461//3461
f 3505//3505 3502//3502 3583//3583
f 3502//3502 3500//3500 3581//3581
f 3385//3385 3383//3383 3500//3500
f 3136//3136 3133//3133 3175//3175
f 3177//3177 3175//3175 3214//3214
f 3175//3175 3172//3172 3212//3212
f 3133//3133 3129//3129 3172//3172
f 3217//3217 3214//3214 3246//3246
f 3248//3248 3246//3246 3276//3276
f 3246//3246 3243//3243 3273//3273
f 3214//3214 3212//3212 3243//3243
f 3212//3212 3210//3210 3240//3240
f 3243//3243 3240//3240 3271//3271
f 3240//3240 3236//3236 3269//3269
f 3210//3210 3208//3208 3236//3236
f 3129//3129 3127//3127 3169//3169
f 3172//3172 3169//3169 3210//3210
f 3169//3169 3164//3164 3208//3208
f 3127//3127 3124//3124 3164//3164
f 3278//3278 3276//3276 3307//3307
f 3309//3309 3307//3307 3327//3327
f 3307//3307 3305//3305 3325//3325
f 3276//3276 3273//3273 3305//3305
f 3327//3327 3355//3355 3329//3329
f 3355//3355 3390//3390 3393//3393
f 3390//3390 3327//3327 3325//3325
f 3327//3327 3390//3390 3355//3355
f 3325//3325 3323//3323 3385//3385
f 3271//3271 3305//3305 3273//3273
f 3305//3305 3323//3323 3325//3325
f 3323//3323 3271//3271 3269//3269
f 3271//3271 3323//3323 3305//3305
f 3266//3266 3323//3323 3269//3269
f 3323//3323 3383//3383 3385//3385
f 3383//3383 3266//3266 3263//3263
f 3266//3266 3383//3383 3323//3323
f 3124//3124 3122//3122 3161//3161
f 3164//3164 3161//3161 3206//3206
f 3161//3161 3159//3159 3204//3204
f 3122//3122 3120//3120 3159//3159
f 3206//3206 3236//3236 3208//3208
f 3236//3236 3266//3266 3269//3269
f 3266//3266 3206//3206 3204//3204
f 3206//3206 3266//3266 3236//3236
f 3204//3204 3198//3198 3263//3263
f 3118//3118 3159//3159 3120//3120
f 3159//3159 3198//3198 3204//3204
f 3198//3198 3118//3118 3115//3115
f 3118//3118 3198//3198 3159//3159
f 3425//3425 3300//3300 3421//3421
f 3300//3300 3181//3181 3158//3158
f 3181//3181 3425//3425 3427//3427
f 3425//3425 3181//3181 3300//3300
f 3427//3427 3425//3425 3534//3534
f 3611//3611 3565//3565 3609//3609
f 3565//3565 3536//3536 3534//3534
f 3536//3536 3611//3611 3613//3613
f 3611//3611 3536//3536 3565//3565
f 3534//3534 3532//3532 3563//3563
f 3565//3565 3563//3563 3607//3607
f 3563//3563 3561//3561 3605//3605
f 3532//3532 3526//3526 3561//3561
f 3532//3532 3489//3489 3526//3526
f 3489//3489 3425//3425 3421//3421
f 3425//3425 3532//3532 3534//3534
f 3532//3532 3425//3425 3489//3489
f 3421//3421 3419//3419 3485//3485
f 3489//3489 3485//3485 3524//3524
f 3485//3485 3482//3482 3522//3522
f 3419//3419 3417//3417 3482//3482
f 3526//3526 3524//3524 3558//3558
f 3561//3561 3558//3558 3603//3603
f 3558//3558 3555//3555 3601//3601
f 3524//3524 3522//3522 3555//3555
f 3522//3522 3520//3520 3553//3553
f 3555//3555 3553//3553 3597//3597
f 3553//3553 3551//3551 3594//3594
f 3520//3520 3518//3518 3551//3551
f 3417//3417 3415//3415 3480//3480
f 3482//3482 3480//3480 3520//3520
f 3480//3480 3478//3478 3518//3518
f 3452//3452 3415//3415 3413//3413
f 3480//3480 3452//3452 3478//3478
f 3415//3415 3452//3452 3480//3480
f 3158//3158 3155//3155 3297//3297
f 3419//3419 3353//3353 3417//3417
f 3353//3353 3300//3300 3297//3297
f 3300//3300 3419//3419 3421//3421
f 3419//3419 3300//3300 3353//3353
f 3297//3297 3295//3295 3349//3349
f 3353//3353 3349//3349 3415//3415
f 3349//3349 3346//3346 3413//3413
f 3295//3295 3293//3293 3346//3346
f 3295//3295 3230//3230 3293//3293
f 3230//3230 3155//3155 3150//3150
f 3155//3155 3295//3295 3297//3297
f 3295//3295 3155//3155 3230//3230
f 3203//3203 3186//3186 3445//3445
f 3454//3454 3445//3445 3619//3619
f 3617//3617 3536//3536 3613//3613
f 3536//3536 3445//3445 3427//3427
f 3445//3445 3617//3617 3619//3619
f 3617//3617 3445//3445 3536//3536
f 3186//3186 3181//3181 3427//3427
f 3229//3229 3219//3219 3456//3456
f 3462//3462 3456//3456 3625//3625
f 3456//3456 3454//3454 3623//3623
f 3219//3219 3203//3203 3454//3454
f 3242//3242 3232//3232 3477//3477
f 3486//3486 3477//3477 3633//3633
f 3477//3477 3462//3462 3628//3628
f 3232//3232 3229//3229 3462//3462
f 2544//2544 2610//2610 2546//2546
f 2610//2610 2677//2677 2683//2683
f 2677//2677 2544//2544 2542//2542
f 2544//2544 2677//2677 2610//2610
f 2683//2683 2677//2677 2823//2823
f 2677//2677 2669//2669 2813//2813
f 2542//2542 2537//2537 2669//2669
f 2823//2823 2954//2954 2830//2830
f 2954//2954 3073//3073 3093//3093
f 3073//3073 2823//2823 2813//2813
f 2823//2823 3073//3073 2954//2954
f 2573//2573 2569//2569 2644//2644
f 2646//2646 2644//2644 2715//2715
f 2713//2713 2672//2672 2710//2710
f 2672//2672 2644//2644 2639//2639
f 2644//2644 2713//2713 2715//2715
f 2713//2713 2644//2644 2672//2672
f 2569//2569 2566//2566 2639//2639
f 2792//2792 2753//2753 2788//2788
f 2753//2753 2720//2720 2715//2715
f 2720//2720 2792//2792 2795//2795
f 2792//2792 2720//2720 2753//2753
f 2795//2795 2792//2792 2821//2821
f 2824//2824 2821//2821 2854//2854
f 2821//2821 2818//2818 2852//2852
f 2792//2792 2788//2788 2818//2818
f 2788//2788 2786//2786 2816//2816
f 2818//2818 2816//2816 2850//2850
f 2816//2816 2814//2814 2847//2847
f 2786//2786 2784//2784 2814//2814
f 2715//2715 2713//2713 2751//2751
f 2753//2753 2751//2751 2786//2786
f 2751//2751 2749//2749 2784//2784
f 2713//2713 2710//2710 2749//2749
f 2710//2710 2707//2707 2747//2747
f 2749//2749 2747//2747 2782//2782
f 2747//2747 2744//2744 2780//2780
f 2707//2707 2704//2704 2744//2744
f 2784//2784 2782//2782 2811//2811
f 2814//2814 2811//2811 2845//2845
f 2811//2811 2808//2808 2842//2842
f 2782//2782 2780//2780 2808//2808
f 2780//2780 2773//2773 2806//2806
f 2808//2808 2806//2806 2840//2840
f 2806//2806 2803//2803 2838//2838
f 2773//2773 2768//2768 2803//2803
f 2704//2704 2701//2701 2741//2741
f 2744//2744 2741//2741 2773//2773
f 2741//2741 2739//2739 2768//2768
f 2701//2701 2699//2699 2739//2739
f 2636//2636 2564//2564 2633//2633
f 2566//2566 2636//2636 2639//2639
f 2564//2564 2636//2636 2566//2566
f 2639//2639 2636//2636 2670//2670
f 2672//2672 2670//2670 2707//2707
f 2670//2670 2667//2667 2704//2704
f 2636//2636 2633//2633 2667//2667
f 2633//2633 2630//2630 2662//2662
f 2667//2667 2662//2662 2701//2701
f 2662//2662 2657//2657 2699//2699
f 2630//2630 2628//2628 2657//2657
f 2630//2630 2598//2598 2628//2628
f 2598//2598 2564//2564 2562//2562
f 2564//2564 2630//2630 2633//2633
f 2630//2630 2564//2564 2598//2598
f 2856//2856 2854//2854 2890//2890
f 2892//2892 2890//2890 2916//2916
f 2890//2890 2888//2888 2914//2914
f 2854//2854 2852//2852 2888//2888
f 2918//2918 2916//2916 2942//2942
f 2944//2944 2942//2942 2974//2974
f 2942//2942 2940//2940 2972//2972
f 2916//2916 2914//2914 2940//2940
f 2914//2914 2911//2911 2938//2938
f 2940//2940 2938//2938 2969//2969
f 2938//2938 2936//2936 2966//2966
f 2911//2911 2908//2908 2936//2936
f 2852//2852 2850//2850 2886//2886
f 2888//2888 2886//2886 2911//2911
f 2886//2886 2883//2883 2908//2908
f 2850//2850 2847//2847 2883//2883
f 2976//2976 2974//2974 3010//3010
f 3012//3012 3010//3010 3041//3041
f 3010//3010 3008//3008 3039//3039
f 2974//2974 2972//2972 3008//3008
f 3043//3043 3041//3041 3077//3077
f 3080//3080 3077//3077 3112//3112
f 3077//3077 3074//3074 3111//3111
f 3041//3041 3039//3039 3074//3074
f 3037//3037 3074//3074 3039//3039
f 3074//3074 3108//3108 3111//3111
f 3108//3108 3037//3037 3036//3036
f 3037//3037 3108//3108 3074//3074
f 2972//2972 2969//2969 3006//3006
f 3008//3008 3006//3006 3037//3037
f 3006//3006 3005//3005 3036//3036
f 2969//2969 2966//2966 3005//3005
f 3005//3005 3032//3032 3036//3036
f 2963//2963 3005//3005 2966//2966
f 3032//3032 3005//3005 2963//2963
f 3036//3036 3032//3032 3105//3105
f 3032//3032 3031//3031 3103//3103
f 2963//2963 2960//2960 3031//3031
f 2847//2847 2845//2845 2879//2879
f 2883//2883 2879//2879 2906//2906
f 2879//2879 2875//2875 2904//2904
f 2845//2845 2842//2842 2875//2875
f 2906//2906 2936//2936 2908//2908
f 2936//2936 2963//2963 2966//2966
f 2963//2963 2906//2906 2904//2904
f 2906//2906 2963//2963 2936//2936
f 2904//2904 2901//2901 2960//2960
f 2840//2840 2875//2875 2842//2842
f 2875//2875 2901//2901 2904//2904
f 2901//2901 2840//2840 2838//2838
f 2840//2840 2901//2901 2875//2875
f 2835//2835 2901//2901 2838//2838
f 2901//2901 2956//2956 2960//2960
f 2956//2956 2835//2835 2832//2832
f 2835//2835 2956//2956 2901//2901
f 3031//3031 3100//3100 3103//3103
f 2956//2956 3031//3031 2960//2960
f 3100//3100 3031//3031 2956//2956
f 2956//2956 2954//2954 3093//3093
f 2832//2832 2830//2830 2954//2954
f 2562//2562 2560//2560 2596//2596
f 2598//2598 2596//2596 2626//2626
f 2596//2596 2593//2593 2624//2624
f 2560//2560 2558//2558 2593//2593
f 2628//2628 2626//2626 2654//2654
f 2657//2657 2654//2654 2697//2697
f 2654//2654 2652//2652 2695//2695
f 2626//2626 2624//2624 2652//2652
f 2622//2622 2652//2652 2624//2624
f 2652//2652 2691//2691 2695//2695
f 2691//2691 2622//2622 2619//2619
f 2622//2622 2691//2691 2652//2652
f 2558//2558 2556//2556 2589//2589
f 2593//2593 2589//2589 2622//2622
f 2589//2589 2586//2586 2619//2619
f 2556//2556 2554//2554 2586//2586
f 2699//2699 2697//2697 2736//2736
f 2739//2739 2736//2736 2765//2765
f 2736//2736 2732//2732 2763//2763
f 2697//2697 2695//2695 2732//2732
f 2765//2765 2803//2803 2768//2768
f 2803//2803 2835//2835 2838//2838
f 2835//2835 2765//2765 2763//2763
f 2765//2765 2835//2835 2803//2803
f 2763//2763 2761//2761 2832//2832
f 2732//2732 2761//2761 2763//2763
f 2691//2691 2732//2732 2695//2695
f 2761//2761 2732//2732 2691//2691
f 2686//2686 2761//2761 2691//2691
f 2761//2761 2830//2830 2832//2832
f 2830//2830 2686//2686 2683//2683
f 2686//2686 2830//2830 2761//2761
f 2554//2554 2552//2552 2583//2583
f 2586//2586 2583//2583 2616//2616
f 2583//2583 2578//2578 2614//2614
f 2552//2552 2550//2550 2578//2578
f 2616//2616 2691//2691 2619//2619
f 2686//2686 2616//2616 2614//2614
f 2691//2691 2616//2616 2686//2686
f 2614//2614 2610//2610 2683//2683
f 2548//2548 2578//2578 2550//2550
f 2578//2578 2610//2610 2614//2614
f 2610//2610 2548//2548 2546//2546
f 2548//2548 2610//2610 2578//2578
f 2872//2872 2731//2731 2868//2868
f 2731//2731 2602//2602 2595//2595
f 2602//2602 2872//2872 2885//2885
f 2872//2872 2602//2602 2731//2731
f 2885//2885 2872//2872 3002//3002
f 3147//3147 3070//3070 3145//3145
f 3070//3070 3004//3004 3002//3002
f 3004//3004 3147//3147 3150//3150
f 3147//3147 3004//3004 3070//3070
f 3002//3002 2998//2998 3068//3068
f 3070//3070 3068//3068 3143//3143
f 3098//3098 3068//3068 3066//3066
f 3143//3143 3098//3098 3136//3136
f 3068//3068 3098//3098 3143//3143
f 2998//2998 2995//2995 3066//3066
f 2998//2998 2932//2932 2995//2995
f 2932//2932 2872//2872 2868//2868
f 2872//2872 2998//2998 3002//3002
f 2998//2998 2872//2872 2932//2932
f 2868//2868 2866//2866 2930//2930
f 2932//2932 2930//2930 2992//2992
f 2990//2990 2953//2953 2987//2987
f 2953//2953 2930//2930 2926//2926
f 2930//2930 2990//2990 2992//2992
f 2990//2990 2930//2930 2953//2953
f 2866//2866 2864//2864 2926//2926
f 3064//3064 3030//3030 3062//3062
f 3030//3030 2995//2995 2992//2992
f 2995//2995 3064//3064 3066//3066
f 3064//3064 2995//2995 3030//3030
f 3066//3066 3064//3064 3096//3096
f 3098//3098 3096//3096 3133//3133
f 3096//3096 3094//3094 3129//3129
f 3064//3064 3062//3062 3094//3094
f 3062//3062 3060//3060 3090//3090
f 3094//3094 3090//3090 3127//3127
f 3090//3090 3088//3088 3124//3124
f 3060//3060 3058//3058 3088//3088
f 2992//2992 2990//2990 3025//3025
f 3030//3030 3025//3025 3060//3060
f 3025//3025 3022//3022 3058//3058
f 2990//2990 2987//2987 3022//3022
f 2987//2987 2985//2985 3019//3019
f 3022//3022 3019//3019 3056//3056
f 3019//3019 3016//3016 3053//3053
f 2985//2985 2982//2982 3016//3016
f 3058//3058 3056//3056 3086//3086
f 3088//3088 3086//3086 3122//3122
f 3086//3086 3084//3084 3120//3120
f 3056//3056 3053//3053 3084//3084
f 3053//3053 3046//3046 3082//3082
f 3084//3084 3082//3082 3118//3118
f 3082//3082 3080//3080 3115//3115
f 3046//3046 3043//3043 3080//3080
f 2982//2982 2978//2978 3014//3014
f 3016//3016 3014//3014 3046//3046
f 3014//3014 3012//3012 3043//3043
f 2978//2978 2976//2976 3012//3012
f 2924//2924 2896//2896 2922//2922
f 2896//2896 2864//2864 2861//2861
f 2864//2864 2924//2924 2926//2926
f 2924//2924 2864//2864 2896//2896
f 2926//2926 2924//2924 2950//2950
f 2953//2953 2950//2950 2985//2985
f 2950//2950 2948//2948 2982//2982
f 2924//2924 2922//2922 2948//2948
f 2922//2922 2920//2920 2946//2946
f 2948//2948 2946//2946 2978//2978
f 2946//2946 2944//2944 2976//2976
f 2920//2920 2918//2918 2944//2944
f 2861//2861 2858//2858 2894//2894
f 2896//2896 2894//2894 2920//2920
f 2894//2894 2892//2892 2918//2918
f 2858//2858 2856//2856 2892//2892
f 2595//2595 2581//2581 2727//2727
f 2866//2866 2800//2800 2864//2864
f 2800//2800 2731//2731 2727//2727
f 2731//2731 2866//2866 2868//2868
f 2866//2866 2731//2731 2800//2800
f 2727//2727 2723//2723 2798//2798
f 2800//2800 2798//2798 2861//2861
f 2858//2858 2824//2824 2856//2856
f 2824//2824 2798//2798 2795//2795
f 2798//2798 2858//2858 2861//2861
f 2858//2858 2798//2798 2824//2824
f 2723//2723 2720//2720 2795//2795
f 2723//2723 2646//2646 2720//2720
f 2646//2646 2581//2581 2573//2573
f 2581//2581 2723//2723 2727//2727
f 2723//2723 2581//2581 2646//2646
f 2641//2641 2621//2621 2898//2898
f 2902//2902 2898//2898 3158//3158
f 3155//3155 3004//3004 3150//3150
f 3004//3004 2898//2898 2885//2885
f 2898//2898 3155//3155 3158//3158
f 3155//3155 2898//2898 3004//3004
f 2621//2621 2602//2602 2885//2885
f 3186//3186 2902//2902 3181//3181
f 2902//2902 2665//2665 2641//2641
f 2665//2665 3186//3186 3203//3203
f 3186//3186 2665//2665 2902//2902
f 3219//3219 2665//2665 3203//3203
f 2694//2694 3219//3219 3229//3229
f 2665//2665 3219//3219 2694//2694
f 3232//3232 2694//2694 3229//3229
f 2726//2726 3232//3232 3242//3242
f 2694//2694 3232//3232 2726//2726
f 2218//2218 2216//2216 2240//2240
f 2242//2242 2240//2240 2268//2268
f 2240//2240 2238//2238 2266//2266
f 2216//2216 2213//2213 2238//2238
f 2270//2270 2268//2268 2292//2292
f 2294//2294 2292//2292 2318//2318
f 2292//2292 2290//2290 2316//2316
f 2268//2268 2266//2266 2290//2290
f 2266//2266 2264//2264 2287//2287
f 2290//2290 2287//2287 2314//2314
f 2287//2287 2285//2285 2312//2312
f 2264//2264 2262//2262 2285//2285
f 2213//2213 2210//2210 2236//2236
f 2238//2238 2236//2236 2264//2264
f 2236//2236 2233//2233 2262//2262
f 2210//2210 2208//2208 2233//2233
f 2208//2208 2206//2206 2230//2230
f 2233//2233 2230//2230 2260//2260
f 2230//2230 2228//2228 2258//2258
f 2206//2206 2204//2204 2228//2228
f 2262//2262 2260//2260 2282//2282
f 2285//2285 2282//2282 2310//2310
f 2282//2282 2280//2280 2307//2307
f 2260//2260 2258//2258 2280//2280
f 2280//2280 2304//2304 2307//2307
f 2256//2256 2280//2280 2258//2258
f 2304//2304 2280//2280 2256//2256
f 2228//2228 2256//2256 2258//2258
f 2202//2202 2228//2228 2204//2204
f 2256//2256 2228//2228 2202//2202
f 2320//2320 2318//2318 2349//2349
f 2352//2352 2349//2349 2377//2377
f 2349//2349 2345//2345 2374//2374
f 2318//2318 2316//2316 2345//2345
f 2380//2380 2377//2377 2403//2403
f 2405//2405 2403//2403 2438//2438
f 2403//2403 2401//2401 2436//2436
f 2377//2377 2374//2374 2401//2401
f 2374//2374 2372//2372 2399//2399
f 2401//2401 2399//2399 2432//2432
f 2399//2399 2398//2398 2430//2430
f 2372//2372 2370//2370 2398//2398
f 2316//2316 2314//2314 2342//2342
f 2345//2345 2342//2342 2372//2372
f 2342//2342 2338//2338 2370//2370
f 2314//2314 2312//2312 2338//2338
f 2440//2440 2438//2438 2465//2465
f 2468//2468 2465//2465 2491//2491
f 2465//2465 2461//2461 2488//2488
f 2438//2438 2436//2436 2461//2461
f 2491//2491 2516//2516 2494//2494
f 2516//2516 2544//2544 2546//2546
f 2544//2544 2491//2491 2488//2488
f 2491//2491 2544//2544 2516//2516
f 2488//2488 2486//2486 2542//2542
f 2432//2432 2461//2461 2436//2436
f 2461//2461 2486//2486 2488//2488
f 2486//2486 2432//2432 2430//2430
f 2432//2432 2486//2486 2461//2461
f 2427//2427 2486//2486 2430//2430
f 2486//2486 2537//2537 2542//2542
f 2537//2537 2427//2427 2425//2425
f 2427//2427 2537//2537 2486//2486
f 2310//2310 2338//2338 2312//2312
f 2338//2338 2366//2366 2370//2370
f 2366//2366 2310//2310 2307//2307
f 2310//2310 2366//2366 2338//2338
f 2398//2398 2427//2427 2430//2430
f 2366//2366 2398//2398 2370//2370
f 2427//2427 2398//2398 2366//2366
f 2366//2366 2364//2364 2425//2425
f 2307//2307 2304//2304 2364//2364
f 2302//2302 2364//2364 2304//2304
f 2364//2364 2422//2422 2425//2425
f 2422//2422 2302//2302 2300//2300
f 2302//2302 2422//2422 2364//2364
f 2425//2425 2422//2422 2529//2529
f 2202//2202 2198//2198 2254//2254
f 2256//2256 2254//2254 2302//2302
f 2254//2254 2249//2249 2300//2300
f 2198//2198 2249//2249 2254//2254
f 2351//2351 2337//2337 2458//2458
f 2569//2569 2514//2514 2566//2566
f 2514//2514 2466//2466 2458//2458
f 2466//2466 2569//2569 2573//2573
f 2569//2569 2466//2466 2514//2514
f 2458//2458 2456//2456 2512//2512
f 2514//2514 2512//2512 2564//2564
f 2534//2534 2512//2512 2510//2510
f 2564//2564 2534//2534 2562//2562
f 2512//2512 2534//2534 2564//2564
f 2456//2456 2454//2454 2510//2510
f 2456//2456 2397//2397 2454//2454
f 2397//2397 2337//2337 2334//2334
f 2337//2337 2456//2456 2458//2458
f 2456//2456 2337//2337 2397//2397
f 2334//2334 2332//2332 2395//2395
f 2397//2397 2395//2395 2452//2452
f 2450//2450 2419//2419 2448//2448
f 2419//2419 2395//2395 2389//2389
f 2395//2395 2450//2450 2452//2452
f 2450//2450 2395//2395 2419//2419
f 2360//2360 2332//2332 2330//2330
f 2395//2395 2360//2360 2389//2389
f 2332//2332 2360//2360 2395//2395
f 2508//2508 2480//2480 2506//2506
f 2480//2480 2454//2454 2452//2452
f 2454//2454 2508//2508 2510//2510
f 2508//2508 2454//2454 2480//2480
f 2510//2510 2508//2508 2532//2532
f 2534//2534 2532//2532 2560//2560
f 2532//2532 2530//2530 2558//2558
f 2508//2508 2506//2506 2530//2530
f 2506//2506 2504//2504 2527//2527
f 2530//2530 2527//2527 2556//2556
f 2527//2527 2524//2524 2554//2554
f 2504//2504 2502//2502 2524//2524
f 2452//2452 2450//2450 2478//2478
f 2480//2480 2478//2478 2504//2504
f 2478//2478 2476//2476 2502//2502
f 2450//2450 2448//2448 2476//2476
f 2448//2448 2446//2446 2474//2474
f 2476//2476 2474//2474 2500//2500
f 2474//2474 2472//2472 2498//2498
f 2446//2446 2444//2444 2472//2472
f 2502//2502 2500//2500 2522//2522
f 2524//2524 2522//2522 2552//2552
f 2522//2522 2520//2520 2550//2550
f 2500//2500 2498//2498 2520//2520
f 2498//2498 2496//2496 2518//2518
f 2520//2520 2518//2518 2548//2548
f 2518//2518 2516//2516 2546//2546
f 2496//2496 2494//2494 2516//2516
f 2444//2444 2442//2442 2470//2470
f 2472//2472 2470//2470 2496//2496
f 2470//2470 2468//2468 2494//2494
f 2442//2442 2440//2440 2468//2468
f 2330//2330 2328//2328 2358//2358
f 2360//2360 2358//2358 2386//2386
f 2358//2358 2356//2356 2384//2384
f 2328//2328 2326//2326 2356//2356
f 2389//2389 2386//2386 2416//2416
f 2419//2419 2416//2416 2446//2446
f 2416//2416 2413//2413 2444//2444
f 2386//2386 2384//2384 2413//2413
f 2384//2384 2382//2382 2408//2408
f 2413//2413 2408//2408 2442//2442
f 2408//2408 2405//2405 2440//2440
f 2382//2382 2380//2380 2405//2405
f 2326//2326 2322//2322 2354//2354
f 2356//2356 2354//2354 2382//2382
f 2354//2354 2352//2352 2380//2380
f 2322//2322 2320//2320 2352//2352
f 2332//2332 2277//2277 2330//2330
f 2334//2334 2223//2223 2277//2277
f 2223//2223 2220//2220 2274//2274
f 2328//2328 2298//2298 2326//2326
f 2298//2298 2277//2277 2274//2274
f 2277//2277 2328//2328 2330//2330
f 2328//2328 2277//2277 2298//2298
f 2274//2274 2272//2272 2296//2296
f 2298//2298 2296//2296 2322//2322
f 2296//2296 2294//2294 2320//2320
f 2272//2272 2270//2270 2294//2294
f 2272//2272 2242//2242 2270//2270
f 2242//2242 2220//2220 2218//2218
f 2220//2220 2272//2272 2274//2274
f 2272//2272 2220//2220 2242//2242
f 2379//2379 2362//2362 2595//2595
f 2581//2581 2466//2466 2573//2573
f 2466//2466 2362//2362 2351//2351
f 2362//2362 2581//2581 2595//2595
f 2581//2581 2362//2362 2466//2466
f 3908//3908 3898//3898 3571//3571
f 3756//3756 3892//3892 3843//3843
f 3754//3754 3898//3898 3892//3892
f 3888//3888 3843//3843 3892//3892
f 3845//3845 3843//3843 3888//3888
f 3885//3885 3847//3847 3888//3888
f 3845//3845 3888//3888 3847//3847
f 3849//3849 3847//3847 3885//3885
f 3885//3885 3851//3851 3849//3849
f 3879//3879 3853//3853 3885//3885
f 3885//3885 3853//3853 3851//3851
f 3855//3855 3853//3853 3879//3879
f 3745//3745 3908//3908 3571//3571
f 3579//3579 3571//3571 3387//3387
f 3571//3571 3898//3898 3575//3575
f 3360//3360 3073//3073 3387//3387
f 3142//3142 3387//3387 3073//3073
f 3142//3142 3073//3073 2877//2877
f 3093//3093 3073//3073 3360//3360
f 3898//3898 3754//3754 3750//3750
f 3892//3892 3756//3756 3754//3754
f 3575//3575 3750//3750 3581//3581
f 3750//3750 3575//3575 3898//3898
f 3843//3843 3759//3759 3756//3756
f 3579//3579 3745//3745 3571//3571
f 3861//3861 3879//3879 3881//3881
f 3855//3855 3879//3879 3857//3857
f 3857//3857 3879//3879 3859//3859
f 3879//3879 3861//3861 3859//3859
f 3881//3881 3863//3863 3861//3861
f 3867//3867 3863//3863 3881//3881
f 3890//3890 3894//3894 3876//3876
f 3894//3894 3904//3904 3808//3808
f 3881//3881 3890//3890 3869//3869
f 3890//3890 3873//3873 3871//3871
f 3890//3890 3871//3871 3869//3869
f 3869//3869 3867//3867 3881//3881
f 3890//3890 3874//3874 3873//3873
f 3876//3876 3894//3894 3800//3800
f 3890//3890 3876//3876 3874//3874
f 3800//3800 3894//3894 3802//3802
f 3804//3804 3637//3637 3808//3808
f 3802//3802 3894//3894 3808//3808
f 3904//3904 3804//3804 3808//3808
f 3681//3681 3595//3595 3637//3637
f 3637//3637 3804//3804 3681//3681
f 3267//3267 3242//3242 3391//3391
f 3486//3486 3510//3510 3391//3391
f 3595//3595 3510//3510 3486//3486
f 3637//3637 3595//3595 3486//3486
f 3242//3242 3486//3486 3391//3391
f 2877//2877 2813//2813 2604//2604
f 2604//2604 2529//2529 2394//2394
f 2529//2529 2604//2604 2669//2669
f 2300//2300 2394//2394 2422//2422
f 2185//2185 2300//2300 2249//2249
f 2537//2537 2529//2529 2669//2669
f 2183//2183 2249//2249 2198//2198
f 2184//2184 2202//2202 2204//2204
f 2202//2202 2184//2184 2198//2198
f 2185//2185 2394//2394 2300//2300
f 2206//2206 2208//2208 2187//2187
f 2208//2208 2210//2210 2187//2187
f 2204//2204 2206//2206 2184//2184
f 2184//2184 2183//2183 2198//2198
f 2183//2183 2185//2185 2249//2249
f 2206//2206 2187//2187 2184//2184
f 2187//2187 2213//2213 2216//2216
f 2187//2187 2216//2216 2218//2218
f 2220//2220 2188//2188 2218//2218
f 2187//2187 2218//2218 2188//2188
f 2189//2189 2188//2188 2223//2223
f 2220//2220 2223//2223 2188//2188
f 2187//2187 2210//2210 2213//2213
f 2602//2602 2621//2621 2379//2379
f 2621//2621 2641//2641 2215//2215
f 2694//2694 2726//2726 2253//2253
f 2641//2641 2665//2665 2226//2226
f 2665//2665 2694//2694 2253//2253
f 3117//3117 2971//2971 3242//3242
f 2726//2726 3242//3242 2971//2971
f 3267//3267 3117//3117 3242//3242
f 2706//2706 2582//2582 2726//2726
f 2726//2726 2582//2582 2484//2484
f 2726//2726 2848//2848 2706//2706
f 2971//2971 2848//2848 2726//2726
f 2193//2193 2337//2337 2351//2351
f 2193//2193 2351//2351 2362//2362
f 2191//2191 2337//2337 2193//2193
f 2193//2193 2362//2362 2200//2200
f 2362//2362 2379//2379 2200//2200
f 2191//2191 2334//2334 2337//2337
f 2191//2191 2189//2189 2334//2334
f 2391//2391 2726//2726 2484//2484
f 2215//2215 2200//2200 2621//2621
f 2288//2288 2253//2253 2726//2726
f 2288//2288 2726//2726 2391//2391
f 2621//2621 2200//2200 2379//2379
f 2189//2189 2223//2223 2334//2334
f 3929//3929 3818//3818 3931//3931
f 4022//4022 3929//3929 4031//4031
f 3792//3792 3629//3629 3818//3818
f 3919//3919 3792//3792 3929//3929
f 3577//3577 3451//3451 3629//3629
f 3714//3714 3577//3577 3792//3792
f 3343//3343 3165//3165 3451//3451
f 3499//3499 3343//3343 3577//3577
f 3028//3028 2882//2882 3165//3165
f 3187//3187 3028//3028 3343//3343
f 2717//2717 2590//2590 2882//2882
f 2836//2836 2717//2717 3028//3028
f 3942//3942 3946//3946 3950//3950
f 3934//3934 3942//3942 3954//3954
f 3942//3942 3950//3950 3954//3954
f 3931//3931 4002//4002 4035//4035
f 3954//3954 4002//4002 3904//3904
f 3934//3934 3954//3954 3904//3904
f 3681//3681 3804//3804 3931//3931
f 3818//3818 3595//3595 3681//3681
f 3595//3595 3629//3629 3510//3510
f 4002//4002 3931//3931 3904//3904
f 3931//3931 3804//3804 3904//3904
f 3818//3818 3681//3681 3931//3931
f 3818//3818 3629//3629 3595//3595
f 4053//4053 3931//3931 4035//4035
f 3629//3629 3391//3391 3510//3510
f 4084//4084 4099//4099 4031//4031
f 4099//4099 4128//4128 4074//4074
f 4074//4074 4145//4145 4143//4143
f 4145//4145 4161//4161 4143//4143
f 4128//4128 4145//4145 4074//4074
f 4031//4031 4053//4053 4084//4084
f 4143//4143 4126//4126 4074//4074
f 4080//4080 4022//4022 4074//4074
f 4043//4043 3919//3919 4022//4022
f 3919//3919 4043//4043 4016//4016
f 4095//4095 4074//4074 4126//4126
f 4022//4022 4080//4080 4043//4043
f 4095//4095 4080//4080 4074//4074
f 4031//4031 4099//4099 4074//4074
f 4031//4031 3931//3931 4053//4053
f 2971//2971 3117//3117 3165//3165
f 2848//2848 2971//2971 3165//3165
f 3451//3451 3267//3267 3391//3391
f 3117//3117 3267//3267 3451//3451
f 3451//3451 3165//3165 3117//3117
f 3165//3165 2882//2882 2848//2848
f 2582//2582 2706//2706 2882//2882
f 2590//2590 2484//2484 2582//2582
f 2484//2484 2590//2590 2391//2391
f 2590//2590 2582//2582 2882//2882
f 2590//2590 2433//2433 2288//2288
f 2590//2590 2288//2288 2391//2391
f 2848//2848 2882//2882 2706//2706
f 2717//2717 2433//2433 2590//2590
f 3714//3714 3919//3919 3959//3959
f 3742//3742 3499//3499 3714//3714
f 3187//3187 3499//3499 3494//3494
f 3499//3499 3621//3621 3494//3494
f 3714//3714 3959//3959 3889//3889
f 3499//3499 3742//3742 3621//3621
f 3742//3742 3714//3714 3889//3889
f 4016//4016 3959//3959 3919//3919
f 3494//3494 3303//3303 3187//3187
f 3187//3187 3303//3303 3109//3109
f 2836//2836 2433//2433 2717//2717
f 2836//2836 3187//3187 3109//3109
f 2836//2836 3109//3109 2934//2934
f 2836//2836 2757//2757 2570//2570
f 2757//2757 2836//2836 2934//2934
f 2836//2836 2570//2570 2433//2433
f 3391//3391 3629//3629 3451//3451
f 4076//4076 4072//4072 4124//4124
f 4077//4077 4076//4076 4132//4132
f 4082//4082 4077//4077 4133//4133
f 4014//4014 4006//4006 4072//4072
f 4019//4019 4014//4014 4076//4076
f 4024//4024 4019//4019 4077//4077
f 3900//3900 3878//3878 4006//4006
f 3902//3902 3900//3900 4014//4014
f 3910//3910 3902//3902 4019//4019
f 3655//3655 3631//3631 3878//3878
f 3661//3661 3655//3655 3900//3900
f 3667//3667 3661//3661 3902//3902
f 3374//3374 3352//3352 3631//3631
f 3401//3401 3374//3374 3655//3655
f 3423//3423 3401//3401 3661//3661
f 3001//3001 2959//2959 3352//3352
f 3029//3029 3001//3001 3374//3374
f 3035//3035 3029//3029 3401//3401
f 4143//4143 4161//4161 4163//4163
f 4165//4165 4143//4143 4163//4163
f 4143//4143 4165//4165 4124//4124
f 4177//4177 4185//4185 4133//4133
f 4165//4165 4169//4169 4124//4124
f 4169//4169 4177//4177 4132//4132
f 4124//4124 4126//4126 4143//4143
f 4072//4072 4080//4080 4095//4095
f 4006//4006 4016//4016 4043//4043
f 4072//4072 4043//4043 4080//4080
f 4169//4169 4132//4132 4124//4124
f 4043//4043 4072//4072 4006//4006
f 4072//4072 4095//4095 4124//4124
f 4177//4177 4133//4133 4132//4132
f 4006//4006 3959//3959 4016//4016
f 4126//4126 4124//4124 4095//4095
f 4135//4135 4133//4133 4185//4185
f 4197//4197 4201//4201 4135//4135
f 4135//4135 4193//4193 4197//4197
f 4135//4135 4201//4201 4205//4205
f 4135//4135 4209//4209 4213//4213
f 4213//4213 4226//4226 4135//4135
f 4153//4153 4226//4226 4217//4217
f 4209//4209 4135//4135 4205//4205
f 4135//4135 4189//4189 4193//4193
f 4135//4135 4153//4153 4141//4141
f 4226//4226 4153//4153 4135//4135
f 4135//4135 4141//4141 4103//4103
f 4135//4135 4185//4185 4189//4189
f 4082//4082 4089//4089 4049//4049
f 4024//4024 4049//4049 4029//4029
f 4089//4089 4082//4082 4103//4103
f 3979//3979 4024//4024 4029//4029
f 3878//3878 3742//3742 3889//3889
f 3631//3631 3494//3494 3621//3621
f 3631//3631 3621//3621 3742//3742
f 3878//3878 3889//3889 3959//3959
f 3631//3631 3742//3742 3878//3878
f 3631//3631 3352//3352 3494//3494
f 3352//3352 3303//3303 3494//3494
f 2959//2959 2934//2934 3109//3109
f 2600//2600 2570//2570 2757//2757
f 2959//2959 2757//2757 2934//2934
f 3352//3352 2959//2959 3109//3109
f 3001//3001 2613//2613 2959//2959
f 2600//2600 2959//2959 2613//2613
f 2959//2959 2600//2600 2757//2757
f 3109//3109 3303//3303 3352//3352
f 2634//2634 2613//2613 3001//3001
f 3910//3910 3979//3979 3915//3915
f 3910//3910 4024//4024 3979//3979
f 3910//3910 3819//3819 3667//3667
f 3667//3667 3567//3567 3423//3423
f 3910//3910 3915//3915 3819//3819
f 3667//3667 3689//3689 3567//3567
f 3435//3435 3258//3258 3423//3423
f 2649//2649 3001//3001 3029//3029
f 3029//3029 2664//2664 2649//2649
f 2649//2649 2634//2634 3001//3001
f 3035//3035 2664//2664 3029//3029
f 3035//3035 3258//3258 3052//3052
f 3035//3035 2870//2870 2664//2664
f 2675//2675 2664//2664 2870//2870
f 3052//3052 2870//2870 3035//3035
f 3258//3258 3035//3035 3423//3423
f 3878//3878 3959//3959 4006//4006
f 4087//4087 4088//4088 4139//4139
f 4086//4086 4087//4087 4139//4139
f 4027//4027 4028//4028 4087//4087
f 4026//4026 4027//4027 4087//4087
f 3913//3913 3914//3914 4027//4027
f 3912//3912 3913//3913 4027//4027
f 3687//3687 3688//3688 3913//3913
f 3685//3685 3687//3687 3913//3913
f 3433//3433 3434//3434 3687//3687
f 3432//3432 3433//3433 3687//3687
f 3050//3050 3051//3051 3433//3433
f 3049//3049 3050//3050 3433//3433
f 4218//4218 4153//4153 4217//4217
f 4140//4140 4141//4141 4153//4153
f 4140//4140 4219//4219 4220//4220
f 4219//4219 4140//4140 4218//4218
f 4153//4153 4218//4218 4140//4140
f 4140//4140 4220//4220 4139//4139
f 4140//4140 4103//4103 4141//4141
f 4088//4088 4089//4089 4103//4103
f 4088//4088 4049//4049 4089//4089
f 4028//4028 4029//4029 4049//4049
f 4029//4029 4028//4028 3979//3979
f 4140//4140 4088//4088 4103//4103
f 4139//4139 4221//4221 4222//4222
f 4220//4220 4221//4221 4139//4139
f 4138//4138 4222//4222 4223//4223
f 4152//4152 4224//4224 4225//4225
f 4152//4152 4138//4138 4224//4224
f 4224//4224 4138//4138 4223//4223
f 4139//4139 4222//4222 4138//4138
f 4152//4152 4137//4137 4138//4138
f 4138//4138 4137//4137 4102//4102
f 4086//4086 4138//4138 4102//4102
f 4086//4086 4085//4085 4048//4048
f 4086//4086 4102//4102 4085//4085
f 4026//4026 4048//4048 4025//4025
f 3977//3977 4026//4026 4025//4025
f 3914//3914 3915//3915 3979//3979
f 3914//3914 3819//3819 3915//3915
f 3688//3688 3689//3689 3819//3819
f 3688//3688 3819//3819 3914//3914
f 3434//3434 3435//3435 3567//3567
f 3688//3688 3567//3567 3689//3689
f 3051//3051 3052//3052 3258//3258
f 3051//3051 2870//2870 3052//3052
f 3051//3051 3258//3258 3434//3434
f 3051//3051 2674//2674 2675//2675
f 3051//3051 2675//2675 2870//2870
f 3435//3435 3434//3434 3258//3258
f 3050//3050 2674//2674 3051//3051
f 3912//3912 3977//3977 3911//3911
f 3912//3912 4026//4026 3977//3977
f 3912//3912 3911//3911 3817//3817
f 3685//3685 3684//3684 3566//3566
f 3684//3684 3685//3685 3817//3817
f 3566//3566 3432//3432 3685//3685
f 3566//3566 3431//3431 3432//3432
f 3432//3432 3431//3431 3257//3257
f 3049//3049 2674//2674 3050//3050
f 3049//3049 3432//3432 3257//3257
f 3049//3049 3257//3257 3048//3048
f 3049//3049 2869//2869 2673//2673
f 2869//2869 3049//3049 3048//3048
f 3049//3049 2673//2673 2674//2674
f 4078//4078 4081//4081 4134//4134
f 4075//4075 4078//4078 4131//4131
f 4071//4071 4075//4075 4123//4123
f 4017//4017 4023//4023 4078//4078
f 4013//4013 4017//4017 4075//4075
f 4005//4005 4013//4013 4071//4071
f 3901//3901 3909//3909 4017//4017
f 3899//3899 3901//3901 4013//4013
f 3877//3877 3899//3899 4005//4005
f 3660//3660 3666//3666 3901//3901
f 3653//3653 3660//3660 3899//3899
f 3630//3630 3653//3653 3877//3877
f 3400//3400 3422//3422 3660//3660
f 3372//3372 3400//3400 3653//3653
f 3350//3350 3372//3372 3630//3630
f 3027//3027 3033//3033 3400//3400
f 2999//2999 3027//3027 3372//3372
f 2957//2957 2999//2999 3350//3350
f 4210//4210 4206//4206 4136//4136
f 4214//4214 4136//4136 4227//4227
f 4214//4214 4210//4210 4136//4136
f 4202//4202 4198//4198 4136//4136
f 4198//4198 4194//4194 4136//4136
f 4206//4206 4202//4202 4136//4136
f 4152//4152 4225//4225 4227//4227
f 4136//4136 4137//4137 4152//4152
f 4081//4081 4085//4085 4102//4102
f 4136//4136 4102//4102 4137//4137
f 4190//4190 4136//4136 4194//4194
f 4081//4081 4102//4102 4136//4136
f 4023//4023 4025//4025 4048//4048
f 4023//4023 4048//4048 4081//4081
f 4227//4227 4136//4136 4152//4152
f 4176//4176 4168//4168 4131//4131
f 4168//4168 4164//4164 4123//4123
f 4186//4186 4176//4176 4134//4134
f 4142//4142 4162//4162 4160//4160
f 4125//4125 4123//4123 4142//4142
f 4142//4142 4123//4123 4164//4164
f 4162//4162 4142//4142 4164//4164
f 4186//4186 4136//4136 4190//4190
f 4176//4176 4131//4131 4134//4134
f 4094//4094 4071//4071 4123//4123
f 4168//4168 4123//4123 4131//4131
f 4079//4079 4071//4071 4094//4094
f 4015//4015 4005//4005 4042//4042
f 4071//4071 4079//4079 4042//4042
f 3958//3958 4005//4005 4015//4015
f 4071//4071 4042//4042 4005//4005
f 4125//4125 4094//4094 4123//4123
f 4186//4186 4134//4134 4136//4136
f 3977//3977 4025//4025 4023//4023
f 3909//3909 3911//3911 3977//3977
f 3666//3666 3684//3684 3817//3817
f 3909//3909 3817//3817 3911//3911
f 3666//3666 3817//3817 3909//3909
f 3422//3422 3431//3431 3566//3566
f 3666//3666 3566//3566 3684//3684
f 3033//3033 3048//3048 3257//3257
f 2661//2661 2673//2673 2869//2869
f 3033//3033 2869//2869 3048//3048
f 3257//3257 3422//3422 3033//3033
f 2647//2647 2661//2661 3027//3027
f 3033//3033 3027//3027 2661//2661
f 2661//2661 2869//2869 3033//3033
f 3431//3431 3422//3422 3257//3257
f 2647//2647 3027//3027 2999//2999
f 3877//3877 3958//3958 3886//3886
f 3877//3877 4005//4005 3958//3958
f 3630//3630 3877//3877 3741//3741
f 3350//3350 3630//3630 3493//3493
f 3877//3877 3886//3886 3741//3741
f 3630//3630 3620//3620 3493//3493
f 3350//3350 3493//3493 3302//3302
f 3620//3620 3630//3630 3741//3741
f 3302//3302 3107//3107 3350//3350
f 3350//3350 3107//3107 2957//2957
f 2611//2611 2999//2999 2957//2957
f 2999//2999 2611//2611 2632//2632
f 2632//2632 2647//2647 2999//2999
f 2599//2599 2611//2611 2957//2957
f 2933//2933 2957//2957 3107//3107
f 2568//2568 2599//2599 2756//2756
f 2957//2957 2933//2933 2756//2756
f 2957//2957 2756//2756 2599//2599
f 3977//3977 4023//4023 3909//3909
f 3928//3928 4021//4021 4030//4030
f 3816//3816 3928//3928 3930//3930
f 3791//3791 3918//3918 3928//3928
f 3627//3627 3791//3791 3816//3816
f 3576//3576 3713//3713 3791//3791
f 3448//3448 3576//3576 3627//3627
f 3341//3341 3497//3497 3576//3576
f 3162//3162 3341//3341 3448//3448
f 3024//3024 3185//3185 3341//3341
f 2878//2878 3024//3024 3162//3162
f 2716//2716 2834//2834 3024//3024
f 2587//2587 2716//2716 2878//2878
f 4142//4142 4160//4160 4144//4144
f 4142//4142 4144//4144 4073//4073
f 4098//4098 4083//4083 4030//4030
f 4144//4144 4127//4127 4073//4073
f 4127//4127 4098//4098 4073//4073
f 4073//4073 4125//4125 4142//4142
f 4073//4073 4079//4079 4094//4094
f 3918//3918 4015//4015 4042//4042
f 4021//4021 4042//4042 4079//4079
f 4098//4098 4030//4030 4073//4073
f 4042//4042 4021//4021 3918//3918
f 4021//4021 4079//4079 4073//4073
f 3918//3918 3958//3958 4015//4015
f 4125//4125 4073//4073 4094//4094
f 4052//4052 4030//4030 4083//4083
f 4034//4034 4001//4001 3930//3930
f 4001//4001 3955//3955 3903//3903
f 3943//3943 3955//3955 3951//3951
f 3951//3951 3947//3947 3943//3943
f 3935//3935 3955//3955 3943//3943
f 3930//3930 4052//4052 4034//4034
f 3903//3903 3955//3955 3935//3935
f 3803//3803 3930//3930 3903//3903
f 4030//4030 4052//4052 3930//3930
f 3903//3903 3930//3930 4001//4001
f 3816//3816 3930//3930 3680//3680
f 3680//3680 3930//3930 3803//3803
f 3816//3816 3680//3680 3593//3593
f 3593//3593 3508//3508 3627//3627
f 3816//3816 3593//3593 3627//3627
f 3713//3713 3741//3741 3886//3886
f 3713//3713 3886//3886 3958//3958
f 3713//3713 3497//3497 3741//3741
f 3620//3620 3741//3741 3497//3497
f 3185//3185 3493//3493 3497//3497
f 3620//3620 3497//3497 3493//3493
f 2834//2834 2933//2933 3107//3107
f 2834//2834 2568//2568 2756//2756
f 2834//2834 2756//2756 2933//2933
f 3185//3185 3107//3107 3302//3302
f 3493//3493 3185//3185 3302//3302
f 2834//2834 2716//2716 2429//2429
f 3185//3185 2834//2834 3107//3107
f 2429//2429 2568//2568 2834//2834
f 3508//3508 3389//3389 3627//3627
f 3448//3448 3627//3627 3389//3389
f 3265//3265 3448//3448 3389//3389
f 3162//3162 3448//3448 3114//3114
f 3114//3114 3448//3448 3265//3265
f 3162//3162 3114//3114 2968//2968
f 3162//3162 2968//2968 2844//2844
f 2844//2844 2878//2878 3162//3162
f 2587//2587 2878//2878 2575//2575
f 2587//2587 2284//2284 2429//2429
f 2284//2284 2587//2587 2387//2387
f 2575//2575 2878//2878 2703//2703
f 2587//2587 2575//2575 2483//2483
f 2587//2587 2483//2483 2387//2387
f 2844//2844 2703//2703 2878//2878
f 2587//2587 2429//2429 2716//2716
f 3958//3958 3918//3918 3713//3713
f 3626//3626 3632//3632 3799//3799
f 3632//3632 3636//3636 3801//3801
f 3793//3793 3624//3624 3795//3795
f 3622//3622 3793//3793 3789//3789
f 3624//3624 3793//3793 3622//3622
f 3793//3793 3872//3872 3789//3789
f 3875//3875 3793//3793 3795//3795
f 3624//3624 3626//3626 3795//3795
f 3656//3656 3699//3699 3697//3697
f 3699//3699 3616//3616 3701//3701
f 3616//3616 3656//3656 3612//3612
f 3656//3656 3616//3616 3699//3699
f 3697//3697 3699//3699 3731//3731
f 3731//3731 3733//3733 3773//3773
f 3733//3733 3735//3735 3777//3777
f 3699//3699 3701//3701 3733//3733
f 3735//3735 3781//3781 3779//3779
f 3781//3781 3705//3705 3784//3784
f 3705//3705 3735//3735 3701//3701
f 3735//3735 3705//3705 3781//3781
f 3616//3616 3618//3618 3701//3701
f 3773//3773 3777//3777 3828//3828
f 3828//3828 3830//3830 3854//3854
f 3830//3830 3832//3832 3856//3856
f 3777//3777 3779//3779 3830//3830
f 3779//3779 3781//3781 3832//3832
f 3832//3832 3834//3834 3858//3858
f 3834//3834 3836//3836 3860//3860
f 3781//3781 3784//3784 3834//3834
f 3836//3836 3865//3865 3862//3862
f 3865//3865 3787//3787 3868//3868
f 3787//3787 3836//3836 3784//3784
f 3836//3836 3787//3787 3865//3865
f 3870//3870 3789//3789 3872//3872
f 3787//3787 3870//3870 3868//3868
f 3789//3789 3870//3870 3787//3787
f 3705//3705 3787//3787 3784//3784
f 3787//3787 3622//3622 3789//3789
f 3622//3622 3705//3705 3618//3618
f 3705//3705 3622//3622 3787//3787
f 3592//3592 3596//3596 3638//3638
f 3638//3638 3640//3640 3672//3672
f 3640//3640 3642//3642 3674//3674
f 3596//3596 3599//3599 3640//3640
f 3719//3719 3674//3674 3676//3676
f 3674//3674 3758//3758 3672//3672
f 3758//3758 3719//3719 3761//3761
f 3719//3719 3758//3758 3674//3674
f 3676//3676 3678//3678 3719//3719
f 3719//3719 3721//3721 3761//3761
f 3721//3721 3723//3723 3763//3763
f 3678//3678 3682//3682 3721//3721
f 3599//3599 3602//3602 3642//3642
f 3642//3642 3644//3644 3676//3676
f 3644//3644 3646//3646 3678//3678
f 3602//3602 3604//3604 3644//3644
f 3758//3758 3761//3761 3842//3842
f 3820//3820 3763//3763 3765//3765
f 3763//3763 3844//3844 3761//3761
f 3844//3844 3820//3820 3846//3846
f 3820//3820 3844//3844 3763//3763
f 3765//3765 3767//3767 3820//3820
f 3820//3820 3822//3822 3846//3846
f 3822//3822 3824//3824 3848//3848
f 3767//3767 3769//3769 3822//3822
f 3769//3769 3771//3771 3824//3824
f 3824//3824 3826//3826 3850//3850
f 3826//3826 3828//3828 3852//3852
f 3771//3771 3773//3773 3826//3826
f 3604//3604 3606//3606 3646//3646
f 3646//3646 3648//3648 3682//3682
f 3648//3648 3650//3650 3690//3690
f 3606//3606 3608//3608 3648//3648
f 3682//3682 3690//3690 3723//3723
f 3723//3723 3725//3725 3765//3765
f 3725//3725 3727//3727 3767//3767
f 3690//3690 3693//3693 3725//3725
f 3693//3693 3695//3695 3727//3727
f 3727//3727 3729//3729 3769//3769
f 3729//3729 3731//3731 3771//3771
f 3695//3695 3697//3697 3729//3729
f 3608//3608 3610//3610 3650//3650
f 3650//3650 3652//3652 3693//3693
f 3652//3652 3656//3656 3695//3695
f 3610//3610 3612//3612 3652//3652
f 3664//3664 3582//3582 3586//3586
f 3582//3582 3749//3749 3580//3580
f 3749//3749 3664//3664 3753//3753
f 3664//3664 3749//3749 3582//3582
f 3586//3586 3588//3588 3664//3664
f 3664//3664 3668//3668 3753//3753
f 3668//3668 3672//3672 3755//3755
f 3638//3638 3590//3590 3592//3592
f 3590//3590 3668//3668 3588//3588
f 3668//3668 3638//3638 3672//3672
f 3638//3638 3668//3668 3590//3590
f 3227//3227 3231//3231 3460//3460
f 3460//3460 3474//3474 3626//3626
f 3474//3474 3484//3484 3632//3632
f 3231//3231 3238//3238 3474//3474
f 3200//3200 3216//3216 3453//3453
f 3453//3453 3455//3455 3622//3622
f 3455//3455 3460//3460 3624//3624
f 3216//3216 3227//3227 3455//3455
f 3179//3179 3184//3184 3426//3426
f 3535//3535 3616//3616 3612//3612
f 3616//3616 3442//3442 3618//3618
f 3442//3442 3535//3535 3426//3426
f 3535//3535 3442//3442 3616//3616
f 3442//3442 3453//3453 3618//3618
f 3184//3184 3200//3200 3442//3442
f 3228//3228 3294//3294 3292//3292
f 3294//3294 3153//3153 3296//3296
f 3153//3153 3228//3228 3149//3149
f 3228//3228 3153//3153 3294//3294
f 3292//3292 3294//3294 3344//3344
f 3344//3344 3348//3348 3412//3412
f 3348//3348 3351//3351 3414//3414
f 3294//3294 3296//3296 3348//3348
f 3351//3351 3418//3418 3416//3416
f 3418//3418 3298//3298 3420//3420
f 3298//3298 3351//3351 3296//3296
f 3351//3351 3298//3298 3418//3418
f 3153//3153 3156//3156 3296//3296
f 3450//3450 3479//3479 3476//3476
f 3414//3414 3450//3450 3412//3412
f 3479//3479 3450//3450 3414//3414
f 3476//3476 3479//3479 3517//3517
f 3479//3479 3481//3481 3519//3519
f 3414//3414 3416//3416 3479//3479
f 3517//3517 3519//3519 3550//3550
f 3550//3550 3552//3552 3592//3592
f 3552//3552 3554//3554 3596//3596
f 3519//3519 3521//3521 3552//3552
f 3521//3521 3523//3523 3554//3554
f 3554//3554 3556//3556 3599//3599
f 3556//3556 3560//3560 3602//3602
f 3523//3523 3525//3525 3556//3556
f 3416//3416 3418//3418 3481//3481
f 3481//3481 3483//3483 3521//3521
f 3483//3483 3488//3488 3523//3523
f 3418//3418 3420//3420 3483//3483
f 3488//3488 3530//3530 3525//3525
f 3530//3530 3424//3424 3533//3533
f 3424//3424 3488//3488 3420//3420
f 3488//3488 3424//3424 3530//3530
f 3525//3525 3530//3530 3560//3560
f 3560//3560 3562//3562 3604//3604
f 3562//3562 3564//3564 3606//3606
f 3530//3530 3533//3533 3562//3562
f 3564//3564 3610//3610 3608//3608
f 3610//3610 3535//3535 3612//3612
f 3535//3535 3564//3564 3533//3533
f 3564//3564 3535//3535 3610//3610
f 3424//3424 3426//3426 3533//3533
f 3298//3298 3424//3424 3420//3420
f 3424//3424 3179//3179 3426//3426
f 3179//3179 3298//3298 3156//3156
f 3298//3298 3179//3179 3424//3424
f 3157//3157 3116//3116 3119//3119
f 3116//3116 3197//3197 3113//3113
f 3197//3197 3157//3157 3202//3202
f 3157//3157 3197//3197 3116//3116
f 3197//3197 3202//3202 3262//3262
f 3234//3234 3205//3205 3207//3207
f 3205//3205 3264//3264 3202//3202
f 3264//3264 3234//3234 3268//3268
f 3234//3234 3264//3264 3205//3205
f 3119//3119 3121//3121 3157//3157
f 3157//3157 3160//3160 3202//3202
f 3160//3160 3163//3163 3205//3205
f 3121//3121 3123//3123 3160//3160
f 3322//3322 3264//3264 3268//3268
f 3264//3264 3381//3381 3262//3262
f 3381//3381 3322//3322 3384//3384
f 3322//3322 3381//3381 3264//3264
f 3304//3304 3270//3270 3272//3272
f 3270//3270 3322//3322 3268//3268
f 3322//3322 3304//3304 3324//3324
f 3304//3304 3322//3322 3270//3270
f 3322//3322 3324//3324 3384//3384
f 3354//3354 3326//3326 3328//3328
f 3326//3326 3388//3388 3324//3324
f 3388//3388 3354//3354 3392//3392
f 3354//3354 3388//3388 3326//3326
f 3272//3272 3274//3274 3304//3304
f 3304//3304 3306//3306 3324//3324
f 3306//3306 3308//3308 3326//3326
f 3274//3274 3277//3277 3306//3306
f 3123//3123 3125//3125 3163//3163
f 3163//3163 3166//3166 3207//3207
f 3166//3166 3170//3170 3209//3209
f 3125//3125 3128//3128 3166//3166
f 3207//3207 3209//3209 3234//3234
f 3234//3234 3237//3237 3268//3268
f 3237//3237 3241//3241 3270//3270
f 3209//3209 3211//3211 3237//3237
f 3211//3211 3213//3213 3241//3241
f 3241//3241 3245//3245 3272//3272
f 3245//3245 3247//3247 3274//3274
f 3213//3213 3215//3215 3245//3245
f 3128//3128 3131//3131 3170//3170
f 3170//3170 3173//3173 3211//3211
f 3173//3173 3176//3176 3213//3213
f 3131//3131 3134//3134 3173//3173
f 3381//3381 3384//3384 3498//3498
f 3498//3498 3501//3501 3580//3580
f 3501//3501 3503//3503 3582//3582
f 3459//3459 3388//3388 3392//3392
f 3388//3388 3501//3501 3384//3384
f 3501//3501 3459//3459 3503//3503
f 3459//3459 3501//3501 3388//3388
f 3430//3430 3394//3394 3396//3396
f 3394//3394 3459//3459 3392//3392
f 3459//3459 3430//3430 3463//3463
f 3430//3430 3459//3459 3394//3394
f 3459//3459 3463//3463 3503//3503
f 3465//3465 3507//3507 3463//3463
f 3511//3511 3465//3465 3467//3467
f 3507//3507 3465//3465 3511//3511
f 3396//3396 3399//3399 3430//3430
f 3430//3430 3437//3437 3463//3463
f 3437//3437 3439//3439 3465//3465
f 3399//3399 3403//3403 3437//3437
f 3546//3546 3507//3507 3511//3511
f 3507//3507 3586//3586 3503//3503
f 3586//3586 3546//3546 3588//3588
f 3546//3546 3586//3586 3507//3507
f 3511//3511 3513//3513 3546//3546
f 3546//3546 3548//3548 3588//3588
f 3548//3548 3550//3550 3590//3590
f 3513//3513 3517//3517 3548//3548
f 3403//3403 3406//3406 3439//3439
f 3439//3439 3441//3441 3467//3467
f 3441//3441 3444//3444 3469//3469
f 3406//3406 3408//3408 3441//3441
f 3469//3469 3511//3511 3467//3467
f 3513//3513 3469//3469 3471//3471
f 3511//3511 3469//3469 3513//3513
f 3473//3473 3513//3513 3471//3471
f 3517//3517 3473//3473 3476//3476
f 3513//3513 3473//3473 3517//3517
f 3408//3408 3410//3410 3444//3444
f 3444//3444 3447//3447 3471//3471
f 3447//3447 3450//3450 3473//3473
f 3410//3410 3412//3412 3447//3447
f 3134//3134 3137//3137 3176//3176
f 3176//3176 3178//3178 3215//3215
f 3178//3178 3180//3180 3218//3218
f 3137//3137 3139//3139 3178//3178
f 3215//3215 3218//3218 3247//3247
f 3247//3247 3249//3249 3277//3277
f 3249//3249 3251//3251 3279//3279
f 3218//3218 3221//3221 3249//3249
f 3251//3251 3285//3285 3282//3282
f 3285//3285 3223//3223 3288//3288
f 3223//3223 3251//3251 3221//3221
f 3251//3251 3223//3223 3285//3285
f 3180//3180 3223//3223 3221//3221
f 3144//3144 3180//3180 3139//3139
f 3223//3223 3180//3180 3144//3144
f 3277//3277 3279//3279 3308//3308
f 3308//3308 3310//3310 3328//3328
f 3310//3310 3312//3312 3330//3330
f 3279//3279 3282//3282 3310//3310
f 3328//3328 3330//3330 3354//3354
f 3354//3354 3356//3356 3392//3392
f 3356//3356 3359//3359 3394//3394
f 3330//3330 3332//3332 3356//3356
f 3332//3332 3334//3334 3359//3359
f 3359//3359 3362//3362 3396//3396
f 3362//3362 3364//3364 3399//3399
f 3334//3334 3336//3336 3362//3362
f 3282//3282 3285//3285 3312//3312
f 3312//3312 3314//3314 3332//3332
f 3314//3314 3316//3316 3334//3334
f 3285//3285 3288//3288 3314//3314
f 3316//3316 3338//3338 3336//3336
f 3338//3338 3290//3290 3340//3340
f 3290//3290 3316//3316 3288//3288
f 3316//3316 3290//3290 3338//3338
f 3336//3336 3338//3338 3364//3364
f 3364//3364 3366//3366 3403//3403
f 3366//3366 3368//3368 3406//3406
f 3338//3338 3340//3340 3366//3366
f 3368//3368 3410//3410 3408//3408
f 3410//3410 3344//3344 3412//3412
f 3344//3344 3368//3368 3340//3340
f 3368//3368 3344//3344 3410//3410
f 3290//3290 3292//3292 3340//3340
f 3144//3144 3146//3146 3223//3223
f 3223//3223 3225//3225 3288//3288
f 3225//3225 3228//3228 3290//3290
f 3146//3146 3149//3149 3225//3225
f 3255//3255 3099//3099 3101//3101
f 3099//3099 3357//3357 3092//3092
f 3357//3357 3255//3255 3373//3373
f 3255//3255 3357//3357 3099//3099
f 3357//3357 3373//3373 3570//3570
f 3498//3498 3376//3376 3381//3381
f 3376//3376 3574//3574 3373//3373
f 3574//3574 3498//3498 3580//3580
f 3498//3498 3574//3574 3376//3376
f 3101//3101 3106//3106 3255//3255
f 3255//3255 3259//3259 3373//3373
f 3259//3259 3262//3262 3376//3376
f 3197//3197 3110//3110 3113//3113
f 3110//3110 3259//3259 3106//3106
f 3259//3259 3197//3197 3262//3262
f 3197//3197 3259//3259 3110//3110
f 3231//3231 2724//2724 3238//3238
f 2692//2692 3231//3231 3227//3227
f 2724//2724 3231//3231 2692//2692
f 3216//3216 2692//2692 3227//3227
f 2660//2660 3216//3216 3200//3200
f 2692//2692 3216//3216 2660//2660
f 2899//2899 3184//3184 3179//3179
f 3184//3184 2660//2660 3200//3200
f 2660//2660 2899//2899 2638//2638
f 2899//2899 2660//2660 3184//3184
f 2601//2601 2618//2618 2881//2881
f 3003//3003 3153//3153 3149//3149
f 3153//3153 2897//2897 3156//3156
f 2897//2897 3003//3003 2881//2881
f 3003//3003 2897//2897 3153//3153
f 2897//2897 2899//2899 3156//3156
f 2618//2618 2638//2638 2897//2897
f 2645//2645 2721//2721 2718//2718
f 2721//2721 2577//2577 2725//2725
f 2577//2577 2645//2645 2572//2572
f 2645//2645 2577//2577 2721//2721
f 2718//2718 2721//2721 2793//2793
f 2822//2822 2857//2857 2855//2855
f 2857//2857 2797//2797 2859//2859
f 2797//2797 2822//2822 2793//2793
f 2822//2822 2797//2797 2857//2857
f 2797//2797 2799//2799 2859//2859
f 2721//2721 2725//2725 2797//2797
f 2799//2799 2865//2865 2863//2863
f 2865//2865 2728//2728 2867//2867
f 2728//2728 2799//2799 2725//2725
f 2799//2799 2728//2728 2865//2865
f 2577//2577 2592//2592 2725//2725
f 2855//2855 2857//2857 2891//2891
f 2891//2891 2893//2893 2917//2917
f 2893//2893 2895//2895 2919//2919
f 2857//2857 2859//2859 2893//2893
f 2917//2917 2919//2919 2943//2943
f 2943//2943 2945//2945 2975//2975
f 2945//2945 2947//2947 2977//2977
f 2919//2919 2921//2921 2945//2945
f 2921//2921 2923//2923 2947//2947
f 2947//2947 2949//2949 2979//2979
f 2949//2949 2951//2951 2983//2983
f 2923//2923 2925//2925 2949//2949
f 2895//2895 2923//2923 2921//2921
f 2923//2923 2863//2863 2925//2925
f 2863//2863 2895//2895 2859//2859
f 2895//2895 2863//2863 2923//2923
f 2975//2975 2977//2977 3011//3011
f 3011//3011 3013//3013 3042//3042
f 3013//3013 3015//3015 3044//3044
f 2977//2977 2979//2979 3013//3013
f 3042//3042 3044//3044 3078//3078
f 3078//3078 3081//3081 3113//3113
f 3081//3081 3083//3083 3116//3116
f 3044//3044 3047//3047 3081//3081
f 3047//3047 3054//3054 3083//3083
f 3083//3083 3085//3085 3119//3119
f 3085//3085 3087//3087 3121//3121
f 3054//3054 3057//3057 3085//3085
f 2979//2979 2983//2983 3015//3015
f 3015//3015 3017//3017 3047//3047
f 3017//3017 3020//3020 3054//3054
f 2983//2983 2986//2986 3017//3017
f 2986//2986 2988//2988 3020//3020
f 3020//3020 3023//3023 3057//3057
f 3023//3023 3026//3026 3059//3059
f 2988//2988 2991//2991 3023//3023
f 3057//3057 3059//3059 3087//3087
f 3087//3087 3089//3089 3123//3123
f 3089//3089 3091//3091 3125//3125
f 3059//3059 3061//3061 3089//3089
f 3061//3061 3063//3063 3091//3091
f 3091//3091 3095//3095 3128//3128
f 3095//3095 3097//3097 3131//3131
f 3063//3063 3065//3065 3095//3095
f 3026//3026 3063//3063 3061//3061
f 3063//3063 2993//2993 3065//3065
f 2993//2993 3026//3026 2991//2991
f 3026//3026 2993//2993 3063//3063
f 2863//2863 2865//2865 2925//2925
f 2951//2951 2988//2988 2986//2986
f 2988//2988 2927//2927 2991//2991
f 2927//2927 2951//2951 2925//2925
f 2951//2951 2927//2927 2988//2988
f 2927//2927 2931//2931 2991//2991
f 2865//2865 2867//2867 2927//2927
f 2931//2931 2997//2997 2993//2993
f 2997//2997 2871//2871 3000//3000
f 2871//2871 2931//2931 2867//2867
f 2931//2931 2871//2871 2997//2997
f 2993//2993 2997//2997 3065//3065
f 3097//3097 3137//3137 3134//3134
f 3137//3137 3067//3067 3139//3139
f 3067//3067 3097//3097 3065//3065
f 3097//3097 3067//3067 3137//3137
f 3067//3067 3069//3069 3139//3139
f 2997//2997 3000//3000 3067//3067
f 3069//3069 3146//3146 3144//3144
f 3146//3146 3003//3003 3149//3149
f 3003//3003 3069//3069 3000//3000
f 3069//3069 3003//3003 3146//3146
f 2871//2871 2881//2881 3000//3000
f 2728//2728 2871//2871 2867//2867
f 2871//2871 2601//2601 2881//2881
f 2601//2601 2728//2728 2592//2592
f 2728//2728 2601//2601 2871//2871
f 2576//2576 2547//2547 2549//2549
f 2547//2547 2608//2608 2545//2545
f 2608//2608 2576//2576 2612//2612
f 2576//2576 2608//2608 2547//2547
f 2608//2608 2612//2612 2680//2680
f 2615//2615 2684//2684 2612//2612
f 2688//2688 2615//2615 2617//2617
f 2684//2684 2615//2615 2688//2688
f 2549//2549 2551//2551 2576//2576
f 2576//2576 2579//2579 2612//2612
f 2579//2579 2584//2584 2615//2615
f 2551//2551 2553//2553 2579//2579
f 2758//2758 2684//2684 2688//2688
f 2684//2684 2827//2827 2680//2680
f 2827//2827 2758//2758 2831//2831
f 2758//2758 2827//2827 2684//2684
f 2729//2729 2688//2688 2693//2693
f 2758//2758 2729//2729 2762//2762
f 2688//2688 2729//2729 2758//2758
f 2758//2758 2762//2762 2831//2831
f 2802//2802 2764//2764 2766//2766
f 2764//2764 2833//2833 2762//2762
f 2833//2833 2802//2802 2837//2837
f 2802//2802 2833//2833 2764//2764
f 2693//2693 2696//2696 2729//2729
f 2729//2729 2733//2733 2762//2762
f 2733//2733 2737//2737 2764//2764
f 2696//2696 2698//2698 2733//2733
f 2553//2553 2555//2555 2584//2584
f 2584//2584 2588//2588 2617//2617
f 2588//2588 2591//2591 2620//2620
f 2555//2555 2557//2557 2588//2588
f 2651//2651 2620//2620 2623//2623
f 2620//2620 2688//2688 2617//2617
f 2688//2688 2651//2651 2693//2693
f 2651//2651 2688//2688 2620//2620
f 2623//2623 2625//2625 2651//2651
f 2651//2651 2653//2653 2693//2693
f 2653//2653 2655//2655 2696//2696
f 2625//2625 2627//2627 2653//2653
f 2557//2557 2559//2559 2591//2591
f 2591//2591 2594//2594 2623//2623
f 2594//2594 2597//2597 2625//2625
f 2559//2559 2561//2561 2594//2594
f 2827//2827 2831//2831 2952//2952
f 2952//2952 2955//2955 3092//3092
f 2955//2955 2958//2958 3099//3099
f 2900//2900 2833//2833 2837//2837
f 2833//2833 2955//2955 2831//2831
f 2955//2955 2900//2900 2958//2958
f 2900//2900 2955//2955 2833//2833
f 2873//2873 2839//2839 2841//2841
f 2839//2839 2900//2900 2837//2837
f 2900//2900 2873//2873 2903//2903
f 2873//2873 2900//2900 2839//2839
f 2900//2900 2903//2903 2958//2958
f 2935//2935 2905//2905 2907//2907
f 2905//2905 2961//2961 2903//2903
f 2961//2961 2935//2935 2965//2965
f 2935//2935 2961//2961 2905//2905
f 2841//2841 2843//2843 2873//2873
f 2873//2873 2876//2876 2903//2903
f 2876//2876 2880//2880 2905//2905
f 2843//2843 2846//2846 2876//2876
f 3034//3034 2961//2961 2965//2965
f 2961//2961 3101//3101 2958//2958
f 3101//3101 3034//3034 3106//3106
f 3034//3034 3101//3101 2961//2961
f 3007//3007 2967//2967 2970//2970
f 2967//2967 3034//3034 2965//2965
f 3034//3034 3007//3007 3038//3038
f 3007//3007 3034//3034 2967//2967
f 3034//3034 3038//3038 3106//3106
f 3078//3078 3040//3040 3042//3042
f 3040//3040 3110//3110 3038//3038
f 3110//3110 3078//3078 3113//3113
f 3078//3078 3110//3110 3040//3040
f 2970//2970 2973//2973 3007//3007
f 3007//3007 3009//3009 3038//3038
f 3009//3009 3011//3011 3040//3040
f 2973//2973 2975//2975 3009//3009
f 2846//2846 2849//2849 2880//2880
f 2880//2880 2884//2884 2907//2907
f 2884//2884 2887//2887 2909//2909
f 2849//2849 2851//2851 2884//2884
f 2907//2907 2909//2909 2935//2935
f 2935//2935 2937//2937 2965//2965
f 2937//2937 2939//2939 2967//2967
f 2909//2909 2912//2912 2937//2937
f 2912//2912 2915//2915 2939//2939
f 2939//2939 2941//2941 2970//2970
f 2941//2941 2943//2943 2973//2973
f 2915//2915 2917//2917 2941//2941
f 2851//2851 2853//2853 2887//2887
f 2887//2887 2889//2889 2912//2912
f 2889//2889 2891//2891 2915//2915
f 2853//2853 2855//2855 2889//2889
f 2597//2597 2629//2629 2627//2627
f 2629//2629 2563//2563 2631//2631
f 2563//2563 2597//2597 2561//2561
f 2597//2597 2563//2563 2629//2629
f 2627//2627 2629//2629 2655//2655
f 2655//2655 2659//2659 2698//2698
f 2659//2659 2663//2663 2700//2700
f 2629//2629 2631//2631 2659//2659
f 2631//2631 2635//2635 2663//2663
f 2663//2663 2668//2668 2702//2702
f 2668//2668 2671//2671 2705//2705
f 2635//2635 2637//2637 2668//2668
f 2635//2635 2565//2565 2637//2637
f 2563//2563 2635//2635 2631//2631
f 2565//2565 2635//2635 2563//2563
f 2698//2698 2700//2700 2737//2737
f 2737//2737 2740//2740 2766//2766
f 2740//2740 2742//2742 2770//2770
f 2700//2700 2702//2702 2740//2740
f 2766//2766 2770//2770 2802//2802
f 2802//2802 2804//2804 2837//2837
f 2804//2804 2807//2807 2839//2839
f 2770//2770 2776//2776 2804//2804
f 2776//2776 2781//2781 2807//2807
f 2807//2807 2809//2809 2841//2841
f 2809//2809 2812//2812 2843//2843
f 2781//2781 2783//2783 2809//2809
f 2702//2702 2705//2705 2742//2742
f 2742//2742 2745//2745 2776//2776
f 2745//2745 2748//2748 2781//2781
f 2705//2705 2708//2708 2745//2745
f 2708//2708 2711//2711 2748//2748
f 2748//2748 2750//2750 2783//2783
f 2750//2750 2752//2752 2785//2785
f 2711//2711 2714//2714 2750//2750
f 2783//2783 2785//2785 2812//2812
f 2812//2812 2815//2815 2846//2846
f 2815//2815 2817//2817 2849//2849
f 2785//2785 2787//2787 2815//2815
f 2787//2787 2789//2789 2817//2817
f 2817//2817 2819//2819 2851//2851
f 2819//2819 2822//2822 2853//2853
f 2789//2789 2793//2793 2819//2819
f 2752//2752 2789//2789 2787//2787
f 2789//2789 2718//2718 2793//2793
f 2718//2718 2752//2752 2714//2714
f 2752//2752 2718//2718 2789//2789
f 2565//2565 2567//2567 2637//2637
f 2671//2671 2711//2711 2708//2708
f 2711//2711 2642//2642 2714//2714
f 2642//2642 2671//2671 2637//2637
f 2671//2671 2642//2642 2711//2711
f 2642//2642 2645//2645 2714//2714
f 2567//2567 2572//2572 2642//2642
f 2952//2952 2820//2820 2827//2827
f 2820//2820 3072//3072 2810//2810
f 3072//3072 2952//2952 3092//3092
f 2952//2952 3072//3072 2820//2820
f 2535//2535 2541//2541 2666//2666
f 2666//2666 2676//2676 2810//2810
f 2676//2676 2680//2680 2820//2820
f 2608//2608 2543//2543 2545//2545
f 2543//2543 2676//2676 2541//2541
f 2676//2676 2608//2608 2680//2680
f 2608//2608 2676//2676 2543//2543
f 2462//2462 2577//2577 2572//2572
f 2577//2577 2361//2361 2592//2592
f 2361//2361 2462//2462 2347//2347
f 2462//2462 2361//2361 2577//2577
f 2361//2361 2376//2376 2592//2592
f 2241//2241 2271//2271 2269//2269
f 2271//2271 2219//2219 2273//2273
f 2219//2219 2241//2241 2217//2217
f 2241//2241 2219//2219 2271//2271
f 2269//2269 2271//2271 2293//2293
f 2293//2293 2295//2295 2319//2319
f 2295//2295 2297//2297 2321//2321
f 2271//2271 2273//2273 2295//2295
f 2297//2297 2327//2327 2323//2323
f 2327//2327 2275//2275 2329//2329
f 2275//2275 2297//2297 2273//2273
f 2297//2297 2275//2275 2327//2327
f 2219//2219 2221//2221 2273//2273
f 2275//2275 2331//2331 2329//2329
f 2221//2221 2333//2333 2275//2275
f 2319//2319 2321//2321 2350//2350
f 2350//2350 2353//2353 2378//2378
f 2353//2353 2355//2355 2381//2381
f 2321//2321 2323//2323 2353//2353
f 2378//2378 2381//2381 2404//2404
f 2404//2404 2406//2406 2439//2439
f 2406//2406 2409//2409 2441//2441
f 2381//2381 2383//2383 2406//2406
f 2383//2383 2385//2385 2409//2409
f 2409//2409 2415//2415 2443//2443
f 2415//2415 2417//2417 2445//2445
f 2385//2385 2388//2388 2415//2415
f 2323//2323 2327//2327 2355//2355
f 2355//2355 2357//2357 2383//2383
f 2357//2357 2359//2359 2385//2385
f 2327//2327 2329//2329 2357//2357
f 2439//2439 2441//2441 2467//2467
f 2467//2467 2469//2469 2492//2492
f 2469//2469 2471//2471 2495//2495
f 2441//2441 2443//2443 2469//2469
f 2492//2492 2495//2495 2515//2515
f 2515//2515 2517//2517 2545//2545
f 2517//2517 2519//2519 2547//2547
f 2495//2495 2497//2497 2517//2517
f 2497//2497 2499//2499 2519//2519
f 2519//2519 2521//2521 2549//2549
f 2521//2521 2523//2523 2551//2551
f 2499//2499 2501//2501 2521//2521
f 2443//2443 2445//2445 2471//2471
f 2471//2471 2473//2473 2497//2497
f 2473//2473 2475//2475 2499//2499
f 2445//2445 2447//2447 2473//2473
f 2447//2447 2449//2449 2475//2475
f 2475//2475 2477//2477 2501//2501
f 2477//2477 2479//2479 2503//2503
f 2449//2449 2451//2451 2477//2477
f 2501//2501 2503//2503 2523//2523
f 2523//2523 2525//2525 2553//2553
f 2525//2525 2528//2528 2555//2555
f 2503//2503 2505//2505 2525//2525
f 2505//2505 2507//2507 2528//2528
f 2528//2528 2531//2531 2557//2557
f 2531//2531 2533//2533 2559//2559
f 2507//2507 2509//2509 2531//2531
f 2479//2479 2507//2507 2505//2505
f 2507//2507 2453//2453 2509//2509
f 2453//2453 2479//2479 2451//2451
f 2479//2479 2453//2453 2507//2507
f 2359//2359 2390//2390 2388//2388
f 2390//2390 2331//2331 2393//2393
f 2331//2331 2359//2359 2329//2329
f 2359//2359 2331//2331 2390//2390
f 2388//2388 2390//2390 2417//2417
f 2417//2417 2420//2420 2447//2447
f 2420//2420 2423//2423 2449//2449
f 2390//2390 2393//2393 2420//2420
f 2423//2423 2453//2453 2451//2451
f 2396//2396 2423//2423 2393//2393
f 2453//2453 2423//2423 2396//2396
f 2331//2331 2333//2333 2393//2393
f 2396//2396 2455//2455 2453//2453
f 2455//2455 2335//2335 2457//2457
f 2335//2335 2396//2396 2333//2333
f 2396//2396 2335//2335 2455//2455
f 2453//2453 2455//2455 2509//2509
f 2533//2533 2563//2563 2561//2561
f 2511//2511 2533//2533 2509//2509
f 2563//2563 2533//2533 2511//2511
f 2511//2511 2513//2513 2563//2563
f 2455//2455 2457//2457 2511//2511
f 2513//2513 2567//2567 2565//2565
f 2567//2567 2462//2462 2572//2572
f 2462//2462 2513//2513 2457//2457
f 2513//2513 2462//2462 2567//2567
f 2335//2335 2347//2347 2457//2457
f 2196//2196 2197//2197 2247//2247
f 2247//2247 2252//2252 2299//2299
f 2252//2252 2255//2255 2301//2301
f 2197//2197 2201//2201 2252//2252
f 2421//2421 2424//2424 2526//2526
f 2363//2363 2301//2301 2303//2303
f 2301//2301 2421//2421 2299//2299
f 2421//2421 2363//2363 2424//2424
f 2363//2363 2421//2421 2301//2301
f 2303//2303 2305//2305 2363//2363
f 2363//2363 2365//2365 2424//2424
f 2365//2365 2369//2369 2426//2426
f 2336//2336 2308//2308 2311//2311
f 2308//2308 2365//2365 2305//2305
f 2365//2365 2336//2336 2369//2369
f 2336//2336 2365//2365 2308//2308
f 2485//2485 2426//2426 2428//2428
f 2426//2426 2535//2535 2424//2424
f 2535//2535 2485//2485 2541//2541
f 2485//2485 2535//2535 2426//2426
f 2459//2459 2428//2428 2434//2434
f 2485//2485 2459//2459 2487//2487
f 2428//2428 2459//2459 2485//2485
f 2485//2485 2487//2487 2541//2541
f 2515//2515 2489//2489 2492//2492
f 2489//2489 2543//2543 2487//2487
f 2543//2543 2515//2515 2545//2545
f 2515//2515 2543//2543 2489//2489
f 2434//2434 2437//2437 2459//2459
f 2459//2459 2463//2463 2487//2487
f 2463//2463 2467//2467 2489//2489
f 2437//2437 2439//2439 2463//2463
f 2311//2311 2313//2313 2336//2336
f 2336//2336 2339//2339 2369//2369
f 2339//2339 2343//2343 2371//2371
f 2313//2313 2315//2315 2339//2339
f 2400//2400 2371//2371 2373//2373
f 2371//2371 2428//2428 2369//2369
f 2428//2428 2400//2400 2434//2434
f 2400//2400 2428//2428 2371//2371
f 2373//2373 2375//2375 2400//2400
f 2400//2400 2402//2402 2434//2434
f 2402//2402 2404//2404 2437//2437
f 2375//2375 2378//2378 2402//2402
f 2315//2315 2317//2317 2343//2343
f 2343//2343 2346//2346 2373//2373
f 2346//2346 2350//2350 2375//2375
f 2317//2317 2319//2319 2346//2346
f 2227//2227 2201//2201 2203//2203
f 2255//2255 2227//2227 2257//2257
f 2201//2201 2227//2227 2255//2255
f 2279//2279 2255//2255 2257//2257
f 2303//2303 2279//2279 2305//2305
f 2255//2255 2279//2279 2303//2303
f 2257//2257 2259//2259 2279//2279
f 2279//2279 2281//2281 2305//2305
f 2281//2281 2283//2283 2308//2308
f 2259//2259 2261//2261 2281//2281
f 2203//2203 2205//2205 2227//2227
f 2227//2227 2229//2229 2257//2257
f 2229//2229 2231//2231 2259//2259
f 2205//2205 2207//2207 2229//2229
f 2207//2207 2209//2209 2231//2231
f 2231//2231 2234//2234 2261//2261
f 2234//2234 2237//2237 2263//2263
f 2209//2209 2211//2211 2234//2234
f 2261//2261 2263//2263 2283//2283
f 2283//2283 2286//2286 2311//2311
f 2286//2286 2289//2289 2313//2313
f 2263//2263 2265//2265 2286//2286
f 2265//2265 2267//2267 2289//2289
f 2289//2289 2291//2291 2315//2315
f 2291//2291 2293//2293 2317//2317
f 2267//2267 2269//2269 2291//2291
f 2211//2211 2214//2214 2237//2237
f 2237//2237 2239//2239 2265//2265
f 2239//2239 2241//2241 2267//2267
f 2214//2214 2217//2217 2239//2239
f 3807//3807 3903//3903 3893//3893
f 3875//3875 3893//3893 3891//3891
f 3875//3875 3891//3891 3793//3793
f 3893//3893 3875//3875 3799//3799
f 3872//3872 3793//3793 3891//3891
f 3807//3807 3803//3803 3903//3903
f 3883//3883 3872//3872 3891//3891
f 3868//3868 3870//3870 3883//3883
f 3872//3872 3883//3883 3870//3870
f 3865//3865 3868//3868 3883//3883
f 3883//3883 3862//3862 3865//3865
f 3880//3880 3860//3860 3883//3883
f 3883//3883 3860//3860 3862//3862
f 3858//3858 3860//3860 3880//3880
f 3807//3807 3893//3893 3801//3801
f 3680//3680 3803//3803 3636//3636
f 3680//3680 3636//3636 3593//3593
f 3389//3389 3508//3508 3484//3484
f 3484//3484 3508//3508 3593//3593
f 3265//3265 3389//3389 3238//3238
f 3893//3893 3799//3799 3801//3801
f 3593//3593 3636//3636 3484//3484
f 3238//3238 3389//3389 3484//3484
f 3238//3238 3114//3114 3265//3265
f 3803//3803 3807//3807 3636//3636
f 3854//3854 3856//3856 3880//3880
f 3858//3858 3880//3880 3856//3856
f 3852//3852 3854//3854 3880//3880
f 3880//3880 3850//3850 3852//3852
f 3882//3882 3850//3850 3880//3880
f 3848//3848 3850//3850 3882//3882
f 3887//3887 3897//3897 3842//3842
f 3897//3897 3907//3907 3570//3570
f 3884//3884 3846//3846 3882//3882
f 3848//3848 3882//3882 3846//3846
f 3887//3887 3844//3844 3884//3884
f 3846//3846 3884//3884 3844//3844
f 3887//3887 3842//3842 3844//3844
f 3755//3755 3758//3758 3842//3842
f 3753//3753 3755//3755 3842//3842
f 3753//3753 3897//3897 3749//3749
f 3749//3749 3574//3574 3580//3580
f 3897//3897 3570//3570 3574//3574
f 3574//3574 3749//3749 3897//3897
f 3578//3578 3570//3570 3744//3744
f 3570//3570 3907//3907 3744//3744
f 3386//3386 3357//3357 3570//3570
f 3357//3357 3386//3386 3072//3072
f 3386//3386 3140//3140 3072//3072
f 3072//3072 3092//3092 3357//3357
f 3753//3753 3842//3842 3897//3897
f 2724//2724 2968//2968 3238//3238
f 2844//2844 2968//2968 2724//2724
f 2575//2575 2703//2703 2724//2724
f 2844//2844 2724//2724 2703//2703
f 2250//2250 2724//2724 2692//2692
f 2660//2660 2638//2638 2212//2212
f 2638//2638 2618//2618 2212//2212
f 2376//2376 2618//2618 2601//2601
f 2199//2199 2376//2376 2361//2361
f 2199//2199 2618//2618 2376//2376
f 2692//2692 2660//2660 2225//2225
f 2575//2575 2724//2724 2483//2483
f 2212//2212 2225//2225 2660//2660
f 2724//2724 2284//2284 2387//2387
f 2618//2618 2199//2199 2212//2212
f 2692//2692 2225//2225 2250//2250
f 2250//2250 2284//2284 2724//2724
f 2192//2192 2347//2347 2335//2335
f 2190//2190 2335//2335 2333//2333
f 2335//2335 2190//2190 2192//2192
f 2190//2190 2333//2333 2186//2186
f 2347//2347 2192//2192 2361//2361
f 2361//2361 2192//2192 2199//2199
f 2221//2221 2186//2186 2333//2333
f 2724//2724 2387//2387 2483//2483
f 3072//3072 3140//3140 2874//2874
f 2603//2603 2666//2666 2810//2810
f 2219//2219 2186//2186 2221//2221
f 2526//2526 2535//2535 2666//2666
f 2874//2874 2603//2603 2810//2810
f 2526//2526 2666//2666 2603//2603
f 2392//2392 2421//2421 2526//2526
f 2392//2392 2299//2299 2421//2421
f 2247//2247 2299//2299 2180//2180
f 2392//2392 2180//2180 2299//2299
f 2182//2182 2217//2217 2214//2214
f 2182//2182 2214//2214 2211//2211
f 2181//2181 2182//2182 2209//2209
f 2211//2211 2209//2209 2182//2182
f 2205//2205 2181//2181 2207//2207
f 2209//2209 2207//2207 2181//2181
f 2182//2182 2219//2219 2217//2217
f 2203//2203 2181//2181 2205//2205
f 2179//2179 2203//2203 2201//2201
f 2196//2196 2179//2179 2197//2197
f 2201//2201 2197//2197 2179//2179
f 2247//2247 2180//2180 2196//2196
f 2179//2179 2196//2196 2180//2180
f 2203//2203 2179//2179 2181//2181
f 2219//2219 2182//2182 2186//2186
f 2968//2968 3114//3114 3238//3238
f 2431//2431 2771//2771 2656//2656
f 2173//2173 2431//2431 2243//2243
f 2138//2138 2173//2173 2139//2139
f 2111//2111 2138//2138 2139//2139
f 1850//1850 2111//2111 2041//2041
f 1510//1510 1850//1850 1627//1627
f 2222//2222 2407//2407 2431//2431
f 2163//2163 2222//2222 2173//2173
f 2136//2136 2163//2163 2138//2138
f 2121//2121 2136//2136 2138//2138
f 2061//2061 2121//2121 2111//2111
f 1875//1875 2061//2061 1850//1850
f 3744//3744 3907//3907 3711//3711
f 3167//3167 3711//3711 3528//3528
f 2656//2656 3253//3253 2928//2928
f 2656//2656 2928//2928 2605//2605
f 3253//3253 3167//3167 3528//3528
f 3167//3167 3578//3578 3744//3744
f 3386//3386 3578//3578 3167//3167
f 3167//3167 3253//3253 2656//2656
f 2340//2340 2243//2243 2605//2605
f 2243//2243 2656//2656 2605//2605
f 2167//2167 2243//2243 2340//2340
f 3744//3744 3711//3711 3167//3167
f 2139//2139 2167//2167 2141//2141
f 2139//2139 2141//2141 2117//2117
f 2041//2041 1944//1944 1678//1678
f 1678//1678 1358//1358 1627//1627
f 1944//1944 2041//2041 2117//2117
f 1627//1627 1358//1358 1035//1035
f 2139//2139 2117//2117 2041//2041
f 1035//1035 761//761 1119//1119
f 1119//1119 579//579 547//547
f 579//579 385//385 547//547
f 761//761 579//579 1119//1119
f 1678//1678 1627//1627 2041//2041
f 2139//2139 2243//2243 2167//2167
f 2771//2771 3140//3140 3386//3386
f 2771//2771 2874//2874 3140//3140
f 2407//2407 2603//2603 2771//2771
f 2392//2392 2603//2603 2407//2407
f 2222//2222 2180//2180 2407//2407
f 2392//2392 2407//2407 2180//2180
f 2134//2134 2180//2180 2222//2222
f 2136//2136 2134//2134 2163//2163
f 2222//2222 2163//2163 2134//2134
f 2121//2121 2134//2134 2136//2136
f 1119//1119 712//712 902//902
f 1035//1035 1119//1119 1627//1627
f 1510//1510 902//902 1147//1147
f 1147//1147 1410//1410 1510//1510
f 547//547 712//712 1119//1119
f 2061//2061 2134//2134 2121//2121
f 2100//2100 2061//2061 1875//1875
f 1510//1510 1410//1410 1875//1875
f 1875//1875 1410//1410 1681//1681
f 1875//1875 1891//1891 2100//2100
f 1891//1891 1875//1875 1681//1681
f 2061//2061 2100//2100 2134//2134
f 3386//3386 3167//3167 2771//2771
f 700//700 652//652 697//697
f 652//652 622//622 618//618
f 622//622 700//700 702//702
f 700//700 622//622 652//652
f 618//618 622//622 535//535
f 622//622 626//626 537//537
f 702//702 704//704 626//626
f 708//708 626//626 704//704
f 626//626 543//543 537//537
f 543//543 708//708 710//710
f 708//708 543//543 626//626
f 678//678 680//680 637//637
f 634//634 637//637 595//595
f 637//637 640//640 597//597
f 680//680 682//682 640//640
f 593//593 595//595 561//561
f 559//559 561//561 520//520
f 561//561 563//563 523//523
f 595//595 597//597 563//563
f 597//597 599//599 565//565
f 563//563 565//565 525//525
f 565//565 567//567 527//527
f 599//599 608//608 567//567
f 682//682 684//684 642//642
f 640//640 642//642 599//599
f 642//642 644//644 608//608
f 684//684 686//686 644//644
f 516//516 520//520 466//466
f 464//464 466//466 440//440
f 466//466 468//468 442//442
f 520//520 523//523 468//468
f 523//523 525//525 470//470
f 468//468 470//470 444//444
f 470//470 472//472 446//446
f 525//525 527//527 472//472
f 529//529 472//472 527//527
f 472//472 448//448 446//446
f 448//448 529//529 531//531
f 529//529 448//448 472//472
f 531//531 533//533 450//450
f 686//686 688//688 646//646
f 644//644 646//646 612//612
f 646//646 648//648 614//614
f 688//688 690//690 648//648
f 608//608 612//612 569//569
f 567//567 569//569 529//529
f 569//569 571//571 531//531
f 612//612 614//614 571//571
f 616//616 571//571 614//614
f 571//571 533//533 531//531
f 533//533 616//616 618//618
f 616//616 533//533 571//571
f 690//690 694//694 650//650
f 648//648 650//650 616//616
f 650//650 652//652 618//618
f 694//694 697//697 652//652
f 505//505 585//585 507//507
f 585//585 668//668 672//672
f 668//668 505//505 503//503
f 505//505 668//668 585//585
f 422//422 505//505 424//424
f 503//503 422//422 420//420
f 505//505 422//422 503//503
f 426//426 456//456 430//430
f 456//456 505//505 507//507
f 505//505 426//426 424//424
f 426//426 505//505 456//456
f 507//507 509//509 458//458
f 456//456 458//458 432//432
f 458//458 460//460 434//434
f 509//509 511//511 460//460
f 511//511 513//513 462//462
f 460//460 462//462 436//436
f 462//462 464//464 438//438
f 513//513 516//516 464//464
f 672//672 674//674 589//589
f 509//509 555//555 511//511
f 555//555 585//585 589//589
f 585//585 509//509 507//507
f 509//509 585//585 555//555
f 589//589 591//591 557//557
f 555//555 557//557 513//513
f 557//557 559//559 516//516
f 591//591 593//593 559//559
f 591//591 634//634 593//593
f 634//634 674//674 678//678
f 674//674 591//591 589//589
f 591//591 674//674 634//634
f 663//663 666//666 495//495
f 495//495 499//499 419//419
f 499//499 503//503 420//420
f 499//499 668//668 503//503
f 666//666 499//499 495//495
f 668//668 499//499 666//666
f 654//654 658//658 491//491
f 658//658 663//663 493//493
f 1176//1176 1091//1091 1172//1172
f 1093//1093 1176//1176 1178//1178
f 1091//1091 1176//1176 1093//1093
f 1091//1091 1093//1093 1028//1028
f 1093//1093 1094//1094 1029//1029
f 1178//1178 1181//1181 1094//1094
f 1028//1028 906//906 1026//1026
f 912//912 1028//1028 1029//1029
f 906//906 1028//1028 912//912
f 1029//1029 1033//1033 914//914
f 1184//1184 1094//1094 1181//1181
f 1094//1094 1033//1033 1029//1029
f 1033//1033 1184//1184 1185//1185
f 1184//1184 1033//1033 1094//1094
f 912//912 789//789 906//906
f 789//789 716//716 710//710
f 716//716 912//912 914//914
f 912//912 716//716 789//789
f 914//914 929//929 720//720
f 1187//1187 1033//1033 1185//1185
f 1033//1033 929//929 914//914
f 929//929 1187//1187 1194//1194
f 1187//1187 929//929 1033//1033
f 1137//1137 1141//1141 1063//1063
f 1059//1059 1063//1063 998//998
f 1063//1063 1065//1065 1000//1000
f 1141//1141 1144//1144 1065//1065
f 996//996 998//998 947//947
f 878//878 920//920 880//880
f 920//920 943//943 947//947
f 943//943 878//878 876//876
f 878//878 943//943 920//920
f 947//947 950//950 922//922
f 920//920 922//922 882//882
f 922//922 924//924 884//884
f 950//950 952//952 924//924
f 950//950 972//972 952//952
f 972//972 998//998 1000//1000
f 998//998 950//950 947//947
f 950//950 998//998 972//972
f 1000//1000 1002//1002 974//974
f 972//972 974//974 954//954
f 974//974 976//976 956//956
f 1002//1002 1005//1005 976//976
f 952//952 954//954 926//926
f 924//924 926//926 887//887
f 926//926 928//928 891//891
f 954//954 956//956 928//928
f 956//956 958//958 931//931
f 928//928 931//931 894//894
f 931//931 934//934 896//896
f 958//958 960//960 934//934
f 1005//1005 1008//1008 978//978
f 976//976 978//978 958//958
f 978//978 980//980 960//960
f 1008//1008 1011//1011 980//980
f 1144//1144 1146//1146 1067//1067
f 1002//1002 1037//1037 1005//1005
f 1037//1037 1065//1065 1067//1067
f 1065//1065 1002//1002 1000//1000
f 1002//1002 1065//1065 1037//1037
f 1067//1067 1069//1069 1039//1039
f 1037//1037 1039//1039 1008//1008
f 1039//1039 1041//1041 1011//1011
f 1069//1069 1072//1072 1041//1041
f 1069//1069 1112//1112 1072//1072
f 1112//1112 1146//1146 1153//1153
f 1146//1146 1069//1069 1067//1067
f 1069//1069 1146//1146 1112//1112
f 876//876 878//878 840//840
f 837//837 840//840 814//814
f 840//840 843//843 817//817
f 878//878 880//880 843//843
f 814//814 773//773 811//811
f 776//776 814//814 817//817
f 773//773 814//814 776//776
f 819//819 776//776 817//817
f 779//779 819//819 821//821
f 776//776 819//819 779//779
f 880//880 882//882 846//846
f 843//843 846//846 819//819
f 846//846 849//849 821//821
f 882//882 884//884 849//849
f 773//773 776//776 742//742
f 740//740 742//742 700//700
f 742//742 744//744 702//702
f 776//776 779//779 744//744
f 782//782 744//744 779//779
f 744//744 704//704 702//702
f 704//704 782//782 785//785
f 782//782 704//704 744//744
f 884//884 887//887 851//851
f 849//849 851//851 823//823
f 851//851 853//853 825//825
f 887//887 891//891 853//853
f 823//823 779//779 821//821
f 782//782 823//823 825//825
f 779//779 823//823 782//782
f 825//825 828//828 785//785
f 894//894 853//853 891//891
f 853//853 828//828 825//825
f 828//828 894//894 896//896
f 894//894 828//828 853//853
f 899//899 828//828 896//896
f 828//828 787//787 785//785
f 787//787 899//899 904//904
f 899//899 787//787 828//828
f 785//785 787//787 708//708
f 787//787 789//789 710//710
f 904//904 906//906 789//789
f 1153//1153 1155//1155 1114//1114
f 1112//1112 1114//1114 1075//1075
f 1114//1114 1116//1116 1077//1077
f 1155//1155 1158//1158 1116//1116
f 1072//1072 1075//1075 1043//1043
f 1041//1041 1043//1043 1013//1013
f 1043//1043 1046//1046 1016//1016
f 1075//1075 1077//1077 1046//1046
f 1077//1077 1079//1079 1049//1049
f 1046//1046 1049//1049 1018//1018
f 1049//1049 1053//1053 1020//1020
f 1079//1079 1081//1081 1053//1053
f 1158//1158 1160//1160 1118//1118
f 1116//1116 1118//1118 1079//1079
f 1118//1118 1124//1124 1081//1081
f 1160//1160 1163//1163 1124//1124
f 1011//1011 1013//1013 982//982
f 980//980 982//982 962//962
f 982//982 984//984 964//964
f 1013//1013 1016//1016 984//984
f 962//962 934//934 960//960
f 934//934 899//899 896//896
f 899//899 962//962 964//964
f 962//962 899//899 934//934
f 964//964 966//966 904//904
f 1018//1018 984//984 1016//1016
f 984//984 966//966 964//964
f 966//966 1018//1018 1020//1020
f 1018//1018 966//966 984//984
f 1023//1023 966//966 1020//1020
f 966//966 906//906 904//904
f 906//906 1023//1023 1026//1026
f 1023//1023 906//906 966//966
f 1163//1163 1165//1165 1128//1128
f 1124//1124 1128//1128 1083//1083
f 1128//1128 1130//1130 1085//1085
f 1165//1165 1167//1167 1130//1130
f 1083//1083 1053//1053 1081//1081
f 1053//1053 1023//1023 1020//1020
f 1023//1023 1083//1083 1085//1085
f 1083//1083 1023//1023 1053//1053
f 1085//1085 1091//1091 1026//1026
f 1169//1169 1130//1130 1167//1167
f 1130//1130 1091//1091 1085//1085
f 1091//1091 1169//1169 1172//1172
f 1169//1169 1091//1091 1130//1130
f 864//864 989//989 868//868
f 989//989 1108//1108 1131//1131
f 1108//1108 864//864 862//862
f 864//864 1108//1108 989//989
f 862//862 864//864 757//757
f 680//680 726//726 682//682
f 726//726 755//755 757//757
f 755//755 680//680 678//678
f 680//680 755//755 726//726
f 757//757 759//759 728//728
f 726//726 728//728 684//684
f 728//728 730//730 686//686
f 759//759 763//763 730//730
f 759//759 800//800 763//763
f 800//800 864//864 868//868
f 864//864 759//759 757//757
f 759//759 864//864 800//800
f 868//868 870//870 804//804
f 800//800 804//804 765//765
f 804//804 807//807 767//767
f 870//870 872//872 807//807
f 763//763 765//765 733//733
f 730//730 733//733 688//688
f 733//733 736//736 690//690
f 765//765 767//767 736//736
f 767//767 770//770 738//738
f 736//736 738//738 694//694
f 738//738 740//740 697//697
f 770//770 773//773 740//740
f 872//872 874//874 809//809
f 807//807 809//809 770//770
f 809//809 811//811 773//773
f 837//837 874//874 876//876
f 809//809 837//837 811//811
f 874//874 837//837 809//809
f 1131//1131 1134//1134 992//992
f 870//870 936//936 872//872
f 936//936 989//989 992//992
f 989//989 870//870 868//868
f 870//870 989//989 936//936
f 992//992 994//994 940//940
f 936//936 940//940 874//874
f 940//940 943//943 876//876
f 994//994 996//996 943//943
f 994//994 1059//1059 996//996
f 1059//1059 1134//1134 1137//1137
f 1134//1134 994//994 992//992
f 994//994 1134//1134 1059//1059
f 1086//1086 1103//1103 844//844
f 835//835 844//844 672//672
f 674//674 755//755 678//678
f 755//755 844//844 862//862
f 844//844 674//674 672//672
f 674//674 844//844 755//755
f 1103//1103 1108//1108 862//862
f 1060//1060 1070//1070 833//833
f 827//827 833//833 666//666
f 833//833 835//835 668//668
f 1070//1070 1086//1086 835//835
f 1047//1047 1057//1057 812//812
f 803//803 812//812 658//658
f 812//812 827//827 663//663
f 1057//1057 1060//1060 827//827
f 1741//1741 1675//1675 1739//1739
f 1675//1675 1608//1608 1604//1604
f 1608//1608 1741//1741 1743//1743
f 1741//1741 1608//1608 1675//1675
f 1604//1604 1608//1608 1464//1464
f 1608//1608 1616//1616 1474//1474
f 1743//1743 1748//1748 1616//1616
f 1464//1464 1333//1333 1457//1457
f 1333//1333 1215//1215 1194//1194
f 1215//1215 1464//1464 1474//1474
f 1464//1464 1215//1215 1333//1333
f 1712//1712 1716//1716 1641//1641
f 1639//1639 1641//1641 1572//1572
f 1574//1574 1613//1613 1576//1576
f 1613//1613 1641//1641 1646//1646
f 1641//1641 1574//1574 1572//1572
f 1574//1574 1641//1641 1613//1613
f 1716//1716 1719//1719 1646//1646
f 1495//1495 1532//1532 1499//1499
f 1532//1532 1567//1567 1572//1572
f 1567//1567 1495//1495 1492//1492
f 1495//1495 1567//1567 1532//1532
f 1492//1492 1495//1495 1466//1466
f 1463//1463 1466//1466 1433//1433
f 1466//1466 1469//1469 1435//1435
f 1495//1495 1499//1499 1469//1469
f 1499//1499 1501//1501 1471//1471
f 1469//1469 1471//1471 1437//1437
f 1471//1471 1473//1473 1440//1440
f 1501//1501 1503//1503 1473//1473
f 1572//1572 1574//1574 1534//1534
f 1532//1532 1534//1534 1501//1501
f 1534//1534 1537//1537 1503//1503
f 1574//1574 1576//1576 1537//1537
f 1576//1576 1578//1578 1540//1540
f 1537//1537 1540//1540 1505//1505
f 1540//1540 1543//1543 1507//1507
f 1578//1578 1581//1581 1543//1543
f 1503//1503 1505//1505 1476//1476
f 1473//1473 1476//1476 1442//1442
f 1476//1476 1479//1479 1445//1445
f 1505//1505 1507//1507 1479//1479
f 1507//1507 1514//1514 1481//1481
f 1479//1479 1481//1481 1447//1447
f 1481//1481 1484//1484 1449//1449
f 1514//1514 1518//1518 1484//1484
f 1581//1581 1584//1584 1546//1546
f 1543//1543 1546//1546 1514//1514
f 1546//1546 1548//1548 1518//1518
f 1584//1584 1586//1586 1548//1548
f 1649//1649 1721//1721 1652//1652
f 1719//1719 1649//1649 1646//1646
f 1721//1721 1649//1649 1719//1719
f 1646//1646 1649//1649 1615//1615
f 1613//1613 1615//1615 1578//1578
f 1615//1615 1618//1618 1581//1581
f 1649//1649 1652//1652 1618//1618
f 1652//1652 1655//1655 1623//1623
f 1618//1618 1623//1623 1584//1584
f 1623//1623 1628//1628 1586//1586
f 1655//1655 1657//1657 1628//1628
f 1655//1655 1687//1687 1657//1657
f 1687//1687 1721//1721 1723//1723
f 1721//1721 1655//1655 1652//1652
f 1655//1655 1721//1721 1687//1687
f 1431//1431 1433//1433 1397//1397
f 1395//1395 1397//1397 1371//1371
f 1397//1397 1399//1399 1373//1373
f 1433//1433 1435//1435 1399//1399
f 1369//1369 1371//1371 1345//1345
f 1343//1343 1345//1345 1313//1313
f 1345//1345 1347//1347 1315//1315
f 1371//1371 1373//1373 1347//1347
f 1373//1373 1376//1376 1349//1349
f 1347//1347 1349//1349 1318//1318
f 1349//1349 1351//1351 1321//1321
f 1376//1376 1379//1379 1351//1351
f 1435//1435 1437//1437 1401//1401
f 1399//1399 1401//1401 1376//1376
f 1401//1401 1404//1404 1379//1379
f 1437//1437 1440//1440 1404//1404
f 1311//1311 1313//1313 1277//1277
f 1275//1275 1277//1277 1246//1246
f 1277//1277 1279//1279 1248//1248
f 1313//1313 1315//1315 1279//1279
f 1244//1244 1246//1246 1212//1212
f 1209//1209 1212//1212 1176//1176
f 1212//1212 1214//1214 1178//1178
f 1246//1246 1248//1248 1214//1214
f 1250//1250 1214//1214 1248//1248
f 1214//1214 1181//1181 1178//1178
f 1181//1181 1250//1250 1251//1251
f 1250//1250 1181//1181 1214//1214
f 1315//1315 1318//1318 1281//1281
f 1279//1279 1281//1281 1250//1250
f 1281//1281 1282//1282 1251//1251
f 1318//1318 1321//1321 1282//1282
f 1282//1282 1255//1255 1251//1251
f 1324//1324 1282//1282 1321//1321
f 1255//1255 1282//1282 1324//1324
f 1251//1251 1255//1255 1184//1184
f 1255//1255 1256//1256 1185//1185
f 1324//1324 1327//1327 1256//1256
f 1440//1440 1442//1442 1408//1408
f 1404//1404 1408//1408 1381//1381
f 1408//1408 1412//1412 1383//1383
f 1442//1442 1445//1445 1412//1412
f 1381//1381 1351//1351 1379//1379
f 1351//1351 1324//1324 1321//1321
f 1324//1324 1381//1381 1383//1383
f 1381//1381 1324//1324 1351//1351
f 1383//1383 1386//1386 1327//1327
f 1447//1447 1412//1412 1445//1445
f 1412//1412 1386//1386 1383//1383
f 1386//1386 1447//1447 1449//1449
f 1447//1447 1386//1386 1412//1412
f 1452//1452 1386//1386 1449//1449
f 1386//1386 1331//1331 1327//1327
f 1331//1331 1452//1452 1455//1455
f 1452//1452 1331//1331 1386//1386
f 1256//1256 1187//1187 1185//1185
f 1331//1331 1256//1256 1327//1327
f 1187//1187 1256//1256 1331//1331
f 1331//1331 1333//1333 1194//1194
f 1455//1455 1457//1457 1333//1333
f 1723//1723 1725//1725 1689//1689
f 1687//1687 1689//1689 1659//1659
f 1689//1689 1692//1692 1661//1661
f 1725//1725 1727//1727 1692//1692
f 1657//1657 1659//1659 1631//1631
f 1628//1628 1631//1631 1588//1588
f 1631//1631 1633//1633 1590//1590
f 1659//1659 1661//1661 1633//1633
f 1663//1663 1633//1633 1661//1661
f 1633//1633 1594//1594 1590//1590
f 1594//1594 1663//1663 1666//1666
f 1663//1663 1594//1594 1633//1633
f 1727//1727 1729//1729 1696//1696
f 1692//1692 1696//1696 1663//1663
f 1696//1696 1699//1699 1666//1666
f 1729//1729 1731//1731 1699//1699
f 1586//1586 1588//1588 1551//1551
f 1548//1548 1551//1551 1522//1522
f 1551//1551 1554//1554 1524//1524
f 1588//1588 1590//1590 1554//1554
f 1522//1522 1484//1484 1518//1518
f 1484//1484 1452//1452 1449//1449
f 1452//1452 1522//1522 1524//1524
f 1522//1522 1452//1452 1484//1484
f 1524//1524 1526//1526 1455//1455
f 1554//1554 1526//1526 1524//1524
f 1594//1594 1554//1554 1590//1590
f 1526//1526 1554//1554 1594//1594
f 1600//1600 1526//1526 1594//1594
f 1526//1526 1457//1457 1455//1455
f 1457//1457 1600//1600 1604//1604
f 1600//1600 1457//1457 1526//1526
f 1731//1731 1733//1733 1702//1702
f 1699//1699 1702//1702 1669//1669
f 1702//1702 1707//1707 1671//1671
f 1733//1733 1735//1735 1707//1707
f 1669//1669 1594//1594 1666//1666
f 1600//1600 1669//1669 1671//1671
f 1594//1594 1669//1669 1600//1600
f 1671//1671 1675//1675 1604//1604
f 1737//1737 1707//1707 1735//1735
f 1707//1707 1675//1675 1671//1671
f 1675//1675 1737//1737 1739//1739
f 1737//1737 1675//1675 1707//1707
f 1415//1415 1555//1555 1419//1419
f 1555//1555 1683//1683 1690//1690
f 1683//1683 1415//1415 1402//1402
f 1415//1415 1683//1683 1555//1555
f 1402//1402 1415//1415 1285//1285
f 1141//1141 1217//1217 1144//1144
f 1217//1217 1283//1283 1285//1285
f 1283//1283 1141//1141 1137//1137
f 1141//1141 1283//1283 1217//1217
f 1285//1285 1289//1289 1219//1219
f 1217//1217 1219//1219 1146//1146
f 1189//1189 1219//1219 1221//1221
f 1146//1146 1189//1189 1153//1153
f 1219//1219 1189//1189 1146//1146
f 1289//1289 1292//1292 1221//1221
f 1289//1289 1355//1355 1292//1292
f 1355//1355 1415//1415 1419//1419
f 1415//1415 1289//1289 1285//1285
f 1289//1289 1415//1415 1355//1355
f 1419//1419 1421//1421 1357//1357
f 1355//1355 1357//1357 1295//1295
f 1297//1297 1334//1334 1300//1300
f 1334//1334 1357//1357 1361//1361
f 1357//1357 1297//1297 1295//1295
f 1297//1297 1357//1357 1334//1334
f 1421//1421 1423//1423 1361//1361
f 1223//1223 1257//1257 1225//1225
f 1257//1257 1292//1292 1295//1295
f 1292//1292 1223//1223 1221//1221
f 1223//1223 1292//1292 1257//1257
f 1221//1221 1223//1223 1191//1191
f 1189//1189 1191//1191 1155//1155
f 1191//1191 1193//1193 1158//1158
f 1223//1223 1225//1225 1193//1193
f 1225//1225 1227//1227 1197//1197
f 1193//1193 1197//1197 1160//1160
f 1197//1197 1199//1199 1163//1163
f 1227//1227 1230//1230 1199//1199
f 1295//1295 1297//1297 1262//1262
f 1257//1257 1262//1262 1227//1227
f 1262//1262 1265//1265 1230//1230
f 1297//1297 1300//1300 1265//1265
f 1300//1300 1302//1302 1268//1268
f 1265//1265 1268//1268 1233//1233
f 1268//1268 1271//1271 1235//1235
f 1302//1302 1305//1305 1271//1271
f 1230//1230 1233//1233 1202//1202
f 1199//1199 1202//1202 1165//1165
f 1202//1202 1205//1205 1167//1167
f 1233//1233 1235//1235 1205//1205
f 1235//1235 1242//1242 1207//1207
f 1205//1205 1207//1207 1169//1169
f 1207//1207 1209//1209 1172//1172
f 1242//1242 1244//1244 1209//1209
f 1305//1305 1309//1309 1273//1273
f 1271//1271 1273//1273 1242//1242
f 1273//1273 1275//1275 1244//1244
f 1309//1309 1311//1311 1275//1275
f 1363//1363 1391//1391 1365//1365
f 1391//1391 1423//1423 1426//1426
f 1423//1423 1363//1363 1361//1361
f 1363//1363 1423//1423 1391//1391
f 1361//1361 1363//1363 1337//1337
f 1334//1334 1337//1337 1302//1302
f 1337//1337 1339//1339 1305//1305
f 1363//1363 1365//1365 1339//1339
f 1365//1365 1367//1367 1341//1341
f 1339//1339 1341//1341 1309//1309
f 1341//1341 1343//1343 1311//1311
f 1367//1367 1369//1369 1343//1343
f 1426//1426 1429//1429 1393//1393
f 1391//1391 1393//1393 1367//1367
f 1393//1393 1395//1395 1369//1369
f 1429//1429 1431//1431 1395//1395
f 1690//1690 1704//1704 1558//1558
f 1421//1421 1487//1487 1423//1423
f 1487//1487 1555//1555 1558//1558
f 1555//1555 1421//1421 1419//1419
f 1421//1421 1555//1555 1487//1487
f 1558//1558 1563//1563 1489//1489
f 1487//1487 1489//1489 1426//1426
f 1429//1429 1463//1463 1431//1431
f 1463//1463 1489//1489 1492//1492
f 1489//1489 1429//1429 1426//1426
f 1429//1429 1489//1489 1463//1463
f 1563//1563 1567//1567 1492//1492
f 1563//1563 1639//1639 1567//1567
f 1639//1639 1704//1704 1712//1712
f 1704//1704 1563//1563 1558//1558
f 1563//1563 1704//1704 1639//1639
f 1644//1644 1664//1664 1389//1389
f 1385//1385 1389//1389 1131//1131
f 1134//1134 1283//1283 1137//1137
f 1283//1283 1389//1389 1402//1402
f 1389//1389 1134//1134 1131//1131
f 1134//1134 1389//1389 1283//1283
f 1664//1664 1683//1683 1402//1402
f 1103//1103 1385//1385 1108//1108
f 1385//1385 1620//1620 1644//1644
f 1620//1620 1103//1103 1086//1086
f 1103//1103 1620//1620 1385//1385
f 1070//1070 1620//1620 1086//1086
f 1591//1591 1070//1070 1060//1060
f 1620//1620 1070//1070 1591//1591
f 1057//1057 1591//1591 1060//1060
f 1559//1559 1057//1057 1047//1047
f 1591//1591 1057//1057 1559//1559
f 2067//2067 2069//2069 2045//2045
f 2042//2042 2045//2045 2017//2017
f 2045//2045 2047//2047 2019//2019
f 2069//2069 2072//2072 2047//2047
f 2015//2015 2017//2017 1993//1993
f 1991//1991 1993//1993 1967//1967
f 1993//1993 1995//1995 1969//1969
f 2017//2017 2019//2019 1995//1995
f 2019//2019 2021//2021 1998//1998
f 1995//1995 1998//1998 1971//1971
f 1998//1998 2000//2000 1973//1973
f 2021//2021 2023//2023 2000//2000
f 2072//2072 2075//2075 2049//2049
f 2047//2047 2049//2049 2021//2021
f 2049//2049 2052//2052 2023//2023
f 2075//2075 2077//2077 2052//2052
f 2077//2077 2079//2079 2055//2055
f 2052//2052 2055//2055 2025//2025
f 2055//2055 2057//2057 2027//2027
f 2079//2079 2081//2081 2057//2057
f 2023//2023 2025//2025 2003//2003
f 2000//2000 2003//2003 1975//1975
f 2003//2003 2005//2005 1978//1978
f 2025//2025 2027//2027 2005//2005
f 2005//2005 1981//1981 1978//1978
f 2029//2029 2005//2005 2027//2027
f 1981//1981 2005//2005 2029//2029
f 2057//2057 2029//2029 2027//2027
f 2083//2083 2057//2057 2081//2081
f 2029//2029 2057//2057 2083//2083
f 1965//1965 1967//1967 1936//1936
f 1933//1933 1936//1936 1908//1908
f 1936//1936 1940//1940 1911//1911
f 1967//1967 1969//1969 1940//1940
f 1905//1905 1908//1908 1882//1882
f 1880//1880 1882//1882 1847//1847
f 1882//1882 1884//1884 1849//1849
f 1908//1908 1911//1911 1884//1884
f 1911//1911 1913//1913 1886//1886
f 1884//1884 1886//1886 1853//1853
f 1886//1886 1887//1887 1855//1855
f 1913//1913 1915//1915 1887//1887
f 1969//1969 1971//1971 1943//1943
f 1940//1940 1943//1943 1913//1913
f 1943//1943 1947//1947 1915//1915
f 1971//1971 1973//1973 1947//1947
f 1845//1845 1847//1847 1820//1820
f 1817//1817 1820//1820 1794//1794
f 1820//1820 1824//1824 1797//1797
f 1847//1847 1849//1849 1824//1824
f 1794//1794 1769//1769 1791//1791
f 1769//1769 1741//1741 1739//1739
f 1741//1741 1794//1794 1797//1797
f 1794//1794 1741//1741 1769//1769
f 1797//1797 1799//1799 1743//1743
f 1853//1853 1824//1824 1849//1849
f 1824//1824 1799//1799 1797//1797
f 1799//1799 1853//1853 1855//1855
f 1853//1853 1799//1799 1824//1824
f 1858//1858 1799//1799 1855//1855
f 1799//1799 1748//1748 1743//1743
f 1748//1748 1858//1858 1860//1860
f 1858//1858 1748//1748 1799//1799
f 1975//1975 1947//1947 1973//1973
f 1947//1947 1919//1919 1915//1915
f 1919//1919 1975//1975 1978//1978
f 1975//1975 1919//1919 1947//1947
f 1887//1887 1858//1858 1855//1855
f 1919//1919 1887//1887 1915//1915
f 1858//1858 1887//1887 1919//1919
f 1919//1919 1921//1921 1860//1860
f 1978//1978 1981//1981 1921//1921
f 1983//1983 1921//1921 1981//1981
f 1921//1921 1863//1863 1860//1860
f 1863//1863 1983//1983 1985//1985
f 1983//1983 1863//1863 1921//1921
f 1860//1860 1863//1863 1756//1756
f 2083//2083 2087//2087 2031//2031
f 2029//2029 2031//2031 1983//1983
f 2031//2031 2036//2036 1985//1985
f 2087//2087 2036//2036 2031//2031
f 1934//1934 1948//1948 1827//1827
f 1716//1716 1771//1771 1719//1719
f 1771//1771 1819//1819 1827//1827
f 1819//1819 1716//1716 1712//1712
f 1716//1716 1819//1819 1771//1771
f 1827//1827 1829//1829 1773//1773
f 1771//1771 1773//1773 1721//1721
f 1751//1751 1773//1773 1775//1775
f 1721//1721 1751//1751 1723//1723
f 1773//1773 1751//1751 1721//1721
f 1829//1829 1831//1831 1775//1775
f 1829//1829 1888//1888 1831//1831
f 1888//1888 1948//1948 1951//1951
f 1948//1948 1829//1829 1827//1827
f 1829//1829 1948//1948 1888//1888
f 1951//1951 1953//1953 1890//1890
f 1888//1888 1890//1890 1833//1833
f 1835//1835 1866//1866 1837//1837
f 1866//1866 1890//1890 1896//1896
f 1890//1890 1835//1835 1833//1833
f 1835//1835 1890//1890 1866//1866
f 1925//1925 1953//1953 1955//1955
f 1890//1890 1925//1925 1896//1896
f 1953//1953 1925//1925 1890//1890
f 1777//1777 1805//1805 1779//1779
f 1805//1805 1831//1831 1833//1833
f 1831//1831 1777//1777 1775//1775
f 1777//1777 1831//1831 1805//1805
f 1775//1775 1777//1777 1753//1753
f 1751//1751 1753//1753 1725//1725
f 1753//1753 1755//1755 1727//1727
f 1777//1777 1779//1779 1755//1755
f 1779//1779 1781//1781 1758//1758
f 1755//1755 1758//1758 1729//1729
f 1758//1758 1761//1761 1731//1731
f 1781//1781 1783//1783 1761//1761
f 1833//1833 1835//1835 1807//1807
f 1805//1805 1807//1807 1781//1781
f 1807//1807 1809//1809 1783//1783
f 1835//1835 1837//1837 1809//1809
f 1837//1837 1839//1839 1811//1811
f 1809//1809 1811//1811 1785//1785
f 1811//1811 1813//1813 1787//1787
f 1839//1839 1841//1841 1813//1813
f 1783//1783 1785//1785 1763//1763
f 1761//1761 1763//1763 1733//1733
f 1763//1763 1765//1765 1735//1735
f 1785//1785 1787//1787 1765//1765
f 1787//1787 1789//1789 1767//1767
f 1765//1765 1767//1767 1737//1737
f 1767//1767 1769//1769 1739//1739
f 1789//1789 1791//1791 1769//1769
f 1841//1841 1843//1843 1815//1815
f 1813//1813 1815//1815 1789//1789
f 1815//1815 1817//1817 1791//1791
f 1843//1843 1845//1845 1817//1817
f 1955//1955 1957//1957 1927//1927
f 1925//1925 1927//1927 1899//1899
f 1927//1927 1929//1929 1901//1901
f 1957//1957 1959//1959 1929//1929
f 1896//1896 1899//1899 1869//1869
f 1866//1866 1869//1869 1839//1839
f 1869//1869 1872//1872 1841//1841
f 1899//1899 1901//1901 1872//1872
f 1901//1901 1903//1903 1877//1877
f 1872//1872 1877//1877 1843//1843
f 1877//1877 1880//1880 1845//1845
f 1903//1903 1905//1905 1880//1880
f 1959//1959 1963//1963 1931//1931
f 1929//1929 1931//1931 1903//1903
f 1931//1931 1933//1933 1905//1905
f 1963//1963 1965//1965 1933//1933
f 1953//1953 2008//2008 1955//1955
f 1951//1951 2062//2062 2008//2008
f 2062//2062 2065//2065 2011//2011
f 1957//1957 1987//1987 1959//1959
f 1987//1987 2008//2008 2011//2011
f 2008//2008 1957//1957 1955//1955
f 1957//1957 2008//2008 1987//1987
f 2011//2011 2013//2013 1989//1989
f 1987//1987 1989//1989 1963//1963
f 1989//1989 1991//1991 1965//1965
f 2013//2013 2015//2015 1991//1991
f 2013//2013 2042//2042 2015//2015
f 2042//2042 2065//2065 2067//2067
f 2065//2065 2013//2013 2011//2011
f 2013//2013 2065//2065 2042//2042
f 1906//1906 1923//1923 1690//1690
f 1704//1704 1819//1819 1712//1712
f 1819//1819 1923//1923 1934//1934
f 1923//1923 1704//1704 1690//1690
f 1704//1704 1923//1923 1819//1819
f 385//385 395//395 720//720
f 535//535 401//401 450//450
f 537//537 395//395 401//401
f 405//405 450//450 401//401
f 448//448 450//450 405//405
f 408//408 446//446 405//405
f 448//448 405//405 446//446
f 444//444 446//446 408//408
f 408//408 442//442 444//444
f 414//414 440//440 408//408
f 408//408 440//440 442//442
f 438//438 440//440 414//414
f 547//547 385//385 720//720
f 712//712 720//720 902//902
f 720//720 395//395 716//716
f 929//929 1215//1215 902//902
f 1147//1147 902//902 1215//1215
f 1147//1147 1215//1215 1410//1410
f 1194//1194 1215//1215 929//929
f 395//395 537//537 543//543
f 401//401 535//535 537//537
f 716//716 543//543 710//710
f 543//543 716//716 395//395
f 450//450 533//533 535//535
f 712//712 547//547 720//720
f 432//432 414//414 412//412
f 438//438 414//414 436//436
f 436//436 414//414 434//434
f 414//414 432//432 434//434
f 412//412 430//430 432//432
f 426//426 430//430 412//412
f 403//403 399//399 417//417
f 399//399 389//389 485//485
f 412//412 403//403 424//424
f 403//403 420//420 422//422
f 403//403 422//422 424//424
f 424//424 426//426 412//412
f 403//403 419//419 420//420
f 417//417 399//399 493//493
f 403//403 417//417 419//419
f 493//493 399//399 491//491
f 487//487 654//654 485//485
f 491//491 399//399 485//485
f 389//389 487//487 485//485
f 610//610 696//696 654//654
f 654//654 487//487 610//610
f 1022//1022 1047//1047 898//898
f 803//803 781//781 898//898
f 696//696 781//781 803//803
f 654//654 696//696 803//803
f 1047//1047 803//803 898//898
f 1410//1410 1474//1474 1681//1681
f 1681//1681 1756//1756 1891//1891
f 1756//1756 1681//1681 1616//1616
f 1985//1985 1891//1891 1863//1863
f 2100//2100 1985//1985 2036//2036
f 1748//1748 1756//1756 1616//1616
f 2102//2102 2036//2036 2087//2087
f 2101//2101 2083//2083 2081//2081
f 2083//2083 2101//2101 2087//2087
f 2100//2100 1891//1891 1985//1985
f 2079//2079 2077//2077 2098//2098
f 2077//2077 2075//2075 2098//2098
f 2081//2081 2079//2079 2101//2101
f 2101//2101 2102//2102 2087//2087
f 2102//2102 2100//2100 2036//2036
f 2079//2079 2098//2098 2101//2101
f 2098//2098 2072//2072 2069//2069
f 2098//2098 2069//2069 2067//2067
f 2065//2065 2097//2097 2067//2067
f 2098//2098 2067//2067 2097//2097
f 2096//2096 2097//2097 2062//2062
f 2065//2065 2062//2062 2097//2097
f 2098//2098 2075//2075 2072//2072
f 1683//1683 1664//1664 1906//1906
f 1664//1664 1644//1644 2070//2070
f 1591//1591 1559//1559 2032//2032
f 1620//1620 2070//2070 1644//1644
f 1591//1591 2059//2059 1620//1620
f 1170//1170 1316//1316 1047//1047
f 1559//1559 1047//1047 1316//1316
f 1022//1022 1170//1170 1047//1047
f 1579//1579 1703//1703 1559//1559
f 1559//1559 1703//1703 1801//1801
f 1559//1559 1439//1439 1579//1579
f 1316//1316 1439//1439 1559//1559
f 2092//2092 1948//1948 1934//1934
f 2092//2092 1934//1934 1923//1923
f 2094//2094 1948//1948 2092//2092
f 2092//2092 1923//1923 2085//2085
f 1923//1923 1906//1906 2085//2085
f 2094//2094 1951//1951 1948//1948
f 2094//2094 2096//2096 1951//1951
f 1894//1894 1559//1559 1801//1801
f 2070//2070 2085//2085 1664//1664
f 1620//1620 2059//2059 2070//2070
f 1997//1997 2032//2032 1559//1559
f 1997//1997 1559//1559 1894//1894
f 2059//2059 1591//1591 2032//2032
f 1664//1664 2085//2085 1906//1906
f 2096//2096 2062//2062 1951//1951
f 366//366 475//475 362//362
f 273//273 366//366 264//264
f 501//501 662//662 475//475
f 374//374 501//501 366//366
f 714//714 838//838 662//662
f 577//577 714//714 501//501
f 946//946 1123//1123 838//838
f 790//790 946//946 714//714
f 1259//1259 1405//1405 1123//1123
f 1102//1102 1259//1259 946//946
f 1570//1570 1695//1695 1405//1405
f 1451//1451 1570//1570 1259//1259
f 353//353 349//349 343//343
f 356//356 353//353 336//336
f 353//353 343//343 336//336
f 362//362 293//293 260//260
f 336//336 293//293 389//389
f 356//356 336//336 389//389
f 610//610 487//487 362//362
f 475//475 696//696 610//610
f 696//696 662//662 781//781
f 293//293 362//362 389//389
f 362//362 487//487 389//389
f 475//475 610//610 362//362
f 475//475 662//662 696//696
f 244//244 362//362 260//260
f 662//662 898//898 781//781
f 213//213 199//199 264//264
f 199//199 171//171 223//223
f 223//223 154//154 156//156
f 154//154 140//140 156//156
f 171//171 154//154 223//223
f 264//264 244//244 213//213
f 156//156 173//173 223//223
f 217//217 273//273 223//223
f 252//252 374//374 273//273
f 374//374 252//252 279//279
f 202//202 223//223 173//173
f 273//273 217//217 252//252
f 202//202 217//217 223//223
f 264//264 199//199 223//223
f 264//264 362//362 244//244
f 1316//1316 1170//1170 1123//1123
f 1439//1439 1316//1316 1123//1123
f 838//838 1022//1022 898//898
f 1170//1170 1022//1022 838//838
f 838//838 1123//1123 1170//1170
f 1123//1123 1405//1405 1439//1439
f 1703//1703 1579//1579 1405//1405
f 1695//1695 1801//1801 1703//1703
f 1801//1801 1695//1695 1894//1894
f 1695//1695 1703//1703 1405//1405
f 1695//1695 1852//1852 1997//1997
f 1695//1695 1997//1997 1894//1894
f 1439//1439 1405//1405 1579//1579
f 1570//1570 1852//1852 1695//1695
f 577//577 374//374 334//334
f 549//549 790//790 577//577
f 1102//1102 790//790 795//795
f 790//790 670//670 795//795
f 577//577 334//334 404//404
f 790//790 549//549 670//670
f 549//549 577//577 404//404
f 279//279 334//334 374//374
f 795//795 986//986 1102//1102
f 1102//1102 986//986 1180//1180
f 1451//1451 1852//1852 1570//1570
f 1451//1451 1102//1102 1180//1180
f 1451//1451 1180//1180 1353//1353
f 1451//1451 1530//1530 1715//1715
f 1530//1530 1451//1451 1353//1353
f 1451//1451 1715//1715 1852//1852
f 898//898 662//662 838//838
f 221//221 225//225 175//175
f 220//220 221//221 167//167
f 215//215 220//220 166//166
f 281//281 289//289 225//225
f 276//276 281//281 221//221
f 271//271 276//276 220//220
f 393//393 415//415 289//289
f 391//391 393//393 281//281
f 383//383 391//391 276//276
f 636//636 660//660 415//415
f 630//630 636//636 393//393
f 624//624 630//630 391//391
f 915//915 937//937 660//660
f 888//888 915//915 636//636
f 866//866 888//888 630//630
f 1286//1286 1328//1328 937//937
f 1258//1258 1286//1286 915//915
f 1252//1252 1258//1258 888//888
f 156//156 140//140 136//136
f 134//134 156//156 136//136
f 156//156 134//134 175//175
f 124//124 113//113 166//166
f 134//134 130//130 175//175
f 130//130 124//124 167//167
f 175//175 173//173 156//156
f 225//225 217//217 202//202
f 289//289 279//279 252//252
f 225//225 252//252 217//217
f 130//130 167//167 175//175
f 252//252 225//225 289//289
f 225//225 202//202 175//175
f 124//124 166//166 167//167
f 289//289 334//334 279//279
f 173//173 175//175 202//202
f 164//164 166//166 113//113
f 104//104 100//100 164//164
f 164//164 108//108 104//104
f 164//164 100//100 95//95
f 164//164 91//91 87//87
f 87//87 81//81 164//164
f 146//146 81//81 72//72
f 91//91 164//164 95//95
f 164//164 111//111 108//108
f 164//164 146//146 158//158
f 81//81 146//146 164//164
f 164//164 158//158 194//194
f 164//164 113//113 111//111
f 215//215 208//208 248//248
f 271//271 248//248 266//266
f 208//208 215//215 194//194
f 316//316 271//271 266//266
f 415//415 549//549 404//404
f 660//660 795//795 670//670
f 660//660 670//670 549//549
f 415//415 404//404 334//334
f 660//660 549//549 415//415
f 660//660 937//937 795//795
f 937//937 986//986 795//795
f 1328//1328 1353//1353 1180//1180
f 1685//1685 1715//1715 1530//1530
f 1328//1328 1530//1530 1353//1353
f 937//937 1328//1328 1180//1180
f 1286//1286 1672//1672 1328//1328
f 1685//1685 1328//1328 1672//1672
f 1328//1328 1685//1685 1530//1530
f 1180//1180 986//986 937//937
f 1651//1651 1672//1672 1286//1286
f 383//383 316//316 378//378
f 383//383 271//271 316//316
f 383//383 474//474 624//624
f 624//624 724//724 866//866
f 383//383 378//378 474//474
f 624//624 602//602 724//724
f 854//854 1031//1031 866//866
f 1637//1637 1286//1286 1258//1258
f 1258//1258 1621//1621 1637//1637
f 1637//1637 1651//1651 1286//1286
f 1252//1252 1621//1621 1258//1258
f 1252//1252 1031//1031 1236//1236
f 1252//1252 1417//1417 1621//1621
f 1610//1610 1621//1621 1417//1417
f 1236//1236 1417//1417 1252//1252
f 1031//1031 1252//1252 866//866
f 415//415 334//334 289//289
f 210//210 209//209 160//160
f 211//211 210//210 160//160
f 268//268 267//267 210//210
f 269//269 268//268 210//210
f 380//380 379//379 268//268
f 381//381 380//380 268//268
f 604//604 603//603 380//380
f 606//606 604//604 380//380
f 856//856 855//855 604//604
f 857//857 856//856 604//604
f 1238//1238 1237//1237 856//856
f 1239//1239 1238//1238 856//856
f 73//73 146//146 72//72
f 159//159 158//158 146//146
f 159//159 74//74 75//75
f 74//74 159//159 73//73
f 146//146 73//73 159//159
f 159//159 75//75 160//160
f 159//159 194//194 158//158
f 209//209 208//208 194//194
f 209//209 248//248 208//208
f 267//267 266//266 248//248
f 266//266 267//267 316//316
f 159//159 209//209 194//194
f 79//79 161//161 78//78
f 78//78 161//161 77//77
f 147//147 79//79 80//80
f 147//147 162//162 161//161
f 79//79 147//147 161//161
f 160//160 76//76 77//77
f 77//77 161//161 160//160
f 249//249 269//269 211//211
f 195//195 211//211 161//161
f 211//211 195//195 212//212
f 269//269 249//249 270//270
f 249//249 211//211 212//212
f 317//317 269//269 270//270
f 162//162 195//195 161//161
f 160//160 75//75 76//76
f 379//379 378//378 316//316
f 379//379 474//474 378//378
f 603//603 602//602 474//474
f 603//603 474//474 379//379
f 855//855 854//854 724//724
f 603//603 724//724 602//602
f 1237//1237 1236//1236 1031//1031
f 1237//1237 1417//1417 1236//1236
f 1237//1237 1031//1031 855//855
f 1237//1237 1611//1611 1610//1610
f 1237//1237 1610//1610 1417//1417
f 854//854 855//855 1031//1031
f 1238//1238 1611//1611 1237//1237
f 381//381 317//317 382//382
f 381//381 269//269 317//317
f 381//381 382//382 476//476
f 606//606 607//607 725//725
f 607//607 606//606 476//476
f 725//725 857//857 606//606
f 725//725 858//858 857//857
f 857//857 858//858 1032//1032
f 1239//1239 1611//1611 1238//1238
f 1239//1239 857//857 1032//1032
f 1239//1239 1032//1032 1240//1240
f 1239//1239 1418//1418 1612//1612
f 1418//1418 1239//1239 1240//1240
f 1239//1239 1612//1612 1611//1611
f 219//219 216//216 165//165
f 222//222 219//219 168//168
f 226//226 222//222 176//176
f 278//278 272//272 219//219
f 282//282 278//278 222//222
f 290//290 282//282 226//226
f 392//392 384//384 278//278
f 394//394 392//392 282//282
f 416//416 394//394 290//290
f 631//631 625//625 392//392
f 638//638 631//631 394//394
f 661//661 638//638 416//416
f 889//889 867//867 631//631
f 917//917 889//889 638//638
f 939//939 917//917 661//661
f 1260//1260 1254//1254 889//889
f 1288//1288 1260//1260 917//917
f 1330//1330 1288//1288 939//939
f 92//92 96//96 163//163
f 88//88 163//163 82//82
f 88//88 92//92 163//163
f 99//99 103//103 163//163
f 103//103 107//107 163//163
f 96//96 99//99 163//163
f 147//147 80//80 82//82
f 163//163 162//162 147//147
f 216//216 212//212 195//195
f 163//163 195//195 162//162
f 112//112 163//163 107//107
f 216//216 195//195 163//163
f 272//272 270//270 249//249
f 272//272 249//249 216//216
f 82//82 163//163 147//147
f 125//125 131//131 168//168
f 131//131 135//135 176//176
f 114//114 125//125 165//165
f 157//157 137//137 141//141
f 174//174 176//176 157//157
f 157//157 176//176 135//135
f 137//137 157//157 135//135
f 114//114 163//163 112//112
f 125//125 168//168 165//165
f 203//203 226//226 176//176
f 131//131 176//176 168//168
f 218//218 226//226 203//203
f 280//280 290//290 253//253
f 226//226 218//218 253//253
f 335//335 290//290 280//280
f 226//226 253//253 290//290
f 174//174 203//203 176//176
f 114//114 165//165 163//163
f 317//317 270//270 272//272
f 384//384 382//382 317//317
f 625//625 607//607 476//476
f 384//384 476//476 382//382
f 625//625 476//476 384//384
f 867//867 858//858 725//725
f 625//625 725//725 607//607
f 1254//1254 1240//1240 1032//1032
f 1624//1624 1612//1612 1418//1418
f 1254//1254 1418//1418 1240//1240
f 1032//1032 867//867 1254//1254
f 1638//1638 1624//1624 1260//1260
f 1254//1254 1260//1260 1624//1624
f 1624//1624 1418//1418 1254//1254
f 858//858 867//867 1032//1032
f 1638//1638 1260//1260 1288//1288
f 416//416 335//335 407//407
f 416//416 290//290 335//335
f 661//661 416//416 550//550
f 939//939 661//661 796//796
f 416//416 407//407 550//550
f 661//661 671//671 796//796
f 939//939 796//796 987//987
f 671//671 661//661 550//550
f 987//987 1182//1182 939//939
f 939//939 1182//1182 1330//1330
f 1674//1674 1288//1288 1330//1330
f 1288//1288 1674//1674 1653//1653
f 1653//1653 1638//1638 1288//1288
f 1686//1686 1674//1674 1330//1330
f 1354//1354 1330//1330 1182//1182
f 1717//1717 1686//1686 1531//1531
f 1330//1330 1354//1354 1531//1531
f 1330//1330 1531//1531 1686//1686
f 317//317 272//272 384//384
f 367//367 274//274 265//265
f 477//477 367//367 363//363
f 502//502 375//375 367//367
f 664//664 502//502 477//477
f 715//715 578//578 502//502
f 841//841 715//715 664//664
f 948//948 792//792 715//715
f 1127//1127 948//948 841//841
f 1263//1263 1104//1104 948//948
f 1409//1409 1263//1263 1127//1127
f 1571//1571 1453//1453 1263//1263
f 1698//1698 1571//1571 1409//1409
f 157//157 141//141 155//155
f 157//157 155//155 224//224
f 200//200 214//214 265//265
f 155//155 172//172 224//224
f 172//172 200//200 224//224
f 224//224 174//174 157//157
f 224//224 218//218 203//203
f 375//375 280//280 253//253
f 274//274 253//253 218//218
f 200//200 265//265 224//224
f 253//253 274//274 375//375
f 274//274 218//218 224//224
f 375//375 335//335 280//280
f 174//174 224//224 203//203
f 245//245 265//265 214//214
f 261//261 294//294 363//363
f 294//294 337//337 390//390
f 352//352 337//337 342//342
f 342//342 348//348 352//352
f 357//357 337//337 352//352
f 363//363 245//245 261//261
f 390//390 337//337 357//357
f 489//489 363//363 390//390
f 265//265 245//245 363//363
f 390//390 363//363 294//294
f 477//477 363//363 611//611
f 611//611 363//363 489//489
f 477//477 611//611 698//698
f 698//698 783//783 664//664
f 477//477 698//698 664//664
f 578//578 550//550 407//407
f 578//578 407//407 335//335
f 578//578 792//792 550//550
f 671//671 550//550 792//792
f 1104//1104 796//796 792//792
f 671//671 792//792 796//796
f 1453//1453 1354//1354 1182//1182
f 1453//1453 1717//1717 1531//1531
f 1453//1453 1531//1531 1354//1354
f 1104//1104 1182//1182 987//987
f 796//796 1104//1104 987//987
f 1453//1453 1571//1571 1856//1856
f 1104//1104 1453//1453 1182//1182
f 1856//1856 1717//1717 1453//1453
f 783//783 900//900 664//664
f 841//841 664//664 900//900
f 1024//1024 841//841 900//900
f 1127//1127 841//841 1174//1174
f 1174//1174 841//841 1024//1024
f 1127//1127 1174//1174 1319//1319
f 1127//1127 1319//1319 1443//1443
f 1443//1443 1409//1409 1127//1127
f 1698//1698 1409//1409 1710//1710
f 1698//1698 2001//2001 1856//1856
f 2001//2001 1698//1698 1898//1898
f 1710//1710 1409//1409 1582//1582
f 1698//1698 1710//1710 1802//1802
f 1698//1698 1802//1802 1898//1898
f 1443//1443 1582//1582 1409//1409
f 1698//1698 1856//1856 1571//1571
f 335//335 375//375 578//578
f 665//665 659//659 494//494
f 659//659 655//655 492//492
f 500//500 667//667 496//496
f 669//669 500//500 504//504
f 667//667 500//500 669//669
f 500//500 421//421 504//504
f 418//418 500//500 496//496
f 667//667 665//665 496//496
f 635//635 592//592 594//594
f 592//592 675//675 590//590
f 675//675 635//635 679//679
f 635//635 675//675 592//592
f 594//594 592//592 560//560
f 560//560 558//558 518//518
f 558//558 556//556 514//514
f 592//592 590//590 558//558
f 556//556 510//510 512//512
f 510//510 586//586 508//508
f 586//586 556//556 590//590
f 556//556 586//586 510//510
f 675//675 673//673 590//590
f 518//518 514//514 465//465
f 465//465 463//463 439//439
f 463//463 461//461 437//437
f 514//514 512//512 463//463
f 512//512 510//510 461//461
f 461//461 459//459 435//435
f 459//459 457//457 433//433
f 510//510 508//508 459//459
f 457//457 428//428 431//431
f 428//428 506//506 425//425
f 506//506 457//457 508//508
f 457//457 506//506 428//428
f 423//423 504//504 421//421
f 506//506 423//423 425//425
f 504//504 423//423 506//506
f 586//586 506//506 508//508
f 506//506 669//669 504//504
f 669//669 586//586 673//673
f 586//586 669//669 506//506
f 699//699 695//695 653//653
f 653//653 651//651 619//619
f 651//651 649//649 617//617
f 695//695 692//692 651//651
f 572//572 617//617 615//615
f 617//617 534//534 619//619
f 534//534 572//572 532//532
f 572//572 534//534 617//617
f 615//615 613//613 572//572
f 572//572 570//570 532//532
f 570//570 568//568 530//530
f 613//613 609//609 570//570
f 692//692 689//689 649//649
f 649//649 647//647 615//615
f 647//647 645//645 613//613
f 689//689 687//687 647//647
f 534//534 532//532 451//451
f 473//473 530//530 528//528
f 530//530 449//449 532//532
f 449//449 473//473 447//447
f 473//473 449//449 530//530
f 528//528 526//526 473//473
f 473//473 471//471 447//447
f 471//471 469//469 445//445
f 526//526 524//524 471//471
f 524//524 521//521 469//469
f 469//469 467//467 443//443
f 467//467 465//465 441//441
f 521//521 518//518 467//467
f 687//687 685//685 645//645
f 645//645 643//643 609//609
f 643//643 641//641 601//601
f 685//685 683//683 643//643
f 609//609 601//601 568//568
f 568//568 566//566 528//528
f 566//566 564//564 526//526
f 601//601 598//598 566//566
f 598//598 596//596 564//564
f 564//564 562//562 524//524
f 562//562 560//560 521//521
f 596//596 594//594 562//562
f 683//683 681//681 641//641
f 641//641 639//639 598//598
f 639//639 635//635 596//596
f 681//681 679//679 639//639
f 627//627 709//709 705//705
f 709//709 544//544 711//711
f 544//544 627//627 538//538
f 627//627 544//544 709//709
f 705//705 703//703 627//627
f 627//627 623//623 538//538
f 623//623 619//619 536//536
f 653//653 701//701 699//699
f 701//701 623//623 703//703
f 623//623 653//653 619//619
f 653//653 623//623 701//701
f 1062//1062 1058//1058 830//830
f 830//830 815//815 665//665
f 815//815 805//805 659//659
f 1058//1058 1051//1051 815//815
f 1089//1089 1073//1073 836//836
f 836//836 834//834 669//669
f 834//834 830//830 667//667
f 1073//1073 1062//1062 834//834
f 1110//1110 1105//1105 863//863
f 756//756 675//675 679//679
f 675//675 847//847 673//673
f 847//847 756//756 863//863
f 756//756 847//847 675//675
f 847//847 836//836 673//673
f 1105//1105 1089//1089 847//847
f 1061//1061 995//995 997//997
f 995//995 1135//1135 993//993
f 1135//1135 1061//1061 1138//1138
f 1061//1061 1135//1135 995//995
f 997//997 995//995 945//945
f 945//945 941//941 877//877
f 941//941 938//938 875//875
f 995//995 993//993 941//941
f 938//938 871//871 873//873
f 871//871 991//991 869//869
f 991//991 938//938 993//993
f 938//938 991//991 871//871
f 1135//1135 1133//1133 993//993
f 839//839 810//810 813//813
f 875//875 839//839 877//877
f 810//810 839//839 875//875
f 813//813 810//810 774//774
f 810//810 808//808 772//772
f 875//875 873//873 810//810
f 774//774 772//772 741//741
f 741//741 739//739 699//699
f 739//739 737//737 695//695
f 772//772 768//768 739//739
f 768//768 766//766 737//737
f 737//737 735//735 692//692
f 735//735 731//731 689//689
f 766//766 764//764 735//735
f 873//873 871//871 808//808
f 808//808 806//806 768//768
f 806//806 801//801 766//766
f 871//871 869//869 806//806
f 801//801 760//760 764//764
f 760//760 865//865 758//758
f 865//865 801//801 869//869
f 801//801 865//865 760//760
f 764//764 760//760 731//731
f 731//731 729//729 687//687
f 729//729 727//727 685//685
f 760//760 758//758 729//729
f 727//727 681//681 683//683
f 681//681 756//756 679//679
f 756//756 727//727 758//758
f 727//727 756//756 681//681
f 865//865 863//863 758//758
f 991//991 865//865 869//869
f 865//865 1110//1110 863//863
f 1110//1110 991//991 1133//1133
f 991//991 1110//1110 865//865
f 1132//1132 1171//1171 1168//1168
f 1171//1171 1092//1092 1175//1175
f 1092//1092 1132//1132 1087//1087
f 1132//1132 1092//1092 1171//1171
f 1092//1092 1087//1087 1027//1027
f 1055//1055 1084//1084 1082//1082
f 1084//1084 1025//1025 1087//1087
f 1025//1025 1055//1055 1021//1021
f 1055//1055 1025//1025 1084//1084
f 1168//1168 1166//1166 1132//1132
f 1132//1132 1129//1129 1087//1087
f 1129//1129 1126//1126 1084//1084
f 1166//1166 1164//1164 1129//1129
f 967//967 1025//1025 1021//1021
f 1025//1025 908//908 1027//1027
f 908//908 967//967 905//905
f 967//967 908//908 1025//1025
f 985//985 1019//1019 1017//1017
f 1019//1019 967//967 1021//1021
f 967//967 985//985 965//965
f 985//985 967//967 1019//1019
f 967//967 965//965 905//905
f 935//935 963//963 961//961
f 963//963 901//901 965//965
f 901//901 935//935 897//897
f 935//935 901//901 963//963
f 1017//1017 1015//1015 985//985
f 985//985 983//983 965//965
f 983//983 981//981 963//963
f 1015//1015 1012//1012 983//983
f 1164//1164 1162//1162 1126//1126
f 1126//1126 1122//1122 1082//1082
f 1122//1122 1117//1117 1080//1080
f 1162//1162 1159//1159 1122//1122
f 1082//1082 1080//1080 1055//1055
f 1055//1055 1052//1052 1021//1021
f 1052//1052 1048//1048 1019//1019
f 1080//1080 1078//1078 1052//1052
f 1078//1078 1076//1076 1048//1048
f 1048//1048 1044//1044 1017//1017
f 1044//1044 1042//1042 1015//1015
f 1076//1076 1074//1074 1044//1044
f 1159//1159 1156//1156 1117//1117
f 1117//1117 1115//1115 1078//1078
f 1115//1115 1113//1113 1076//1076
f 1156//1156 1154//1154 1115//1115
f 908//908 905//905 791//791
f 791//791 788//788 711//711
f 788//788 786//786 709//709
f 831//831 901//901 897//897
f 901//901 788//788 905//905
f 788//788 831//831 786//786
f 831//831 788//788 901//901
f 859//859 895//895 893//893
f 895//895 831//831 897//897
f 831//831 859//859 826//826
f 859//859 831//831 895//895
f 831//831 826//826 786//786
f 824//824 784//784 826//826
f 780//780 824//824 822//822
f 784//784 824//824 780//780
f 893//893 890//890 859//859
f 859//859 852//852 826//826
f 852//852 850//850 824//824
f 890//890 886//886 852//852
f 745//745 784//784 780//780
f 784//784 705//705 786//786
f 705//705 745//745 703//703
f 745//745 705//705 784//784
f 780//780 778//778 745//745
f 745//745 743//743 703//703
f 743//743 741//741 701//701
f 778//778 774//774 743//743
f 886//886 883//883 850//850
f 850//850 848//848 822//822
f 848//848 845//845 820//820
f 883//883 881//881 848//848
f 820//820 780//780 822//822
f 778//778 820//820 818//818
f 780//780 820//820 778//778
f 816//816 778//778 818//818
f 774//774 816//816 813//813
f 778//778 816//816 774//774
f 881//881 879//879 845//845
f 845//845 842//842 818//818
f 842//842 839//839 816//816
f 879//879 877//877 842//842
f 1154//1154 1152//1152 1113//1113
f 1113//1113 1111//1111 1074//1074
f 1111//1111 1109//1109 1071//1071
f 1152//1152 1150//1150 1111//1111
f 1074//1074 1071//1071 1042//1042
f 1042//1042 1040//1040 1012//1012
f 1040//1040 1038//1038 1010//1010
f 1071//1071 1068//1068 1040//1040
f 1038//1038 1004//1004 1007//1007
f 1004//1004 1066//1066 1001//1001
f 1066//1066 1038//1038 1068//1068
f 1038//1038 1066//1066 1004//1004
f 1109//1109 1066//1066 1068//1068
f 1145//1145 1109//1109 1150//1150
f 1066//1066 1109//1109 1145//1145
f 1012//1012 1010//1010 981//981
f 981//981 979//979 961//961
f 979//979 977//977 959//959
f 1010//1010 1007//1007 979//979
f 961//961 959//959 935//935
f 935//935 933//933 897//897
f 933//933 930//930 895//895
f 959//959 957//957 933//933
f 957//957 955//955 930//930
f 930//930 927//927 893//893
f 927//927 925//925 890//890
f 955//955 953//953 927//927
f 1007//1007 1004//1004 977//977
f 977//977 975//975 957//957
f 975//975 973//973 955//955
f 1004//1004 1001//1001 975//975
f 973//973 951//951 953//953
f 951//951 999//999 949//949
f 999//999 973//973 1001//1001
f 973//973 999//999 951//951
f 953//953 951//951 925//925
f 925//925 923//923 886//886
f 923//923 921//921 883//883
f 951//951 949//949 923//923
f 921//921 879//879 881//881
f 879//879 945//945 877//877
f 945//945 921//921 949//949
f 921//921 945//945 879//879
f 999//999 997//997 949//949
f 1145//1145 1143//1143 1066//1066
f 1066//1066 1064//1064 1001//1001
f 1064//1064 1061//1061 999//999
f 1143//1143 1138//1138 1064//1064
f 1034//1034 1188//1188 1186//1186
f 1188//1188 932//932 1195//1195
f 932//932 1034//1034 916//916
f 1034//1034 932//932 1188//1188
f 932//932 916//916 721//721
f 791//791 913//913 908//908
f 913//913 717//717 916//916
f 717//717 791//791 711//711
f 791//791 717//717 913//913
f 1186//1186 1183//1183 1034//1034
f 1034//1034 1030//1030 916//916
f 1030//1030 1027//1027 913//913
f 1092//1092 1179//1179 1175//1175
f 1179//1179 1030//1030 1183//1183
f 1030//1030 1092//1092 1027//1027
f 1092//1092 1030//1030 1179//1179
f 1058//1058 1561//1561 1051//1051
f 1593//1593 1058//1058 1062//1062
f 1561//1561 1058//1058 1593//1593
f 1073//1073 1593//1593 1062//1062
f 1625//1625 1073//1073 1089//1089
f 1593//1593 1073//1073 1625//1625
f 1388//1388 1105//1105 1110//1110
f 1105//1105 1625//1625 1089//1089
f 1625//1625 1388//1388 1647//1647
f 1388//1388 1625//1625 1105//1105
f 1684//1684 1667//1667 1406//1406
f 1284//1284 1135//1135 1138//1138
f 1135//1135 1390//1390 1133//1133
f 1390//1390 1284//1284 1406//1406
f 1284//1284 1390//1390 1135//1135
f 1390//1390 1388//1388 1133//1133
f 1667//1667 1647//1647 1390//1390
f 1640//1640 1566//1566 1569//1569
f 1566//1566 1708//1708 1560//1560
f 1708//1708 1640//1640 1713//1713
f 1640//1640 1708//1708 1566//1566
f 1569//1569 1566//1566 1494//1494
f 1465//1465 1430//1430 1432//1432
f 1430//1430 1490//1490 1428//1428
f 1490//1490 1465//1465 1494//1494
f 1465//1465 1490//1490 1430//1430
f 1490//1490 1488//1488 1428//1428
f 1566//1566 1560//1560 1490//1490
f 1488//1488 1422//1422 1424//1424
f 1422//1422 1557//1557 1420//1420
f 1557//1557 1488//1488 1560//1560
f 1488//1488 1557//1557 1422//1422
f 1708//1708 1693//1693 1560//1560
f 1432//1432 1430//1430 1396//1396
f 1396//1396 1394//1394 1370//1370
f 1394//1394 1392//1392 1368//1368
f 1430//1430 1428//1428 1394//1394
f 1370//1370 1368//1368 1344//1344
f 1344//1344 1342//1342 1312//1312
f 1342//1342 1340//1340 1310//1310
f 1368//1368 1366//1366 1342//1342
f 1366//1366 1364//1364 1340//1340
f 1340//1340 1338//1338 1308//1308
f 1338//1338 1336//1336 1304//1304
f 1364//1364 1362//1362 1338//1338
f 1392//1392 1364//1364 1366//1366
f 1364//1364 1424//1424 1362//1362
f 1424//1424 1392//1392 1428//1428
f 1392//1392 1424//1424 1364//1364
f 1312//1312 1310//1310 1276//1276
f 1276//1276 1274//1274 1245//1245
f 1274//1274 1272//1272 1243//1243
f 1310//1310 1308//1308 1274//1274
f 1245//1245 1243//1243 1211//1211
f 1211//1211 1208//1208 1175//1175
f 1208//1208 1206//1206 1171//1171
f 1243//1243 1241//1241 1208//1208
f 1241//1241 1234//1234 1206//1206
f 1206//1206 1203//1203 1168//1168
f 1203//1203 1201//1201 1166//1166
f 1234//1234 1232//1232 1203//1203
f 1308//1308 1304//1304 1272//1272
f 1272//1272 1270//1270 1241//1241
f 1270//1270 1267//1267 1234//1234
f 1304//1304 1301//1301 1270//1270
f 1301//1301 1299//1299 1267//1267
f 1267//1267 1264//1264 1232//1232
f 1264//1264 1261//1261 1229//1229
f 1299//1299 1296//1296 1264//1264
f 1232//1232 1229//1229 1201//1201
f 1201//1201 1198//1198 1164//1164
f 1198//1198 1196//1196 1162//1162
f 1229//1229 1226//1226 1198//1198
f 1226//1226 1224//1224 1196//1196
f 1196//1196 1192//1192 1159//1159
f 1192//1192 1190//1190 1156//1156
f 1224//1224 1222//1222 1192//1192
f 1261//1261 1224//1224 1226//1226
f 1224//1224 1294//1294 1222//1222
f 1294//1294 1261//1261 1296//1296
f 1261//1261 1294//1294 1224//1224
f 1424//1424 1422//1422 1362//1362
f 1336//1336 1299//1299 1301//1301
f 1299//1299 1360//1360 1296//1296
f 1360//1360 1336//1336 1362//1362
f 1336//1336 1360//1360 1299//1299
f 1360//1360 1356//1356 1296//1296
f 1422//1422 1420//1420 1360//1360
f 1356//1356 1290//1290 1294//1294
f 1290//1290 1416//1416 1287//1287
f 1416//1416 1356//1356 1420//1420
f 1356//1356 1416//1416 1290//1290
f 1294//1294 1290//1290 1222//1222
f 1190//1190 1152//1152 1154//1154
f 1152//1152 1220//1220 1150//1150
f 1220//1220 1190//1190 1222//1222
f 1190//1190 1220//1220 1152//1152
f 1220//1220 1218//1218 1150//1150
f 1290//1290 1287//1287 1220//1220
f 1218//1218 1143//1143 1145//1145
f 1143//1143 1284//1284 1138//1138
f 1284//1284 1218//1218 1287//1287
f 1218//1218 1284//1284 1143//1143
f 1416//1416 1406//1406 1287//1287
f 1557//1557 1416//1416 1420//1420
f 1416//1416 1684//1684 1406//1406
f 1684//1684 1557//1557 1693//1693
f 1557//1557 1684//1684 1416//1416
f 1709//1709 1738//1738 1736//1736
f 1738//1738 1677//1677 1740//1740
f 1677//1677 1709//1709 1673//1673
f 1709//1709 1677//1677 1738//1738
f 1677//1677 1673//1673 1607//1607
f 1670//1670 1603//1603 1673//1673
f 1597//1597 1670//1670 1668//1668
f 1603//1603 1670//1670 1597//1597
f 1736//1736 1734//1734 1709//1709
f 1709//1709 1706//1706 1673//1673
f 1706//1706 1701//1701 1670//1670
f 1734//1734 1732//1732 1706//1706
f 1527//1527 1603//1603 1597//1597
f 1603//1603 1460//1460 1607//1607
f 1460//1460 1527//1527 1456//1456
f 1527//1527 1460//1460 1603//1603
f 1556//1556 1597//1597 1592//1592
f 1527//1527 1556//1556 1525//1525
f 1597//1597 1556//1556 1527//1527
f 1527//1527 1525//1525 1456//1456
f 1485//1485 1523//1523 1520//1520
f 1523//1523 1454//1454 1525//1525
f 1454//1454 1485//1485 1450//1450
f 1485//1485 1454//1454 1523//1523
f 1592//1592 1589//1589 1556//1556
f 1556//1556 1553//1553 1525//1525
f 1553//1553 1550//1550 1523//1523
f 1589//1589 1587//1587 1553//1553
f 1732//1732 1730//1730 1701//1701
f 1701//1701 1697//1697 1668//1668
f 1697//1697 1694//1694 1665//1665
f 1730//1730 1728//1728 1697//1697
f 1634//1634 1665//1665 1662//1662
f 1665//1665 1597//1597 1668//1668
f 1597//1597 1634//1634 1592//1592
f 1634//1634 1597//1597 1665//1665
f 1662//1662 1660//1660 1634//1634
f 1634//1634 1632//1632 1592//1592
f 1632//1632 1630//1630 1589//1589
f 1660//1660 1658//1658 1632//1632
f 1728//1728 1726//1726 1694//1694
f 1694//1694 1691//1691 1662//1662
f 1691//1691 1688//1688 1660//1660
f 1726//1726 1724//1724 1691//1691
f 1460//1460 1456//1456 1335//1335
f 1335//1335 1332//1332 1195//1195
f 1332//1332 1329//1329 1188//1188
f 1387//1387 1454//1454 1450//1450
f 1454//1454 1332//1332 1456//1456
f 1332//1332 1387//1387 1329//1329
f 1387//1387 1332//1332 1454//1454
f 1414//1414 1448//1448 1446//1446
f 1448//1448 1387//1387 1450//1450
f 1387//1387 1414//1414 1384//1384
f 1414//1414 1387//1387 1448//1448
f 1387//1387 1384//1384 1329//1329
f 1352//1352 1382//1382 1380//1380
f 1382//1382 1326//1326 1384//1384
f 1326//1326 1352//1352 1322//1322
f 1352//1352 1326//1326 1382//1382
f 1446//1446 1444//1444 1414//1414
f 1414//1414 1411//1411 1384//1384
f 1411//1411 1407//1407 1382//1382
f 1444//1444 1441//1441 1411//1411
f 1253//1253 1326//1326 1322//1322
f 1326//1326 1186//1186 1329//1329
f 1186//1186 1253//1253 1183//1183
f 1253//1253 1186//1186 1326//1326
f 1280//1280 1320//1320 1317//1317
f 1320//1320 1253//1253 1322//1322
f 1253//1253 1280//1280 1249//1249
f 1280//1280 1253//1253 1320//1320
f 1253//1253 1249//1249 1183//1183
f 1211//1211 1247//1247 1245//1245
f 1247//1247 1179//1179 1249//1249
f 1179//1179 1211//1211 1175//1175
f 1211//1211 1179//1179 1247//1247
f 1317//1317 1314//1314 1280//1280
f 1280//1280 1278//1278 1249//1249
f 1278//1278 1276//1276 1247//1247
f 1314//1314 1312//1312 1278//1278
f 1441//1441 1438//1438 1407//1407
f 1407//1407 1403//1403 1380//1380
f 1403//1403 1400//1400 1378//1378
f 1438//1438 1436//1436 1403//1403
f 1380//1380 1378//1378 1352//1352
f 1352//1352 1350//1350 1322//1322
f 1350//1350 1348//1348 1320//1320
f 1378//1378 1375//1375 1350//1350
f 1375//1375 1372//1372 1348//1348
f 1348//1348 1346//1346 1317//1317
f 1346//1346 1344//1344 1314//1314
f 1372//1372 1370//1370 1346//1346
f 1436//1436 1434//1434 1400//1400
f 1400//1400 1398//1398 1375//1375
f 1398//1398 1396//1396 1372//1372
f 1434//1434 1432//1432 1398//1398
f 1688//1688 1656//1656 1658//1658
f 1656//1656 1722//1722 1654//1654
f 1722//1722 1688//1688 1724//1724
f 1688//1688 1722//1722 1656//1656
f 1658//1658 1656//1656 1630//1630
f 1630//1630 1626//1626 1587//1587
f 1626//1626 1622//1622 1585//1585
f 1656//1656 1654//1654 1626//1626
f 1654//1654 1650//1650 1622//1622
f 1622//1622 1617//1617 1583//1583
f 1617//1617 1614//1614 1580//1580
f 1650//1650 1648//1648 1617//1617
f 1650//1650 1720//1720 1648//1648
f 1722//1722 1650//1650 1654//1654
f 1720//1720 1650//1650 1722//1722
f 1587//1587 1585//1585 1550//1550
f 1550//1550 1547//1547 1520//1520
f 1547//1547 1545//1545 1517//1517
f 1585//1585 1583//1583 1547//1547
f 1520//1520 1517//1517 1485//1485
f 1485//1485 1483//1483 1450//1450
f 1483//1483 1480//1480 1448//1448
f 1517//1517 1511//1511 1483//1483
f 1511//1511 1506//1506 1480//1480
f 1480//1480 1478//1478 1446//1446
f 1478//1478 1475//1475 1444//1444
f 1506//1506 1504//1504 1478//1478
f 1583//1583 1580//1580 1545//1545
f 1545//1545 1542//1542 1511//1511
f 1542//1542 1539//1539 1506//1506
f 1580//1580 1577//1577 1542//1542
f 1577//1577 1575//1575 1539//1539
f 1539//1539 1535//1535 1504//1504
f 1535//1535 1533//1533 1502//1502
f 1575//1575 1573//1573 1535//1535
f 1504//1504 1502//1502 1475//1475
f 1475//1475 1472//1472 1441//1441
f 1472//1472 1470//1470 1438//1438
f 1502//1502 1500//1500 1472//1472
f 1500//1500 1498//1498 1470//1470
f 1470//1470 1468//1468 1436//1436
f 1468//1468 1465//1465 1434//1434
f 1498//1498 1494//1494 1468//1468
f 1533//1533 1498//1498 1500//1500
f 1498//1498 1569//1569 1494//1494
f 1569//1569 1533//1533 1573//1573
f 1533//1533 1569//1569 1498//1498
f 1720//1720 1718//1718 1648//1648
f 1614//1614 1575//1575 1577//1577
f 1575//1575 1643//1643 1573//1573
f 1643//1643 1614//1614 1648//1648
f 1614//1614 1643//1643 1575//1575
f 1643//1643 1640//1640 1573//1573
f 1718//1718 1713//1713 1643//1643
f 1335//1335 1467//1467 1460//1460
f 1467//1467 1216//1216 1477//1477
f 1216//1216 1335//1335 1195//1195
f 1335//1335 1216//1216 1467//1467
f 1750//1750 1744//1744 1619//1619
f 1619//1619 1609//1609 1477//1477
f 1609//1609 1607//1607 1467//1467
f 1677//1677 1742//1742 1740//1740
f 1742//1742 1609//1609 1744//1744
f 1609//1609 1677//1677 1607//1607
f 1677//1677 1609//1609 1742//1742
f 1823//1823 1708//1708 1713//1713
f 1708//1708 1924//1924 1693//1693
f 1924//1924 1823//1823 1938//1938
f 1823//1823 1924//1924 1708//1708
f 1924//1924 1909//1909 1693//1693
f 2044//2044 2014//2014 2016//2016
f 2014//2014 2066//2066 2012//2012
f 2066//2066 2044//2044 2068//2068
f 2044//2044 2066//2066 2014//2014
f 2016//2016 2014//2014 1992//1992
f 1992//1992 1990//1990 1966//1966
f 1990//1990 1988//1988 1964//1964
f 2014//2014 2012//2012 1990//1990
f 1988//1988 1958//1958 1962//1962
f 1958//1958 2010//2010 1956//1956
f 2010//2010 1988//1988 2012//2012
f 1988//1988 2010//2010 1958//1958
f 2066//2066 2064//2064 2012//2012
f 2010//2010 1954//1954 1956//1956
f 2064//2064 1952//1952 2010//2010
f 1966//1966 1964//1964 1935//1935
f 1935//1935 1932//1932 1907//1907
f 1932//1932 1930//1930 1904//1904
f 1964//1964 1962//1962 1932//1932
f 1907//1907 1904//1904 1881//1881
f 1881//1881 1879//1879 1846//1846
f 1879//1879 1876//1876 1844//1844
f 1904//1904 1902//1902 1879//1879
f 1902//1902 1900//1900 1876//1876
f 1876//1876 1870//1870 1842//1842
f 1870//1870 1868//1868 1840//1840
f 1900//1900 1897//1897 1870//1870
f 1962//1962 1958//1958 1930//1930
f 1930//1930 1928//1928 1902//1902
f 1928//1928 1926//1926 1900//1900
f 1958//1958 1956//1956 1928//1928
f 1846//1846 1844//1844 1818//1818
f 1818//1818 1816//1816 1793//1793
f 1816//1816 1814//1814 1790//1790
f 1844//1844 1842//1842 1816//1816
f 1793//1793 1790//1790 1770//1770
f 1770//1770 1768//1768 1740//1740
f 1768//1768 1766//1766 1738//1738
f 1790//1790 1788//1788 1768//1768
f 1788//1788 1786//1786 1766//1766
f 1766//1766 1764//1764 1736//1736
f 1764//1764 1762//1762 1734//1734
f 1786//1786 1784//1784 1764//1764
f 1842//1842 1840//1840 1814//1814
f 1814//1814 1812//1812 1788//1788
f 1812//1812 1810//1810 1786//1786
f 1840//1840 1838//1838 1812//1812
f 1838//1838 1836//1836 1810//1810
f 1810//1810 1808//1808 1784//1784
f 1808//1808 1806//1806 1782//1782
f 1836//1836 1834//1834 1808//1808
f 1784//1784 1782//1782 1762//1762
f 1762//1762 1760//1760 1732//1732
f 1760//1760 1757//1757 1730//1730
f 1782//1782 1780//1780 1760//1760
f 1780//1780 1778//1778 1757//1757
f 1757//1757 1754//1754 1728//1728
f 1754//1754 1752//1752 1726//1726
f 1778//1778 1776//1776 1754//1754
f 1806//1806 1778//1778 1780//1780
f 1778//1778 1832//1832 1776//1776
f 1832//1832 1806//1806 1834//1834
f 1806//1806 1832//1832 1778//1778
f 1926//1926 1895//1895 1897//1897
f 1895//1895 1954//1954 1892//1892
f 1954//1954 1926//1926 1956//1956
f 1926//1926 1954//1954 1895//1895
f 1897//1897 1895//1895 1868//1868
f 1868//1868 1865//1865 1838//1838
f 1865//1865 1862//1862 1836//1836
f 1895//1895 1892//1892 1865//1865
f 1862//1862 1832//1832 1834//1834
f 1889//1889 1862//1862 1892//1892
f 1832//1832 1862//1862 1889//1889
f 1954//1954 1952//1952 1892//1892
f 1889//1889 1830//1830 1832//1832
f 1830//1830 1950//1950 1828//1828
f 1950//1950 1889//1889 1952//1952
f 1889//1889 1950//1950 1830//1830
f 1832//1832 1830//1830 1776//1776
f 1752//1752 1722//1722 1724//1724
f 1774//1774 1752//1752 1776//1776
f 1722//1722 1752//1752 1774//1774
f 1774//1774 1772//1772 1722//1722
f 1830//1830 1828//1828 1774//1774
f 1772//1772 1718//1718 1720//1720
f 1718//1718 1823//1823 1713//1713
f 1823//1823 1772//1772 1828//1828
f 1772//1772 1823//1823 1718//1718
f 1950//1950 1938//1938 1828//1828
f 2089//2089 2088//2088 2038//2038
f 2038//2038 2033//2033 1986//1986
f 2033//2033 2030//2030 1984//1984
f 2088//2088 2084//2084 2033//2033
f 1864//1864 1861//1861 1759//1759
f 1922//1922 1984//1984 1982//1982
f 1984//1984 1864//1864 1986//1986
f 1864//1864 1922//1922 1861//1861
f 1922//1922 1864//1864 1984//1984
f 1982//1982 1980//1980 1922//1922
f 1922//1922 1920//1920 1861//1861
f 1920//1920 1916//1916 1859//1859
f 1949//1949 1977//1977 1974//1974
f 1977//1977 1920//1920 1980//1980
f 1920//1920 1949//1949 1916//1916
f 1949//1949 1920//1920 1977//1977
f 1800//1800 1859//1859 1857//1857
f 1859//1859 1750//1750 1861//1861
f 1750//1750 1800//1800 1744//1744
f 1800//1800 1750//1750 1859//1859
f 1826//1826 1857//1857 1851//1851
f 1800//1800 1826//1826 1798//1798
f 1857//1857 1826//1826 1800//1800
f 1800//1800 1798//1798 1744//1744
f 1770//1770 1796//1796 1793//1793
f 1796//1796 1742//1742 1798//1798
f 1742//1742 1770//1770 1740//1740
f 1770//1770 1742//1742 1796//1796
f 1851//1851 1848//1848 1826//1826
f 1826//1826 1822//1822 1798//1798
f 1822//1822 1818//1818 1796//1796
f 1848//1848 1846//1846 1822//1822
f 1974//1974 1972//1972 1949//1949
f 1949//1949 1946//1946 1916//1916
f 1946//1946 1942//1942 1914//1914
f 1972//1972 1970//1970 1946//1946
f 1885//1885 1914//1914 1912//1912
f 1914//1914 1857//1857 1916//1916
f 1857//1857 1885//1885 1851//1851
f 1885//1885 1857//1857 1914//1914
f 1912//1912 1910//1910 1885//1885
f 1885//1885 1883//1883 1851//1851
f 1883//1883 1881//1881 1848//1848
f 1910//1910 1907//1907 1883//1883
f 1970//1970 1968//1968 1942//1942
f 1942//1942 1939//1939 1912//1912
f 1939//1939 1935//1935 1910//1910
f 1968//1968 1966//1966 1939//1939
f 2058//2058 2084//2084 2082//2082
f 2030//2030 2058//2058 2028//2028
f 2084//2084 2058//2058 2030//2030
f 2006//2006 2030//2030 2028//2028
f 1982//1982 2006//2006 1980//1980
f 2030//2030 2006//2006 1982//1982
f 2028//2028 2026//2026 2006//2006
f 2006//2006 2004//2004 1980//1980
f 2004//2004 2002//2002 1977//1977
f 2026//2026 2024//2024 2004//2004
f 2082//2082 2080//2080 2058//2058
f 2058//2058 2056//2056 2028//2028
f 2056//2056 2054//2054 2026//2026
f 2080//2080 2078//2078 2056//2056
f 2078//2078 2076//2076 2054//2054
f 2054//2054 2051//2051 2024//2024
f 2051//2051 2048//2048 2022//2022
f 2076//2076 2074//2074 2051//2051
f 2024//2024 2022//2022 2002//2002
f 2002//2002 1999//1999 1974//1974
f 1999//1999 1996//1996 1972//1972
f 2022//2022 2020//2020 1999//1999
f 2020//2020 2018//2018 1996//1996
f 1996//1996 1994//1994 1970//1970
f 1994//1994 1992//1992 1968//1968
f 2018//2018 2016//2016 1994//1994
f 2074//2074 2071//2071 2048//2048
f 2048//2048 2046//2046 2020//2020
f 2046//2046 2044//2044 2018//2018
f 2071//2071 2068//2068 2046//2046
f 486//486 390//390 400//400
f 418//418 400//400 402//402
f 418//418 402//402 500//500
f 400//400 418//418 494//494
f 421//421 500//500 402//402
f 486//486 489//489 390//390
f 410//410 421//421 402//402
f 425//425 423//423 410//410
f 421//421 410//410 423//423
f 428//428 425//425 410//410
f 410//410 431//431 428//428
f 413//413 433//433 410//410
f 410//410 433//433 431//431
f 435//435 433//433 413//413
f 486//486 400//400 492//492
f 611//611 489//489 655//655
f 611//611 655//655 698//698
f 900//900 783//783 805//805
f 805//805 783//783 698//698
f 1024//1024 900//900 1051//1051
f 400//400 494//494 492//492
f 698//698 655//655 805//805
f 1051//1051 900//900 805//805
f 1051//1051 1174//1174 1024//1024
f 489//489 486//486 655//655
f 439//439 437//437 413//413
f 435//435 413//413 437//437
f 441//441 439//439 413//413
f 413//413 443//443 441//441
f 411//411 443//443 413//413
f 445//445 443//443 411//411
f 406//406 396//396 451//451
f 396//396 386//386 721//721
f 409//409 447//447 411//411
f 445//445 411//411 447//447
f 406//406 449//449 409//409
f 447//447 409//409 449//449
f 406//406 451//451 449//449
f 536//536 534//534 451//451
f 538//538 536//536 451//451
f 538//538 396//396 544//544
f 544//544 717//717 711//711
f 396//396 721//721 717//717
f 717//717 544//544 396//396
f 713//713 721//721 548//548
f 721//721 386//386 548//548
f 903//903 932//932 721//721
f 932//932 903//903 1216//1216
f 903//903 1149//1149 1216//1216
f 1216//1216 1195//1195 932//932
f 538//538 451//451 396//396
f 1561//1561 1319//1319 1051//1051
f 1443//1443 1319//1319 1561//1561
f 1710//1710 1582//1582 1561//1561
f 1443//1443 1561//1561 1582//1582
f 2035//2035 1561//1561 1593//1593
f 2073//2073 2060//2060 1647//1647
f 1647//1647 1667//1667 2073//2073
f 1909//1909 1667//1667 1684//1684
f 2086//2086 1909//1909 1924//1924
f 2086//2086 1667//1667 1909//1909
f 2060//2060 2035//2035 1625//1625
f 1710//1710 1561//1561 1802//1802
f 1561//1561 2001//2001 1898//1898
f 1667//1667 2086//2086 2073//2073
f 2035//2035 2001//2001 1561//1561
f 2093//2093 1938//1938 1950//1950
f 2095//2095 1950//1950 1952//1952
f 1950//1950 2095//2095 2093//2093
f 2095//2095 1952//1952 2099//2099
f 1938//1938 2093//2093 1924//1924
f 1924//1924 2093//2093 2086//2086
f 2064//2064 2099//2099 1952//1952
f 1561//1561 1898//1898 1802//1802
f 1216//1216 1149//1149 1413//1413
f 1682//1682 1619//1619 1477//1477
f 2066//2066 2099//2099 2064//2064
f 1759//1759 1750//1750 1619//1619
f 1413//1413 1682//1682 1477//1477
f 1759//1759 1619//1619 1682//1682
f 1893//1893 1864//1864 1759//1759
f 1893//1893 1986//1986 1864//1864
f 2038//2038 1986//1986 2105//2105
f 1893//1893 2105//2105 1986//1986
f 2103//2103 2068//2068 2071//2071
f 2103//2103 2071//2071 2074//2074
f 2104//2104 2103//2103 2076//2076
f 2074//2074 2076//2076 2103//2103
f 2080//2080 2104//2104 2078//2078
f 2076//2076 2078//2078 2104//2104
f 2103//2103 2066//2066 2068//2068
f 2082//2082 2104//2104 2080//2080
f 2106//2106 2082//2082 2084//2084
f 2089//2089 2106//2106 2088//2088
f 2084//2084 2088//2088 2106//2106
f 2038//2038 2105//2105 2089//2089
f 2106//2106 2089//2089 2105//2105
f 2082//2082 2106//2106 2104//2104
f 2066//2066 2103//2103 2099//2099
f 1319//1319 1174//1174 1051//1051
f 1606//1606 1090//1090 1552//1552
f 2037//2037 1606//1606 1874//1874
f 1874//1874 1552//1552 1961//1961
f 2114//2114 1874//1874 2108//2108
f 1090//1090 1306//1306 718//718
f 1917//1917 1606//1606 2037//2037
f 2142//2142 2037//2037 2145//2145
f 2114//2114 2148//2148 2145//2145
f 2128//2128 2108//2108 1961//1961
f 2124//2124 2150//2150 2148//2148
f 2150//2150 2132//2132 2152//2152
f 2130//2130 2124//2124 2108//2108
f 2414//2414 2251//2251 2172//2172
f 2738//2738 2682//2682 2414//2414
f 2178//2178 2172//2172 2162//2162
f 2325//2325 2414//2414 2178//2178
f 2142//2142 2145//2145 2251//2251
f 2367//2367 2251//2251 2682//2682
f 2145//2145 2172//2172 2251//2251
f 2148//2148 2162//2162 2172//2172
f 3201//3201 3572//3572 2980//2980
f 2150//2150 2154//2154 2162//2162
f 2162//2162 2154//2154 2156//2156
f 2158//2158 2325//2325 2178//2178
f 3194//3194 3635//3635 3141//3141
f 3235//3235 3659//3659 3194//3194
f 3286//3286 3671//3671 3235//3235
f 3321//3321 3708//3708 3286//3286
f 3347//3347 3718//3718 3321//3321
f 3371//3371 3740//3740 3347//3347
f 2585//2585 3141//3141 2538//2538
f 2643//2643 3194//3194 2585//2585
f 2690//2690 3235//3235 2643//2643
f 2746//2746 3286//3286 2690//2690
f 2796//2796 3321//3321 2746//2746
f 2829//2829 3347//3347 2796//2796
f 3962//3962 3635//3635 3659//3659
f 3966//3966 3659//3659 3671//3671
f 3982//3982 3708//3708 3718//3718
f 3974//3974 3671//3671 3708//3708
f 3995//3995 3740//3740 3752//3752
f 3993//3993 3718//3718 3740//3740
f 3752//3752 3866//3866 3921//3921
f 2538//2538 2166//2166 2170//2170
f 2643//2643 2176//2176 2195//2195
f 2585//2585 2170//2170 2176//2176
f 2690//2690 2195//2195 2235//2235
f 2796//2796 2278//2278 2309//2309
f 2829//2829 2989//2989 3130//3130
f 2309//2309 2464//2464 2574//2574
f 2278//2278 2796//2796 2746//2746
f 4012//4012 4020//4020 3923//3923
f 4055//4055 4068//4068 4012//4012
f 3906//3906 3923//3923 3748//3748
f 3992//3992 4012//4012 3906//3906
f 3704//3704 3748//3748 3559//3559
f 3839//3839 3906//3906 3704//3704
f 3490//3490 3559//3559 3320//3320
f 3585//3585 3704//3704 3490//3490
f 3151//3151 3320//3320 2996//2996
f 3301//3301 3490//3490 3151//3151
f 2805//2805 2996//2996 2689//2689
f 2913//2913 3151//3151 2805//2805
f 4068//4068 4112//4112 4065//4065
f 4112//4112 4068//4068 4107//4107
f 4055//4055 4037//4037 4070//4070
f 3992//3992 3925//3925 4000//4000
f 2996//2996 2989//2989 2862//2862
f 2689//2689 2722//2722 2574//2574
f 2689//2689 2418//2418 2482//2482
f 2540//2540 2913//2913 2805//2805
f 3301//3301 3429//3429 3569//3569
f 2913//2913 3021//3021 3244//3244
f 2540//2540 2609//2609 2828//2828
f 4101//4101 4151//4151 4097//4097
f 4105//4105 4155//4155 4101//4101
f 4109//4109 4159//4159 4105//4105
f 4111//4111 4167//4167 4109//4109
f 4115//4115 4171//4171 4111//4111
f 4117//4117 4173//4173 4115//4115
f 4041//4041 4097//4097 4039//4039
f 4045//4045 4101//4101 4041//4041
f 4047//4047 4105//4105 4045//4045
f 4051//4051 4109//4109 4047//4047
f 4057//4057 4111//4111 4051//4051
f 4059//4059 4115//4115 4057//4057
f 3941//3941 4039//4039 3927//3927
f 3961//3961 4041//4041 3941//3941
f 3965//3965 4045//4045 3961//3961
f 3973//3973 4047//4047 3965//3965
f 3978//3978 4051//4051 3973//3973
f 3981//3981 4057//4057 3978//3978
f 3738//3738 3927//3927 3716//3716
f 3746//3746 3941//3941 3738//3738
f 3760//3760 3961//3961 3746//3746
f 3785//3785 3965//3965 3760//3760
f 3798//3798 3973//3973 3785//3785
f 3806//3806 3978//3978 3798//3798
f 3492//3492 3716//3716 3458//3458
f 3496//3496 3738//3738 3492//3492
f 3506//3506 3746//3746 3496//3496
f 3531//3531 3760//3760 3506//3506
f 3538//3538 3785//3785 3531//3531
f 3540//3540 3798//3798 3538//3538
f 3075//3075 3458//3458 3055//3055
f 3104//3104 3492//3492 3075//3075
f 3135//3135 3496//3496 3104//3104
f 3154//3154 3506//3506 3135//3135
f 3174//3174 3531//3531 3154//3154
f 3183//3183 3538//3538 3174//3174
f 4248//4248 4155//4155 4159//4159
f 4256//4256 4159//4159 4167//4167
f 4155//4155 4248//4248 4240//4240
f 3927//3927 4000//4000 3925//3925
f 4272//4272 4171//4171 4173//4173
f 4171//4171 4272//4272 4264//4264
f 4173//4173 4288//4288 4280//4280
f 2650//2650 2828//2828 2609//2609
f 2679//2679 3075//3075 3055//3055
f 3075//3075 2679//2679 2712//2712
f 3104//3104 2712//2712 2734//2734
f 3806//3806 3815//3815 3917//3917
f 3183//3183 3193//3193 3379//3379
f 3154//3154 2755//2755 2760//2760
f 2755//2755 3154//3154 3135//3135
f 2760//2760 3183//3183 3174//3174
f 4180//4180 4181//4181 4121//4121
f 4119//4119 4180//4180 4120//4120
f 4120//4120 4121//4121 4063//4063
f 4061//4061 4120//4120 4062//4062
f 4062//4062 4063//4063 3989//3989
f 3987//3987 4062//4062 3988//3988
f 3988//3988 3989//3989 3814//3814
f 3812//3812 3988//3988 3813//3813
f 3813//3813 3814//3814 3544//3544
f 3542//3542 3813//3813 3543//3543
f 3543//3543 3544//3544 3192//3192
f 3189//3189 3543//3543 3191//3191
f 4292//4292 4181//4181 4180//4180
f 4179//4179 4293//4293 4292//4292
f 4179//4179 4178//4178 4230//4230
f 3191//3191 2778//2778 2775//2775
f 2778//2778 2964//2964 2779//2779
f 2774//2774 3189//3189 3191//3191
f 3189//3189 2962//2962 3188//3188
f 4172//4172 4174//4174 4116//4116
f 4170//4170 4172//4172 4114//4114
f 4166//4166 4170//4170 4110//4110
f 4158//4158 4166//4166 4108//4108
f 4154//4154 4158//4158 4104//4104
f 4150//4150 4154//4154 4100//4100
f 4114//4114 4116//4116 4058//4058
f 4110//4110 4114//4114 4056//4056
f 4108//4108 4110//4110 4050//4050
f 4104//4104 4108//4108 4046//4046
f 4100//4100 4104//4104 4044//4044
f 4096//4096 4100//4100 4040//4040
f 4056//4056 4058//4058 3980//3980
f 4050//4050 4056//4056 3976//3976
f 4046//4046 4050//4050 3972//3972
f 4044//4044 4046//4046 3964//3964
f 4040//4040 4044//4044 3960//3960
f 4038//4038 4040//4040 3940//3940
f 3976//3976 3980//3980 3805//3805
f 3972//3972 3976//3976 3797//3797
f 3964//3964 3972//3972 3783//3783
f 3960//3960 3964//3964 3757//3757
f 3940//3940 3960//3960 3743//3743
f 3926//3926 3940//3940 3737//3737
f 3797//3797 3805//3805 3539//3539
f 3783//3783 3797//3797 3537//3537
f 3757//3757 3783//3783 3527//3527
f 3743//3743 3757//3757 3504//3504
f 3737//3737 3743//3743 3495//3495
f 3715//3715 3737//3737 3491//3491
f 3537//3537 3539//3539 3182//3182
f 3527//3527 3537//3537 3171//3171
f 3504//3504 3527//3527 3152//3152
f 3495//3495 3504//3504 3132//3132
f 3491//3491 3495//3495 3102//3102
f 3457//3457 3491//3491 3071//3071
f 4273//4273 4172//4172 4170//4170
f 4265//4265 4170//4170 4166//4166
f 4172//4172 4281//4281 4289//4289
f 4249//4249 4158//4158 4154//4154
f 4166//4166 4257//4257 4265//4265
f 4154//4154 4241//4241 4249//4249
f 3805//3805 3916//3916 3811//3811
f 2759//2759 3171//3171 3182//3182
f 3152//3152 2759//2759 2754//2754
f 3132//3132 2754//2754 2730//2730
f 3715//3715 3709//3709 3840//3840
f 3045//3045 3018//3018 3239//3239
f 3457//3457 3428//3428 3568//3568
f 3071//3071 2709//2709 2678//2678
f 2730//2730 3102//3102 3132//3132
f 2678//2678 3045//3045 3071//3071
f 4067//4067 4106//4106 4054//4054
f 4018//4018 4067//4067 4011//4011
f 4011//4011 4054//4054 3991//3991
f 3922//3922 4011//4011 3905//3905
f 3905//3905 3991//3991 3838//3838
f 3747//3747 3905//3905 3703//3703
f 3703//3703 3838//3838 3584//3584
f 3557//3557 3703//3703 3487//3487
f 3487//3487 3584//3584 3299//3299
f 3318//3318 3487//3487 3148//3148
f 3148//3148 3299//3299 2910//2910
f 2994//2994 3148//3148 2801//2801
f 4106//4106 4113//4113 4157//4157
f 4106//4106 4129//4129 4092//4092
f 4066//4066 4067//4067 4018//4018
f 3747//3747 3686//3686 3774//3774
f 2801//2801 2539//2539 2481//2481
f 2481//2481 2685//2685 2801//2801
f 3318//3318 2984//2984 3126//3126
f 2685//2685 2460//2460 2571//2571
f 3739//3739 3751//3751 3370//3370
f 3717//3717 3739//3739 3345//3345
f 3707//3707 3717//3717 3319//3319
f 3670//3670 3707//3707 3283//3283
f 3658//3658 3670//3670 3233//3233
f 3634//3634 3658//3658 3190//3190
f 3345//3345 3370//3370 2825//2825
f 3319//3319 3345//3345 2790//2790
f 3283//3283 3319//3319 2743//2743
f 3233//3233 3283//3283 2687//2687
f 3190//3190 3233//3233 2640//2640
f 3138//3138 3190//3190 2580//2580
f 3996//3996 3751//3751 3739//3739
f 3994//3994 3739//3739 3717//3717
f 3975//3975 3707//3707 3670//3670
f 3983//3983 3717//3717 3707//3707
f 3967//3967 3670//3670 3658//3658
f 3634//3634 3614//3614 3809//3809
f 3963//3963 3658//3658 3634//3634
f 2790//2790 2306//2306 2276//2276
f 2743//2743 2276//2276 2232//2232
f 2640//2640 2194//2194 2175//2175
f 2580//2580 2175//2175 2169//2169
f 2536//2536 2169//2169 2165//2165
f 2165//2165 2159//2159 2245//2245
f 2232//2232 2687//2687 2743//2743
f 2681//2681 3199//3199 2735//2735
f 2248//2248 2681//2681 2411//2411
f 2140//2140 2248//2248 2171//2171
f 2113//2113 2140//2140 2137//2137
f 1871//1871 2034//2034 2113//2113
f 1549//1549 1605//1605 1871//1871
f 2411//2411 2735//2735 2324//2324
f 2171//2171 2411//2411 2177//2177
f 2137//2137 2171//2171 2161//2161
f 2123//2123 2137//2137 2135//2135
f 2107//2107 2113//2113 2123//2123
f 1960//1960 1871//1871 2107//2107
f 2981//2981 3199//3199 2681//2681
f 2368//2368 2681//2681 2248//2248
f 2143//2143 2248//2248 2140//2140
f 3573//3573 3809//3809 3614//3614
f 1307//1307 1605//1605 1088//1088
f 1918//1918 2034//2034 1605//1605
f 2034//2034 1918//1918 2143//2143
f 2735//2735 3076//3076 2791//2791
f 2177//2177 2157//2157 2155//2155
f 2161//2161 2155//2155 2153//2153
f 2135//2135 2153//2153 2133//2133
f 2123//2123 2131//2131 2129//2129
f 1549//1549 1493//1493 1210//1210
f 2107//2107 2129//2129 2127//2127
f 2131//2131 2123//2123 2135//2135
f 1095//1095 656//656 1148//1148
f 1054//1054 632//632 1095//1095
f 1003//1003 620//620 1054//1054
f 968//968 583//583 1003//1003
f 942//942 574//574 968//968
f 918//918 551//551 942//942
f 1700//1700 1148//1148 1747//1747
f 1642//1642 1095//1095 1700//1700
f 1595//1595 1054//1054 1642//1642
f 1541//1541 1003//1003 1595//1595
f 1491//1491 968//968 1541//1541
f 1458//1458 942//942 1491//1491
f 333//333 656//656 632//632
f 320//320 620//620 583//583
f 327//327 632//632 620//620
f 574//574 302//302 311//311
f 298//298 551//551 539//539
f 539//539 427//427 372//372
f 302//302 574//574 551//551
f 1700//1700 2115//2115 2109//2109
f 1595//1595 2090//2090 2050//2050
f 1642//1642 2109//2109 2090//2090
f 1747//1747 2119//2119 2115//2115
f 2007//2007 1491//1491 1541//1541
f 1491//1491 2007//2007 1976//1976
f 283//283 275//275 370//370
f 240//240 229//229 283//283
f 387//387 370//370 545//545
f 303//303 283//283 387//387
f 587//587 545//545 732//732
f 454//454 387//387 587//587
f 799//799 732//732 969//969
f 706//706 587//587 799//799
f 1136//1136 969//969 1291//1291
f 988//988 799//799 1136//1136
f 1482//1482 1291//1291 1596//1596
f 1374//1374 1136//1136 1482//1482
f 229//229 187//187 232//232
f 370//370 372//372 427//427
f 187//187 229//229 190//190
f 240//240 258//258 227//227
f 1596//1596 1867//1867 1803//1803
f 1745//1745 1374//1374 1482//1482
f 454//454 581//581 452//452
f 1745//1745 1676//1676 1459//1459
f 196//196 148//148 198//198
f 192//192 142//142 196//196
f 188//188 138//138 192//192
f 184//184 132//132 188//188
f 182//182 128//128 184//184
f 254//254 198//198 256//256
f 250//250 196//196 254//254
f 246//246 192//192 250//250
f 241//241 188//188 246//246
f 238//238 184//184 241//241
f 344//344 256//256 364//364
f 330//330 254//254 344//344
f 324//324 250//250 330//330
f 318//318 246//246 324//324
f 314//314 241//241 318//318
f 552//552 364//364 573//573
f 541//541 344//344 552//552
f 519//519 330//330 541//541
f 497//497 324//324 519//519
f 488//488 318//318 497//497
f 797//797 573//573 829//829
f 793//793 552//552 797//797
f 769//769 541//541 793//793
f 753//753 519//519 769//769
f 751//751 497//497 753//753
f 1200//1200 829//829 1228//1228
f 1173//1173 797//797 1200//1200
f 1140//1140 793//793 1173//1173
f 1121//1121 769//769 1140//1140
f 1106//1106 753//753 1121//1121
f 47//47 142//142 138//138
f 142//142 47//47 55//55
f 128//128 15//15 23//23
f 15//15 128//128 126//126
f 182//182 177//177 152//152
f 238//238 233//233 206//206
f 1200//1200 1598//1598 1562//1562
f 1598//1598 1200//1200 1228//1228
f 1536//1536 1140//1140 1173//1173
f 488//488 478//478 376//376
f 488//488 628//628 478//478
f 1140//1140 1536//1536 1528//1528
f 1528//1528 1106//1106 1121//1121
f 121//121 120//120 178//178
f 180//180 121//121 179//179
f 179//179 178//178 234//234
f 236//236 179//179 235//235
f 235//235 234//234 306//306
f 308//308 235//235 307//307
f 307//307 306//306 479//479
f 481//481 307//307 480//480
f 480//480 479//479 747//747
f 749//749 480//480 748//748
f 748//748 747//747 1097//1097
f 1100//1100 748//748 1098//1098
f 120//120 3//3 4//4
f 178//178 152//152 177//177
f 3//3 121//121 122//122
f 236//236 237//237 207//207
f 747//747 746//746 910//910
f 1098//1098 1509//1509 1512//1512
f 1513//1513 1100//1100 1098//1098
f 1100//1100 1101//1101 911//911
f 129//129 127//127 183//183
f 133//133 129//129 185//185
f 139//139 133//133 189//189
f 143//143 139//139 193//193
f 149//149 143//143 197//197
f 185//185 183//183 239//239
f 189//189 185//185 243//243
f 193//193 189//189 247//247
f 197//197 193//193 251//251
f 201//201 197//197 255//255
f 243//243 239//239 315//315
f 247//247 243//243 321//321
f 251//251 247//247 325//325
f 255//255 251//251 331//331
f 257//257 255//255 345//345
f 321//321 315//315 490//490
f 325//325 321//321 498//498
f 331//331 325//325 522//522
f 345//345 331//331 542//542
f 365//365 345//345 554//554
f 498//498 490//490 752//752
f 522//522 498//498 754//754
f 542//542 522//522 771//771
f 554//554 542//542 794//794
f 576//576 554//554 798//798
f 754//754 752//752 1107//1107
f 771//771 754//754 1125//1125
f 794//794 771//771 1142//1142
f 798//798 794//794 1177//1177
f 832//832 798//798 1204//1204
f 22//22 129//129 133//133
f 127//127 14//14 12//12
f 139//139 46//46 38//38
f 54//54 143//143 149//149
f 257//257 259//259 228//228
f 1107//1107 911//911 1101//1101
f 1142//1142 1529//1529 1538//1538
f 1529//1529 1125//1125 1107//1107
f 1538//1538 1177//1177 1142//1142
f 576//576 582//582 453//453
f 576//576 723//723 582//582
f 1204//1204 1565//1565 1602//1602
f 1602//1602 1231//1231 1204//1204
f 230//230 191//191 242//242
f 277//277 230//230 284//284
f 284//284 242//242 304//304
f 371//371 284//284 388//388
f 388//388 304//304 455//455
f 546//546 388//388 588//588
f 588//588 455//455 707//707
f 734//734 588//588 802//802
f 802//802 707//707 990//990
f 971//971 802//802 1139//1139
f 1139//1139 990//990 1377//1377
f 1293//1293 1139//1139 1486//1486
f 186//186 191//191 230//230
f 304//304 259//259 296//296
f 230//230 231//231 186//186
f 277//277 373//373 323//323
f 455//455 453//453 582//582
f 707//707 582//582 723//723
f 1486//1486 1746//1746 1804//1804
f 971//971 1161//1161 1014//1014
f 1293//1293 1427//1427 1303//1303
f 1804//1804 1601//1601 1486//1486
f 1873//1873 1941//1941 1825//1825
f 553//553 540//540 919//919
f 575//575 553//553 944//944
f 584//584 575//575 970//970
f 621//621 584//584 1006//1006
f 633//633 621//621 1056//1056
f 657//657 633//633 1099//1099
f 944//944 919//919 1462//1462
f 970//970 944//944 1497//1497
f 1006//1006 970//970 1544//1544
f 1056//1056 1006//1006 1599//1599
f 1099//1099 1056//1056 1645//1645
f 1151//1151 1099//1099 1705//1705
f 297//297 540//540 553//553
f 553//553 301//301 297//297
f 319//319 584//584 621//621
f 326//326 621//621 633//633
f 332//332 633//633 657//657
f 310//310 575//575 584//584
f 1462//1462 1161//1161 1303//1303
f 1497//1497 1979//1979 2009//2009
f 1544//1544 2009//2009 2053//2053
f 1979//1979 1714//1714 1825//1825
f 2053//2053 1599//1599 1544//1544
f 1645//1645 2091//2091 2110//2110
f 1705//1705 2110//2110 2116//2116
f 1749//1749 2116//2116 2120//2120
f 8//8 11//11 9//9
f 4298//4298 4299//4299 4297//4297
f 4250//4250 4244//4244 4242//4242
f 4258//4258 4252//4252 4250//4250
f 4266//4266 4260//4260 4258//4258
f 4274//4274 4268//4268 4266//4266
f 4282//4282 4276//4276 4274//4274
f 4246//4246 4236//4236 4244//4244
f 4262//4262 4252//4252 4260//4260
f 4254//4254 4244//4244 4252//4252
f 4244//4244 4234//4234 4242//4242
f 4260//4260 4270//4270 4262//4262
f 4278//4278 4268//4268 4276//4276
f 4299//4299 4284//4284 4297//4297
f 4286//4286 4276//4276 4284//4284
f 4297//4297 4282//4282 4295//4295
f 4242//4242 4232//4232 4240//4240
f 4258//4258 4248//4248 4256//4256
f 4250//4250 4240//4240 4248//4248
f 4266//4266 4256//4256 4264//4264
f 4274//4274 4264//4264 4272//4272
f 4295//4295 4288//4288 4290//4290
f 4282//4282 4272//4272 4280//4280
f 299//299 291//291 297//297
f 50//50 56//56 58//58
f 42//42 48//48 50//50
f 34//34 40//40 42//42
f 26//26 32//32 34//34
f 18//18 24//24 26//26
f 54//54 64//64 56//56
f 38//38 48//48 40//40
f 46//46 56//56 48//48
f 56//56 66//66 58//58
f 30//30 40//40 32//32
f 22//22 32//32 24//24
f 14//14 24//24 16//16
f 6//6 1//1 12//12
f 58//58 68//68 60//60
f 42//42 52//52 44//44
f 50//50 60//60 52//52
f 44//44 34//34 42//42
f 26//26 36//36 28//28
f 18//18 6//6 16//16
f 18//18 28//28 20//20
f 20//20 8//8 18//18
f 27//27 17//17 19//19
f 35//35 25//25 27//27
f 43//43 33//33 35//35
f 51//51 41//41 43//43
f 59//59 49//49 51//51
f 23//23 17//17 25//25
f 17//17 9//9 19//19
f 25//25 31//31 23//23
f 47//47 41//41 49//49
f 63//63 57//57 65//65
f 55//55 49//49 57//57
f 33//33 39//39 31//31
f 19//19 11//11 21//21
f 35//35 29//29 37//37
f 27//27 21//21 29//29
f 37//37 43//43 35//35
f 51//51 45//45 53//53
f 59//59 65//65 57//57
f 59//59 53//53 61//61
f 61//61 67//67 59//59
f 3998//3998 4004//4004 3996//3996
f 4253//4253 4243//4243 4245//4245
f 4261//4261 4251//4251 4253//4253
f 4269//4269 4259//4259 4261//4261
f 4277//4277 4267//4267 4269//4269
f 4285//4285 4275//4275 4277//4277
f 4241//4241 4235//4235 4243//4243
f 4257//4257 4251//4251 4259//4259
f 4249//4249 4243//4243 4251//4251
f 4243//4243 4237//4237 4245//4245
f 4265//4265 4259//4259 4267//4267
f 4273//4273 4267//4267 4275//4275
f 4281//4281 4275//4275 4283//4283
f 4296//4296 4294//4294 4289//4289
f 4245//4245 4239//4239 4247//4247
f 4261//4261 4255//4255 4263//4263
f 4253//4253 4247//4247 4255//4255
f 4263//4263 4269//4269 4261//4261
f 4277//4277 4271//4271 4279//4279
f 4285//4285 4296//4296 4283//4283
f 4285//4285 4279//4279 4287//4287
f 4287//4287 4298//4298 4285//4285
f 1516//1516 1120//1120 1629//1629
f 1854//1854 1629//1629 2043//2043
f 1878//1878 1516//1516 1854//1854
f 2063//2063 1854//1854 2112//2112
f 2112//2112 2043//2043 2146//2146
f 903//903 713//713 1120//1120
f 2147//2147 2149//2149 2122//2122
f 2435//2435 2244//2244 2658//2658
f 2777//2777 2658//2658 3168//3168
f 2224//2224 2174//2174 2435//2435
f 2410//2410 2435//2435 2777//2777
f 2607//2607 2929//2929 2658//2658
f 2146//2146 2174//2174 2147//2147
f 2164//2164 2147//2147 2174//2174
f 2777//2777 2604//2604 2410//2410
f 3673//3673 3756//3756 3759//3759
f 3669//3669 3754//3754 3756//3756
f 3589//3589 3665//3665 3669//3669
f 3613//3613 3654//3654 3657//3657
f 3657//3657 3696//3696 3698//3698
f 3654//3654 3694//3694 3696//3696
f 3611//3611 3651//3651 3654//3654
f 3698//3698 3730//3730 3732//3732
f 3732//3732 3772//3772 3775//3775
f 3730//3730 3770//3770 3772//3772
f 3696//3696 3728//3728 3730//3730
f 3694//3694 3726//3726 3728//3728
f 3728//3728 3768//3768 3770//3770
f 3726//3726 3766//3766 3768//3768
f 3692//3692 3724//3724 3726//3726
f 3609//3609 3649//3649 3651//3651
f 3651//3651 3692//3692 3694//3694
f 3649//3649 3683//3683 3692//3692
f 3607//3607 3647//3647 3649//3649
f 3775//3775 3827//3827 3829//3829
f 3829//3829 3853//3853 3855//3855
f 3827//3827 3851//3851 3853//3853
f 3772//3772 3825//3825 3827//3827
f 3770//3770 3823//3823 3825//3825
f 3825//3825 3849//3849 3851//3851
f 3823//3823 3847//3847 3849//3849
f 3768//3768 3821//3821 3823//3823
f 3762//3762 3843//3843 3845//3845
f 3605//3605 3645//3645 3647//3647
f 3647//3647 3679//3679 3683//3683
f 3645//3645 3677//3677 3679//3679
f 3603//3603 3643//3643 3645//3645
f 3683//3683 3722//3722 3724//3724
f 3724//3724 3764//3764 3766//3766
f 3722//3722 3762//3762 3764//3764
f 3679//3679 3720//3720 3722//3722
f 3601//3601 3641//3641 3643//3643
f 3643//3643 3675//3675 3677//3677
f 3641//3641 3673//3673 3675//3675
f 3597//3597 3639//3639 3641//3641
f 3786//3786 3835//3835 3837//3837
f 3837//3837 3861//3861 3863//3863
f 3835//3835 3859//3859 3861//3861
f 3782//3782 3833//3833 3835//3835
f 3780//3780 3831//3831 3833//3833
f 3833//3833 3857//3857 3859//3859
f 3831//3831 3855//3855 3857//3857
f 3778//3778 3829//3829 3831//3831
f 3619//3619 3702//3702 3706//3706
f 3702//3702 3734//3734 3736//3736
f 3736//3736 3778//3778 3780//3780
f 3734//3734 3775//3775 3778//3778
f 3700//3700 3732//3732 3734//3734
f 3628//3628 3796//3796 3800//3800
f 3796//3796 3874//3874 3876//3876
f 3794//3794 3873//3873 3874//3874
f 3637//3637 3802//3802 3808//3808
f 3633//3633 3800//3800 3802//3802
f 3198//3198 3261//3261 3263//3263
f 3196//3196 3260//3260 3261//3261
f 3111//3111 3195//3195 3196//3196
f 3260//3260 3375//3375 3377//3377
f 3375//3375 3571//3571 3575//3575
f 3150//3150 3226//3226 3230//3230
f 3230//3230 3291//3291 3293//3293
f 3226//3226 3289//3289 3291//3291
f 3147//3147 3224//3224 3226//3226
f 3293//3293 3342//3342 3346//3346
f 3342//3342 3367//3367 3369//3369
f 3369//3369 3407//3407 3409//3409
f 3367//3367 3405//3405 3407//3407
f 3339//3339 3365//3365 3367//3367
f 3289//3289 3315//3315 3317//3317
f 3317//3317 3335//3335 3337//3337
f 3315//3315 3333//3333 3335//3335
f 3287//3287 3313//3313 3315//3315
f 3337//3337 3363//3363 3365//3365
f 3365//3365 3402//3402 3405//3405
f 3363//3363 3398//3398 3402//3402
f 3335//3335 3361//3361 3363//3363
f 3333//3333 3358//3358 3361//3361
f 3361//3361 3395//3395 3398//3398
f 3358//3358 3393//3393 3395//3395
f 3331//3331 3355//3355 3358//3358
f 3284//3284 3311//3311 3313//3313
f 3313//3313 3331//3331 3333//3333
f 3311//3311 3329//3329 3331//3331
f 3281//3281 3309//3309 3311//3311
f 3145//3145 3222//3222 3224//3224
f 3222//3222 3250//3250 3252//3252
f 3252//3252 3281//3281 3284//3284
f 3250//3250 3278//3278 3281//3281
f 3220//3220 3248//3248 3250//3250
f 3413//3413 3449//3449 3452//3452
f 3452//3452 3475//3475 3478//3478
f 3449//3449 3472//3472 3475//3475
f 3411//3411 3446//3446 3449//3449
f 3409//3409 3443//3443 3446//3446
f 3446//3446 3470//3470 3472//3472
f 3443//3443 3468//3468 3470//3470
f 3407//3407 3440//3440 3443//3443
f 3518//3518 3549//3549 3551//3551
f 3551//3551 3591//3591 3594//3594
f 3549//3549 3589//3589 3591//3591
f 3515//3515 3547//3547 3549//3549
f 3405//3405 3438//3438 3440//3440
f 3440//3440 3466//3466 3468//3468
f 3438//3438 3464//3464 3466//3466
f 3402//3402 3436//3436 3438//3438
f 3464//3464 3505//3505 3509//3509
f 3505//3505 3583//3583 3587//3587
f 3502//3502 3581//3581 3583//3583
f 3385//3385 3500//3500 3502//3502
f 3136//3136 3175//3175 3177//3177
f 3177//3177 3214//3214 3217//3217
f 3175//3175 3212//3212 3214//3214
f 3133//3133 3172//3172 3175//3175
f 3217//3217 3246//3246 3248//3248
f 3248//3248 3276//3276 3278//3278
f 3246//3246 3273//3273 3276//3276
f 3214//3214 3243//3243 3246//3246
f 3212//3212 3240//3240 3243//3243
f 3243//3243 3271//3271 3273//3273
f 3240//3240 3269//3269 3271//3271
f 3210//3210 3236//3236 3240//3240
f 3129//3129 3169//3169 3172//3172
f 3172//3172 3210//3210 3212//3212
f 3169//3169 3208//3208 3210//3210
f 3127//3127 3164//3164 3169//3169
f 3278//3278 3307//3307 3309//3309
f 3309//3309 3327//3327 3329//3329
f 3307//3307 3325//3325 3327//3327
f 3276//3276 3305//3305 3307//3307
f 3325//3325 3385//3385 3390//3390
f 3124//3124 3161//3161 3164//3164
f 3164//3164 3206//3206 3208//3208
f 3161//3161 3204//3204 3206//3206
f 3122//3122 3159//3159 3161//3161
f 3204//3204 3263//3263 3266//3266
f 3427//3427 3534//3534 3536//3536
f 3534//3534 3563//3563 3565//3565
f 3565//3565 3607//3607 3609//3609
f 3563//3563 3605//3605 3607//3607
f 3532//3532 3561//3561 3563//3563
f 3421//3421 3485//3485 3489//3489
f 3489//3489 3524//3524 3526//3526
f 3485//3485 3522//3522 3524//3524
f 3419//3419 3482//3482 3485//3485
f 3526//3526 3558//3558 3561//3561
f 3561//3561 3603//3603 3605//3605
f 3558//3558 3601//3601 3603//3603
f 3524//3524 3555//3555 3558//3558
f 3522//3522 3553//3553 3555//3555
f 3555//3555 3597//3597 3601//3601
f 3553//3553 3594//3594 3597//3597
f 3520//3520 3551//3551 3553//3553
f 3417//3417 3480//3480 3482//3482
f 3482//3482 3520//3520 3522//3522
f 3480//3480 3518//3518 3520//3520
f 3158//3158 3297//3297 3300//3300
f 3297//3297 3349//3349 3353//3353
f 3353//3353 3415//3415 3417//3417
f 3349//3349 3413//3413 3415//3415
f 3295//3295 3346//3346 3349//3349
f 3203//3203 3445//3445 3454//3454
f 3454//3454 3619//3619 3623//3623
f 3186//3186 3427//3427 3445//3445
f 3229//3229 3456//3456 3462//3462
f 3462//3462 3625//3625 3628//3628
f 3456//3456 3623//3623 3625//3625
f 3219//3219 3454//3454 3456//3456
f 3242//3242 3477//3477 3486//3486
f 3486//3486 3633//3633 3637//3637
f 3477//3477 3628//3628 3633//3633
f 3232//3232 3462//3462 3477//3477
f 2683//2683 2823//2823 2830//2830
f 2677//2677 2813//2813 2823//2823
f 2542//2542 2669//2669 2677//2677
f 2573//2573 2644//2644 2646//2646
f 2646//2646 2715//2715 2720//2720
f 2569//2569 2639//2639 2644//2644
f 2795//2795 2821//2821 2824//2824
f 2824//2824 2854//2854 2856//2856
f 2821//2821 2852//2852 2854//2854
f 2792//2792 2818//2818 2821//2821
f 2788//2788 2816//2816 2818//2818
f 2818//2818 2850//2850 2852//2852
f 2816//2816 2847//2847 2850//2850
f 2786//2786 2814//2814 2816//2816
f 2715//2715 2751//2751 2753//2753
f 2753//2753 2786//2786 2788//2788
f 2751//2751 2784//2784 2786//2786
f 2713//2713 2749//2749 2751//2751
f 2710//2710 2747//2747 2749//2749
f 2749//2749 2782//2782 2784//2784
f 2747//2747 2780//2780 2782//2782
f 2707//2707 2744//2744 2747//2747
f 2784//2784 2811//2811 2814//2814
f 2814//2814 2845//2845 2847//2847
f 2811//2811 2842//2842 2845//2845
f 2782//2782 2808//2808 2811//2811
f 2780//2780 2806//2806 2808//2808
f 2808//2808 2840//2840 2842//2842
f 2806//2806 2838//2838 2840//2840
f 2773//2773 2803//2803 2806//2806
f 2704//2704 2741//2741 2744//2744
f 2744//2744 2773//2773 2780//2780
f 2741//2741 2768//2768 2773//2773
f 2701//2701 2739//2739 2741//2741
f 2639//2639 2670//2670 2672//2672
f 2672//2672 2707//2707 2710//2710
f 2670//2670 2704//2704 2707//2707
f 2636//2636 2667//2667 2670//2670
f 2633//2633 2662//2662 2667//2667
f 2667//2667 2701//2701 2704//2704
f 2662//2662 2699//2699 2701//2701
f 2630//2630 2657//2657 2662//2662
f 2856//2856 2890//2890 2892//2892
f 2892//2892 2916//2916 2918//2918
f 2890//2890 2914//2914 2916//2916
f 2854//2854 2888//2888 2890//2890
f 2918//2918 2942//2942 2944//2944
f 2944//2944 2974//2974 2976//2976
f 2942//2942 2972//2972 2974//2974
f 2916//2916 2940//2940 2942//2942
f 2914//2914 2938//2938 2940//2940
f 2940//2940 2969//2969 2972//2972
f 2938//2938 2966//2966 2969//2969
f 2911//2911 2936//2936 2938//2938
f 2852//2852 2886//2886 2888//2888
f 2888//2888 2911//2911 2914//2914
f 2886//2886 2908//2908 2911//2911
f 2850//2850 2883//2883 2886//2886
f 2976//2976 3010//3010 3012//3012
f 3012//3012 3041//3041 3043//3043
f 3010//3010 3039//3039 3041//3041
f 2974//2974 3008//3008 3010//3010
f 3043//3043 3077//3077 3080//3080
f 3080//3080 3112//3112 3115//3115
f 3077//3077 3111//3111 3112//3112
f 3041//3041 3074//3074 3077//3077
f 2972//2972 3006//3006 3008//3008
f 3008//3008 3037//3037 3039//3039
f 3006//3006 3036//3036 3037//3037
f 2969//2969 3005//3005 3006//3006
f 3036//3036 3105//3105 3108//3108
f 3032//3032 3103//3103 3105//3105
f 2963//2963 3031//3031 3032//3032
f 2847//2847 2879//2879 2883//2883
f 2883//2883 2906//2906 2908//2908
f 2879//2879 2904//2904 2906//2906
f 2845//2845 2875//2875 2879//2879
f 2904//2904 2960//2960 2963//2963
f 2956//2956 3093//3093 3100//3100
f 2832//2832 2954//2954 2956//2956
f 2562//2562 2596//2596 2598//2598
f 2598//2598 2626//2626 2628//2628
f 2596//2596 2624//2624 2626//2626
f 2560//2560 2593//2593 2596//2596
f 2628//2628 2654//2654 2657//2657
f 2657//2657 2697//2697 2699//2699
f 2654//2654 2695//2695 2697//2697
f 2626//2626 2652//2652 2654//2654
f 2558//2558 2589//2589 2593//2593
f 2593//2593 2622//2622 2624//2624
f 2589//2589 2619//2619 2622//2622
f 2556//2556 2586//2586 2589//2589
f 2699//2699 2736//2736 2739//2739
f 2739//2739 2765//2765 2768//2768
f 2736//2736 2763//2763 2765//2765
f 2697//2697 2732//2732 2736//2736
f 2763//2763 2832//2832 2835//2835
f 2554//2554 2583//2583 2586//2586
f 2586//2586 2616//2616 2619//2619
f 2583//2583 2614//2614 2616//2616
f 2552//2552 2578//2578 2583//2583
f 2614//2614 2683//2683 2686//2686
f 2885//2885 3002//3002 3004//3004
f 3002//3002 3068//3068 3070//3070
f 3070//3070 3143//3143 3145//3145
f 2998//2998 3066//3066 3068//3068
f 2868//2868 2930//2930 2932//2932
f 2932//2932 2992//2992 2995//2995
f 2866//2866 2926//2926 2930//2930
f 3066//3066 3096//3096 3098//3098
f 3098//3098 3133//3133 3136//3136
f 3096//3096 3129//3129 3133//3133
f 3064//3064 3094//3094 3096//3096
f 3062//3062 3090//3090 3094//3094
f 3094//3094 3127//3127 3129//3129
f 3090//3090 3124//3124 3127//3127
f 3060//3060 3088//3088 3090//3090
f 2992//2992 3025//3025 3030//3030
f 3030//3030 3060//3060 3062//3062
f 3025//3025 3058//3058 3060//3060
f 2990//2990 3022//3022 3025//3025
f 2987//2987 3019//3019 3022//3022
f 3022//3022 3056//3056 3058//3058
f 3019//3019 3053//3053 3056//3056
f 2985//2985 3016//3016 3019//3019
f 3058//3058 3086//3086 3088//3088
f 3088//3088 3122//3122 3124//3124
f 3086//3086 3120//3120 3122//3122
f 3056//3056 3084//3084 3086//3086
f 3053//3053 3082//3082 3084//3084
f 3084//3084 3118//3118 3120//3120
f 3082//3082 3115//3115 3118//3118
f 3046//3046 3080//3080 3082//3082
f 2982//2982 3014//3014 3016//3016
f 3016//3016 3046//3046 3053//3053
f 3014//3014 3043//3043 3046//3046
f 2978//2978 3012//3012 3014//3014
f 2926//2926 2950//2950 2953//2953
f 2953//2953 2985//2985 2987//2987
f 2950//2950 2982//2982 2985//2985
f 2924//2924 2948//2948 2950//2950
f 2922//2922 2946//2946 2948//2948
f 2948//2948 2978//2978 2982//2982
f 2946//2946 2976//2976 2978//2978
f 2920//2920 2944//2944 2946//2946
f 2861//2861 2894//2894 2896//2896
f 2896//2896 2920//2920 2922//2922
f 2894//2894 2918//2918 2920//2920
f 2858//2858 2892//2892 2894//2894
f 2595//2595 2727//2727 2731//2731
f 2727//2727 2798//2798 2800//2800
f 2800//2800 2861//2861 2864//2864
f 2723//2723 2795//2795 2798//2798
f 2641//2641 2898//2898 2902//2902
f 2902//2902 3158//3158 3181//3181
f 2621//2621 2885//2885 2898//2898
f 2218//2218 2240//2240 2242//2242
f 2242//2242 2268//2268 2270//2270
f 2240//2240 2266//2266 2268//2268
f 2216//2216 2238//2238 2240//2240
f 2270//2270 2292//2292 2294//2294
f 2294//2294 2318//2318 2320//2320
f 2292//2292 2316//2316 2318//2318
f 2268//2268 2290//2290 2292//2292
f 2266//2266 2287//2287 2290//2290
f 2290//2290 2314//2314 2316//2316
f 2287//2287 2312//2312 2314//2314
f 2264//2264 2285//2285 2287//2287
f 2213//2213 2236//2236 2238//2238
f 2238//2238 2264//2264 2266//2266
f 2236//2236 2262//2262 2264//2264
f 2210//2210 2233//2233 2236//2236
f 2208//2208 2230//2230 2233//2233
f 2233//2233 2260//2260 2262//2262
f 2230//2230 2258//2258 2260//2260
f 2206//2206 2228//2228 2230//2230
f 2262//2262 2282//2282 2285//2285
f 2285//2285 2310//2310 2312//2312
f 2282//2282 2307//2307 2310//2310
f 2260//2260 2280//2280 2282//2282
f 2320//2320 2349//2349 2352//2352
f 2352//2352 2377//2377 2380//2380
f 2349//2349 2374//2374 2377//2377
f 2318//2318 2345//2345 2349//2349
f 2380//2380 2403//2403 2405//2405
f 2405//2405 2438//2438 2440//2440
f 2403//2403 2436//2436 2438//2438
f 2377//2377 2401//2401 2403//2403
f 2374//2374 2399//2399 2401//2401
f 2401//2401 2432//2432 2436//2436
f 2399//2399 2430//2430 2432//2432
f 2372//2372 2398//2398 2399//2399
f 2316//2316 2342//2342 2345//2345
f 2345//2345 2372//2372 2374//2374
f 2342//2342 2370//2370 2372//2372
f 2314//2314 2338//2338 2342//2342
f 2440//2440 2465//2465 2468//2468
f 2468//2468 2491//2491 2494//2494
f 2465//2465 2488//2488 2491//2491
f 2438//2438 2461//2461 2465//2465
f 2488//2488 2542//2542 2544//2544
f 2366//2366 2425//2425 2427//2427
f 2307//2307 2364//2364 2366//2366
f 2425//2425 2529//2529 2537//2537
f 2202//2202 2254//2254 2256//2256
f 2256//2256 2302//2302 2304//2304
f 2254//2254 2300//2300 2302//2302
f 2351//2351 2458//2458 2466//2466
f 2458//2458 2512//2512 2514//2514
f 2514//2514 2564//2564 2566//2566
f 2456//2456 2510//2510 2512//2512
f 2334//2334 2395//2395 2397//2397
f 2397//2397 2452//2452 2454//2454
f 2510//2510 2532//2532 2534//2534
f 2534//2534 2560//2560 2562//2562
f 2532//2532 2558//2558 2560//2560
f 2508//2508 2530//2530 2532//2532
f 2506//2506 2527//2527 2530//2530
f 2530//2530 2556//2556 2558//2558
f 2527//2527 2554//2554 2556//2556
f 2504//2504 2524//2524 2527//2527
f 2452//2452 2478//2478 2480//2480
f 2480//2480 2504//2504 2506//2506
f 2478//2478 2502//2502 2504//2504
f 2450//2450 2476//2476 2478//2478
f 2448//2448 2474//2474 2476//2476
f 2476//2476 2500//2500 2502//2502
f 2474//2474 2498//2498 2500//2500
f 2446//2446 2472//2472 2474//2474
f 2502//2502 2522//2522 2524//2524
f 2524//2524 2552//2552 2554//2554
f 2522//2522 2550//2550 2552//2552
f 2500//2500 2520//2520 2522//2522
f 2498//2498 2518//2518 2520//2520
f 2520//2520 2548//2548 2550//2550
f 2518//2518 2546//2546 2548//2548
f 2496//2496 2516//2516 2518//2518
f 2444//2444 2470//2470 2472//2472
f 2472//2472 2496//2496 2498//2498
f 2470//2470 2494//2494 2496//2496
f 2442//2442 2468//2468 2470//2470
f 2330//2330 2358//2358 2360//2360
f 2360//2360 2386//2386 2389//2389
f 2358//2358 2384//2384 2386//2386
f 2328//2328 2356//2356 2358//2358
f 2389//2389 2416//2416 2419//2419
f 2419//2419 2446//2446 2448//2448
f 2416//2416 2444//2444 2446//2446
f 2386//2386 2413//2413 2416//2416
f 2384//2384 2408//2408 2413//2413
f 2413//2413 2442//2442 2444//2444
f 2408//2408 2440//2440 2442//2442
f 2382//2382 2405//2405 2408//2408
f 2326//2326 2354//2354 2356//2356
f 2356//2356 2382//2382 2384//2384
f 2354//2354 2380//2380 2382//2382
f 2322//2322 2352//2352 2354//2354
f 2334//2334 2277//2277 2332//2332
f 2223//2223 2274//2274 2277//2277
f 2274//2274 2296//2296 2298//2298
f 2298//2298 2322//2322 2326//2326
f 2296//2296 2320//2320 2322//2322
f 2272//2272 2294//2294 2296//2296
f 2379//2379 2595//2595 2602//2602
f 3571//3571 3360//3360 3387//3387
f 3073//3073 2813//2813 2877//2877
f 3876//3876 3800//3800 3796//3796
f 2813//2813 2669//2669 2604//2604
f 2529//2529 2422//2422 2394//2394
f 2641//2641 2226//2226 2215//2215
f 2665//2665 2253//2253 2226//2226
f 3929//3929 3931//3931 4031//4031
f 4022//4022 4031//4031 4074//4074
f 3792//3792 3818//3818 3929//3929
f 3919//3919 3929//3929 4022//4022
f 3577//3577 3629//3629 3792//3792
f 3714//3714 3792//3792 3919//3919
f 3343//3343 3451//3451 3577//3577
f 3499//3499 3577//3577 3714//3714
f 3028//3028 3165//3165 3343//3343
f 3187//3187 3343//3343 3499//3499
f 2717//2717 2882//2882 3028//3028
f 2836//2836 3028//3028 3187//3187
f 4076//4076 4124//4124 4132//4132
f 4077//4077 4132//4132 4133//4133
f 4082//4082 4133//4133 4135//4135
f 4014//4014 4072//4072 4076//4076
f 4019//4019 4076//4076 4077//4077
f 4024//4024 4077//4077 4082//4082
f 3900//3900 4006//4006 4014//4014
f 3902//3902 4014//4014 4019//4019
f 3910//3910 4019//4019 4024//4024
f 3655//3655 3878//3878 3900//3900
f 3661//3661 3900//3900 3902//3902
f 3667//3667 3902//3902 3910//3910
f 3374//3374 3631//3631 3655//3655
f 3401//3401 3655//3655 3661//3661
f 3423//3423 3661//3661 3667//3667
f 3001//3001 3352//3352 3374//3374
f 3029//3029 3374//3374 3401//3401
f 3035//3035 3401//3401 3423//3423
f 4135//4135 4103//4103 4082//4082
f 4082//4082 4049//4049 4024//4024
f 3819//3819 3689//3689 3667//3667
f 3567//3567 3435//3435 3423//3423
f 4088//4088 4140//4140 4139//4139
f 4086//4086 4139//4139 4138//4138
f 4028//4028 4088//4088 4087//4087
f 4026//4026 4087//4087 4086//4086
f 3914//3914 4028//4028 4027//4027
f 3912//3912 4027//4027 4026//4026
f 3688//3688 3914//3914 3913//3913
f 3685//3685 3913//3913 3912//3912
f 3434//3434 3688//3688 3687//3687
f 3432//3432 3687//3687 3685//3685
f 3051//3051 3434//3434 3433//3433
f 3049//3049 3433//3433 3432//3432
f 4028//4028 4049//4049 4088//4088
f 4086//4086 4048//4048 4026//4026
f 3914//3914 3979//3979 4028//4028
f 3434//3434 3567//3567 3688//3688
f 3912//3912 3817//3817 3685//3685
f 4081//4081 4136//4136 4134//4134
f 4078//4078 4134//4134 4131//4131
f 4075//4075 4131//4131 4123//4123
f 4023//4023 4081//4081 4078//4078
f 4017//4017 4078//4078 4075//4075
f 4013//4013 4075//4075 4071//4071
f 3909//3909 4023//4023 4017//4017
f 3901//3901 4017//4017 4013//4013
f 3899//3899 4013//4013 4005//4005
f 3666//3666 3909//3909 3901//3901
f 3660//3660 3901//3901 3899//3899
f 3653//3653 3899//3899 3877//3877
f 3422//3422 3666//3666 3660//3660
f 3400//3400 3660//3660 3653//3653
f 3372//3372 3653//3653 3630//3630
f 3033//3033 3422//3422 3400//3400
f 3027//3027 3400//3400 3372//3372
f 2999//2999 3372//3372 3350//3350
f 4048//4048 4085//4085 4081//4081
f 3422//3422 3566//3566 3666//3666
f 4021//4021 4073//4073 4030//4030
f 3928//3928 4030//4030 3930//3930
f 3918//3918 4021//4021 3928//3928
f 3791//3791 3928//3928 3816//3816
f 3713//3713 3918//3918 3791//3791
f 3576//3576 3791//3791 3627//3627
f 3497//3497 3713//3713 3576//3576
f 3341//3341 3576//3576 3448//3448
f 3185//3185 3497//3497 3341//3341
f 3024//3024 3341//3341 3162//3162
f 2834//2834 3185//3185 3024//3024
f 2716//2716 3024//3024 2878//2878
f 3632//3632 3801//3801 3799//3799
f 3636//3636 3807//3807 3801//3801
f 3626//3626 3799//3799 3795//3795
f 3699//3699 3733//3733 3731//3731
f 3733//3733 3777//3777 3773//3773
f 3735//3735 3779//3779 3777//3777
f 3701//3701 3735//3735 3733//3733
f 3618//3618 3705//3705 3701//3701
f 3777//3777 3830//3830 3828//3828
f 3830//3830 3856//3856 3854//3854
f 3832//3832 3858//3858 3856//3856
f 3779//3779 3832//3832 3830//3830
f 3781//3781 3834//3834 3832//3832
f 3834//3834 3860//3860 3858//3858
f 3836//3836 3862//3862 3860//3860
f 3784//3784 3836//3836 3834//3834
f 3596//3596 3640//3640 3638//3638
f 3640//3640 3674//3674 3672//3672
f 3642//3642 3676//3676 3674//3674
f 3599//3599 3642//3642 3640//3640
f 3678//3678 3721//3721 3719//3719
f 3721//3721 3763//3763 3761//3761
f 3723//3723 3765//3765 3763//3763
f 3682//3682 3723//3723 3721//3721
f 3602//3602 3644//3644 3642//3642
f 3644//3644 3678//3678 3676//3676
f 3646//3646 3682//3682 3678//3678
f 3604//3604 3646//3646 3644//3644
f 3761//3761 3844//3844 3842//3842
f 3767//3767 3822//3822 3820//3820
f 3822//3822 3848//3848 3846//3846
f 3824//3824 3850//3850 3848//3848
f 3769//3769 3824//3824 3822//3822
f 3771//3771 3826//3826 3824//3824
f 3826//3826 3852//3852 3850//3850
f 3828//3828 3854//3854 3852//3852
f 3773//3773 3828//3828 3826//3826
f 3606//3606 3648//3648 3646//3646
f 3648//3648 3690//3690 3682//3682
f 3650//3650 3693//3693 3690//3690
f 3608//3608 3650//3650 3648//3648
f 3690//3690 3725//3725 3723//3723
f 3725//3725 3767//3767 3765//3765
f 3727//3727 3769//3769 3767//3767
f 3693//3693 3727//3727 3725//3725
f 3695//3695 3729//3729 3727//3727
f 3729//3729 3771//3771 3769//3769
f 3731//3731 3773//3773 3771//3771
f 3697//3697 3731//3731 3729//3729
f 3610//3610 3652//3652 3650//3650
f 3652//3652 3695//3695 3693//3693
f 3656//3656 3697//3697 3695//3695
f 3612//3612 3656//3656 3652//3652
f 3588//3588 3668//3668 3664//3664
f 3668//3668 3755//3755 3753//3753
f 3672//3672 3758//3758 3755//3755
f 3231//3231 3474//3474 3460//3460
f 3474//3474 3632//3632 3626//3626
f 3484//3484 3636//3636 3632//3632
f 3238//3238 3484//3484 3474//3474
f 3216//3216 3455//3455 3453//3453
f 3455//3455 3624//3624 3622//3622
f 3460//3460 3626//3626 3624//3624
f 3227//3227 3460//3460 3455//3455
f 3184//3184 3442//3442 3426//3426
f 3453//3453 3622//3622 3618//3618
f 3200//3200 3453//3453 3442//3442
f 3294//3294 3348//3348 3344//3344
f 3348//3348 3414//3414 3412//3412
f 3351//3351 3416//3416 3414//3414
f 3296//3296 3351//3351 3348//3348
f 3156//3156 3298//3298 3296//3296
f 3479//3479 3519//3519 3517//3517
f 3481//3481 3521//3521 3519//3519
f 3416//3416 3481//3481 3479//3479
f 3519//3519 3552//3552 3550//3550
f 3552//3552 3596//3596 3592//3592
f 3554//3554 3599//3599 3596//3596
f 3521//3521 3554//3554 3552//3552
f 3523//3523 3556//3556 3554//3554
f 3556//3556 3602//3602 3599//3599
f 3560//3560 3604//3604 3602//3602
f 3525//3525 3560//3560 3556//3556
f 3418//3418 3483//3483 3481//3481
f 3483//3483 3523//3523 3521//3521
f 3488//3488 3525//3525 3523//3523
f 3420//3420 3488//3488 3483//3483
f 3530//3530 3562//3562 3560//3560
f 3562//3562 3606//3606 3604//3604
f 3564//3564 3608//3608 3606//3606
f 3533//3533 3564//3564 3562//3562
f 3426//3426 3535//3535 3533//3533
f 3202//3202 3264//3264 3262//3262
f 3121//3121 3160//3160 3157//3157
f 3160//3160 3205//3205 3202//3202
f 3163//3163 3207//3207 3205//3205
f 3123//3123 3163//3163 3160//3160
f 3324//3324 3388//3388 3384//3384
f 3274//3274 3306//3306 3304//3304
f 3306//3306 3326//3326 3324//3324
f 3308//3308 3328//3328 3326//3326
f 3277//3277 3308//3308 3306//3306
f 3125//3125 3166//3166 3163//3163
f 3166//3166 3209//3209 3207//3207
f 3170//3170 3211//3211 3209//3209
f 3128//3128 3170//3170 3166//3166
f 3209//3209 3237//3237 3234//3234
f 3237//3237 3270//3270 3268//3268
f 3241//3241 3272//3272 3270//3270
f 3211//3211 3241//3241 3237//3237
f 3213//3213 3245//3245 3241//3241
f 3245//3245 3274//3274 3272//3272
f 3247//3247 3277//3277 3274//3274
f 3215//3215 3247//3247 3245//3245
f 3131//3131 3173//3173 3170//3170
f 3173//3173 3213//3213 3211//3211
f 3176//3176 3215//3215 3213//3213
f 3134//3134 3176//3176 3173//3173
f 3384//3384 3501//3501 3498//3498
f 3501//3501 3582//3582 3580//3580
f 3503//3503 3586//3586 3582//3582
f 3463//3463 3507//3507 3503//3503
f 3399//3399 3437//3437 3430//3430
f 3437//3437 3465//3465 3463//3463
f 3439//3439 3467//3467 3465//3465
f 3403//3403 3439//3439 3437//3437
f 3513//3513 3548//3548 3546//3546
f 3548//3548 3590//3590 3588//3588
f 3550//3550 3592//3592 3590//3590
f 3517//3517 3550//3550 3548//3548
f 3406//3406 3441//3441 3439//3439
f 3441//3441 3469//3469 3467//3467
f 3444//3444 3471//3471 3469//3469
f 3408//3408 3444//3444 3441//3441
f 3410//3410 3447//3447 3444//3444
f 3447//3447 3473//3473 3471//3471
f 3450//3450 3476//3476 3473//3473
f 3412//3412 3450//3450 3447//3447
f 3137//3137 3178//3178 3176//3176
f 3178//3178 3218//3218 3215//3215
f 3180//3180 3221//3221 3218//3218
f 3139//3139 3180//3180 3178//3178
f 3218//3218 3249//3249 3247//3247
f 3249//3249 3279//3279 3277//3277
f 3251//3251 3282//3282 3279//3279
f 3221//3221 3251//3251 3249//3249
f 3279//3279 3310//3310 3308//3308
f 3310//3310 3330//3330 3328//3328
f 3312//3312 3332//3332 3330//3330
f 3282//3282 3312//3312 3310//3310
f 3330//3330 3356//3356 3354//3354
f 3356//3356 3394//3394 3392//3392
f 3359//3359 3396//3396 3394//3394
f 3332//3332 3359//3359 3356//3356
f 3334//3334 3362//3362 3359//3359
f 3362//3362 3399//3399 3396//3396
f 3364//3364 3403//3403 3399//3399
f 3336//3336 3364//3364 3362//3362
f 3285//3285 3314//3314 3312//3312
f 3314//3314 3334//3334 3332//3332
f 3316//3316 3336//3336 3334//3334
f 3288//3288 3316//3316 3314//3314
f 3338//3338 3366//3366 3364//3364
f 3366//3366 3406//3406 3403//3403
f 3368//3368 3408//3408 3406//3406
f 3340//3340 3368//3368 3366//3366
f 3292//3292 3344//3344 3340//3340
f 3146//3146 3225//3225 3223//3223
f 3225//3225 3290//3290 3288//3288
f 3228//3228 3292//3292 3290//3290
f 3149//3149 3228//3228 3225//3225
f 3373//3373 3574//3574 3570//3570
f 3106//3106 3259//3259 3255//3255
f 3259//3259 3376//3376 3373//3373
f 3262//3262 3381//3381 3376//3376
f 2618//2618 2897//2897 2881//2881
f 2899//2899 3179//3179 3156//3156
f 2638//2638 2899//2899 2897//2897
f 2721//2721 2797//2797 2793//2793
f 2799//2799 2863//2863 2859//2859
f 2725//2725 2799//2799 2797//2797
f 2592//2592 2728//2728 2725//2725
f 2857//2857 2893//2893 2891//2891
f 2893//2893 2919//2919 2917//2917
f 2895//2895 2921//2921 2919//2919
f 2859//2859 2895//2895 2893//2893
f 2919//2919 2945//2945 2943//2943
f 2945//2945 2977//2977 2975//2975
f 2947//2947 2979//2979 2977//2977
f 2921//2921 2947//2947 2945//2945
f 2923//2923 2949//2949 2947//2947
f 2949//2949 2983//2983 2979//2979
f 2951//2951 2986//2986 2983//2983
f 2925//2925 2951//2951 2949//2949
f 2977//2977 3013//3013 3011//3011
f 3013//3013 3044//3044 3042//3042
f 3015//3015 3047//3047 3044//3044
f 2979//2979 3015//3015 3013//3013
f 3044//3044 3081//3081 3078//3078
f 3081//3081 3116//3116 3113//3113
f 3083//3083 3119//3119 3116//3116
f 3047//3047 3083//3083 3081//3081
f 3054//3054 3085//3085 3083//3083
f 3085//3085 3121//3121 3119//3119
f 3087//3087 3123//3123 3121//3121
f 3057//3057 3087//3087 3085//3085
f 2983//2983 3017//3017 3015//3015
f 3017//3017 3054//3054 3047//3047
f 3020//3020 3057//3057 3054//3054
f 2986//2986 3020//3020 3017//3017
f 2988//2988 3023//3023 3020//3020
f 3023//3023 3059//3059 3057//3057
f 3026//3026 3061//3061 3059//3059
f 2991//2991 3026//3026 3023//3023
f 3059//3059 3089//3089 3087//3087
f 3089//3089 3125//3125 3123//3123
f 3091//3091 3128//3128 3125//3125
f 3061//3061 3091//3091 3089//3089
f 3063//3063 3095//3095 3091//3091
f 3095//3095 3131//3131 3128//3128
f 3097//3097 3134//3134 3131//3131
f 3065//3065 3097//3097 3095//3095
f 2865//2865 2927//2927 2925//2925
f 2931//2931 2993//2993 2991//2991
f 2867//2867 2931//2931 2927//2927
f 2997//2997 3067//3067 3065//3065
f 3069//3069 3144//3144 3139//3139
f 3000//3000 3069//3069 3067//3067
f 2881//2881 3003//3003 3000//3000
f 2612//2612 2684//2684 2680//2680
f 2551//2551 2579//2579 2576//2576
f 2579//2579 2615//2615 2612//2612
f 2584//2584 2617//2617 2615//2615
f 2553//2553 2584//2584 2579//2579
f 2762//2762 2833//2833 2831//2831
f 2696//2696 2733//2733 2729//2729
f 2733//2733 2764//2764 2762//2762
f 2737//2737 2766//2766 2764//2764
f 2698//2698 2737//2737 2733//2733
f 2555//2555 2588//2588 2584//2584
f 2588//2588 2620//2620 2617//2617
f 2591//2591 2623//2623 2620//2620
f 2557//2557 2591//2591 2588//2588
f 2625//2625 2653//2653 2651//2651
f 2653//2653 2696//2696 2693//2693
f 2655//2655 2698//2698 2696//2696
f 2627//2627 2655//2655 2653//2653
f 2559//2559 2594//2594 2591//2591
f 2594//2594 2625//2625 2623//2623
f 2597//2597 2627//2627 2625//2625
f 2561//2561 2597//2597 2594//2594
f 2831//2831 2955//2955 2952//2952
f 2955//2955 3099//3099 3092//3092
f 2958//2958 3101//3101 3099//3099
f 2903//2903 2961//2961 2958//2958
f 2843//2843 2876//2876 2873//2873
f 2876//2876 2905//2905 2903//2903
f 2880//2880 2907//2907 2905//2905
f 2846//2846 2880//2880 2876//2876
f 3038//3038 3110//3110 3106//3106
f 2973//2973 3009//3009 3007//3007
f 3009//3009 3040//3040 3038//3038
f 3011//3011 3042//3042 3040//3040
f 2975//2975 3011//3011 3009//3009
f 2849//2849 2884//2884 2880//2880
f 2884//2884 2909//2909 2907//2907
f 2887//2887 2912//2912 2909//2909
f 2851//2851 2887//2887 2884//2884
f 2909//2909 2937//2937 2935//2935
f 2937//2937 2967//2967 2965//2965
f 2939//2939 2970//2970 2967//2967
f 2912//2912 2939//2939 2937//2937
f 2915//2915 2941//2941 2939//2939
f 2941//2941 2973//2973 2970//2970
f 2943//2943 2975//2975 2973//2973
f 2917//2917 2943//2943 2941//2941
f 2853//2853 2889//2889 2887//2887
f 2889//2889 2915//2915 2912//2912
f 2891//2891 2917//2917 2915//2915
f 2855//2855 2891//2891 2889//2889
f 2629//2629 2659//2659 2655//2655
f 2659//2659 2700//2700 2698//2698
f 2663//2663 2702//2702 2700//2700
f 2631//2631 2663//2663 2659//2659
f 2635//2635 2668//2668 2663//2663
f 2668//2668 2705//2705 2702//2702
f 2671//2671 2708//2708 2705//2705
f 2637//2637 2671//2671 2668//2668
f 2700//2700 2740//2740 2737//2737
f 2740//2740 2770//2770 2766//2766
f 2742//2742 2776//2776 2770//2770
f 2702//2702 2742//2742 2740//2740
f 2770//2770 2804//2804 2802//2802
f 2804//2804 2839//2839 2837//2837
f 2807//2807 2841//2841 2839//2839
f 2776//2776 2807//2807 2804//2804
f 2781//2781 2809//2809 2807//2807
f 2809//2809 2843//2843 2841//2841
f 2812//2812 2846//2846 2843//2843
f 2783//2783 2812//2812 2809//2809
f 2705//2705 2745//2745 2742//2742
f 2745//2745 2781//2781 2776//2776
f 2748//2748 2783//2783 2781//2781
f 2708//2708 2748//2748 2745//2745
f 2711//2711 2750//2750 2748//2748
f 2750//2750 2785//2785 2783//2783
f 2752//2752 2787//2787 2785//2785
f 2714//2714 2752//2752 2750//2750
f 2785//2785 2815//2815 2812//2812
f 2815//2815 2849//2849 2846//2846
f 2817//2817 2851//2851 2849//2849
f 2787//2787 2817//2817 2815//2815
f 2789//2789 2819//2819 2817//2817
f 2819//2819 2853//2853 2851//2851
f 2822//2822 2855//2855 2853//2853
f 2793//2793 2822//2822 2819//2819
f 2567//2567 2642//2642 2637//2637
f 2645//2645 2718//2718 2714//2714
f 2572//2572 2645//2645 2642//2642
f 2541//2541 2676//2676 2666//2666
f 2676//2676 2820//2820 2810//2810
f 2680//2680 2827//2827 2820//2820
f 2376//2376 2601//2601 2592//2592
f 2271//2271 2295//2295 2293//2293
f 2295//2295 2321//2321 2319//2319
f 2297//2297 2323//2323 2321//2321
f 2273//2273 2297//2297 2295//2295
f 2221//2221 2275//2275 2273//2273
f 2333//2333 2331//2331 2275//2275
f 2321//2321 2353//2353 2350//2350
f 2353//2353 2381//2381 2378//2378
f 2355//2355 2383//2383 2381//2381
f 2323//2323 2355//2355 2353//2353
f 2381//2381 2406//2406 2404//2404
f 2406//2406 2441//2441 2439//2439
f 2409//2409 2443//2443 2441//2441
f 2383//2383 2409//2409 2406//2406
f 2385//2385 2415//2415 2409//2409
f 2415//2415 2445//2445 2443//2443
f 2417//2417 2447//2447 2445//2445
f 2388//2388 2417//2417 2415//2415
f 2327//2327 2357//2357 2355//2355
f 2357//2357 2385//2385 2383//2383
f 2359//2359 2388//2388 2385//2385
f 2329//2329 2359//2359 2357//2357
f 2441//2441 2469//2469 2467//2467
f 2469//2469 2495//2495 2492//2492
f 2471//2471 2497//2497 2495//2495
f 2443//2443 2471//2471 2469//2469
f 2495//2495 2517//2517 2515//2515
f 2517//2517 2547//2547 2545//2545
f 2519//2519 2549//2549 2547//2547
f 2497//2497 2519//2519 2517//2517
f 2499//2499 2521//2521 2519//2519
f 2521//2521 2551//2551 2549//2549
f 2523//2523 2553//2553 2551//2551
f 2501//2501 2523//2523 2521//2521
f 2445//2445 2473//2473 2471//2471
f 2473//2473 2499//2499 2497//2497
f 2475//2475 2501//2501 2499//2499
f 2447//2447 2475//2475 2473//2473
f 2449//2449 2477//2477 2475//2475
f 2477//2477 2503//2503 2501//2501
f 2479//2479 2505//2505 2503//2503
f 2451//2451 2479//2479 2477//2477
f 2503//2503 2525//2525 2523//2523
f 2525//2525 2555//2555 2553//2553
f 2528//2528 2557//2557 2555//2555
f 2505//2505 2528//2528 2525//2525
f 2507//2507 2531//2531 2528//2528
f 2531//2531 2559//2559 2557//2557
f 2533//2533 2561//2561 2559//2559
f 2509//2509 2533//2533 2531//2531
f 2390//2390 2420//2420 2417//2417
f 2420//2420 2449//2449 2447//2447
f 2423//2423 2451//2451 2449//2449
f 2393//2393 2423//2423 2420//2420
f 2333//2333 2396//2396 2393//2393
f 2455//2455 2511//2511 2509//2509
f 2513//2513 2565//2565 2563//2563
f 2457//2457 2513//2513 2511//2511
f 2347//2347 2462//2462 2457//2457
f 2197//2197 2252//2252 2247//2247
f 2252//2252 2301//2301 2299//2299
f 2255//2255 2303//2303 2301//2301
f 2201//2201 2255//2255 2252//2252
f 2424//2424 2535//2535 2526//2526
f 2305//2305 2365//2365 2363//2363
f 2365//2365 2426//2426 2424//2424
f 2369//2369 2428//2428 2426//2426
f 2487//2487 2543//2543 2541//2541
f 2437//2437 2463//2463 2459//2459
f 2463//2463 2489//2489 2487//2487
f 2467//2467 2492//2492 2489//2489
f 2439//2439 2467//2467 2463//2463
f 2313//2313 2339//2339 2336//2336
f 2339//2339 2371//2371 2369//2369
f 2343//2343 2373//2373 2371//2371
f 2315//2315 2343//2343 2339//2339
f 2375//2375 2402//2402 2400//2400
f 2402//2402 2437//2437 2434//2434
f 2404//2404 2439//2439 2437//2437
f 2378//2378 2404//2404 2402//2402
f 2317//2317 2346//2346 2343//2343
f 2346//2346 2375//2375 2373//2373
f 2350//2350 2378//2378 2375//2375
f 2319//2319 2350//2350 2346//2346
f 2259//2259 2281//2281 2279//2279
f 2281//2281 2308//2308 2305//2305
f 2283//2283 2311//2311 2308//2308
f 2261//2261 2283//2283 2281//2281
f 2205//2205 2229//2229 2227//2227
f 2229//2229 2259//2259 2257//2257
f 2231//2231 2261//2261 2259//2259
f 2207//2207 2231//2231 2229//2229
f 2209//2209 2234//2234 2231//2231
f 2234//2234 2263//2263 2261//2261
f 2237//2237 2265//2265 2263//2263
f 2211//2211 2237//2237 2234//2234
f 2263//2263 2286//2286 2283//2283
f 2286//2286 2313//2313 2311//2311
f 2289//2289 2315//2315 2313//2313
f 2265//2265 2289//2289 2286//2286
f 2267//2267 2291//2291 2289//2289
f 2291//2291 2317//2317 2315//2315
f 2293//2293 2319//2319 2317//2317
f 2269//2269 2293//2293 2291//2291
f 2214//2214 2239//2239 2237//2237
f 2239//2239 2267//2267 2265//2265
f 2241//2241 2269//2269 2267//2267
f 2217//2217 2241//2241 2239//2239
f 3875//3875 3795//3795 3799//3799
f 3386//3386 3570//3570 3578//3578
f 3072//3072 2874//2874 2810//2810
f 2392//2392 2526//2526 2603//2603
f 2771//2771 3167//3167 2656//2656
f 2431//2431 2656//2656 2243//2243
f 2173//2173 2243//2243 2139//2139
f 2111//2111 2139//2139 2041//2041
f 1850//1850 2041//2041 1627//1627
f 1510//1510 1627//1627 1119//1119
f 2407//2407 2771//2771 2431//2431
f 2222//2222 2431//2431 2173//2173
f 2163//2163 2173//2173 2138//2138
f 2121//2121 2138//2138 2111//2111
f 2061//2061 2111//2111 1850//1850
f 1875//1875 1850//1850 1510//1510
f 2603//2603 2874//2874 2771//2771
f 1119//1119 902//902 1510//1510
f 618//618 535//535 533//533
f 622//622 537//537 535//535
f 702//702 626//626 622//622
f 678//678 637//637 634//634
f 634//634 595//595 593//593
f 637//637 597//597 595//595
f 680//680 640//640 637//637
f 593//593 561//561 559//559
f 559//559 520//520 516//516
f 561//561 523//523 520//520
f 595//595 563//563 561//561
f 597//597 565//565 563//563
f 563//563 525//525 523//523
f 565//565 527//527 525//525
f 599//599 567//567 565//565
f 682//682 642//642 640//640
f 640//640 599//599 597//597
f 642//642 608//608 599//599
f 684//684 644//644 642//642
f 516//516 466//466 464//464
f 464//464 440//440 438//438
f 466//466 442//442 440//440
f 520//520 468//468 466//466
f 523//523 470//470 468//468
f 468//468 444//444 442//442
f 470//470 446//446 444//444
f 525//525 472//472 470//470
f 531//531 450//450 448//448
f 686//686 646//646 644//644
f 644//644 612//612 608//608
f 646//646 614//614 612//612
f 688//688 648//648 646//646
f 608//608 569//569 567//567
f 567//567 529//529 527//527
f 569//569 531//531 529//529
f 612//612 571//571 569//569
f 690//690 650//650 648//648
f 648//648 616//616 614//614
f 650//650 618//618 616//616
f 694//694 652//652 650//650
f 507//507 458//458 456//456
f 456//456 432//432 430//430
f 458//458 434//434 432//432
f 509//509 460//460 458//458
f 511//511 462//462 460//460
f 460//460 436//436 434//434
f 462//462 438//438 436//436
f 513//513 464//464 462//462
f 672//672 589//589 585//585
f 589//589 557//557 555//555
f 555//555 513//513 511//511
f 557//557 516//516 513//513
f 591//591 559//559 557//557
f 663//663 495//495 493//493
f 495//495 419//419 417//417
f 499//499 420//420 419//419
f 654//654 491//491 485//485
f 658//658 493//493 491//491
f 1091//1091 1028//1028 1026//1026
f 1093//1093 1029//1029 1028//1028
f 1178//1178 1094//1094 1093//1093
f 1029//1029 914//914 912//912
f 914//914 720//720 716//716
f 1137//1137 1063//1063 1059//1059
f 1059//1059 998//998 996//996
f 1063//1063 1000//1000 998//998
f 1141//1141 1065//1065 1063//1063
f 996//996 947//947 943//943
f 947//947 922//922 920//920
f 920//920 882//882 880//880
f 922//922 884//884 882//882
f 950//950 924//924 922//922
f 1000//1000 974//974 972//972
f 972//972 954//954 952//952
f 974//974 956//956 954//954
f 1002//1002 976//976 974//974
f 952//952 926//926 924//924
f 924//924 887//887 884//884
f 926//926 891//891 887//887
f 954//954 928//928 926//926
f 956//956 931//931 928//928
f 928//928 894//894 891//891
f 931//931 896//896 894//894
f 958//958 934//934 931//931
f 1005//1005 978//978 976//976
f 976//976 958//958 956//956
f 978//978 960//960 958//958
f 1008//1008 980//980 978//978
f 1144//1144 1067//1067 1065//1065
f 1067//1067 1039//1039 1037//1037
f 1037//1037 1008//1008 1005//1005
f 1039//1039 1011//1011 1008//1008
f 1069//1069 1041//1041 1039//1039
f 876//876 840//840 837//837
f 837//837 814//814 811//811
f 840//840 817//817 814//814
f 878//878 843//843 840//840
f 880//880 846//846 843//843
f 843//843 819//819 817//817
f 846//846 821//821 819//819
f 882//882 849//849 846//846
f 773//773 742//742 740//740
f 740//740 700//700 697//697
f 742//742 702//702 700//700
f 776//776 744//744 742//742
f 884//884 851//851 849//849
f 849//849 823//823 821//821
f 851//851 825//825 823//823
f 887//887 853//853 851//851
f 825//825 785//785 782//782
f 785//785 708//708 704//704
f 787//787 710//710 708//708
f 904//904 789//789 787//787
f 1153//1153 1114//1114 1112//1112
f 1112//1112 1075//1075 1072//1072
f 1114//1114 1077//1077 1075//1075
f 1155//1155 1116//1116 1114//1114
f 1072//1072 1043//1043 1041//1041
f 1041//1041 1013//1013 1011//1011
f 1043//1043 1016//1016 1013//1013
f 1075//1075 1046//1046 1043//1043
f 1077//1077 1049//1049 1046//1046
f 1046//1046 1018//1018 1016//1016
f 1049//1049 1020//1020 1018//1018
f 1079//1079 1053//1053 1049//1049
f 1158//1158 1118//1118 1116//1116
f 1116//1116 1079//1079 1077//1077
f 1118//1118 1081//1081 1079//1079
f 1160//1160 1124//1124 1118//1118
f 1011//1011 982//982 980//980
f 980//980 962//962 960//960
f 982//982 964//964 962//962
f 1013//1013 984//984 982//982
f 964//964 904//904 899//899
f 1163//1163 1128//1128 1124//1124
f 1124//1124 1083//1083 1081//1081
f 1128//1128 1085//1085 1083//1083
f 1165//1165 1130//1130 1128//1128
f 1085//1085 1026//1026 1023//1023
f 862//862 757//757 755//755
f 757//757 728//728 726//726
f 726//726 684//684 682//682
f 728//728 686//686 684//684
f 759//759 730//730 728//728
f 868//868 804//804 800//800
f 800//800 765//765 763//763
f 804//804 767//767 765//765
f 870//870 807//807 804//804
f 763//763 733//733 730//730
f 730//730 688//688 686//686
f 733//733 690//690 688//688
f 765//765 736//736 733//733
f 767//767 738//738 736//736
f 736//736 694//694 690//690
f 738//738 697//697 694//694
f 770//770 740//740 738//738
f 872//872 809//809 807//807
f 807//807 770//770 767//767
f 809//809 773//773 770//770
f 1131//1131 992//992 989//989
f 992//992 940//940 936//936
f 936//936 874//874 872//872
f 940//940 876//876 874//874
f 994//994 943//943 940//940
f 1086//1086 844//844 835//835
f 835//835 672//672 668//668
f 1103//1103 862//862 844//844
f 1060//1060 833//833 827//827
f 827//827 666//666 663//663
f 833//833 668//668 666//666
f 1070//1070 835//835 833//833
f 1047//1047 812//812 803//803
f 803//803 658//658 654//654
f 812//812 663//663 658//658
f 1057//1057 827//827 812//812
f 1604//1604 1464//1464 1457//1457
f 1608//1608 1474//1474 1464//1464
f 1743//1743 1616//1616 1608//1608
f 1712//1712 1641//1641 1639//1639
f 1639//1639 1572//1572 1567//1567
f 1716//1716 1646//1646 1641//1641
f 1492//1492 1466//1466 1463//1463
f 1463//1463 1433//1433 1431//1431
f 1466//1466 1435//1435 1433//1433
f 1495//1495 1469//1469 1466//1466
f 1499//1499 1471//1471 1469//1469
f 1469//1469 1437//1437 1435//1435
f 1471//1471 1440//1440 1437//1437
f 1501//1501 1473//1473 1471//1471
f 1572//1572 1534//1534 1532//1532
f 1532//1532 1501//1501 1499//1499
f 1534//1534 1503//1503 1501//1501
f 1574//1574 1537//1537 1534//1534
f 1576//1576 1540//1540 1537//1537
f 1537//1537 1505//1505 1503//1503
f 1540//1540 1507//1507 1505//1505
f 1578//1578 1543//1543 1540//1540
f 1503//1503 1476//1476 1473//1473
f 1473//1473 1442//1442 1440//1440
f 1476//1476 1445//1445 1442//1442
f 1505//1505 1479//1479 1476//1476
f 1507//1507 1481//1481 1479//1479
f 1479//1479 1447//1447 1445//1445
f 1481//1481 1449//1449 1447//1447
f 1514//1514 1484//1484 1481//1481
f 1581//1581 1546//1546 1543//1543
f 1543//1543 1514//1514 1507//1507
f 1546//1546 1518//1518 1514//1514
f 1584//1584 1548//1548 1546//1546
f 1646//1646 1615//1615 1613//1613
f 1613//1613 1578//1578 1576//1576
f 1615//1615 1581//1581 1578//1578
f 1649//1649 1618//1618 1615//1615
f 1652//1652 1623//1623 1618//1618
f 1618//1618 1584//1584 1581//1581
f 1623//1623 1586//1586 1584//1584
f 1655//1655 1628//1628 1623//1623
f 1431//1431 1397//1397 1395//1395
f 1395//1395 1371//1371 1369//1369
f 1397//1397 1373//1373 1371//1371
f 1433//1433 1399//1399 1397//1397
f 1369//1369 1345//1345 1343//1343
f 1343//1343 1313//1313 1311//1311
f 1345//1345 1315//1315 1313//1313
f 1371//1371 1347//1347 1345//1345
f 1373//1373 1349//1349 1347//1347
f 1347//1347 1318//1318 1315//1315
f 1349//1349 1321//1321 1318//1318
f 1376//1376 1351//1351 1349//1349
f 1435//1435 1401//1401 1399//1399
f 1399//1399 1376//1376 1373//1373
f 1401//1401 1379//1379 1376//1376
f 1437//1437 1404//1404 1401//1401
f 1311//1311 1277//1277 1275//1275
f 1275//1275 1246//1246 1244//1244
f 1277//1277 1248//1248 1246//1246
f 1313//1313 1279//1279 1277//1277
f 1244//1244 1212//1212 1209//1209
f 1209//1209 1176//1176 1172//1172
f 1212//1212 1178//1178 1176//1176
f 1246//1246 1214//1214 1212//1212
f 1315//1315 1281//1281 1279//1279
f 1279//1279 1250//1250 1248//1248
f 1281//1281 1251//1251 1250//1250
f 1318//1318 1282//1282 1281//1281
f 1251//1251 1184//1184 1181//1181
f 1255//1255 1185//1185 1184//1184
f 1324//1324 1256//1256 1255//1255
f 1440//1440 1408//1408 1404//1404
f 1404//1404 1381//1381 1379//1379
f 1408//1408 1383//1383 1381//1381
f 1442//1442 1412//1412 1408//1408
f 1383//1383 1327//1327 1324//1324
f 1331//1331 1194//1194 1187//1187
f 1455//1455 1333//1333 1331//1331
f 1723//1723 1689//1689 1687//1687
f 1687//1687 1659//1659 1657//1657
f 1689//1689 1661//1661 1659//1659
f 1725//1725 1692//1692 1689//1689
f 1657//1657 1631//1631 1628//1628
f 1628//1628 1588//1588 1586//1586
f 1631//1631 1590//1590 1588//1588
f 1659//1659 1633//1633 1631//1631
f 1727//1727 1696//1696 1692//1692
f 1692//1692 1663//1663 1661//1661
f 1696//1696 1666//1666 1663//1663
f 1729//1729 1699//1699 1696//1696
f 1586//1586 1551//1551 1548//1548
f 1548//1548 1522//1522 1518//1518
f 1551//1551 1524//1524 1522//1522
f 1588//1588 1554//1554 1551//1551
f 1524//1524 1455//1455 1452//1452
f 1731//1731 1702//1702 1699//1699
f 1699//1699 1669//1669 1666//1666
f 1702//1702 1671//1671 1669//1669
f 1733//1733 1707//1707 1702//1702
f 1671//1671 1604//1604 1600//1600
f 1402//1402 1285//1285 1283//1283
f 1285//1285 1219//1219 1217//1217
f 1217//1217 1146//1146 1144//1144
f 1289//1289 1221//1221 1219//1219
f 1419//1419 1357//1357 1355//1355
f 1355//1355 1295//1295 1292//1292
f 1421//1421 1361//1361 1357//1357
f 1221//1221 1191//1191 1189//1189
f 1189//1189 1155//1155 1153//1153
f 1191//1191 1158//1158 1155//1155
f 1223//1223 1193//1193 1191//1191
f 1225//1225 1197//1197 1193//1193
f 1193//1193 1160//1160 1158//1158
f 1197//1197 1163//1163 1160//1160
f 1227//1227 1199//1199 1197//1197
f 1295//1295 1262//1262 1257//1257
f 1257//1257 1227//1227 1225//1225
f 1262//1262 1230//1230 1227//1227
f 1297//1297 1265//1265 1262//1262
f 1300//1300 1268//1268 1265//1265
f 1265//1265 1233//1233 1230//1230
f 1268//1268 1235//1235 1233//1233
f 1302//1302 1271//1271 1268//1268
f 1230//1230 1202//1202 1199//1199
f 1199//1199 1165//1165 1163//1163
f 1202//1202 1167//1167 1165//1165
f 1233//1233 1205//1205 1202//1202
f 1235//1235 1207//1207 1205//1205
f 1205//1205 1169//1169 1167//1167
f 1207//1207 1172//1172 1169//1169
f 1242//1242 1209//1209 1207//1207
f 1305//1305 1273//1273 1271//1271
f 1271//1271 1242//1242 1235//1235
f 1273//1273 1244//1244 1242//1242
f 1309//1309 1275//1275 1273//1273
f 1361//1361 1337//1337 1334//1334
f 1334//1334 1302//1302 1300//1300
f 1337//1337 1305//1305 1302//1302
f 1363//1363 1339//1339 1337//1337
f 1365//1365 1341//1341 1339//1339
f 1339//1339 1309//1309 1305//1305
f 1341//1341 1311//1311 1309//1309
f 1367//1367 1343//1343 1341//1341
f 1426//1426 1393//1393 1391//1391
f 1391//1391 1367//1367 1365//1365
f 1393//1393 1369//1369 1367//1367
f 1429//1429 1395//1395 1393//1393
f 1690//1690 1558//1558 1555//1555
f 1558//1558 1489//1489 1487//1487
f 1487//1487 1426//1426 1423//1423
f 1563//1563 1492//1492 1489//1489
f 1644//1644 1389//1389 1385//1385
f 1385//1385 1131//1131 1108//1108
f 1664//1664 1402//1402 1389//1389
f 2067//2067 2045//2045 2042//2042
f 2042//2042 2017//2017 2015//2015
f 2045//2045 2019//2019 2017//2017
f 2069//2069 2047//2047 2045//2045
f 2015//2015 1993//1993 1991//1991
f 1991//1991 1967//1967 1965//1965
f 1993//1993 1969//1969 1967//1967
f 2017//2017 1995//1995 1993//1993
f 2019//2019 1998//1998 1995//1995
f 1995//1995 1971//1971 1969//1969
f 1998//1998 1973//1973 1971//1971
f 2021//2021 2000//2000 1998//1998
f 2072//2072 2049//2049 2047//2047
f 2047//2047 2021//2021 2019//2019
f 2049//2049 2023//2023 2021//2021
f 2075//2075 2052//2052 2049//2049
f 2077//2077 2055//2055 2052//2052
f 2052//2052 2025//2025 2023//2023
f 2055//2055 2027//2027 2025//2025
f 2079//2079 2057//2057 2055//2055
f 2023//2023 2003//2003 2000//2000
f 2000//2000 1975//1975 1973//1973
f 2003//2003 1978//1978 1975//1975
f 2025//2025 2005//2005 2003//2003
f 1965//1965 1936//1936 1933//1933
f 1933//1933 1908//1908 1905//1905
f 1936//1936 1911//1911 1908//1908
f 1967//1967 1940//1940 1936//1936
f 1905//1905 1882//1882 1880//1880
f 1880//1880 1847//1847 1845//1845
f 1882//1882 1849//1849 1847//1847
f 1908//1908 1884//1884 1882//1882
f 1911//1911 1886//1886 1884//1884
f 1884//1884 1853//1853 1849//1849
f 1886//1886 1855//1855 1853//1853
f 1913//1913 1887//1887 1886//1886
f 1969//1969 1943//1943 1940//1940
f 1940//1940 1913//1913 1911//1911
f 1943//1943 1915//1915 1913//1913
f 1971//1971 1947//1947 1943//1943
f 1845//1845 1820//1820 1817//1817
f 1817//1817 1794//1794 1791//1791
f 1820//1820 1797//1797 1794//1794
f 1847//1847 1824//1824 1820//1820
f 1797//1797 1743//1743 1741//1741
f 1919//1919 1860//1860 1858//1858
f 1978//1978 1921//1921 1919//1919
f 1860//1860 1756//1756 1748//1748
f 2083//2083 2031//2031 2029//2029
f 2029//2029 1983//1983 1981//1981
f 2031//2031 1985//1985 1983//1983
f 1934//1934 1827//1827 1819//1819
f 1827//1827 1773//1773 1771//1771
f 1771//1771 1721//1721 1719//1719
f 1829//1829 1775//1775 1773//1773
f 1951//1951 1890//1890 1888//1888
f 1888//1888 1833//1833 1831//1831
f 1775//1775 1753//1753 1751//1751
f 1751//1751 1725//1725 1723//1723
f 1753//1753 1727//1727 1725//1725
f 1777//1777 1755//1755 1753//1753
f 1779//1779 1758//1758 1755//1755
f 1755//1755 1729//1729 1727//1727
f 1758//1758 1731//1731 1729//1729
f 1781//1781 1761//1761 1758//1758
f 1833//1833 1807//1807 1805//1805
f 1805//1805 1781//1781 1779//1779
f 1807//1807 1783//1783 1781//1781
f 1835//1835 1809//1809 1807//1807
f 1837//1837 1811//1811 1809//1809
f 1809//1809 1785//1785 1783//1783
f 1811//1811 1787//1787 1785//1785
f 1839//1839 1813//1813 1811//1811
f 1783//1783 1763//1763 1761//1761
f 1761//1761 1733//1733 1731//1731
f 1763//1763 1735//1735 1733//1733
f 1785//1785 1765//1765 1763//1763
f 1787//1787 1767//1767 1765//1765
f 1765//1765 1737//1737 1735//1735
f 1767//1767 1739//1739 1737//1737
f 1789//1789 1769//1769 1767//1767
f 1841//1841 1815//1815 1813//1813
f 1813//1813 1789//1789 1787//1787
f 1815//1815 1791//1791 1789//1789
f 1843//1843 1817//1817 1815//1815
f 1955//1955 1927//1927 1925//1925
f 1925//1925 1899//1899 1896//1896
f 1927//1927 1901//1901 1899//1899
f 1957//1957 1929//1929 1927//1927
f 1896//1896 1869//1869 1866//1866
f 1866//1866 1839//1839 1837//1837
f 1869//1869 1841//1841 1839//1839
f 1899//1899 1872//1872 1869//1869
f 1901//1901 1877//1877 1872//1872
f 1872//1872 1843//1843 1841//1841
f 1877//1877 1845//1845 1843//1843
f 1903//1903 1880//1880 1877//1877
f 1959//1959 1931//1931 1929//1929
f 1929//1929 1903//1903 1901//1901
f 1931//1931 1905//1905 1903//1903
f 1963//1963 1933//1933 1931//1931
f 1951//1951 2008//2008 1953//1953
f 2062//2062 2011//2011 2008//2008
f 2011//2011 1989//1989 1987//1987
f 1987//1987 1963//1963 1959//1959
f 1989//1989 1965//1965 1963//1963
f 2013//2013 1991//1991 1989//1989
f 1906//1906 1690//1690 1683//1683
f 720//720 929//929 902//902
f 1215//1215 1474//1474 1410//1410
f 417//417 493//493 495//495
f 1474//1474 1616//1616 1681//1681
f 1756//1756 1863//1863 1891//1891
f 366//366 362//362 264//264
f 273//273 264//264 223//223
f 501//501 475//475 366//366
f 374//374 366//366 273//273
f 714//714 662//662 501//501
f 577//577 501//501 374//374
f 946//946 838//838 714//714
f 790//790 714//714 577//577
f 1259//1259 1123//1123 946//946
f 1102//1102 946//946 790//790
f 1570//1570 1405//1405 1259//1259
f 1451//1451 1259//1259 1102//1102
f 221//221 175//175 167//167
f 220//220 167//167 166//166
f 215//215 166//166 164//164
f 281//281 225//225 221//221
f 276//276 221//221 220//220
f 271//271 220//220 215//215
f 393//393 289//289 281//281
f 391//391 281//281 276//276
f 383//383 276//276 271//271
f 636//636 415//415 393//393
f 630//630 393//393 391//391
f 624//624 391//391 383//383
f 915//915 660//660 636//636
f 888//888 636//636 630//630
f 866//866 630//630 624//624
f 1286//1286 937//937 915//915
f 1258//1258 915//915 888//888
f 1252//1252 888//888 866//866
f 164//164 194//194 215//215
f 215//215 248//248 271//271
f 474//474 602//602 624//624
f 724//724 854//854 866//866
f 209//209 159//159 160//160
f 211//211 160//160 161//161
f 267//267 209//209 210//210
f 269//269 210//210 211//211
f 379//379 267//267 268//268
f 381//381 268//268 269//269
f 603//603 379//379 380//380
f 606//606 380//380 381//381
f 855//855 603//603 604//604
f 857//857 604//604 606//606
f 1237//1237 855//855 856//856
f 1239//1239 856//856 857//857
f 267//267 248//248 209//209
f 379//379 316//316 267//267
f 855//855 724//724 603//603
f 381//381 476//476 606//606
f 216//216 163//163 165//165
f 219//219 165//165 168//168
f 222//222 168//168 176//176
f 272//272 216//216 219//219
f 278//278 219//219 222//222
f 282//282 222//222 226//226
f 384//384 272//272 278//278
f 392//392 278//278 282//282
f 394//394 282//282 290//290
f 625//625 384//384 392//392
f 631//631 392//392 394//394
f 638//638 394//394 416//416
f 867//867 625//625 631//631
f 889//889 631//631 638//638
f 917//917 638//638 661//661
f 1254//1254 867//867 889//889
f 1260//1260 889//889 917//917
f 1288//1288 917//917 939//939
f 249//249 212//212 216//216
f 867//867 725//725 625//625
f 274//274 224//224 265//265
f 367//367 265//265 363//363
f 375//375 274//274 367//367
f 502//502 367//367 477//477
f 578//578 375//375 502//502
f 715//715 502//502 664//664
f 792//792 578//578 715//715
f 948//948 715//715 841//841
f 1104//1104 792//792 948//948
f 1263//1263 948//948 1127//1127
f 1453//1453 1104//1104 1263//1263
f 1571//1571 1263//1263 1409//1409
f 659//659 492//492 494//494
f 655//655 486//486 492//492
f 665//665 494//494 496//496
f 592//592 558//558 560//560
f 558//558 514//514 518//518
f 556//556 512//512 514//514
f 590//590 556//556 558//558
f 673//673 586//586 590//590
f 514//514 463//463 465//465
f 463//463 437//437 439//439
f 461//461 435//435 437//437
f 512//512 461//461 463//463
f 510//510 459//459 461//461
f 459//459 433//433 435//435
f 457//457 431//431 433//433
f 508//508 457//457 459//459
f 695//695 651//651 653//653
f 651//651 617//617 619//619
f 649//649 615//615 617//617
f 692//692 649//649 651//651
f 613//613 570//570 572//572
f 570//570 530//530 532//532
f 568//568 528//528 530//530
f 609//609 568//568 570//570
f 689//689 647//647 649//649
f 647//647 613//613 615//615
f 645//645 609//609 613//613
f 687//687 645//645 647//647
f 532//532 449//449 451//451
f 526//526 471//471 473//473
f 471//471 445//445 447//447
f 469//469 443//443 445//445
f 524//524 469//469 471//471
f 521//521 467//467 469//469
f 467//467 441//441 443//443
f 465//465 439//439 441//441
f 518//518 465//465 467//467
f 685//685 643//643 645//645
f 643//643 601//601 609//609
f 641//641 598//598 601//601
f 683//683 641//641 643//643
f 601//601 566//566 568//568
f 566//566 526//526 528//528
f 564//564 524//524 526//526
f 598//598 564//564 566//566
f 596//596 562//562 564//564
f 562//562 521//521 524//524
f 560//560 518//518 521//521
f 594//594 560//560 562//562
f 681//681 639//639 641//641
f 639//639 596//596 598//598
f 635//635 594//594 596//596
f 679//679 635//635 639//639
f 703//703 623//623 627//627
f 623//623 536//536 538//538
f 619//619 534//534 536//536
f 1058//1058 815//815 830//830
f 815//815 659//659 665//665
f 805//805 655//655 659//659
f 1051//1051 805//805 815//815
f 1073//1073 834//834 836//836
f 834//834 667//667 669//669
f 830//830 665//665 667//667
f 1062//1062 830//830 834//834
f 1105//1105 847//847 863//863
f 836//836 669//669 673//673
f 1089//1089 836//836 847//847
f 995//995 941//941 945//945
f 941//941 875//875 877//877
f 938//938 873//873 875//875
f 993//993 938//938 941//941
f 1133//1133 991//991 993//993
f 810//810 772//772 774//774
f 808//808 768//768 772//772
f 873//873 808//808 810//810
f 772//772 739//739 741//741
f 739//739 695//695 699//699
f 737//737 692//692 695//695
f 768//768 737//737 739//739
f 766//766 735//735 737//737
f 735//735 689//689 692//692
f 731//731 687//687 689//689
f 764//764 731//731 735//735
f 871//871 806//806 808//808
f 806//806 766//766 768//768
f 801//801 764//764 766//766
f 869//869 801//801 806//806
f 760//760 729//729 731//731
f 729//729 685//685 687//687
f 727//727 683//683 685//685
f 758//758 727//727 729//729
f 863//863 756//756 758//758
f 1087//1087 1025//1025 1027//1027
f 1166//1166 1129//1129 1132//1132
f 1129//1129 1084//1084 1087//1087
f 1126//1126 1082//1082 1084//1084
f 1164//1164 1126//1126 1129//1129
f 965//965 901//901 905//905
f 1015//1015 983//983 985//985
f 983//983 963//963 965//965
f 981//981 961//961 963//963
f 1012//1012 981//981 983//983
f 1162//1162 1122//1122 1126//1126
f 1122//1122 1080//1080 1082//1082
f 1117//1117 1078//1078 1080//1080
f 1159//1159 1117//1117 1122//1122
f 1080//1080 1052//1052 1055//1055
f 1052//1052 1019//1019 1021//1021
f 1048//1048 1017//1017 1019//1019
f 1078//1078 1048//1048 1052//1052
f 1076//1076 1044//1044 1048//1048
f 1044//1044 1015//1015 1017//1017
f 1042//1042 1012//1012 1015//1015
f 1074//1074 1042//1042 1044//1044
f 1156//1156 1115//1115 1117//1117
f 1115//1115 1076//1076 1078//1078
f 1113//1113 1074//1074 1076//1076
f 1154//1154 1113//1113 1115//1115
f 905//905 788//788 791//791
f 788//788 709//709 711//711
f 786//786 705//705 709//709
f 826//826 784//784 786//786
f 890//890 852//852 859//859
f 852//852 824//824 826//826
f 850//850 822//822 824//824
f 886//886 850//850 852//852
f 778//778 743//743 745//745
f 743//743 701//701 703//703
f 741//741 699//699 701//701
f 774//774 741//741 743//743
f 883//883 848//848 850//850
f 848//848 820//820 822//822
f 845//845 818//818 820//820
f 881//881 845//845 848//848
f 879//879 842//842 845//845
f 842//842 816//816 818//818
f 839//839 813//813 816//816
f 877//877 839//839 842//842
f 1152//1152 1111//1111 1113//1113
f 1111//1111 1071//1071 1074//1074
f 1109//1109 1068//1068 1071//1071
f 1150//1150 1109//1109 1111//1111
f 1071//1071 1040//1040 1042//1042
f 1040//1040 1010//1010 1012//1012
f 1038//1038 1007//1007 1010//1010
f 1068//1068 1038//1038 1040//1040
f 1010//1010 979//979 981//981
f 979//979 959//959 961//961
f 977//977 957//957 959//959
f 1007//1007 977//977 979//979
f 959//959 933//933 935//935
f 933//933 895//895 897//897
f 930//930 893//893 895//895
f 957//957 930//930 933//933
f 955//955 927//927 930//930
f 927//927 890//890 893//893
f 925//925 886//886 890//890
f 953//953 925//925 927//927
f 1004//1004 975//975 977//977
f 975//975 955//955 957//957
f 973//973 953//953 955//955
f 1001//1001 973//973 975//975
f 951//951 923//923 925//925
f 923//923 883//883 886//886
f 921//921 881//881 883//883
f 949//949 921//921 923//923
f 997//997 945//945 949//949
f 1143//1143 1064//1064 1066//1066
f 1064//1064 999//999 1001//1001
f 1061//1061 997//997 999//999
f 1138//1138 1061//1061 1064//1064
f 916//916 717//717 721//721
f 1183//1183 1030//1030 1034//1034
f 1030//1030 913//913 916//916
f 1027//1027 908//908 913//913
f 1667//1667 1390//1390 1406//1406
f 1388//1388 1110//1110 1133//1133
f 1647//1647 1388//1388 1390//1390
f 1566//1566 1490//1490 1494//1494
f 1488//1488 1424//1424 1428//1428
f 1560//1560 1488//1488 1490//1490
f 1693//1693 1557//1557 1560//1560
f 1430//1430 1394//1394 1396//1396
f 1394//1394 1368//1368 1370//1370
f 1392//1392 1366//1366 1368//1368
f 1428//1428 1392//1392 1394//1394
f 1368//1368 1342//1342 1344//1344
f 1342//1342 1310//1310 1312//1312
f 1340//1340 1308//1308 1310//1310
f 1366//1366 1340//1340 1342//1342
f 1364//1364 1338//1338 1340//1340
f 1338//1338 1304//1304 1308//1308
f 1336//1336 1301//1301 1304//1304
f 1362//1362 1336//1336 1338//1338
f 1310//1310 1274//1274 1276//1276
f 1274//1274 1243//1243 1245//1245
f 1272//1272 1241//1241 1243//1243
f 1308//1308 1272//1272 1274//1274
f 1243//1243 1208//1208 1211//1211
f 1208//1208 1171//1171 1175//1175
f 1206//1206 1168//1168 1171//1171
f 1241//1241 1206//1206 1208//1208
f 1234//1234 1203//1203 1206//1206
f 1203//1203 1166//1166 1168//1168
f 1201//1201 1164//1164 1166//1166
f 1232//1232 1201//1201 1203//1203
f 1304//1304 1270//1270 1272//1272
f 1270//1270 1234//1234 1241//1241
f 1267//1267 1232//1232 1234//1234
f 1301//1301 1267//1267 1270//1270
f 1299//1299 1264//1264 1267//1267
f 1264//1264 1229//1229 1232//1232
f 1261//1261 1226//1226 1229//1229
f 1296//1296 1261//1261 1264//1264
f 1229//1229 1198//1198 1201//1201
f 1198//1198 1162//1162 1164//1164
f 1196//1196 1159//1159 1162//1162
f 1226//1226 1196//1196 1198//1198
f 1224//1224 1192//1192 1196//1196
f 1192//1192 1156//1156 1159//1159
f 1190//1190 1154//1154 1156//1156
f 1222//1222 1190//1190 1192//1192
f 1422//1422 1360//1360 1362//1362
f 1356//1356 1294//1294 1296//1296
f 1420//1420 1356//1356 1360//1360
f 1290//1290 1220//1220 1222//1222
f 1218//1218 1145//1145 1150//1150
f 1287//1287 1218//1218 1220//1220
f 1406//1406 1284//1284 1287//1287
f 1673//1673 1603//1603 1607//1607
f 1734//1734 1706//1706 1709//1709
f 1706//1706 1670//1670 1673//1673
f 1701//1701 1668//1668 1670//1670
f 1732//1732 1701//1701 1706//1706
f 1525//1525 1454//1454 1456//1456
f 1589//1589 1553//1553 1556//1556
f 1553//1553 1523//1523 1525//1525
f 1550//1550 1520//1520 1523//1523
f 1587//1587 1550//1550 1553//1553
f 1730//1730 1697//1697 1701//1701
f 1697//1697 1665//1665 1668//1668
f 1694//1694 1662//1662 1665//1665
f 1728//1728 1694//1694 1697//1697
f 1660//1660 1632//1632 1634//1634
f 1632//1632 1589//1589 1592//1592
f 1630//1630 1587//1587 1589//1589
f 1658//1658 1630//1630 1632//1632
f 1726//1726 1691//1691 1694//1694
f 1691//1691 1660//1660 1662//1662
f 1688//1688 1658//1658 1660//1660
f 1724//1724 1688//1688 1691//1691
f 1456//1456 1332//1332 1335//1335
f 1332//1332 1188//1188 1195//1195
f 1329//1329 1186//1186 1188//1188
f 1384//1384 1326//1326 1329//1329
f 1444//1444 1411//1411 1414//1414
f 1411//1411 1382//1382 1384//1384
f 1407//1407 1380//1380 1382//1382
f 1441//1441 1407//1407 1411//1411
f 1249//1249 1179//1179 1183//1183
f 1314//1314 1278//1278 1280//1280
f 1278//1278 1247//1247 1249//1249
f 1276//1276 1245//1245 1247//1247
f 1312//1312 1276//1276 1278//1278
f 1438//1438 1403//1403 1407//1407
f 1403//1403 1378//1378 1380//1380
f 1400//1400 1375//1375 1378//1378
f 1436//1436 1400//1400 1403//1403
f 1378//1378 1350//1350 1352//1352
f 1350//1350 1320//1320 1322//1322
f 1348//1348 1317//1317 1320//1320
f 1375//1375 1348//1348 1350//1350
f 1372//1372 1346//1346 1348//1348
f 1346//1346 1314//1314 1317//1317
f 1344//1344 1312//1312 1314//1314
f 1370//1370 1344//1344 1346//1346
f 1434//1434 1398//1398 1400//1400
f 1398//1398 1372//1372 1375//1375
f 1396//1396 1370//1370 1372//1372
f 1432//1432 1396//1396 1398//1398
f 1656//1656 1626//1626 1630//1630
f 1626//1626 1585//1585 1587//1587
f 1622//1622 1583//1583 1585//1585
f 1654//1654 1622//1622 1626//1626
f 1650//1650 1617//1617 1622//1622
f 1617//1617 1580//1580 1583//1583
f 1614//1614 1577//1577 1580//1580
f 1648//1648 1614//1614 1617//1617
f 1585//1585 1547//1547 1550//1550
f 1547//1547 1517//1517 1520//1520
f 1545//1545 1511//1511 1517//1517
f 1583//1583 1545//1545 1547//1547
f 1517//1517 1483//1483 1485//1485
f 1483//1483 1448//1448 1450//1450
f 1480//1480 1446//1446 1448//1448
f 1511//1511 1480//1480 1483//1483
f 1506//1506 1478//1478 1480//1480
f 1478//1478 1444//1444 1446//1446
f 1475//1475 1441//1441 1444//1444
f 1504//1504 1475//1475 1478//1478
f 1580//1580 1542//1542 1545//1545
f 1542//1542 1506//1506 1511//1511
f 1539//1539 1504//1504 1506//1506
f 1577//1577 1539//1539 1542//1542
f 1575//1575 1535//1535 1539//1539
f 1535//1535 1502//1502 1504//1504
f 1533//1533 1500//1500 1502//1502
f 1573//1573 1533//1533 1535//1535
f 1502//1502 1472//1472 1475//1475
f 1472//1472 1438//1438 1441//1441
f 1470//1470 1436//1436 1438//1438
f 1500//1500 1470//1470 1472//1472
f 1498//1498 1468//1468 1470//1470
f 1468//1468 1434//1434 1436//1436
f 1465//1465 1432//1432 1434//1434
f 1494//1494 1465//1465 1468//1468
f 1718//1718 1643//1643 1648//1648
f 1640//1640 1569//1569 1573//1573
f 1713//1713 1640//1640 1643//1643
f 1744//1744 1609//1609 1619//1619
f 1609//1609 1467//1467 1477//1477
f 1607//1607 1460//1460 1467//1467
f 1909//1909 1684//1684 1693//1693
f 2014//2014 1990//1990 1992//1992
f 1990//1990 1964//1964 1966//1966
f 1988//1988 1962//1962 1964//1964
f 2012//2012 1988//1988 1990//1990
f 2064//2064 2010//2010 2012//2012
f 1952//1952 1954//1954 2010//2010
f 1964//1964 1932//1932 1935//1935
f 1932//1932 1904//1904 1907//1907
f 1930//1930 1902//1902 1904//1904
f 1962//1962 1930//1930 1932//1932
f 1904//1904 1879//1879 1881//1881
f 1879//1879 1844//1844 1846//1846
f 1876//1876 1842//1842 1844//1844
f 1902//1902 1876//1876 1879//1879
f 1900//1900 1870//1870 1876//1876
f 1870//1870 1840//1840 1842//1842
f 1868//1868 1838//1838 1840//1840
f 1897//1897 1868//1868 1870//1870
f 1958//1958 1928//1928 1930//1930
f 1928//1928 1900//1900 1902//1902
f 1926//1926 1897//1897 1900//1900
f 1956//1956 1926//1926 1928//1928
f 1844//1844 1816//1816 1818//1818
f 1816//1816 1790//1790 1793//1793
f 1814//1814 1788//1788 1790//1790
f 1842//1842 1814//1814 1816//1816
f 1790//1790 1768//1768 1770//1770
f 1768//1768 1738//1738 1740//1740
f 1766//1766 1736//1736 1738//1738
f 1788//1788 1766//1766 1768//1768
f 1786//1786 1764//1764 1766//1766
f 1764//1764 1734//1734 1736//1736
f 1762//1762 1732//1732 1734//1734
f 1784//1784 1762//1762 1764//1764
f 1840//1840 1812//1812 1814//1814
f 1812//1812 1786//1786 1788//1788
f 1810//1810 1784//1784 1786//1786
f 1838//1838 1810//1810 1812//1812
f 1836//1836 1808//1808 1810//1810
f 1808//1808 1782//1782 1784//1784
f 1806//1806 1780//1780 1782//1782
f 1834//1834 1806//1806 1808//1808
f 1782//1782 1760//1760 1762//1762
f 1760//1760 1730//1730 1732//1732
f 1757//1757 1728//1728 1730//1730
f 1780//1780 1757//1757 1760//1760
f 1778//1778 1754//1754 1757//1757
f 1754//1754 1726//1726 1728//1728
f 1752//1752 1724//1724 1726//1726
f 1776//1776 1752//1752 1754//1754
f 1895//1895 1865//1865 1868//1868
f 1865//1865 1836//1836 1838//1838
f 1862//1862 1834//1834 1836//1836
f 1892//1892 1862//1862 1865//1865
f 1952//1952 1889//1889 1892//1892
f 1830//1830 1774//1774 1776//1776
f 1772//1772 1720//1720 1722//1722
f 1828//1828 1772//1772 1774//1774
f 1938//1938 1823//1823 1828//1828
f 2088//2088 2033//2033 2038//2038
f 2033//2033 1984//1984 1986//1986
f 2030//2030 1982//1982 1984//1984
f 2084//2084 2030//2030 2033//2033
f 1861//1861 1750//1750 1759//1759
f 1980//1980 1920//1920 1922//1922
f 1920//1920 1859//1859 1861//1861
f 1916//1916 1857//1857 1859//1859
f 1798//1798 1742//1742 1744//1744
f 1848//1848 1822//1822 1826//1826
f 1822//1822 1796//1796 1798//1798
f 1818//1818 1793//1793 1796//1796
f 1846//1846 1818//1818 1822//1822
f 1972//1972 1946//1946 1949//1949
f 1946//1946 1914//1914 1916//1916
f 1942//1942 1912//1912 1914//1914
f 1970//1970 1942//1942 1946//1946
f 1910//1910 1883//1883 1885//1885
f 1883//1883 1848//1848 1851//1851
f 1881//1881 1846//1846 1848//1848
f 1907//1907 1881//1881 1883//1883
f 1968//1968 1939//1939 1942//1942
f 1939//1939 1910//1910 1912//1912
f 1935//1935 1907//1907 1910//1910
f 1966//1966 1935//1935 1939//1939
f 2026//2026 2004//2004 2006//2006
f 2004//2004 1977//1977 1980//1980
f 2002//2002 1974//1974 1977//1977
f 2024//2024 2002//2002 2004//2004
f 2080//2080 2056//2056 2058//2058
f 2056//2056 2026//2026 2028//2028
f 2054//2054 2024//2024 2026//2026
f 2078//2078 2054//2054 2056//2056
f 2076//2076 2051//2051 2054//2054
f 2051//2051 2022//2022 2024//2024
f 2048//2048 2020//2020 2022//2022
f 2074//2074 2048//2048 2051//2051
f 2022//2022 1999//1999 2002//2002
f 1999//1999 1972//1972 1974//1974
f 1996//1996 1970//1970 1972//1972
f 2020//2020 1996//1996 1999//1999
f 2018//2018 1994//1994 1996//1996
f 1994//1994 1968//1968 1970//1970
f 1992//1992 1966//1966 1968//1968
f 2016//2016 1992//1992 1994//1994
f 2071//2071 2046//2046 2048//2048
f 2046//2046 2018//2018 2020//2020
f 2044//2044 2016//2016 2018//2018
f 2068//2068 2044//2044 2046//2046
f 418//418 496//496 494//494
f 903//903 721//721 713//713
f 2060//2060 1625//1625 1647//1647
f 2035//2035 1593//1593 1625//1625
f 1216//1216 1413//1413 1477//1477
f 1893//1893 1759//1759 1682//1682