# PHANTOM Module: COP2
# Units: meters
o COP2

v 3.381203 1.200001 0.000000
v 3.381203 0.900002 0.000000
v 3.381203 0.600002 0.000000
v 3.381203 0.300003 0.000000
v 3.381203 0.000000 0.000000
v 3.349639 1.200001 0.002522
v 3.349639 0.900002 0.002522
v 3.349639 0.600002 0.002522
v 3.349639 0.300003 0.002522
v 3.349639 0.000000 0.002522
v 3.318417 1.200001 0.010142
v 3.318417 0.900002 0.010142
v 3.318417 0.600002 0.010142
v 3.318417 0.300003 0.010142
v 3.318417 0.000000 0.010142
v 3.288563 1.200001 0.022695
v 3.288563 0.900002 0.022695
v 3.288563 0.600002 0.022695
v 3.288563 0.300003 0.022695
v 3.288563 0.000000 0.022695
v 3.261018 1.200001 0.039697
v 3.261018 0.900002 0.039697
v 3.261018 0.600002 0.039697
v 3.261018 0.300003 0.039697
v 3.261018 0.000000 0.039697
v 3.153102 1.033337 0.118182
v 3.153102 0.166668 0.118182
v 3.152751 1.041389 0.118437
v 3.152751 0.158615 0.118437
v 3.151723 1.049057 0.119184
v 3.151723 0.150948 0.119184
v 3.150055 1.056343 0.120397
v 3.150055 0.143661 0.120397
v 3.147785 1.063259 0.122048
v 3.147785 0.136745 0.122048
v 3.144950 1.069813 0.124110
v 3.144950 0.130192 0.124110
v 3.141586 1.076015 0.126557
v 3.141586 0.123989 0.126557
v 3.133423 1.087391 0.132493
v 3.133423 0.112610 0.132493
v 3.123594 1.097462 0.139642
v 3.123594 0.102543 0.139642
v 3.112396 1.106289 0.147786
v 3.112396 0.093716 0.147786
v 3.087085 1.120506 0.166194
v 3.087085 0.079498 0.166194
v 3.059869 1.130596 0.185988
v 3.059869 0.069405 0.185988
v 3.033130 1.137119 0.205435
v 3.033130 0.062885 0.205435
v 2.990602 1.141670 0.236364
v 2.990602 0.058334 0.236364
v 2.903634 1.200001 2.536751
v 2.903634 0.900002 2.536751
v 2.903634 0.600002 2.536751
v 2.903634 0.300003 2.536751
v 2.903634 0.000000 2.536751
v 2.876089 1.200001 2.519749
v 2.876089 0.900002 2.519749
v 2.876089 0.600002 2.519749
v 2.876089 0.300003 2.519749
v 2.876089 0.000000 2.519749
v 2.846235 1.200001 2.507196
v 2.846235 0.900002 2.507196
v 2.846235 0.600002 2.507196
v 2.846235 0.300003 2.507196
v 2.846235 0.000000 2.507196
v 2.815014 1.200001 2.499575
v 2.815014 0.900002 2.499575
v 2.815014 0.600002 2.499575
v 2.815014 0.300003 2.499575
v 2.815014 0.000000 2.499575
v 2.783449 1.200001 2.497054
v 2.783449 0.900002 2.497054
v 2.783449 0.600002 2.497054
v 2.783449 0.300003 2.497054
v 2.783449 0.000000 2.497054
v 2.746852 1.139858 0.214859
v 2.746852 1.124008 0.171693
v 2.746852 1.109940 0.152796
v 2.746852 1.092617 0.137446
v 2.746852 1.073212 0.126480
v 2.746852 1.053047 0.120155
v 2.746852 0.166668 0.118182
v 2.746852 0.126793 0.126480
v 2.746852 0.107388 0.137446
v 2.746852 0.090065 0.152796
v 2.746852 0.075993 0.171693
v 2.746852 0.065941 0.192862
v 2.746852 0.060143 0.214859
v 2.686550 1.033337 2.378872
v 2.686550 0.166668 2.378872
v 2.686116 1.041462 2.378556
v 2.686116 0.158543 2.378556
v 2.684859 1.049232 2.377642
v 2.684859 0.150772 2.377642
v 2.682851 1.056648 2.376182
v 2.682851 0.143356 2.376182
v 2.680162 1.063705 2.374226
v 2.680162 0.136295 2.374226
v 2.676864 1.070408 2.371827
v 2.676864 0.129593 2.371827
v 2.673025 1.076756 2.369035
v 2.673025 0.123249 2.369035
v 2.664014 1.088375 2.362482
v 2.664014 0.111626 2.362482
v 2.653693 1.098564 2.354976
v 2.653693 0.101440 2.354976
v 2.642630 1.107319 2.346930
v 2.642630 0.092686 2.346930
v 2.620533 1.120506 2.330859
v 2.620533 0.079498 2.330859
v 2.597354 1.130024 2.314002
v 2.597354 0.069977 2.314002
v 2.573131 1.136608 2.296385
v 2.573131 0.063393 2.296385
v 2.548488 1.140434 2.278463
v 2.548488 0.059570 2.278463
v 2.524051 1.141670 2.260690
v 2.524051 0.058334 2.260690
v 2.499063 1.139858 2.282195
v 2.499063 1.134064 2.304192
v 2.499063 1.124008 2.325360
v 2.499063 1.109940 2.344257
v 2.499063 1.092617 2.359608
v 2.499063 1.073212 2.370574
v 2.499063 1.033337 2.378872
v 2.499063 0.166668 2.378872
v 2.499063 0.146957 2.376899
v 2.499063 0.126793 2.370574
v 2.499063 0.107388 2.359608
v 2.499063 0.090065 2.344257
v 2.499063 0.075993 2.325360
v 2.499063 0.060143 2.282195
v 2.437083 1.200001 2.197441
v 2.437083 1.200001 0.638922
v 2.437083 1.170834 0.638922
v 2.437083 1.141670 2.197441
v 2.437083 1.141670 0.638922
v 2.437083 0.058334 2.197441
v 2.437083 0.058334 0.638922
v 2.437083 0.029167 2.197441
v 2.437083 0.029167 0.638922
v 2.437083 0.000000 2.197441
v 2.437083 0.000000 0.638922
v 2.426592 1.141670 0.647053
v 2.426592 0.058334 0.647053
v 2.426066 1.141670 2.188877
v 2.426066 0.058334 2.188877
v 2.416433 1.200001 2.180394
v 2.416433 1.200001 0.655970
v 2.416433 1.170834 2.180394
v 2.416433 1.170834 0.655970
v 2.416433 1.141670 0.655970
v 2.416433 0.058334 0.655970
v 2.416433 0.029167 0.655970
v 2.416433 0.000000 2.180394
v 2.416433 0.000000 0.655970
v 2.415631 1.141670 2.179646
v 2.415631 0.058334 2.179646
v 2.406676 1.141670 0.665650
v 2.406676 0.058334 0.665650
v 2.405796 1.141670 2.169785
v 2.405796 0.058334 2.169785
v 2.397392 1.200001 2.160302
v 2.397392 1.200001 0.676062
v 2.397392 1.170834 0.676062
v 2.397392 1.141670 0.676062
v 2.397392 0.058334 0.676062
v 2.397392 0.029167 2.160302
v 2.397392 0.029167 0.676062
v 2.397392 0.000000 2.160302
v 2.397392 0.000000 0.676062
v 2.396579 1.141670 2.159332
v 2.396579 0.058334 2.159332
v 2.388647 1.141670 0.687164
v 2.388647 0.058334 0.687164
v 2.387997 1.141670 2.148320
v 2.387997 0.058334 2.148320
v 2.380503 1.200001 2.137458
v 2.380503 1.200001 0.698905
v 2.380503 1.170834 2.137458
v 2.380503 1.170834 0.698905
v 2.380503 1.141670 0.698905
v 2.380503 0.058334 0.698905
v 2.380503 0.029167 2.137458
v 2.380503 0.029167 0.698905
v 2.380503 0.000000 2.137458
v 2.380503 0.000000 0.698905
v 2.380067 1.141670 2.136788
v 2.380067 0.058334 2.136788
v 2.373016 1.141670 0.711226
v 2.373016 0.058334 0.711226
v 2.372808 1.141670 2.124771
v 2.372808 0.058334 2.124771
v 2.366239 1.200001 2.112305
v 2.366239 1.200001 0.724059
v 2.366239 1.170834 2.112305
v 2.366239 1.170834 0.724059
v 2.366239 1.141670 2.112305
v 2.366239 1.141670 0.724059
v 2.366239 0.058334 2.112305
v 2.366239 0.058334 0.724059
v 2.366239 0.029167 2.112305
v 2.366239 0.029167 0.724059
v 2.366239 0.000000 2.112305
v 2.366239 0.000000 0.724059
v 2.360375 1.141670 2.099427
v 2.360375 0.058334 2.099427
v 2.360210 1.141670 0.737330
v 2.360210 0.058334 0.737330
v 2.355236 1.141670 2.086172
v 2.355236 0.058334 2.086172
v 2.354966 1.200001 2.085405
v 2.354966 1.200001 0.750959
v 2.354966 1.170834 2.085405
v 2.354966 1.170834 0.750959
v 2.354966 1.141670 0.750959
v 2.354966 0.058334 0.750959
v 2.354966 0.029167 2.085405
v 2.354966 0.029167 0.750959
v 2.354966 0.000000 2.085405
v 2.354966 0.000000 0.750959
v 2.350839 1.141670 2.072578
v 2.350839 0.058334 2.072578
v 2.350529 1.141670 0.764864
v 2.350529 0.058334 0.764864
v 2.347200 1.141670 2.058680
v 2.347200 0.058334 2.058680
v 2.346911 1.200001 2.057403
v 2.346911 1.200001 0.778961
v 2.346911 1.170834 2.057403
v 2.346911 1.170834 0.778961
v 2.346911 1.141670 0.778961
v 2.346911 0.058334 0.778961
v 2.346911 0.029167 2.057403
v 2.346911 0.029167 0.778961
v 2.346911 0.000000 2.057403
v 2.346911 0.000000 0.778961
v 2.344340 1.141670 2.044514
v 2.344340 0.058334 2.044514
v 2.344120 1.141670 0.793163
v 2.344120 0.058334 0.793163
v 2.342275 1.141670 2.030117
v 2.342275 0.058334 2.030117
v 2.342149 1.200001 2.028975
v 2.342149 1.200001 0.807389
v 2.342149 1.170834 2.028975
v 2.342149 1.170834 0.807389
v 2.342149 1.141670 0.807389
v 2.342149 0.058334 0.807389
v 2.342149 0.029167 2.028975
v 2.342149 0.029167 0.807389
v 2.342149 0.000000 2.028975
v 2.342149 0.000000 0.807389
v 2.341022 1.141670 2.015525
v 2.341022 0.058334 2.015525
v 2.340983 1.141670 0.821556
v 2.340983 0.058334 0.821556
v 2.340602 1.200001 2.000775
v 2.340602 1.200001 0.835589
v 2.340602 1.170834 2.000775
v 2.340602 1.170834 0.835589
v 2.340602 1.141670 2.260690
v 2.340602 1.141670 2.000775
v 2.340602 1.141670 0.835589
v 2.340602 1.141670 0.236364
v 2.340602 1.139858 0.214859
v 2.340602 1.137486 0.203845
v 2.340602 1.134064 0.192862
v 2.340602 1.129566 0.182083
v 2.340602 1.124008 0.171693
v 2.340602 1.117439 0.161874
v 2.340602 1.109940 0.152796
v 2.340602 1.101616 0.144613
v 2.340602 1.092617 0.137446
v 2.340602 1.083092 0.131385
v 2.340602 1.073212 0.126480
v 2.340602 1.063145 0.122744
v 2.340602 1.053047 0.120155
v 2.340602 1.043068 0.118660
v 2.340602 1.033337 0.118182
v 2.340602 0.166668 0.118182
v 2.340602 0.156933 0.118660
v 2.340602 0.146957 0.120155
v 2.340602 0.136860 0.122744
v 2.340602 0.126793 0.126480
v 2.340602 0.116913 0.131385
v 2.340602 0.107388 0.137446
v 2.340602 0.098385 0.144613
v 2.340602 0.090065 0.152796
v 2.340602 0.082565 0.161874
v 2.340602 0.075993 0.171693
v 2.340602 0.070438 0.182083
v 2.340602 0.065941 0.192862
v 2.340602 0.062515 0.203845
v 2.340602 0.060143 0.214859
v 2.340602 0.058334 2.260690
v 2.340602 0.058334 2.000775
v 2.340602 0.058334 0.835589
v 2.340602 0.058334 0.236364
v 2.340602 0.029167 0.835589
v 2.340602 0.000000 2.000775
v 2.340602 0.000000 0.835589
v 2.340292 1.141090 2.272614
v 2.340292 0.058914 2.272614
v 2.339444 1.139454 2.284237
v 2.339444 0.060551 2.284237
v 2.338120 1.136803 2.295497
v 2.338120 0.063202 2.295497
v 2.336386 1.133183 2.306329
v 2.336386 0.066822 2.306329
v 2.334301 1.128635 2.316672
v 2.334301 0.071369 2.316672
v 2.331930 1.123203 2.326463
v 2.331930 0.076797 2.326463
v 2.329336 1.116936 2.335638
v 2.329336 0.083069 2.335638
v 2.326583 1.109871 2.344135
v 2.326583 0.090130 2.344135
v 2.323786 1.102097 2.351852
v 2.323786 0.097908 2.351852
v 2.321075 1.093693 2.358705
v 2.321075 0.106312 2.358705
v 2.318540 1.084717 2.364643
v 2.318540 0.115288 2.364643
v 2.316267 1.075233 2.369617
v 2.316267 0.124771 2.369617
v 2.314346 1.065292 2.373577
v 2.314346 0.134712 2.373577
v 2.312864 1.054958 2.376472
v 2.312864 0.145046 2.376472
v 2.311912 1.044285 2.378254
v 2.311912 0.155716 2.378254
v 2.311574 1.033337 2.378872
v 2.311574 0.166668 2.378872
v 2.232268 1.200001 2.260690
v 2.232268 1.200001 0.236364
v 2.232268 1.141670 2.260690
v 2.232268 1.141670 0.236364
v 2.232268 1.139858 2.282195
v 2.232268 1.139858 0.214859
v 2.232268 1.134064 2.304192
v 2.232268 1.124008 2.325360
v 2.232268 1.124008 0.171693
v 2.232268 1.109940 2.344257
v 2.232268 1.109940 0.152796
v 2.232268 1.092617 2.359608
v 2.232268 1.092617 0.137446
v 2.232268 1.073212 2.370574
v 2.232268 1.073212 0.126480
v 2.232268 1.053047 0.120155
v 2.232268 1.033337 2.378872
v 2.232268 1.033337 0.118182
v 2.232268 0.166668 0.118182
v 2.232268 0.146957 2.376899
v 2.232268 0.126793 2.370574
v 2.232268 0.126793 0.126480
v 2.232268 0.107388 2.359608
v 2.232268 0.107388 0.137446
v 2.232268 0.090065 2.344257
v 2.232268 0.090065 0.152796
v 2.232268 0.075993 2.325360
v 2.232268 0.075993 0.171693
v 2.232268 0.065941 0.192862
v 2.232268 0.060143 2.282195
v 2.232268 0.060143 0.214859
v 2.232268 0.058334 2.260690
v 2.232268 0.058334 0.236364
v 2.232268 0.000000 2.260690
v 2.232268 0.000000 0.236364
v 2.231483 1.140884 2.276132
v 2.231483 1.140884 0.220921
v 2.231483 0.059120 2.276132
v 2.231483 0.059120 0.220921
v 2.230459 1.200001 2.282195
v 2.230459 1.200001 0.214859
v 2.230459 0.000000 2.282195
v 2.230459 0.000000 0.214859
v 2.229223 1.138622 2.290360
v 2.229223 1.138622 0.206694
v 2.229223 0.061378 2.290360
v 2.229223 0.061378 0.206694
v 2.228086 1.200001 2.293209
v 2.228086 1.200001 0.203845
v 2.228086 0.000000 2.293209
v 2.228086 0.000000 0.203845
v 2.225635 1.135036 2.303402
v 2.225635 1.135036 0.193651
v 2.225635 0.064968 2.303402
v 2.225635 0.064968 0.193651
v 2.224662 1.200001 2.304192
v 2.224662 1.200001 0.192862
v 2.224662 0.000000 2.304192
v 2.224662 0.000000 0.192862
v 2.220861 1.130260 2.315290
v 2.220861 1.130260 0.181763
v 2.220861 0.069740 2.315290
v 2.220861 0.069740 0.181763
v 2.220165 1.200001 2.314970
v 2.220165 1.200001 0.182083
v 2.220165 0.000000 2.314970
v 2.220165 0.000000 0.182083
v 2.215049 1.124451 2.326054
v 2.215049 1.124451 0.171000
v 2.215049 0.075554 2.326054
v 2.215049 0.075554 0.171000
v 2.214609 1.200001 2.325360
v 2.214609 1.200001 0.171693
v 2.214609 0.000000 2.325360
v 2.214609 0.000000 0.171693
v 2.208342 1.117741 2.335724
v 2.208342 1.117741 0.161330
v 2.208342 0.082260 2.335724
v 2.208342 0.082260 0.161330
v 2.208039 1.200001 2.335180
v 2.208039 1.200001 0.161874
v 2.208039 0.000000 2.335180
v 2.208039 0.000000 0.161874
v 2.200885 1.110287 2.344329
v 2.200885 1.110287 0.152725
v 2.200885 0.089718 2.344329
v 2.200885 0.089718 0.152725
v 2.200538 1.200001 2.344257
v 2.200538 1.200001 0.152796
v 2.200538 0.000000 2.344257
v 2.200538 0.000000 0.152796
v 2.192822 1.102222 2.351901
v 2.192822 1.102222 0.145153
v 2.192822 0.097782 2.351901
v 2.192822 0.097782 0.145153
v 2.192217 1.200001 2.352441
v 2.192217 1.200001 0.144613
v 2.192217 0.000000 2.352441
v 2.192217 0.000000 0.144613
v 2.183216 1.200001 2.359608
v 2.183216 1.200001 0.137446
v 2.183216 1.116669 2.359608
v 2.183216 1.116669 0.137446
v 2.183216 0.083336 2.359608
v 2.183216 0.083336 0.137446
v 2.183216 0.000000 2.359608
v 2.183216 0.000000 0.137446
v 2.175464 1.084866 2.364063
v 2.175464 1.084866 0.132991
v 2.175464 0.115139 2.364063
v 2.175464 0.115139 0.132991
v 2.173692 1.200001 2.365669
v 2.173692 1.200001 0.131385
v 2.173692 0.000000 2.365669
v 2.173692 0.000000 0.131385
v 2.163812 1.200001 2.370574
v 2.163812 1.200001 0.126480
v 2.163812 1.116669 2.370574
v 2.163812 0.083336 2.370574
v 2.163812 0.000000 2.370574
v 2.163812 0.000000 0.126480
v 2.157423 1.066822 2.372451
v 2.157423 1.066822 0.124603
v 2.157423 0.133179 2.372451
v 2.157423 0.133179 0.124603
v 2.153744 1.200001 2.374310
v 2.153744 1.200001 0.122744
v 2.153744 0.000000 2.374310
v 2.153744 0.000000 0.122744
v 2.143647 1.200001 2.376899
v 2.143647 1.200001 0.120155
v 2.143647 1.116669 0.120155
v 2.143647 0.083336 0.120155
v 2.143647 0.000000 2.376899
v 2.143647 0.000000 0.120155
v 2.139861 1.049259 2.377307
v 2.139861 1.049259 0.119747
v 2.139861 0.150742 2.377307
v 2.139861 0.150742 0.119747
v 2.133669 1.200001 2.378394
v 2.133669 1.200001 0.118660
v 2.133669 0.000000 2.378394
v 2.133669 0.000000 0.118660
v 2.123935 1.200001 2.378872
v 2.123935 1.200001 0.118182
v 2.123935 1.116669 2.378872
v 2.123935 1.116669 0.118182
v 2.123935 1.033337 2.378872
v 2.123935 1.033337 0.118182
v 2.123935 0.166668 2.378872
v 2.123935 0.166668 0.118182
v 2.123935 0.083336 2.378872
v 2.123935 0.083336 0.118182
v 2.123935 0.000000 2.378872
v 2.123935 0.000000 0.118182
v 1.257268 1.200001 2.378872
v 1.257268 1.200001 0.118182
v 1.257268 1.116669 2.378872
v 1.257268 1.116669 0.118182
v 1.257268 1.033337 2.378872
v 1.257268 1.033337 0.118182
v 1.257268 0.166668 2.378872
v 1.257268 0.166668 0.118182
v 1.257268 0.083336 2.378872
v 1.257268 0.083336 0.118182
v 1.257268 0.000000 2.378872
v 1.257268 0.000000 0.118182
v 1.247534 1.200001 2.378394
v 1.247534 1.200001 0.118660
v 1.247534 0.000000 2.378394
v 1.247534 0.000000 0.118660
v 1.241342 1.049259 2.377307
v 1.241342 1.049259 0.119747
v 1.241342 0.150742 2.377307
v 1.241342 0.150742 0.119747
v 1.237556 1.200001 2.376899
v 1.237556 1.200001 0.120155
v 1.237556 1.116669 2.376899
v 1.237556 0.083336 2.376899
v 1.237556 0.000000 2.376899
v 1.237556 0.000000 0.120155
v 1.227459 1.200001 2.374310
v 1.227459 1.200001 0.122744
v 1.227459 0.000000 2.374310
v 1.227459 0.000000 0.122744
v 1.223780 1.066822 2.372451
v 1.223780 1.066822 0.124603
v 1.223780 0.133179 2.372451
v 1.223780 0.133179 0.124603
v 1.217391 1.200001 2.370574
v 1.217391 1.200001 0.126480
v 1.217391 1.116669 0.126480
v 1.217391 0.083336 0.126480
v 1.217391 0.000000 2.370574
v 1.217391 0.000000 0.126480
v 1.207511 1.200001 2.365669
v 1.207511 1.200001 0.131385
v 1.207511 0.000000 2.365669
v 1.207511 0.000000 0.131385
v 1.205739 1.084866 2.364063
v 1.205739 1.084866 0.132991
v 1.205739 0.115139 2.364063
v 1.205739 0.115139 0.132991
v 1.197987 1.200001 2.359608
v 1.197987 1.200001 0.137446
v 1.197987 1.116669 2.359608
v 1.197987 1.116669 0.137446
v 1.197987 0.083336 2.359608
v 1.197987 0.083336 0.137446
v 1.197987 0.000000 2.359608
v 1.197987 0.000000 0.137446
v 1.188986 1.200001 2.352441
v 1.188986 1.200001 0.144613
v 1.188986 0.000000 2.352441
v 1.188986 0.000000 0.144613
v 1.188380 1.102222 2.351901
v 1.188380 1.102222 0.145153
v 1.188380 0.097782 2.351901
v 1.188380 0.097782 0.145153
v 1.180665 1.200001 2.344257
v 1.180665 1.200001 0.152796
v 1.180665 0.000000 2.344257
v 1.180665 0.000000 0.152796
v 1.180318 1.110287 2.344329
v 1.180318 1.110287 0.152725
v 1.180318 0.089718 2.344329
v 1.180318 0.089718 0.152725
v 1.173163 1.200001 2.335180
v 1.173163 1.200001 0.161874
v 1.173163 0.000000 2.335180
v 1.173163 0.000000 0.161874
v 1.172861 1.117741 2.335724
v 1.172861 1.117741 0.161330
v 1.172861 0.082260 2.335724
v 1.172861 0.082260 0.161330
v 1.166594 1.200001 2.325360
v 1.166594 1.200001 0.171693
v 1.166594 0.000000 2.325360
v 1.166594 0.000000 0.171693
v 1.166154 1.124451 2.326054
v 1.166154 1.124451 0.171000
v 1.166154 0.075554 2.326054
v 1.166154 0.075554 0.171000
v 1.161037 1.200001 2.314970
v 1.161037 1.200001 0.182083
v 1.161037 0.000000 2.314970
v 1.161037 0.000000 0.182083
v 1.160341 1.130260 2.315290
v 1.160341 1.130260 0.181763
v 1.160341 0.069740 2.315290
v 1.160341 0.069740 0.181763
v 1.156541 1.200001 2.304192
v 1.156541 1.200001 0.192862
v 1.156541 0.000000 2.304192
v 1.156541 0.000000 0.192862
v 1.155568 1.135036 2.303402
v 1.155568 1.135036 0.193651
v 1.155568 0.064968 2.303402
v 1.155568 0.064968 0.193651
v 1.153116 1.200001 2.293209
v 1.153116 1.200001 0.203845
v 1.153116 0.000000 2.293209
v 1.153116 0.000000 0.203845
v 1.151979 1.138622 2.290360
v 1.151979 1.138622 0.206694
v 1.151979 0.061378 2.290360
v 1.151979 0.061378 0.206694
v 1.150743 1.200001 2.282195
v 1.150743 1.200001 0.214859
v 1.150743 0.000000 2.282195
v 1.150743 0.000000 0.214859
v 1.149720 1.140884 2.276132
v 1.149720 1.140884 0.220921
v 1.149720 0.059120 2.276132
v 1.149720 0.059120 0.220921
v 1.148934 1.200001 2.260690
v 1.148934 1.200001 0.236364
v 1.148934 1.141670 2.260690
v 1.148934 1.141670 0.236364
v 1.148934 1.139858 2.282195
v 1.148934 1.139858 0.214859
v 1.148934 1.134064 2.304192
v 1.148934 1.124008 2.325360
v 1.148934 1.124008 0.171693
v 1.148934 1.109940 2.344257
v 1.148934 1.109940 0.152796
v 1.148934 1.092617 2.359608
v 1.148934 1.092617 0.137446
v 1.148934 1.073212 0.126480
v 1.148934 1.053047 2.376899
v 1.148934 1.053047 0.120155
v 1.148934 1.033337 0.118182
v 1.148934 0.166668 2.378872
v 1.148934 0.166668 0.118182
v 1.148934 0.146957 2.376899
v 1.148934 0.126793 2.370574
v 1.148934 0.126793 0.126480
v 1.148934 0.107388 2.359608
v 1.148934 0.107388 0.137446
v 1.148934 0.090065 2.344257
v 1.148934 0.090065 0.152796
v 1.148934 0.075993 2.325360
v 1.148934 0.075993 0.171693
v 1.148934 0.065941 0.192862
v 1.148934 0.060143 2.282195
v 1.148934 0.060143 0.214859
v 1.148934 0.058334 2.260690
v 1.148934 0.058334 0.236364
v 1.148934 0.000000 2.260690
v 1.148934 0.000000 0.236364
v 1.094769 1.141670 2.260690
v 1.094769 0.058334 0.236364
v 1.069630 1.033337 2.378872
v 1.069630 0.166668 2.378872
v 1.069292 1.044285 2.378274
v 1.069292 0.155716 2.378254
v 1.068338 1.054958 2.376514
v 1.068338 0.145046 2.376472
v 1.066857 1.065292 2.373642
v 1.066856 0.134712 2.373577
v 1.064936 1.075230 2.369706
v 1.064936 0.124771 2.369617
v 1.062663 1.084717 2.364758
v 1.062663 0.115288 2.364643
v 1.060128 1.093693 2.358846
v 1.060127 0.106312 2.358705
v 1.057417 1.102097 2.352020
v 1.057417 0.097908 2.351852
v 1.054620 1.109871 2.344330
v 1.054620 0.090130 2.344135
v 1.051867 0.083069 2.335638
v 1.051856 1.116962 2.335824
v 1.049273 0.076797 2.326463
v 1.049253 1.123253 2.326635
v 1.046903 0.071369 2.316672
v 1.046875 1.128693 2.316825
v 1.044818 0.066822 2.306329
v 1.044787 1.133247 2.306458
v 1.043082 0.063202 2.295497
v 1.043052 1.136864 2.295598
v 1.041759 0.060551 2.284237
v 1.041733 1.139503 2.284307
v 1.040911 0.058914 2.272614
v 1.040895 1.141121 2.272650
v 1.040602 1.200001 2.000775
v 1.040602 1.200001 0.835589
v 1.040602 1.141670 2.260690
v 1.040602 1.141670 2.000775
v 1.040602 1.141670 0.835589
v 1.040602 1.141670 0.236364
v 1.040602 1.139858 0.214859
v 1.040602 1.137486 0.203845
v 1.040602 1.134064 0.192862
v 1.040602 1.129566 0.182083
v 1.040602 1.124008 0.171693
v 1.040602 1.117439 0.161874
v 1.040602 1.109940 0.152796
v 1.040602 1.101616 0.144613
v 1.040602 1.092617 0.137446
v 1.040602 1.083092 0.131385
v 1.040602 1.073212 0.126480
v 1.040602 1.063145 0.122744
v 1.040602 1.053047 0.120155
v 1.040602 1.043068 0.118660
v 1.040602 1.033337 0.118182
v 1.040602 0.166668 0.118182
v 1.040602 0.156933 0.118660
v 1.040602 0.146957 0.120155
v 1.040602 0.136860 0.122744
v 1.040602 0.126793 0.126480
v 1.040602 0.116913 0.131385
v 1.040602 0.107388 0.137446
v 1.040602 0.098385 0.144613
v 1.040602 0.090065 0.152796
v 1.040602 0.082565 0.161874
v 1.040602 0.075993 0.171693
v 1.040602 0.070438 0.182083
v 1.040602 0.065941 0.192862
v 1.040602 0.062515 0.203845
v 1.040602 0.060143 0.214859
v 1.040602 0.058334 2.260690
v 1.040602 0.058334 2.000775
v 1.040602 0.058334 0.835589
v 1.040602 0.058334 0.236364
v 1.040602 0.029167 2.000775
v 1.040602 0.029167 0.835589
v 1.040602 0.000000 2.000775
v 1.040602 0.000000 0.835589
v 1.040219 1.141670 0.821556
v 1.040219 0.058334 0.821556
v 1.040180 1.141670 2.015525
v 1.040180 0.058334 2.015525
v 1.039054 1.200001 2.028975
v 1.039054 1.200001 0.807389
v 1.039054 1.170834 2.028975
v 1.039054 1.170834 0.807389
v 1.039054 1.141670 0.807389
v 1.039054 0.058334 0.807389
v 1.039054 0.029167 2.028975
v 1.039054 0.029167 0.807389
v 1.039054 0.000000 2.028975
v 1.039054 0.000000 0.807389
v 1.038928 1.141670 2.030117
v 1.038928 0.058334 2.030117
v 1.037083 1.141670 0.793163
v 1.037083 0.058334 0.793163
v 1.036863 1.141670 2.044514
v 1.036863 0.058334 2.044514
v 1.034291 1.200005 2.057403
v 1.034291 1.200001 0.778961
v 1.034291 1.170834 2.057403
v 1.034291 1.141670 0.778961
v 1.034291 0.058334 0.778961
v 1.034291 0.029167 2.057403
v 1.034291 0.029167 0.778961
v 1.034291 0.000000 2.057403
v 1.034291 0.000000 0.778961
v 1.034002 1.141670 2.058680
v 1.034002 0.058334 2.058680
v 1.030675 1.141670 0.764864
v 1.030675 0.058334 0.764864
v 1.030365 1.141670 2.072578
v 1.030365 0.058334 2.072578
v 1.026237 1.200005 2.085405
v 1.026237 1.200001 0.750959
v 1.026237 1.170837 2.085405
v 1.026237 1.170834 0.750959
v 1.026237 1.141670 0.750959
v 1.026237 0.058334 0.750959
v 1.026237 0.029167 2.085405
v 1.026237 0.029167 0.750959
v 1.026237 0.000000 2.085405
v 1.026237 0.000000 0.750959
v 1.025968 1.141670 2.086172
v 1.025968 0.058334 2.086172
v 1.020992 1.141670 0.737330
v 1.020992 0.058334 0.737330
v 1.020828 1.141670 2.099427
v 1.020828 0.058334 2.099427
v 1.014964 1.200005 2.112305
v 1.014964 1.200001 0.724059
v 1.014964 1.170837 2.112305
v 1.014964 1.170834 0.724059
v 1.014964 1.141670 2.112305
v 1.014964 1.141670 0.724059
v 1.014964 0.058334 2.112305
v 1.014964 0.058334 0.724059
v 1.014964 0.029167 2.112305
v 1.014964 0.029167 0.724059
v 1.014964 0.000004 2.112305
v 1.014964 0.000000 0.724059
v 1.008394 1.141670 2.124771
v 1.008394 0.058334 2.124771
v 1.008186 1.141670 0.711226
v 1.008186 0.058334 0.711226
v 1.001136 1.141670 2.136788
v 1.001136 0.058334 2.136788
v 1.000700 1.200005 2.137458
v 1.000700 1.200001 0.698905
v 1.000700 1.170837 2.137458
v 1.000700 1.170834 0.698905
v 1.000700 1.141670 0.698905
v 1.000700 0.058334 0.698905
v 1.000700 0.029167 2.137458
v 1.000700 0.029167 0.698905
v 1.000700 0.000004 2.137458
v 1.000700 0.000000 0.698905
v 0.993207 1.141670 2.148320
v 0.993207 0.058334 2.148320
v 0.992557 1.141670 0.687164
v 0.992557 0.058334 0.687164
v 0.984624 1.141670 2.159332
v 0.984624 0.058334 2.159332
v 0.983810 1.200005 2.160302
v 0.983810 1.200001 0.676062
v 0.983810 1.170837 2.160302
v 0.983810 1.170834 0.676062
v 0.983810 1.141670 0.676062
v 0.983810 0.058334 0.676062
v 0.983810 0.029167 0.676062
v 0.983810 0.000004 2.160302
v 0.983810 0.000000 0.676062
v 0.975407 1.141670 2.169785
v 0.975407 0.058334 2.169785
v 0.974526 1.141670 0.665650
v 0.974526 0.058334 0.665650
v 0.965571 1.141670 2.179646
v 0.965571 0.058334 2.179646
v 0.964770 1.200005 2.180394
v 0.964770 1.200001 0.655970
v 0.964770 1.170834 0.655970
v 0.964770 1.141670 0.655970
v 0.964770 0.058334 0.655970
v 0.964770 0.029167 2.180394
v 0.964770 0.029167 0.655970
v 0.964770 0.000004 2.180394
v 0.964770 0.000000 0.655970
v 0.955136 1.141670 2.188877
v 0.955136 0.058334 2.188877
v 0.954611 1.141670 0.647053
v 0.954611 0.058334 0.647053
v 0.944119 1.200005 2.197441
v 0.944119 1.200001 0.638922
v 0.944119 1.170837 2.197441
v 0.944119 1.170834 0.638922
v 0.944119 1.141670 2.197441
v 0.944119 1.141670 0.638922
v 0.944119 0.058334 2.197441
v 0.944119 0.058334 0.638922
v 0.944119 0.000004 2.197441
v 0.944119 0.000000 0.638922
v 0.882141 1.139858 2.282195
v 0.882141 1.134064 2.304192
v 0.882141 1.124008 2.325360
v 0.882141 1.109940 2.344257
v 0.882141 1.092617 2.359608
v 0.882141 1.073212 2.370574
v 0.882141 1.033337 2.378872
v 0.882141 0.166668 2.378872
v 0.882141 0.146957 2.376899
v 0.882141 0.126793 2.370574
v 0.882141 0.107388 2.359608
v 0.882141 0.090065 2.344257
v 0.882141 0.075993 2.325360
v 0.882141 0.060143 2.282195
v 0.857153 1.141670 2.260690
v 0.857153 0.058334 2.260690
v 0.832715 1.140434 2.278463
v 0.832715 0.059570 2.278463
v 0.808073 1.136608 2.296385
v 0.808073 0.063393 2.296385
v 0.783850 1.130024 2.314002
v 0.783850 0.069977 2.314002
v 0.760670 1.120506 2.330859
v 0.760670 0.079498 2.330859
v 0.738573 1.107319 2.346930
v 0.738573 0.092686 2.346930
v 0.727509 1.098564 2.354976
v 0.727509 0.101440 2.354976
v 0.717189 1.088375 2.362482
v 0.717189 0.111626 2.362482
v 0.708178 1.076756 2.369035
v 0.708178 0.123249 2.369035
v 0.704339 1.070408 2.371827
v 0.704339 0.129593 2.371827
v 0.701040 1.063705 2.374226
v 0.701040 0.136295 2.374226
v 0.698352 1.056648 2.376182
v 0.698352 0.143356 2.376182
v 0.696343 1.049232 2.377642
v 0.696343 0.150772 2.377642
v 0.695087 1.041462 2.378556
v 0.695087 0.158543 2.378556
v 0.694653 1.033337 2.378872
v 0.694653 0.166668 2.378872
v 0.634352 1.139858 0.214859
v 0.634352 1.124008 0.171693
v 0.634352 1.109940 0.152796
v 0.634352 1.092617 0.137446
v 0.634352 1.073212 0.126480
v 0.634352 1.053047 0.120155
v 0.634352 1.033337 0.118182
v 0.634352 0.166668 0.118182
v 0.634352 0.126793 0.126480
v 0.634352 0.107388 0.137446
v 0.634352 0.090065 0.152796
v 0.634352 0.075993 0.171693
v 0.634352 0.065941 0.192862
v 0.634352 0.060143 0.214859
v 0.634352 0.058334 0.236364
v 0.597754 1.200001 2.497054
v 0.597754 0.900002 2.497054
v 0.597754 0.600002 2.497054
v 0.597754 0.300003 2.497054
v 0.597754 0.000000 2.497054
v 0.566190 1.200001 2.499575
v 0.566190 0.900002 2.499575
v 0.566190 0.600002 2.499575
v 0.566190 0.300003 2.499575
v 0.566190 0.000000 2.499575
v 0.534967 1.200001 2.507196
v 0.534967 0.900002 2.507196
v 0.534967 0.600002 2.507196
v 0.534967 0.300003 2.507196
v 0.534967 0.000000 2.507196
v 0.505115 1.200001 2.519749
v 0.505115 0.900002 2.519749
v 0.505115 0.600002 2.519749
v 0.505115 0.300003 2.519749
v 0.505115 0.000000 2.519749
v 0.477569 1.200001 2.536751
v 0.477569 0.900002 2.536751
v 0.477569 0.600002 2.536751
v 0.477569 0.300003 2.536751
v 0.477569 0.000000 2.536751
v 0.390601 1.141670 0.236364
v 0.390601 0.058334 0.236364
v 0.348074 1.137119 0.205435
v 0.348074 0.062885 0.205435
v 0.321335 1.130596 0.185988
v 0.321335 0.069405 0.185988
v 0.294119 1.120506 0.166194
v 0.294119 0.079498 0.166194
v 0.268806 1.106289 0.147786
v 0.268806 0.093716 0.147786
v 0.257609 1.097462 0.139642
v 0.257609 0.102543 0.139642
v 0.247780 1.087391 0.132493
v 0.247780 0.112610 0.132493
v 0.239616 1.076015 0.126557
v 0.239616 0.123989 0.126557
v 0.236253 1.069813 0.124110
v 0.236253 0.130192 0.124110
v 0.233418 1.063259 0.122048
v 0.233418 0.136745 0.122048
v 0.231148 1.056343 0.120397
v 0.231148 0.143661 0.120397
v 0.229480 1.049057 0.119184
v 0.229480 0.150948 0.119184
v 0.228453 1.041389 0.118437
v 0.228453 0.158615 0.118437
v 0.228102 1.033337 0.118182
v 0.228102 0.166668 0.118182
v 0.120185 1.200001 0.039697
v 0.120185 0.900002 0.039697
v 0.120185 0.600002 0.039697
v 0.120185 0.300003 0.039697
v 0.120185 0.000000 0.039697
v 0.092640 1.200001 0.022695
v 0.092640 0.900002 0.022695
v 0.092640 0.600002 0.022695
v 0.092640 0.300003 0.022695
v 0.092640 0.000000 0.022695
v 0.062787 1.200001 0.010142
v 0.062787 0.900002 0.010142
v 0.062787 0.600002 0.010142
v 0.062787 0.300003 0.010142
v 0.062787 0.000000 0.010142
v 0.031565 1.200001 0.002522
v 0.031565 0.900002 0.002522
v 0.031565 0.600002 0.002522
v 0.031565 0.300003 0.002522
v 0.031565 0.000000 0.002522
v 0.000000 1.200001 0.000000
v 0.000000 0.900002 0.000000
v 0.000000 0.600002 0.000000
v 0.000000 0.300003 0.000000
v 0.000000 0.000000 0.000000

vn 0.035570 0.893293 -0.448065
vn 0.999206 0.000000 -0.039849
vn 0.999206 0.000000 -0.039849
vn 0.999206 0.000000 -0.039849
vn 0.071139 -0.893293 0.443809
vn 0.079356 0.800815 0.593631
vn 0.170149 0.000000 0.985418
vn 0.158876 0.000000 0.987298
vn 0.143061 0.000000 0.989714
vn 0.110882 -0.800815 0.588558
vn 0.203416 0.708096 0.676182
vn 0.338387 0.000000 0.941007
vn 0.313342 0.000000 0.949640
vn 0.288078 0.000000 0.957607
vn 0.238940 -0.708096 0.664461
vn 0.260344 0.800768 0.539436
vn 0.471554 0.000000 0.881837
vn 0.457805 0.000000 0.889053
vn 0.447916 0.000000 0.894076
vn 0.287899 -0.800768 0.525247
vn 0.450469 0.630713 0.631886
vn 0.557114 0.000001 0.830436
vn 0.557113 0.000000 0.830437
vn 0.557114 -0.000001 0.830436
vn 0.441349 -0.654998 0.613342
vn 0.265405 -0.019685 0.963936
vn 0.370341 0.006646 0.928872
vn 0.371412 -0.026942 0.928077
vn 0.370785 0.026984 0.928327
vn 0.310434 -0.068705 0.948109
vn 0.311147 0.068506 0.947889
vn 0.311205 -0.104529 0.944577
vn 0.250999 0.125903 0.959765
vn 0.250550 -0.175653 0.952035
vn 0.313801 0.140294 0.939067
vn 0.314688 -0.176975 0.932551
vn 0.314688 0.176975 0.932551
vn 0.317183 -0.221855 0.922049
vn 0.317181 0.221821 0.922059
vn 0.256969 -0.331334 0.907846
vn 0.256972 0.331341 0.907843
vn 0.327847 -0.346905 0.878734
vn 0.327851 0.346949 0.878715
vn 0.266667 -0.479256 0.836183
vn 0.266667 0.479256 0.836183
vn 0.274927 -0.580817 0.766203
vn 0.274918 0.580772 0.766241
vn 0.289733 -0.682164 0.671347
vn 0.285420 0.669453 0.685834
vn 0.381719 -0.630632 0.675717
vn 0.299156 0.745210 0.595959
vn 0.457027 -0.581406 0.673122
vn 0.457036 0.581423 0.673101
vn 0.596261 0.082997 -0.798489
vn -0.392710 0.000000 0.919662
vn 0.830437 0.000000 0.557112
vn -0.392710 0.000000 0.919662
vn 0.591126 -0.076676 -0.802926
vn -0.361353 0.555726 0.748728
vn -0.471554 0.000000 0.881837
vn -0.457805 0.000000 0.889053
vn -0.447916 0.000000 0.894076
vn -0.399599 -0.555726 0.729033
vn -0.239494 0.555775 0.796089
vn -0.338390 0.000000 0.941006
vn -0.313347 0.000000 0.949639
vn -0.288084 0.000000 0.957605
vn -0.281315 -0.555775 0.782289
vn -0.110150 0.555789 0.823994
vn -0.170152 0.000000 0.985418
vn -0.158878 0.000000 0.987298
vn -0.143061 0.000000 0.989714
vn -0.153914 -0.555789 0.816951
vn -0.005969 0.974426 0.224630
vn -0.039847 0.000000 0.999206
vn -0.039847 0.000000 0.999206
vn -0.039847 0.000000 0.999206
vn -0.011938 -0.974426 0.224391
vn -0.000903 -0.973336 0.229380
vn -0.000752 -0.881815 0.471595
vn 0.000368 -0.744829 0.667255
vn 0.001536 -0.592640 0.805466
vn 0.001500 -0.390410 0.920640
vn 0.000613 -0.167554 0.985863
vn 0.000393 0.089948 0.995946
vn 0.001381 0.346785 0.937944
vn 0.001536 0.592637 0.805468
vn 0.000366 0.744826 0.667258
vn -0.000560 0.862322 0.506360
vn -0.001106 0.940910 0.338654
vn -0.001178 0.985162 0.171620
vn 0.409969 -0.006784 -0.912074
vn 0.353077 0.005843 -0.935576
vn 0.310376 -0.040823 -0.949737
vn 0.247986 0.053575 -0.967281
vn 0.313311 -0.080822 -0.946205
vn 0.310558 0.081659 -0.947040
vn 0.209044 -0.154682 -0.965595
vn 0.311561 0.121581 -0.942416
vn 0.314258 -0.159769 -0.935797
vn 0.250686 0.191219 -0.948995
vn 0.314705 -0.197443 -0.928427
vn 0.314711 0.197498 -0.928413
vn 0.317557 -0.240423 -0.917254
vn 0.317557 0.240445 -0.917248
vn 0.256148 -0.342115 -0.904072
vn 0.256153 0.342120 -0.904068
vn 0.261183 -0.427988 -0.865222
vn 0.261186 0.428021 -0.865205
vn 0.333681 -0.411757 -0.848006
vn 0.333681 0.411757 -0.848006
vn 0.273108 -0.569380 -0.775383
vn 0.273094 0.569333 -0.775422
vn 0.284585 -0.657504 -0.697638
vn 0.361790 0.549038 -0.753435
vn 0.377035 -0.616991 -0.690773
vn 0.379313 0.600131 -0.704248
vn 0.394995 -0.662508 -0.636445
vn 0.394986 0.662582 -0.636373
vn 0.259421 -0.877902 -0.402479
vn 0.346529 0.782548 -0.517239
vn 0.000467 -0.983953 -0.178428
vn 0.000450 -0.937342 -0.348411
vn 0.000337 -0.857508 -0.514470
vn 0.000260 -0.734482 -0.678629
vn -0.000021 -0.586120 -0.810225
vn 0.000587 -0.391311 -0.920258
vn 0.000659 -0.068044 -0.997682
vn 0.000017 0.049106 -0.998794
vn 0.000441 0.201607 -0.979466
vn 0.000515 0.406581 -0.913615
vn -0.000018 0.586140 -0.810210
vn 0.000254 0.734461 -0.678651
vn 0.002421 0.883316 -0.468772
vn 0.000439 0.975693 -0.219143
vn 0.289409 0.877979 -0.381307
vn 0.502974 0.554861 0.662682
vn 0.616700 -0.002337 0.787195
vn 0.507902 -0.560000 -0.654550
vn 0.424553 -0.707148 0.565417
vn 0.424972 0.707152 -0.565097
vn 0.424553 0.707148 0.565417
vn 0.621507 0.004869 -0.783394
vn 0.612663 0.002804 0.790339
vn 0.247410 -0.910413 -0.331567
vn 0.547954 -0.447382 0.706821
vn 0.528391 -0.557515 0.640297
vn 0.528391 0.557514 0.640297
vn 0.448403 -0.711883 -0.540515
vn 0.447892 0.712661 -0.539914
vn 0.482152 0.707766 -0.516330
vn 0.555086 0.555337 0.619258
vn 0.698512 -0.006726 -0.715567
vn 0.688796 -0.004082 0.724944
vn 0.482347 -0.707272 0.516825
vn 0.482347 0.707272 0.516825
vn 0.676033 0.004081 0.736860
vn 0.610627 -0.447869 -0.653107
vn 0.579855 -0.555337 0.596128
vn 0.484642 -0.707345 -0.514572
vn 0.608624 0.457643 -0.648181
vn 0.602431 -0.557611 0.571093
vn 0.602431 0.557611 0.571093
vn 0.511148 -0.713365 -0.479414
vn 0.512442 0.711627 -0.480614
vn 0.631704 0.566470 -0.529208
vn 0.626350 0.555334 0.547073
vn 0.771929 -0.004194 0.635695
vn 0.541746 -0.707271 0.454179
vn 0.541746 0.707271 0.454179
vn 0.759470 0.006019 -0.650515
vn 0.760733 0.004193 0.649051
vn 0.648079 -0.555334 -0.521150
vn 0.648078 -0.555334 0.521151
vn 0.627834 -0.577159 -0.522219
vn 0.544115 0.707351 -0.451213
vn 0.667391 -0.557664 0.493558
vn 0.667391 0.557664 0.493558
vn 0.566633 -0.711799 -0.415053
vn 0.668824 0.557820 -0.491438
vn 0.592373 0.707752 -0.384944
vn 0.688057 0.555323 0.467112
vn 0.826253 -0.004615 -0.563280
vn 0.843179 -0.004248 0.537617
vn 0.592791 -0.707268 0.385188
vn 0.592791 0.707268 0.385188
vn 0.834299 0.004275 -0.551295
vn 0.833768 0.004247 0.552099
vn 0.706322 -0.555323 -0.439004
vn 0.706322 -0.555323 0.439005
vn 0.594061 -0.707295 -0.383177
vn 0.594061 0.707295 -0.383177
vn 0.722012 -0.557680 0.409501
vn 0.722012 0.557680 0.409501
vn 0.722397 -0.557846 -0.408596
vn 0.722397 0.557846 -0.408596
vn 0.739120 0.555305 -0.381232
vn 0.739120 0.555305 0.381232
vn 0.901406 -0.004241 -0.432954
vn 0.901404 -0.004244 0.432958
vn 0.634681 -0.707254 -0.311402
vn 0.634668 -0.707263 0.311408
vn 0.634681 0.707254 -0.311402
vn 0.634668 0.707263 0.311408
vn 0.893907 0.004241 -0.448232
vn 0.893905 0.004244 0.448236
vn 0.753676 -0.555305 -0.351580
vn 0.753677 -0.555305 0.351579
vn 0.765101 -0.557812 -0.321663
vn 0.765101 0.557811 -0.321663
vn 0.650446 -0.708957 0.272582
vn 0.650446 0.708956 0.272582
vn 0.666139 -0.707282 -0.236667
vn 0.666139 0.707282 -0.236667
vn 0.778955 0.555282 -0.291360
vn 0.778955 0.555282 0.291360
vn 0.945728 -0.004199 -0.324933
vn 0.946031 -0.004175 0.324050
vn 0.666931 -0.707258 0.234499
vn 0.666931 0.707258 0.234499
vn 0.940174 0.004199 -0.340670
vn 0.940491 0.004175 0.339792
vn 0.789710 -0.555282 -0.260807
vn 0.789710 -0.555282 0.260807
vn 0.797008 -0.557730 -0.231767
vn 0.797008 0.557730 -0.231767
vn 0.797781 -0.557579 0.229458
vn 0.797781 0.557579 0.229458
vn 0.540183 -0.832192 -0.125131
vn 0.540183 0.832192 -0.125131
vn 0.807430 0.555256 -0.199368
vn 0.807430 0.555256 0.199368
vn 0.976712 -0.004120 -0.214515
vn 0.977018 -0.004055 0.213117
vn 0.689515 -0.707251 0.156093
vn 0.689515 0.707251 0.156093
vn 0.973083 0.004119 -0.230418
vn 0.973412 0.004055 0.229025
vn 0.814433 -0.555256 -0.168493
vn 0.814433 -0.555256 0.168493
vn 0.818298 -0.557528 -0.139827
vn 0.818298 0.557528 -0.139827
vn 0.818789 -0.557481 0.137112
vn 0.818789 0.557480 0.137112
vn 0.702311 -0.707310 -0.080452
vn 0.702311 0.707310 -0.080452
vn 0.824794 0.555228 -0.106946
vn 0.824794 0.555228 0.106946
vn 0.994642 -0.003943 -0.103308
vn 0.994764 -0.003894 0.102122
vn 0.702706 -0.707244 0.077529
vn 0.702706 0.707244 0.077529
vn 0.994158 0.004971 -0.107819
vn 0.993015 0.003893 0.117921
vn 0.702259 -0.707653 -0.077842
vn 0.828193 -0.555228 0.076280
vn 0.829075 -0.557181 -0.046728
vn 0.701443 0.711598 -0.040067
vn 0.829035 -0.557353 0.045380
vn 0.829035 0.557352 0.045380
vn 0.894024 0.447348 -0.024502
vn 0.706517 0.707225 0.025824
vn 0.999733 -0.002218 -0.023013
vn 0.999738 -0.002216 0.022792
vn 0.000000 -0.999982 -0.006072
vn 0.706999 -0.707143 -0.010077
vn 0.707049 -0.707136 0.006405
vn -0.000314 -0.999796 0.020192
vn -0.000943 -0.988464 0.151455
vn 0.001712 -0.967130 0.254275
vn 0.004834 -0.939449 0.342655
vn 0.001911 -0.903356 0.428887
vn 0.000000 -0.857503 0.514478
vn 0.000672 -0.802082 0.597214
vn 0.000000 -0.736987 0.675907
vn 0.000683 -0.663031 0.748592
vn 0.000000 -0.580736 0.814092
vn 0.000667 -0.491637 0.870800
vn 0.000000 -0.396845 0.917886
vn 0.000623 -0.298789 0.954319
vn 0.000000 -0.198516 0.980098
vn 0.000418 -0.098906 0.995097
vn -0.000353 -0.028266 0.999600
vn 0.000000 0.024531 0.999699
vn 0.001644 0.098749 0.995111
vn 0.001750 0.197296 0.980342
vn 0.001895 0.298543 0.954394
vn 0.000000 0.396845 0.917886
vn 0.000667 0.491637 0.870800
vn 0.000000 0.580652 0.814152
vn 0.000685 0.663037 0.748587
vn 0.000000 0.737064 0.675823
vn 0.000670 0.802003 0.597320
vn 0.000000 0.857508 0.514471
vn 0.000633 0.903389 0.428822
vn 0.000000 0.939776 0.341790
vn 0.000579 0.967051 0.254582
vn -0.000938 0.988493 0.151265
vn 0.000000 0.999982 -0.006072
vn 0.891890 0.451871 -0.018576
vn 0.554614 0.832074 0.007537
vn -0.000312 0.999797 0.020157
vn 0.999624 0.001899 0.027364
vn 0.894024 -0.447348 -0.024502
vn 0.554348 -0.832146 0.015192
vn -0.000693 -0.996321 -0.085699
vn -0.000687 0.996324 -0.085667
vn -0.000446 -0.983485 -0.180990
vn -0.000453 0.983507 -0.180868
vn 0.000181 -0.963650 -0.267167
vn 0.001031 0.961953 -0.273213
vn -0.000090 -0.932915 -0.360097
vn 0.002320 0.934945 -0.354784
vn 0.000198 -0.898370 -0.439240
vn 0.000562 0.895998 -0.444057
vn -0.000212 -0.850971 -0.525213
vn -0.000212 0.850974 -0.525207
vn 0.000208 -0.799502 -0.600664
vn 0.000210 0.799472 -0.600703
vn -0.000321 -0.737493 -0.675355
vn -0.000314 0.737501 -0.675346
vn 0.000292 -0.667064 -0.745000
vn 0.000295 0.667004 -0.745054
vn -0.000256 -0.592542 -0.805539
vn -0.000256 0.592542 -0.805539
vn 0.000449 -0.503184 -0.864179
vn 0.000449 0.503184 -0.864179
vn -0.000081 -0.417823 -0.908528
vn -0.000081 0.417823 -0.908528
vn 0.001009 -0.320515 -0.947243
vn 0.000529 0.313356 -0.949636
vn 0.000715 -0.233911 -0.972258
vn -0.000001 0.217593 -0.976040
vn -0.000497 -0.104318 -0.994544
vn 0.001495 0.108511 -0.994094
vn 0.000000 -0.028178 -0.999603
vn 0.001538 0.030387 -0.999537
vn -0.341592 0.939778 -0.011513
vn -0.262896 0.964752 0.011819
vn -0.216799 -0.976080 -0.016294
vn -0.287255 -0.957805 0.009737
vn -0.062403 -0.975053 -0.213020
vn -0.082213 -0.964082 0.252561
vn -0.072758 -0.934599 -0.348184
vn -0.030567 -0.850756 -0.524671
vn -0.097388 -0.876503 0.471443
vn -0.009473 -0.731757 -0.681499
vn -0.008992 -0.731679 0.681590
vn 0.001253 -0.584697 -0.811251
vn 0.001546 -0.581347 0.813654
vn 0.004192 -0.405028 -0.914294
vn 0.003647 -0.402683 0.915332
vn 0.002567 -0.210379 0.977617
vn 0.000532 -0.038967 -0.999240
vn 0.000607 -0.049493 0.998774
vn 0.001258 0.056340 0.998411
vn 0.003128 0.195883 -0.980622
vn 0.003734 0.408699 -0.912662
vn 0.003876 0.377774 0.925890
vn 0.001253 0.584697 -0.811251
vn 0.001549 0.581323 0.813672
vn -0.009475 0.731717 -0.681543
vn -0.008999 0.731655 0.681616
vn -0.097867 0.874575 -0.474911
vn -0.030102 0.852457 0.521930
vn -0.072525 0.936323 0.343567
vn -0.081534 0.962545 -0.258572
vn -0.062135 0.975907 0.209152
vn -0.316120 0.948587 -0.015836
vn -0.196009 0.980551 0.009968
vn -0.262896 -0.964752 -0.011819
vn -0.341592 -0.939778 0.011513
vn -0.597626 -0.785547 -0.160495
vn -0.598290 -0.787195 0.149579
vn -0.597475 0.785700 -0.160309
vn -0.598130 0.787358 0.149359
vn -0.824472 0.551773 -0.125666
vn -0.824472 0.551774 0.125666
vn -0.824472 -0.551774 -0.125666
vn -0.824472 -0.551774 0.125666
vn -0.725750 -0.624469 -0.288662
vn -0.777792 -0.555067 0.294856
vn -0.777629 0.555285 -0.294875
vn -0.725672 0.624545 0.288693
vn -0.806618 0.550254 -0.215844
vn -0.806617 0.550254 0.215845
vn -0.806617 -0.550254 -0.215844
vn -0.806617 -0.550254 0.215845
vn -0.819268 -0.393115 -0.417446
vn -0.838500 -0.358590 0.410281
vn -0.838464 0.358659 -0.410294
vn -0.819265 0.393120 0.417446
vn -0.667467 0.703980 -0.242694
vn -0.667466 0.703980 0.242695
vn -0.667467 -0.703980 -0.242694
vn -0.667466 -0.703980 0.242695
vn -0.611783 -0.565977 -0.552622
vn -0.705542 -0.445093 0.551455
vn -0.705547 0.445088 -0.551454
vn -0.611794 0.566002 0.552585
vn -0.761705 0.549144 -0.343870
vn -0.761706 0.549144 0.343868
vn -0.761705 -0.549144 -0.343869
vn -0.761706 -0.549144 0.343867
vn -0.634710 -0.413074 -0.653080
vn -0.634709 -0.413074 0.653081
vn -0.634660 0.413134 -0.653091
vn -0.634659 0.413134 0.653091
vn -0.614029 0.703866 -0.357127
vn -0.722382 0.549220 0.420144
vn -0.614029 -0.703866 -0.357128
vn -0.722382 -0.549220 0.420144
vn -0.485395 -0.471269 -0.736409
vn -0.485394 -0.471269 0.736409
vn -0.485378 0.471271 -0.736419
vn -0.485377 0.471271 0.736419
vn -0.674482 0.550484 -0.491977
vn -0.674480 0.550485 0.491979
vn -0.674483 -0.550484 -0.491976
vn -0.674480 -0.550485 0.491978
vn -0.496327 -0.330611 -0.802718
vn -0.496327 -0.330610 0.802719
vn -0.496316 0.330566 -0.802743
vn -0.496315 0.330564 0.802744
vn -0.619187 0.552421 -0.558066
vn -0.619186 0.552421 0.558067
vn -0.619187 -0.552421 -0.558067
vn -0.619186 -0.552421 0.558067
vn -0.358653 -0.355112 -0.863286
vn -0.358654 -0.355110 0.863287
vn -0.358653 0.355112 -0.863286
vn -0.358654 0.355110 0.863287
vn -0.589658 0.447054 -0.672641
vn -0.589660 0.447054 0.672640
vn -0.589658 -0.447054 -0.672641
vn -0.589660 -0.447054 0.672640
vn -0.410339 0.707600 -0.575260
vn -0.410339 0.707600 0.575260
vn -0.562085 0.006369 -0.827055
vn -0.521182 0.006323 0.853422
vn -0.562085 -0.006369 -0.827055
vn -0.521182 -0.006323 0.853422
vn -0.410339 -0.707600 -0.575260
vn -0.410339 -0.707600 0.575260
vn -0.269310 -0.261922 -0.926752
vn -0.243223 -0.273907 0.930493
vn -0.269313 0.261933 -0.926748
vn -0.243226 0.273919 0.930489
vn -0.408520 0.556422 -0.723537
vn -0.346033 0.710138 0.613160
vn -0.408520 -0.556422 -0.723537
vn -0.346033 -0.710138 0.613160
vn -0.280404 0.707599 -0.648597
vn -0.278738 0.713855 0.642430
vn -0.395945 0.006128 -0.918254
vn -0.395945 -0.006128 -0.918254
vn -0.280404 -0.707599 -0.648597
vn -0.278738 -0.713855 0.642430
vn -0.169473 -0.168205 -0.971075
vn -0.134155 -0.211167 0.968200
vn -0.169054 0.168444 -0.971106
vn -0.170810 0.185345 0.967714
vn -0.210245 0.709961 -0.672125
vn -0.210262 0.709892 0.672193
vn -0.210245 -0.709961 -0.672125
vn -0.210262 -0.709891 0.672193
vn -0.196714 0.377240 -0.904983
vn -0.110027 0.832385 0.543166
vn -0.270775 -0.000384 0.962643
vn -0.270775 0.000384 0.962643
vn -0.196714 -0.377240 -0.904983
vn -0.110027 -0.832385 0.543166
vn -0.066140 -0.087724 -0.993947
vn -0.078486 -0.077630 0.993888
vn -0.093087 0.074077 -0.992899
vn -0.068085 0.106211 0.992010
vn -0.069562 0.709604 -0.701159
vn -0.069918 0.708098 0.702644
vn -0.069562 -0.709604 -0.701159
vn -0.069918 -0.708098 0.702644
vn -0.013605 0.832127 -0.554418
vn -0.011563 0.707201 0.706918
vn -0.056328 0.001634 -0.998411
vn -0.049485 0.000786 0.998775
vn -0.013987 -0.013990 -0.999804
vn -0.016321 -0.016325 0.999734
vn -0.012292 0.024659 -0.999620
vn -0.016321 0.016321 0.999734
vn -0.056328 -0.001634 -0.998411
vn -0.049485 -0.000786 0.998775
vn -0.013605 -0.832127 -0.554418
vn -0.011563 -0.707201 0.706918
vn 0.013606 0.554803 -0.831870
vn 0.017345 0.707213 0.706788
vn 0.049483 0.000786 -0.998775
vn 0.056331 0.001634 0.998411
vn 0.014050 -0.028190 -0.999504
vn 0.016321 -0.016325 0.999734
vn 0.016320 0.016320 -0.999734
vn 0.012238 0.012238 0.999850
vn 0.049483 -0.000786 -0.998775
vn 0.056331 -0.001634 0.998411
vn 0.013606 -0.554803 -0.831870
vn 0.017345 -0.707213 0.706788
vn 0.082288 0.556156 -0.826994
vn 0.054570 0.833364 0.550024
vn 0.082288 -0.556156 -0.826994
vn 0.054570 -0.833364 0.550024
vn 0.094314 -0.073043 -0.992859
vn 0.077464 -0.078495 0.993900
vn 0.078488 0.077623 -0.993888
vn 0.067208 0.106944 0.991991
vn 0.140292 0.707569 -0.692577
vn 0.181500 0.519472 0.834989
vn 0.270774 -0.000384 -0.962643
vn 0.270774 0.000384 -0.962643
vn 0.140292 -0.707569 -0.692577
vn 0.181500 -0.519471 0.834989
vn 0.210263 0.709891 -0.672193
vn 0.210244 0.709961 0.672125
vn 0.210263 -0.709891 -0.672193
vn 0.210244 -0.709961 0.672125
vn 0.144743 -0.226958 -0.963088
vn 0.169048 -0.168436 0.971109
vn 0.134165 0.211178 -0.968196
vn 0.205053 0.138664 0.968879
vn 0.328274 0.565498 -0.756603
vn 0.219910 0.832406 0.508664
vn 0.395945 0.006128 0.918254
vn 0.395945 -0.006128 0.918254
vn 0.328274 -0.565498 -0.756603
vn 0.219910 -0.832406 0.508664
vn 0.346035 0.710139 -0.613158
vn 0.408517 0.556422 0.723539
vn 0.346035 -0.710139 -0.613158
vn 0.408517 -0.556422 0.723539
vn 0.297128 -0.217392 -0.929761
vn 0.269310 -0.261921 0.926752
vn 0.243226 0.273920 -0.930489
vn 0.269313 0.261932 0.926748
vn 0.410339 0.707600 -0.575260
vn 0.410339 0.707600 0.575260
vn 0.521180 0.006322 -0.853424
vn 0.562086 0.006371 0.827054
vn 0.521179 -0.006322 -0.853424
vn 0.562086 -0.006371 0.827054
vn 0.410339 -0.707600 -0.575260
vn 0.410339 -0.707600 0.575260
vn 0.589658 0.447054 -0.672641
vn 0.589660 0.447054 0.672640
vn 0.589658 -0.447054 -0.672641
vn 0.589660 -0.447054 0.672640
vn 0.358653 -0.355112 -0.863286
vn 0.358654 -0.355110 0.863287
vn 0.358653 0.355112 -0.863286
vn 0.358654 0.355110 0.863287
vn 0.619187 0.552421 -0.558066
vn 0.619186 0.552421 0.558067
vn 0.619187 -0.552421 -0.558067
vn 0.619186 -0.552421 0.558067
vn 0.496327 -0.330611 -0.802718
vn 0.496327 -0.330610 0.802719
vn 0.496316 0.330566 -0.802743
vn 0.496315 0.330564 0.802744
vn 0.674482 0.550484 -0.491977
vn 0.674480 0.550485 0.491979
vn 0.674483 -0.550484 -0.491976
vn 0.674480 -0.550485 0.491978
vn 0.485395 -0.471269 -0.736409
vn 0.485394 -0.471269 0.736409
vn 0.485378 0.471271 -0.736419
vn 0.485377 0.471271 0.736419
vn 0.614034 0.703864 -0.357124
vn 0.722382 0.549220 0.420144
vn 0.614024 -0.703869 -0.357131
vn 0.722382 -0.549220 0.420144
vn 0.634710 -0.413074 -0.653080
vn 0.634709 -0.413074 0.653081
vn 0.634660 0.413134 -0.653091
vn 0.634659 0.413134 0.653091
vn 0.761709 0.549137 -0.343872
vn 0.761706 0.549144 0.343868
vn 0.761701 -0.549151 -0.343867
vn 0.761706 -0.549144 0.343867
vn 0.611783 -0.565977 -0.552622
vn 0.705542 -0.445093 0.551455
vn 0.705547 0.445088 -0.551454
vn 0.611794 0.566002 0.552585
vn 0.667475 0.703972 -0.242697
vn 0.667466 0.703980 0.242695
vn 0.667459 -0.703988 -0.242691
vn 0.667466 -0.703980 0.242695
vn 0.819268 -0.393115 -0.417446
vn 0.838500 -0.358590 0.410281
vn 0.838464 0.358659 -0.410294
vn 0.819265 0.393120 0.417446
vn 0.806621 0.550248 -0.215845
vn 0.806617 0.550254 0.215845
vn 0.806614 -0.550260 -0.215843
vn 0.806617 -0.550254 0.215845
vn 0.725750 -0.624469 -0.288662
vn 0.777792 -0.555067 0.294856
vn 0.777629 0.555285 -0.294875
vn 0.725672 0.624545 0.288693
vn 0.824475 0.551768 -0.125666
vn 0.824472 0.551774 0.125666
vn 0.824469 -0.551779 -0.125665
vn 0.824472 -0.551774 0.125666
vn 0.513683 -0.845474 -0.145957
vn 0.598290 -0.787195 0.149579
vn 0.597475 0.785700 -0.160309
vn 0.598369 0.787680 0.146681
vn 0.262923 0.964745 -0.011822
vn 0.341592 0.939778 0.011513
vn 0.514352 -0.857402 -0.017435
vn 0.196009 -0.980551 0.009968
vn 0.062014 -0.975144 -0.212719
vn 0.082213 -0.964082 0.252561
vn 0.072262 -0.934705 -0.348001
vn 0.029919 -0.850763 -0.524697
vn 0.097388 -0.876503 0.471443
vn 0.008780 -0.731557 -0.681724
vn 0.008992 -0.731679 0.681590
vn -0.001181 -0.533740 -0.845648
vn -0.001546 -0.581347 0.813654
vn -0.003647 -0.402683 0.915332
vn -0.005071 -0.238519 -0.971124
vn -0.002568 -0.210379 0.977617
vn -0.000607 -0.049493 0.998774
vn -0.000810 0.050525 -0.998722
vn -0.001258 0.056340 0.998411
vn -0.002900 0.215840 -0.976424
vn -0.003734 0.408699 -0.912662
vn -0.003876 0.377774 0.925890
vn -0.001253 0.584697 -0.811251
vn -0.001550 0.581323 0.813672
vn 0.009475 0.731717 -0.681543
vn 0.008999 0.731655 0.681616
vn 0.097867 0.874575 -0.474911
vn 0.030102 0.852457 0.521930
vn 0.072525 0.936323 0.343567
vn 0.081534 0.962545 -0.258571
vn 0.062135 0.975907 0.209152
vn 0.216799 0.976080 -0.016294
vn 0.316128 0.948656 0.010716
vn 0.341576 -0.939784 -0.011510
vn 0.262896 -0.964752 0.011819
vn -0.000068 -0.999870 -0.016154
vn 0.000681 0.999672 0.025610
vn -0.001602 -0.029873 -0.999552
vn 0.000000 0.028169 -0.999603
vn -0.001006 -0.108696 -0.994075
vn -0.000448 0.106969 -0.994262
vn 0.001634 -0.215016 -0.976609
vn 0.000001 0.217593 -0.976040
vn -0.004031 -0.319158 -0.947693
vn -0.000529 0.313356 -0.949636
vn -0.011134 -0.413767 -0.910315
vn 0.000081 0.417823 -0.908528
vn -0.001178 -0.504283 -0.863538
vn -0.000449 0.503184 -0.864179
vn -0.000060 -0.591013 -0.806662
vn 0.000256 0.592542 -0.805539
vn -0.000614 -0.666195 -0.745777
vn -0.000295 0.667004 -0.745054
vn 0.000004 -0.736497 -0.676441
vn 0.000314 0.737501 -0.675346
vn -0.000210 0.799472 -0.600703
vn -0.000498 -0.799063 -0.601247
vn 0.000212 0.850974 -0.525207
vn -0.000054 -0.850807 -0.525479
vn -0.000562 0.895998 -0.444057
vn -0.000418 -0.898450 -0.439076
vn -0.002320 0.934945 -0.354784
vn -0.000089 -0.933163 -0.359453
vn -0.001031 0.961953 -0.273213
vn -0.000314 -0.963890 -0.266302
vn 0.000453 0.983507 -0.180868
vn 0.000286 -0.983741 -0.179591
vn 0.000687 0.996324 -0.085667
vn 0.000657 -0.996481 -0.083814
vn -0.894024 0.447348 -0.024517
vn -0.706516 0.707225 0.025839
vn 0.000000 -0.999981 -0.006118
vn -0.828381 -0.559691 -0.023035
vn -0.797169 -0.603535 0.016358
vn 0.000314 -0.999796 0.020192
vn 0.000943 -0.988464 0.151455
vn -0.001712 -0.967130 0.254275
vn -0.004834 -0.939449 0.342655
vn -0.001911 -0.903356 0.428887
vn 0.000000 -0.857503 0.514478
vn -0.000672 -0.802082 0.597214
vn 0.000000 -0.736987 0.675907
vn -0.000683 -0.663031 0.748592
vn 0.000000 -0.580736 0.814092
vn -0.000667 -0.491637 0.870800
vn 0.000000 -0.396845 0.917886
vn -0.000623 -0.298789 0.954319
vn 0.000000 -0.198516 0.980098
vn -0.000557 -0.099022 0.995085
vn 0.000000 -0.016360 0.999866
vn 0.000000 0.024531 0.999699
vn -0.001644 0.098749 0.995111
vn -0.001750 0.197296 0.980342
vn -0.001895 0.298543 0.954394
vn 0.000000 0.396845 0.917886
vn -0.000667 0.491637 0.870800
vn 0.000000 0.580652 0.814152
vn -0.000685 0.663037 0.748587
vn 0.000000 0.737064 0.675823
vn -0.000670 0.802003 0.597320
vn 0.000000 0.857508 0.514471
vn -0.000633 0.903389 0.428822
vn 0.000000 0.939776 0.341790
vn -0.000579 0.967051 0.254582
vn 0.000910 0.990461 0.137791
vn 0.000000 0.999982 -0.006072
vn -0.706999 0.707143 -0.010100
vn -0.707048 0.707136 0.006421
vn 0.000000 0.999780 0.020960
vn -0.999732 0.002215 -0.023035
vn -0.999737 0.002213 0.022815
vn -0.894024 -0.447348 -0.024517
vn -0.706516 -0.707225 0.025839
vn -0.701156 -0.711975 0.038367
vn -0.829036 0.557349 0.045408
vn -0.550465 -0.834265 -0.031461
vn -0.829076 0.557177 -0.046755
vn -0.824772 0.555253 -0.106987
vn -0.702258 0.707653 0.077854
vn -0.995013 -0.005682 -0.099585
vn -0.991643 -0.006068 0.128873
vn -0.702706 -0.707244 0.077529
vn -0.702706 0.707244 0.077529
vn -0.994641 0.003944 -0.103313
vn -0.994763 0.003891 0.102136
vn -0.824793 -0.555228 -0.106955
vn -0.824793 -0.555228 0.106955
vn -0.702314 -0.707309 -0.080429
vn -0.702314 0.707309 -0.080429
vn -0.692375 -0.712166 0.115913
vn -0.818789 0.557480 0.137112
vn -0.818293 -0.557535 -0.139826
vn -0.818293 0.557535 -0.139826
vn -0.807408 0.555282 -0.199386
vn -0.803942 0.566039 0.182419
vn -0.976714 -0.004127 -0.214506
vn -0.797043 -0.576283 0.180613
vn -0.689520 0.707251 0.156071
vn -0.976714 0.004126 -0.214506
vn -0.977022 0.004057 0.213100
vn -0.807434 -0.555256 -0.199351
vn -0.807434 -0.555256 0.199351
vn -0.688649 -0.707329 -0.159523
vn -0.540184 0.832192 -0.125131
vn -0.674460 -0.712379 0.193959
vn -0.797786 0.557582 0.229432
vn -0.677162 -0.709003 -0.196892
vn -0.797014 0.557732 -0.231741
vn -0.666416 0.707717 -0.234577
vn -0.666423 0.707710 0.234579
vn -0.943020 -0.003678 -0.332715
vn -0.950440 -0.004864 0.310871
vn -0.666923 -0.707258 0.234520
vn -0.523135 0.832160 0.183957
vn -0.943020 0.003678 -0.332715
vn -0.946029 0.004175 0.324054
vn -0.666453 -0.707694 -0.234543
vn -0.778952 -0.555282 0.291367
vn -0.666139 -0.707282 -0.236667
vn -0.666139 0.707282 -0.236667
vn -0.650439 -0.708955 0.272603
vn -0.765560 0.557649 0.320851
vn -0.765089 -0.557814 -0.321685
vn -0.765089 0.557814 -0.321685
vn -0.753666 0.555310 -0.351593
vn -0.753670 0.555305 0.351594
vn -0.893899 -0.004243 -0.448248
vn -0.893901 -0.004242 0.448244
vn -0.634672 -0.707254 -0.311422
vn -0.634668 -0.707263 0.311408
vn -0.634672 0.707254 -0.311422
vn -0.634668 0.707263 0.311408
vn -0.897682 0.004950 -0.440617
vn -0.901399 0.004241 0.432969
vn -0.802628 -0.447839 -0.393991
vn -0.739116 -0.555305 0.381240
vn -0.722397 -0.557846 -0.408596
vn -0.722397 0.557846 -0.408596
vn -0.722012 -0.557680 0.409501
vn -0.613437 0.708975 0.347921
vn -0.594072 -0.707295 -0.383160
vn -0.594072 0.707295 -0.383160
vn -0.706320 0.555328 -0.439002
vn -0.706322 0.555323 0.439005
vn -0.834304 -0.004279 -0.551288
vn -0.833772 -0.004252 0.552092
vn -0.592802 -0.707268 0.385172
vn -0.592802 0.707268 0.385172
vn -0.826255 0.004618 -0.563277
vn -0.843183 0.004251 0.537610
vn -0.592379 -0.707745 -0.384948
vn -0.688057 -0.555323 0.467112
vn -0.668821 -0.557826 -0.491436
vn -0.566626 0.711808 -0.415047
vn -0.667389 -0.557670 0.493556
vn -0.667389 0.557669 0.493556
vn -0.544104 -0.707351 -0.451228
vn -0.627827 0.577158 -0.522228
vn -0.648081 0.555339 -0.521142
vn -0.648083 0.555334 0.521146
vn -0.759468 -0.006020 -0.650516
vn -0.760735 -0.004196 0.649049
vn -0.541735 -0.707271 0.454193
vn -0.541735 0.707271 0.454193
vn -0.771928 0.004195 0.635696
vn -0.631714 -0.566464 -0.529203
vn -0.626359 -0.555334 0.547063
vn -0.512442 -0.711627 -0.480614
vn -0.511155 0.713356 -0.479421
vn -0.602446 -0.557609 0.571079
vn -0.602446 0.557608 0.571079
vn -0.608626 -0.457639 -0.648183
vn -0.484648 0.707337 -0.514578
vn -0.610625 0.447877 -0.653103
vn -0.579860 0.555337 0.596123
vn -0.676031 -0.004079 0.736862
vn -0.482347 -0.707272 0.516824
vn -0.482347 0.707272 0.516824
vn -0.698512 0.006714 -0.715567
vn -0.679633 0.005353 0.733533
vn -0.482157 -0.707759 -0.516334
vn -0.482153 -0.707767 0.516328
vn -0.447892 -0.712661 -0.539914
vn -0.448408 0.711875 -0.540521
vn -0.528377 -0.557513 0.640311
vn -0.446688 0.712281 0.541411
vn -0.247395 0.910420 -0.331559
vn -0.547946 0.447382 0.706827
vn -0.621503 -0.004867 -0.783396
vn -0.612656 -0.002802 0.790345
vn -0.424974 -0.707152 -0.565096
vn -0.424553 -0.707148 0.565417
vn -0.507900 0.559995 -0.654556
vn -0.431074 0.710569 0.556118
vn -0.289420 -0.877972 -0.381316
vn -0.547946 -0.447382 0.706827
vn -0.000260 -0.984037 -0.177966
vn -0.000086 -0.937397 -0.348263
vn 0.000105 -0.857428 -0.514605
vn 0.000120 -0.734185 -0.678950
vn 0.000381 -0.585627 -0.810581
vn -0.000395 -0.390804 -0.920474
vn -0.000810 -0.084457 -0.996427
vn -0.000013 0.036830 -0.999322
vn -0.000441 0.201607 -0.979466
vn -0.000515 0.406581 -0.913615
vn 0.000018 0.586140 -0.810210
vn -0.000254 0.734461 -0.678651
vn -0.002421 0.883316 -0.468772
vn -0.000439 0.975693 -0.219143
vn -0.346573 -0.782738 -0.516922
vn -0.259409 0.877931 -0.402424
vn -0.394998 -0.662505 -0.636446
vn -0.394988 0.662580 -0.636374
vn -0.377042 -0.616985 -0.690774
vn -0.379320 0.600125 -0.704249
vn -0.284584 -0.657500 -0.697643
vn -0.361790 0.549031 -0.753440
vn -0.273108 -0.569374 -0.775387
vn -0.273093 0.569328 -0.775426
vn -0.333681 -0.411757 -0.848006
vn -0.333681 0.411757 -0.848006
vn -0.261183 -0.427988 -0.865222
vn -0.261186 0.428021 -0.865205
vn -0.256148 -0.342115 -0.904072
vn -0.256153 0.342120 -0.904068
vn -0.317557 -0.240423 -0.917254
vn -0.317557 0.240445 -0.917248
vn -0.314705 -0.197443 -0.928427
vn -0.314711 0.197498 -0.928413
vn -0.314258 -0.159769 -0.935797
vn -0.250685 0.191219 -0.948995
vn -0.209015 -0.154708 -0.965597
vn -0.311561 0.121581 -0.942416
vn -0.313319 -0.080839 -0.946201
vn -0.310566 0.081677 -0.947036
vn -0.310375 -0.040823 -0.949737
vn -0.247985 0.053574 -0.967281
vn -0.353071 -0.005833 -0.935578
vn -0.409963 0.006773 -0.912077
vn 0.000903 -0.973336 0.229380
vn 0.000752 -0.881815 0.471594
vn -0.000368 -0.744829 0.667255
vn -0.001536 -0.592640 0.805466
vn -0.001500 -0.390410 0.920640
vn -0.000600 -0.188051 0.982159
vn -0.000019 -0.040026 0.999199
vn -0.000393 0.089948 0.995946
vn -0.001381 0.346785 0.937944
vn -0.001536 0.592637 0.805468
vn -0.000366 0.744826 0.667258
vn 0.000560 0.862322 0.506360
vn 0.001106 0.940910 0.338654
vn 0.001010 0.987259 0.159120
vn 0.000000 0.999121 0.041930
vn 0.011124 0.977832 0.209094
vn 0.039848 0.000000 0.999206
vn 0.039848 0.000000 0.999206
vn 0.039848 0.000000 0.999206
vn 0.005561 -0.977833 0.209312
vn 0.153911 0.555785 0.816954
vn 0.143060 0.000000 0.989714
vn 0.158876 0.000000 0.987299
vn 0.170149 0.000000 0.985418
vn 0.110149 -0.555793 0.823991
vn 0.281320 0.555769 0.782291
vn 0.288083 0.000000 0.957605
vn 0.313349 0.000000 0.949638
vn 0.338395 0.000000 0.941004
vn 0.239491 -0.555781 0.796085
vn 0.399599 0.555710 0.729045
vn 0.447916 0.000000 0.894076
vn 0.457803 0.000000 0.889054
vn 0.471550 0.000000 0.881839
vn 0.361349 -0.555740 0.748719
vn -0.591127 0.076679 -0.802926
vn 0.392669 0.000000 0.919680
vn -0.830441 0.000000 0.557106
vn 0.392669 0.000000 0.919680
vn -0.596261 -0.082999 -0.798488
vn -0.457026 -0.581411 0.673119
vn -0.403320 0.684603 0.607167
vn -0.381717 -0.630641 0.675710
vn -0.299155 0.745216 0.595953
vn -0.289732 -0.682165 0.671346
vn -0.285419 0.669454 0.685833
vn -0.274925 -0.580815 0.766205
vn -0.274916 0.580769 0.766243
vn -0.266669 -0.479259 0.836181
vn -0.266669 0.479259 0.836181
vn -0.327846 -0.346906 0.878734
vn -0.327850 0.346950 0.878715
vn -0.256965 -0.331328 0.907849
vn -0.256968 0.331335 0.907846
vn -0.317183 -0.221855 0.922049
vn -0.317181 0.221821 0.922059
vn -0.314688 -0.176975 0.932551
vn -0.314688 0.176975 0.932551
vn -0.250550 -0.175653 0.952035
vn -0.313801 0.140294 0.939067
vn -0.311204 -0.104529 0.944577
vn -0.250999 0.125903 0.959765
vn -0.310450 -0.068721 0.948102
vn -0.311163 0.068523 0.947883
vn -0.309971 -0.040015 0.949904
vn -0.370796 0.026997 0.928322
vn -0.370339 -0.006646 0.928873
vn -0.309265 0.005550 0.950960
vn -0.441353 0.654995 0.613342
vn -0.557112 0.000001 0.830437
vn -0.557112 0.000000 0.830438
vn -0.557112 -0.000001 0.830437
vn -0.450472 -0.630710 0.631886
vn -0.287901 0.800768 0.525246
vn -0.447922 0.000000 0.894073
vn -0.457810 0.000000 0.889050
vn -0.471558 0.000000 0.881835
vn -0.260348 -0.800768 0.539434
vn -0.238945 0.708096 0.664459
vn -0.288081 0.000000 0.957606
vn -0.313347 0.000000 0.949639
vn -0.338394 0.000000 0.941005
vn -0.203419 -0.708096 0.676181
vn -0.082609 0.894933 0.438486
vn -0.143060 0.000000 0.989714
vn -0.158875 0.000000 0.987299
vn -0.170148 0.000000 0.985419
vn -0.059121 -0.894933 0.442266
vn -0.112264 0.704872 0.700395
vn -0.999206 0.000000 -0.039848
vn -0.999206 0.000000 -0.039848
vn -0.999206 0.000000 -0.039849
vn -0.056132 -0.704872 -0.707110

f 920//920 921//921 916//916
f 919//919 920//920 915//915
f 925//925 926//926 921//921
f 924//924 925//925 920//920
f 911//911 916//916 917//917
f 922//922 917//917 916//916
f 921//921 926//926 927//927
f 916//916 911//911 910//910
f 909//909 914//914 915//915
f 908//908 913//913 914//914
f 913//913 918//918 919//919
f 926//926 931//931 932//932
f 925//925 930//930 931//931
f 930//930 925//925 924//924
f 918//918 923//923 924//924
f 929//929 924//924 923//923
f 835//835 843//843 841//841
f 824//824 835//835 841//841
f 824//824 813//813 820//820
f 805//805 809//809 813//813
f 797//797 793//793 805//805
f 820//820 813//813 809//809
f 789//789 793//793 797//797
f 841//841 826//826 824//824
f 826//826 813//813 824//824
f 841//841 839//839 826//826
f 826//826 811//811 813//813
f 795//795 777//777 779//779
f 805//805 813//813 797//797
f 797//797 813//813 811//811
f 781//781 789//789 779//779
f 797//797 779//779 789//789
f 771//771 775//775 763//763
f 759//759 771//771 763//763
f 759//759 748//748 755//755
f 740//740 744//744 732//732
f 732//732 728//728 740//740
f 755//755 748//748 744//744
f 685//685 728//728 732//732
f 763//763 779//779 777//777
f 775//775 779//779 763//763
f 761//761 746//746 763//763
f 732//732 748//748 730//730
f 744//744 748//748 732//732
f 732//732 730//730 682//682
f 682//682 685//685 732//732
f 748//748 759//759 763//763
f 781//781 779//779 775//775
f 864//864 845//845 847//847
f 847//847 868//868 866//866
f 847//847 866//866 864//864
f 868//868 847//847 932//932
f 870//870 868//868 932//932
f 932//932 878//878 876//876
f 932//932 876//876 874//874
f 932//932 874//874 872//872
f 872//872 870//870 932//932
f 932//932 882//882 880//880
f 886//886 884//884 932//932
f 882//882 932//932 884//884
f 888//888 886//886 932//932
f 878//878 932//932 880//880
f 890//890 932//932 892//892
f 931//931 930//930 892//892
f 892//892 930//930 891//891
f 892//892 932//932 931//931
f 888//888 932//932 890//890
f 867//867 869//869 928//928
f 928//928 871//871 873//873
f 928//928 873//873 875//875
f 928//928 869//869 871//871
f 863//863 841//841 843//843
f 839//839 863//863 865//865
f 841//841 863//863 839//839
f 867//867 839//839 865//865
f 867//867 928//928 839//839
f 887//887 889//889 928//928
f 891//891 929//929 928//928
f 891//891 930//930 929//929
f 891//891 928//928 889//889
f 928//928 885//885 887//887
f 928//928 877//877 879//879
f 928//928 881//881 883//883
f 879//879 881//881 928//928
f 885//885 928//928 883//883
f 928//928 875//875 877//877
f 831//831 833//833 847//847
f 831//831 845//845 836//836
f 847//847 845//845 831//831
f 831//831 818//818 833//833
f 801//801 803//803 818//818
f 801//801 790//790 785//785
f 801//801 785//785 787//787
f 831//831 801//801 818//818
f 801//801 831//831 810//810
f 831//831 836//836 825//825
f 831//831 821//821 810//810
f 821//821 831//831 825//825
f 801//801 806//806 794//794
f 790//790 783//783 785//785
f 790//790 801//801 794//794
f 806//806 801//801 810//810
f 767//767 751//751 753//753
f 776//776 767//767 785//785
f 769//769 787//787 767//767
f 736//736 722//722 724//724
f 745//745 736//736 751//751
f 738//738 753//753 751//751
f 760//760 751//751 767//767
f 772//772 767//767 776//776
f 756//756 751//751 760//760
f 772//772 760//760 767//767
f 745//745 741//741 736//736
f 751//751 756//756 745//745
f 729//729 736//736 741//741
f 722//722 729//729 719//719
f 722//722 736//736 729//729
f 783//783 776//776 785//785
f 861//861 674//674 862//862
f 862//862 678//678 680//680
f 678//678 862//862 676//676
f 860//860 665//665 667//667
f 861//861 668//668 670//670
f 861//861 670//670 672//672
f 668//668 860//860 667//667
f 861//861 672//672 674//674
f 718//718 864//864 680//680
f 862//862 674//674 676//676
f 862//862 864//864 866//866
f 862//862 866//866 868//868
f 864//864 862//862 680//680
f 872//872 860//860 861//861
f 870//870 861//861 868//868
f 870//870 872//872 861//861
f 874//874 860//860 872//872
f 876//876 860//860 874//874
f 868//868 861//861 862//862
f 861//861 860//860 668//668
f 859//859 665//665 860//860
f 858//858 659//659 661//661
f 663//663 859//859 661//661
f 858//858 661//661 859//859
f 878//878 858//858 859//859
f 860//860 876//876 859//859
f 858//858 657//657 659//659
f 856//856 653//653 857//857
f 857//857 655//655 657//657
f 653//653 655//655 857//857
f 858//858 857//857 657//657
f 856//856 651//651 653//653
f 884//884 857//857 858//858
f 858//858 878//878 880//880
f 882//882 884//884 858//858
f 880//880 882//882 858//858
f 878//878 859//859 876//876
f 886//886 888//888 857//857
f 857//857 884//884 886//886
f 857//857 888//888 890//890
f 892//892 856//856 890//890
f 890//890 856//856 857//857
f 663//663 665//665 859//859
f 855//855 652//652 650//650
f 654//654 855//855 885//885
f 652//652 855//855 654//654
f 854//854 658//658 656//656
f 660//660 854//854 853//853
f 658//658 854//854 660//660
f 662//662 660//660 853//853
f 654//654 854//854 656//656
f 854//854 654//654 885//885
f 854//854 885//885 883//883
f 889//889 887//887 855//855
f 885//885 855//855 887//887
f 855//855 891//891 889//889
f 877//877 875//875 853//853
f 853//853 875//875 852//852
f 854//854 881//881 879//879
f 879//879 877//877 854//854
f 854//854 883//883 881//881
f 877//877 853//853 854//854
f 664//664 662//662 853//853
f 852//852 666//666 664//664
f 851//851 673//673 671//671
f 851//851 671//671 669//669
f 852//852 669//669 666//666
f 850//850 677//677 675//675
f 863//863 684//684 681//681
f 849//849 681//681 679//679
f 849//849 679//679 677//677
f 850//850 675//675 673//673
f 871//871 851//851 852//852
f 669//669 852//852 851//851
f 873//873 871//871 852//852
f 869//869 851//851 871//871
f 869//869 850//850 851//851
f 852//852 875//875 873//873
f 867//867 849//849 850//850
f 677//677 850//850 849//849
f 849//849 867//867 865//865
f 849//849 865//865 863//863
f 863//863 681//681 849//849
f 869//869 867//867 850//850
f 850//850 673//673 851//851
f 664//664 853//853 852//852
f 723//723 720//720 727//727
f 737//737 735//735 743//743
f 737//737 727//727 735//735
f 752//752 750//750 758//758
f 768//768 766//766 774//774
f 768//768 758//758 766//766
f 752//752 743//743 750//750
f 737//737 739//739 725//725
f 737//737 723//723 727//727
f 739//739 737//737 752//752
f 752//752 758//758 768//768
f 743//743 752//752 737//737
f 768//768 770//770 754//754
f 770//770 768//768 786//786
f 784//784 786//786 774//774
f 774//774 786//786 768//768
f 802//802 792//792 800//800
f 817//817 808//808 816//816
f 802//802 800//800 808//808
f 832//832 823//823 830//830
f 832//832 838//838 846//846
f 832//832 830//830 838//838
f 817//817 816//816 823//823
f 802//802 804//804 788//788
f 792//792 802//802 786//786
f 804//804 802//802 817//817
f 832//832 834//834 819//819
f 823//823 832//832 817//817
f 832//832 848//848 834//834
f 848//848 832//832 846//846
f 817//817 802//802 808//808
f 784//784 792//792 786//786
f 733//733 683//683 731//731
f 764//764 733//733 747//747
f 731//731 747//747 733//733
f 686//686 683//683 733//733
f 778//778 780//780 764//764
f 764//764 780//780 773//773
f 780//780 778//778 796//796
f 747//747 762//762 764//764
f 733//733 764//764 749//749
f 733//733 726//726 686//686
f 733//733 742//742 734//734
f 734//734 726//726 733//733
f 764//764 757//757 749//749
f 764//764 773//773 765//765
f 765//765 757//757 764//764
f 812//812 814//814 798//798
f 798//798 814//814 807//807
f 814//814 812//812 827//827
f 798//798 791//791 780//780
f 840//840 842//842 828//828
f 828//828 842//842 837//837
f 822//822 814//814 828//828
f 791//791 782//782 780//780
f 798//798 807//807 799//799
f 799//799 791//791 798//798
f 814//814 822//822 815//815
f 842//842 844//844 837//837
f 829//829 822//822 828//828
f 256//256 254//254 303//303
f 303//303 254//254 260//260
f 254//254 256//256 240//240
f 238//238 240//240 224//224
f 222//222 224//224 208//208
f 244//244 254//254 238//238
f 244//244 252//252 254//254
f 260//260 254//254 252//252
f 236//236 238//238 228//228
f 238//238 236//236 244//244
f 222//222 220//220 228//228
f 222//222 212//212 220//220
f 206//206 212//212 222//222
f 238//238 222//222 228//228
f 188//188 190//190 174//174
f 206//206 188//188 194//194
f 190//190 188//188 206//206
f 146//146 144//144 157//157
f 163//163 172//172 157//157
f 159//159 157//157 172//172
f 148//148 157//157 144//144
f 178//178 188//188 172//172
f 188//188 178//178 186//186
f 186//186 194//194 188//188
f 172//172 163//163 170//170
f 157//157 148//148 156//156
f 144//144 142//142 148//148
f 156//156 163//163 157//157
f 170//170 178//178 172//172
f 212//212 206//206 204//204
f 264//264 267//267 259//259
f 250//250 251//251 243//243
f 250//250 259//259 251//251
f 234//234 235//235 227//227
f 218//218 219//219 211//211
f 218//218 227//227 219//219
f 234//234 243//243 235//235
f 250//250 248//248 262//262
f 259//259 250//250 264//264
f 248//248 250//250 234//234
f 218//218 216//216 232//232
f 227//227 218//218 234//234
f 216//216 218//218 200//200
f 200//200 218//218 211//211
f 234//234 250//250 243//243
f 200//200 211//211 202//202
f 200//200 193//193 184//184
f 184//184 185//185 177//177
f 184//184 193//193 185//185
f 168//168 169//169 162//162
f 154//154 155//155 147//147
f 138//138 147//147 140//140
f 154//154 162//162 155//155
f 168//168 177//177 169//169
f 182//182 184//184 168//168
f 177//177 168//168 184//184
f 184//184 182//182 198//198
f 138//138 137//137 152//152
f 147//147 138//138 154//154
f 154//154 152//152 167//167
f 154//154 168//168 162//162
f 193//193 200//200 202//202
f 66//66 65//65 70//70
f 67//67 66//66 71//71
f 61//61 60//60 65//65
f 62//62 61//61 66//66
f 75//75 70//70 69//69
f 64//64 69//69 70//70
f 65//65 60//60 59//59
f 70//70 75//75 76//76
f 77//77 72//72 71//71
f 78//78 73//73 72//72
f 73//73 68//68 67//67
f 60//60 55//55 54//54
f 61//61 56//56 55//55
f 56//56 61//61 62//62
f 68//68 63//63 62//62
f 57//57 62//62 63//63
f 153//153 151//151 136//136
f 153//153 139//139 149//149
f 136//136 139//139 153//153
f 153//153 166//166 151//151
f 183//183 181//181 166//166
f 183//183 195//195 199//199
f 183//183 199//199 197//197
f 153//153 183//183 166//166
f 183//183 153//153 175//175
f 153//153 149//149 160//160
f 153//153 164//164 175//175
f 164//164 153//153 160//160
f 183//183 179//179 191//191
f 195//195 201//201 199//199
f 195//195 183//183 191//191
f 179//179 183//183 175//175
f 217//217 233//233 231//231
f 209//209 217//217 199//199
f 215//215 197//197 199//199
f 249//249 263//263 261//261
f 241//241 249//249 233//233
f 247//247 231//231 233//233
f 225//225 233//233 217//217
f 213//213 217//217 209//209
f 229//229 233//233 225//225
f 213//213 225//225 217//217
f 241//241 245//245 249//249
f 233//233 229//229 241//241
f 257//257 249//249 245//245
f 263//263 257//257 266//266
f 263//263 249//249 257//257
f 201//201 209//209 199//199
f 120//120 139//139 136//136
f 136//136 116//116 118//118
f 136//136 118//118 120//120
f 116//116 136//136 54//54
f 114//114 116//116 54//54
f 54//54 106//106 108//108
f 54//54 108//108 110//110
f 54//54 110//110 112//112
f 112//112 114//114 54//54
f 54//54 102//102 104//104
f 98//98 100//100 54//54
f 102//102 54//54 100//100
f 96//96 98//98 54//54
f 106//106 54//54 104//104
f 94//94 54//54 92//92
f 55//55 56//56 92//92
f 92//92 56//56 93//93
f 92//92 54//54 55//55
f 96//96 54//54 94//94
f 117//117 115//115 58//58
f 58//58 113//113 111//111
f 58//58 111//111 109//109
f 58//58 115//115 113//113
f 121//121 143//143 141//141
f 145//145 121//121 119//119
f 143//143 121//121 145//145
f 117//117 145//145 119//119
f 117//117 58//58 145//145
f 97//97 95//95 58//58
f 93//93 57//57 58//58
f 93//93 56//56 57//57
f 93//93 58//58 95//95
f 58//58 99//99 97//97
f 58//58 107//107 105//105
f 58//58 103//103 101//101
f 105//105 103//103 58//58
f 99//99 58//58 101//101
f 58//58 109//109 107//107
f 150//150 141//141 143//143
f 161//161 150//150 143//143
f 161//161 171//171 165//165
f 180//180 176//176 171//171
f 187//187 192//192 180//180
f 165//165 171//171 176//176
f 196//196 192//192 187//187
f 143//143 158//158 161//161
f 158//158 171//171 161//161
f 143//143 145//145 158//158
f 158//158 173//173 171//171
f 189//189 207//207 205//205
f 180//180 171//171 187//187
f 187//187 171//171 173//173
f 203//203 196//196 205//205
f 187//187 205//205 196//196
f 214//214 210//210 221//221
f 226//226 214//214 221//221
f 226//226 237//237 230//230
f 246//246 242//242 253//253
f 253//253 258//258 246//246
f 230//230 237//237 242//242
f 300//300 258//258 253//253
f 221//221 205//205 207//207
f 210//210 205//205 221//221
f 223//223 239//239 237//237
f 253//253 237//237 239//239
f 242//242 237//237 253//253
f 253//253 255//255 304//304
f 304//304 300//300 253//253
f 237//237 226//226 221//221
f 203//203 205//205 210//210
f 135//135 117//117 119//119
f 307//307 135//135 121//121
f 119//119 121//121 135//135
f 115//115 117//117 134//134
f 133//133 111//111 113//113
f 115//115 134//134 113//113
f 133//133 113//113 134//134
f 319//319 133//133 134//134
f 134//134 117//117 135//135
f 323//323 132//132 133//133
f 134//134 135//135 313//313
f 121//121 299//299 307//307
f 135//135 309//309 311//311
f 313//313 135//135 311//311
f 309//309 135//135 307//307
f 134//134 315//315 317//317
f 133//133 319//319 321//321
f 133//133 321//321 323//323
f 319//319 134//134 317//317
f 315//315 134//134 313//313
f 109//109 111//111 133//133
f 105//105 107//107 131//131
f 132//132 107//107 109//109
f 107//107 132//132 131//131
f 323//323 325//325 132//132
f 103//103 105//105 131//131
f 130//130 95//95 97//97
f 99//99 101//101 130//130
f 97//97 99//99 130//130
f 131//131 101//101 103//103
f 93//93 95//95 129//129
f 325//325 327//327 132//132
f 131//131 132//132 327//327
f 327//327 329//329 131//131
f 331//331 131//131 329//329
f 331//331 130//130 131//131
f 335//335 129//129 130//130
f 95//95 130//130 129//129
f 333//333 335//335 130//130
f 337//337 129//129 335//335
f 331//331 333//333 130//130
f 130//130 101//101 131//131
f 109//109 133//133 132//132
f 376//376 380//380 372//372
f 392//392 396//396 388//388
f 384//384 388//388 380//380
f 400//400 412//412 404//404
f 416//416 428//428 420//420
f 408//408 420//420 412//412
f 392//392 404//404 396//396
f 372//372 370//370 376//376
f 388//388 384//384 392//392
f 384//384 380//380 376//376
f 412//412 400//400 408//408
f 428//428 416//416 424//424
f 416//416 420//420 408//408
f 400//400 404//404 392//392
f 424//424 436//436 428//428
f 442//442 444//444 436//436
f 470//470 458//458 442//442
f 442//442 452//452 444//444
f 470//470 472//472 466//466
f 490//490 492//492 480//480
f 470//470 480//480 472//472
f 470//470 466//466 458//458
f 448//448 442//442 432//432
f 436//436 432//432 442//442
f 448//448 470//470 442//442
f 442//442 458//458 452//452
f 476//476 490//490 470//470
f 480//480 470//470 490//490
f 490//490 476//476 488//488
f 462//462 476//476 470//470
f 462//462 470//470 448//448
f 424//424 432//432 436//436
f 502//502 508//508 504//504
f 530//530 522//522 518//518
f 502//502 518//518 508//508
f 530//530 536//536 532//532
f 546//546 552//552 548//548
f 546//546 548//548 536//536
f 530//530 532//532 522//522
f 512//512 526//526 518//518
f 518//518 502//502 512//512
f 502//502 500//500 512//512
f 540//540 546//546 530//530
f 536//536 530//530 546//546
f 546//546 540//540 556//556
f 556//556 552//552 546//546
f 526//526 540//540 530//530
f 518//518 526//526 530//530
f 556//556 564//564 552//552
f 572//572 568//568 560//560
f 588//588 584//584 576//576
f 580//580 576//576 568//568
f 596//596 600//600 592//592
f 612//612 647//647 608//608
f 604//604 608//608 600//600
f 596//596 592//592 584//584
f 576//576 580//580 588//588
f 560//560 564//564 572//572
f 568//568 572//572 580//580
f 647//647 612//612 645//645
f 600//600 596//596 604//604
f 608//608 604//604 612//612
f 596//596 584//584 588//588
f 552//552 564//564 560//560
f 614//614 613//613 615//615
f 597//597 593//593 601//601
f 613//613 609//609 615//615
f 609//609 605//605 601//601
f 557//557 561//561 569//569
f 573//573 577//577 585//585
f 577//577 565//565 569//569
f 581//581 585//585 593//593
f 609//609 613//613 605//605
f 593//593 597//597 589//589
f 597//597 601//601 605//605
f 585//585 581//581 573//573
f 569//569 565//565 557//557
f 565//565 577//577 573//573
f 581//581 593//593 589//589
f 557//557 549//549 561//561
f 537//537 515//515 523//523
f 549//549 543//543 553//553
f 537//537 553//553 543//543
f 537//537 543//543 515//515
f 495//495 497//497 509//509
f 515//515 505//505 495//495
f 509//509 515//515 495//495
f 523//523 515//515 509//509
f 515//515 543//543 527//527
f 543//543 549//549 541//541
f 527//527 543//543 533//533
f 533//533 543//543 541//541
f 515//515 519//519 513//513
f 505//505 515//515 513//513
f 519//519 515//515 527//527
f 561//561 549//549 553//553
f 483//483 473//473 485//485
f 473//473 467//467 459//459
f 467//467 473//473 483//483
f 439//439 429//429 445//445
f 449//449 439//439 455//455
f 445//445 455//455 439//439
f 439//439 433//433 429//429
f 459//459 455//455 445//445
f 459//459 467//467 455//455
f 483//483 481//481 477//477
f 455//455 467//467 463//463
f 467//467 483//483 477//477
f 455//455 453//453 449//449
f 439//439 437//437 433//433
f 437//437 439//439 449//449
f 453//453 455//455 463//463
f 433//433 421//421 429//429
f 425//425 413//413 421//421
f 409//409 397//397 405//405
f 417//417 405//405 413//413
f 385//385 381//381 389//389
f 338//338 340//340 373//373
f 377//377 373//373 381//381
f 401//401 389//389 397//397
f 413//413 425//425 417//417
f 397//397 409//409 401//401
f 409//409 405//405 417//417
f 389//389 393//393 385//385
f 373//373 377//377 338//338
f 377//377 381//381 385//385
f 393//393 389//389 401//401
f 433//433 425//425 421//421
f 369//369 370//370 372//372
f 386//386 390//390 382//382
f 339//339 374//374 341//341
f 374//374 378//378 382//382
f 426//426 422//422 414//414
f 410//410 406//406 398//398
f 406//406 418//418 414//414
f 402//402 398//398 390//390
f 374//374 339//339 378//378
f 390//390 386//386 394//394
f 386//386 382//382 378//378
f 398//398 402//402 410//410
f 414//414 418//418 426//426
f 418//418 406//406 410//410
f 402//402 390//390 394//394
f 426//426 434//434 422//422
f 446//446 469//469 460//460
f 434//434 440//440 430//430
f 446//446 430//430 440//440
f 446//446 440//440 469//469
f 484//484 486//486 474//474
f 478//478 484//484 469//469
f 474//474 469//469 484//484
f 460//460 469//469 474//474
f 469//469 440//440 454//454
f 440//440 434//434 438//438
f 454//454 440//440 450//450
f 450//450 440//440 438//438
f 469//469 464//464 468//468
f 484//484 478//478 482//482
f 478//478 469//469 468//468
f 464//464 469//469 454//454
f 422//422 434//434 430//430
f 496//496 510//510 498//498
f 510//510 514//514 524//524
f 514//514 510//510 496//496
f 544//544 554//554 538//538
f 529//529 534//534 544//544
f 538//538 529//529 544//544
f 544//544 550//550 554//554
f 524//524 529//529 538//538
f 524//524 514//514 529//529
f 496//496 494//494 506//506
f 529//529 514//514 520//520
f 514//514 496//496 506//506
f 529//529 528//528 534//534
f 544//544 542//542 550//550
f 528//528 529//529 520//520
f 550//550 562//562 554//554
f 558//558 570//570 562//562
f 574//574 586//586 578//578
f 566//566 578//578 570//570
f 598//598 602//602 594//594
f 614//614 616//616 610//610
f 606//606 610//610 602//602
f 582//582 594//594 586//586
f 570//570 558//558 566//566
f 586//586 574//574 582//582
f 574//574 578//578 566//566
f 594//594 590//590 598//598
f 610//610 606//606 614//614
f 606//606 602//602 598//598
f 590//590 594//594 582//582
f 550//550 558//558 562//562
f 645//645 644//644 646//646
f 611//611 607//607 646//646
f 595//595 591//591 599//599
f 603//603 599//599 607//607
f 587//587 575//575 583//583
f 571//571 559//559 567//567
f 579//579 567//567 575//575
f 595//595 583//583 591//591
f 646//646 644//644 611//611
f 599//599 603//603 595//595
f 603//603 607//607 611//611
f 575//575 587//587 579//579
f 559//559 571//571 563//563
f 571//571 567//567 579//579
f 587//587 583//583 595//595
f 563//563 551//551 559//559
f 545//545 547//547 551//551
f 516//516 521//521 531//531
f 545//545 535//535 547//547
f 516//516 517//517 521//521
f 501//501 503//503 507//507
f 516//516 507//507 517//517
f 539//539 545//545 555//555
f 551//551 555//555 545//545
f 539//539 516//516 545//545
f 545//545 531//531 535//535
f 511//511 501//501 516//516
f 507//507 516//516 501//501
f 501//501 511//511 499//499
f 525//525 511//511 516//516
f 525//525 516//516 539//539
f 563//563 555//555 551//551
f 489//489 479//479 491//491
f 456//456 465//465 471//471
f 489//489 471//471 479//479
f 456//456 451//451 457//457
f 441//441 435//435 443//443
f 441//441 443//443 451//451
f 456//456 457//457 465//465
f 475//475 461//461 471//471
f 471//471 489//489 475//475
f 489//489 487//487 475//475
f 447//447 441//441 456//456
f 451//451 456//456 441//441
f 441//441 447//447 431//431
f 431//431 435//435 441//441
f 461//461 447//447 456//456
f 471//471 461//461 456//456
f 431//431 423//423 435//435
f 415//415 419//419 427//427
f 399//399 403//403 411//411
f 407//407 411//411 419//419
f 391//391 387//387 395//395
f 375//375 371//371 379//379
f 383//383 379//379 387//387
f 391//391 395//395 403//403
f 411//411 407//407 399//399
f 427//427 423//423 415//415
f 419//419 415//415 407//407
f 371//371 375//375 369//369
f 387//387 391//391 383//383
f 379//379 383//383 375//375
f 391//391 403//403 399//399
f 435//435 423//423 427//427
f 338//338 339//339 341//341
f 269//269 268//268 374//374
f 343//343 271//271 270//270
f 269//269 343//343 270//270
f 343//343 269//269 374//374
f 346//346 271//271 343//343
f 274//274 273//273 346//346
f 272//272 346//346 273//273
f 348//348 274//274 346//346
f 271//271 346//346 272//272
f 398//398 346//346 390//390
f 374//374 268//268 341//341
f 343//343 382//382 346//346
f 374//374 382//382 343//343
f 398//398 406//406 346//346
f 382//382 390//390 346//346
f 414//414 346//346 406//406
f 348//348 414//414 422//422
f 422//422 430//430 348//348
f 348//348 346//346 414//414
f 348//348 275//275 274//274
f 350//350 276//276 348//348
f 350//350 278//278 277//277
f 350//350 277//277 276//276
f 352//352 280//280 279//279
f 353//353 282//282 281//281
f 355//355 283//283 282//282
f 353//353 281//281 280//280
f 352//352 279//279 278//278
f 446//446 352//352 350//350
f 278//278 350//350 352//352
f 350//350 430//430 446//446
f 446//446 460//460 352//352
f 350//350 348//348 430//430
f 474//474 355//355 353//353
f 282//282 353//353 355//355
f 353//353 460//460 474//474
f 355//355 474//474 486//486
f 352//352 460//460 353//353
f 353//353 280//280 352//352
f 602//602 621//621 594//594
f 688//688 618//618 610//610
f 602//602 610//610 618//618
f 621//621 586//586 594//594
f 623//623 570//570 621//621
f 621//621 578//578 586//586
f 570//570 578//578 621//621
f 618//618 621//621 602//602
f 623//623 562//562 570//570
f 621//621 690//690 691//691
f 687//687 610//610 616//616
f 688//688 610//610 687//687
f 689//689 618//618 688//688
f 621//621 618//618 690//690
f 689//689 690//690 618//618
f 692//692 621//621 691//691
f 693//693 621//621 692//692
f 693//693 694//694 623//623
f 693//693 623//623 621//621
f 623//623 554//554 562//562
f 625//625 538//538 554//554
f 625//625 697//697 626//626
f 538//538 625//625 626//626
f 626//626 524//524 538//538
f 623//623 694//694 695//695
f 629//629 498//498 510//510
f 524//524 628//628 510//510
f 629//629 510//510 628//628
f 701//701 629//629 628//628
f 626//626 628//628 524//524
f 626//626 699//699 628//628
f 625//625 696//696 697//697
f 696//696 625//625 695//695
f 626//626 698//698 699//699
f 628//628 700//700 701//701
f 629//629 701//701 702//702
f 625//625 554//554 623//623
f 631//631 512//512 500//500
f 526//526 512//512 634//634
f 705//705 512//512 631//631
f 636//636 556//556 540//540
f 634//634 707//707 708//708
f 540//540 634//634 636//636
f 556//556 636//636 638//638
f 710//710 638//638 636//636
f 638//638 564//564 556//556
f 526//526 634//634 540//540
f 634//634 512//512 705//705
f 631//631 703//703 704//704
f 634//634 705//705 706//706
f 705//705 631//631 704//704
f 636//636 709//709 710//710
f 638//638 710//710 711//711
f 709//709 636//636 708//708
f 707//707 634//634 706//706
f 711//711 712//712 638//638
f 638//638 640//640 572//572
f 588//588 580//580 640//640
f 572//572 640//640 580//580
f 638//638 712//712 640//640
f 641//641 596//596 588//588
f 641//641 643//643 604//604
f 596//596 641//641 604//604
f 612//612 604//604 643//643
f 640//640 641//641 588//588
f 714//714 641//641 640//640
f 715//715 641//641 714//714
f 716//716 641//641 715//715
f 713//713 714//714 640//640
f 612//612 717//717 649//649
f 645//645 612//612 649//649
f 721//721 649//649 717//717
f 612//612 643//643 717//717
f 641//641 716//716 643//643
f 564//564 638//638 572//572
f 356//356 285//285 284//284
f 359//359 287//287 286//286
f 356//356 286//286 285//285
f 359//359 289//289 288//288
f 361//361 291//291 290//290
f 363//363 292//292 291//291
f 361//361 290//290 289//289
f 359//359 288//288 287//287
f 462//462 359//359 476//476
f 286//286 356//356 476//476
f 356//356 488//488 476//476
f 448//448 361//361 359//359
f 289//289 359//359 361//361
f 448//448 432//432 361//361
f 363//363 361//361 432//432
f 424//424 363//363 432//432
f 363//363 291//291 361//361
f 462//462 448//448 359//359
f 476//476 359//359 286//286
f 363//363 293//293 292//292
f 365//365 294//294 293//293
f 366//366 296//296 295//295
f 294//294 365//365 295//295
f 363//363 416//416 365//365
f 366//366 297//297 296//296
f 366//366 368//368 297//297
f 298//298 297//297 368//368
f 302//302 298//298 376//376
f 400//400 366//366 365//365
f 365//365 408//408 400//400
f 416//416 363//363 424//424
f 365//365 416//416 408//408
f 368//368 376//376 298//298
f 370//370 302//302 376//376
f 384//384 366//366 392//392
f 368//368 384//384 376//376
f 384//384 368//368 366//366
f 392//392 366//366 400//400
f 365//365 293//293 363//363
f 307//307 299//299 369//369
f 311//311 309//309 367//367
f 375//375 309//309 307//307
f 309//309 375//375 367//367
f 315//315 313//313 364//364
f 364//364 317//317 315//315
f 367//367 364//364 313//313
f 311//311 367//367 313//313
f 319//319 317//317 364//364
f 375//375 307//307 369//369
f 367//367 383//383 364//364
f 375//375 383//383 367//367
f 407//407 364//364 399//399
f 383//383 391//391 364//364
f 364//364 407//407 415//415
f 362//362 319//319 364//364
f 423//423 362//362 415//415
f 364//364 391//391 399//399
f 415//415 362//362 364//364
f 362//362 323//323 321//321
f 360//360 327//327 325//325
f 360//360 325//325 323//323
f 358//358 331//331 329//329
f 357//357 337//337 335//335
f 357//357 335//335 333//333
f 357//357 333//333 331//331
f 358//358 329//329 327//327
f 431//431 360//360 362//362
f 323//323 362//362 360//360
f 360//360 431//431 447//447
f 447//447 358//358 360//360
f 423//423 431//431 362//362
f 461//461 357//357 358//358
f 331//331 358//358 357//357
f 357//357 461//461 475//475
f 357//357 475//475 487//487
f 487//487 337//337 357//357
f 447//447 461//461 358//358
f 358//358 327//327 360//360
f 319//319 362//362 321//321
f 603//603 639//639 595//595
f 678//678 642//642 611//611
f 603//603 611//611 642//642
f 587//587 595//595 639//639
f 639//639 637//637 571//571
f 639//639 579//579 587//587
f 571//571 579//579 639//639
f 603//603 642//642 639//639
f 668//668 637//637 639//639
f 639//639 674//674 672//672
f 644//644 680//680 611//611
f 680//680 678//678 611//611
f 644//644 718//718 680//680
f 639//639 642//642 674//674
f 676//676 642//642 678//678
f 674//674 642//642 676//676
f 672//672 670//670 639//639
f 670//670 668//668 639//639
f 637//637 563//563 571//571
f 635//635 539//539 555//555
f 665//665 635//635 637//637
f 555//555 637//637 635//635
f 635//635 633//633 539//539
f 563//563 637//637 555//555
f 630//630 511//511 632//632
f 632//632 525//525 633//633
f 539//539 633//633 525//525
f 511//511 525//525 632//632
f 657//657 632//632 633//633
f 630//630 499//499 511//511
f 661//661 633//633 635//635
f 659//659 633//633 661//661
f 665//665 637//637 667//667
f 663//663 635//635 665//665
f 661//661 635//635 663//663
f 653//653 651//651 630//630
f 655//655 632//632 657//657
f 653//653 632//632 655//655
f 633//633 659//659 657//657
f 653//653 630//630 632//632
f 668//668 667//667 637//637
f 351//351 330//330 332//332
f 354//354 334//334 336//336
f 334//334 473//473 332//332
f 347//347 320//320 322//322
f 349//349 324//324 326//326
f 351//351 326//326 328//328
f 324//324 349//349 322//322
f 351//351 328//328 330//330
f 354//354 473//473 334//334
f 459//459 351//351 332//332
f 354//354 485//485 473//473
f 459//459 332//332 473//473
f 459//459 445//445 351//351
f 429//429 347//347 349//349
f 322//322 349//349 347//347
f 349//349 445//445 429//429
f 347//347 429//429 421//421
f 413//413 347//347 421//421
f 351//351 445//445 349//349
f 349//349 326//326 351//351
f 318//318 320//320 347//347
f 345//345 314//314 316//316
f 347//347 413//413 345//345
f 316//316 318//318 345//345
f 345//345 344//344 314//314
f 373//373 306//306 308//308
f 342//342 310//310 344//344
f 312//312 344//344 310//310
f 314//314 344//344 312//312
f 265//265 306//306 340//340
f 397//397 389//389 344//344
f 381//381 344//344 389//389
f 405//405 345//345 413//413
f 397//397 345//345 405//405
f 345//345 397//397 344//344
f 342//342 373//373 308//308
f 340//340 306//306 373//373
f 342//342 381//381 373//373
f 342//342 308//308 310//310
f 344//344 381//381 342//342
f 318//318 347//347 345//345
f 893//893 688//688 687//687
f 893//893 690//690 689//689
f 893//893 689//689 688//688
f 894//894 692//692 691//691
f 895//895 694//694 693//693
f 895//895 695//695 694//694
f 894//894 693//693 692//692
f 894//894 691//691 690//690
f 935//935 893//893 933//933
f 687//687 933//933 893//893
f 893//893 894//894 690//690
f 937//937 893//893 935//935
f 939//939 895//895 894//894
f 693//693 894//894 895//895
f 939//939 941//941 895//895
f 896//896 941//941 943//943
f 895//895 941//941 896//896
f 937//937 939//939 894//894
f 893//893 937//937 894//894
f 896//896 695//695 895//895
f 896//896 697//697 696//696
f 698//698 697//697 897//897
f 896//896 897//897 697//697
f 695//695 896//896 696//696
f 898//898 699//699 897//897
f 700//700 898//898 701//701
f 898//898 700//700 699//699
f 702//702 701//701 899//899
f 945//945 897//897 896//896
f 949//949 897//897 947//947
f 949//949 951//951 897//897
f 898//898 951//951 953//953
f 945//945 947//947 897//897
f 957//957 899//899 898//898
f 701//701 898//898 899//899
f 955//955 957//957 898//898
f 959//959 899//899 957//957
f 953//953 955//955 898//898
f 898//898 897//897 951//951
f 943//943 945//945 896//896
f 900//900 704//704 703//703
f 901//901 705//705 900//900
f 901//901 707//707 706//706
f 902//902 708//708 901//901
f 709//709 708//708 902//902
f 705//705 901//901 706//706
f 954//954 901//901 900//900
f 901//901 954//954 952//952
f 958//958 956//956 900//900
f 954//954 900//900 956//956
f 900//900 960//960 958//958
f 946//946 944//944 902//902
f 902//902 944//944 942//942
f 901//901 950//950 948//948
f 948//948 946//946 901//901
f 901//901 952//952 950//950
f 946//946 902//902 901//901
f 710//710 709//709 902//902
f 903//903 711//711 710//710
f 904//904 713//713 712//712
f 903//903 712//712 711//711
f 905//905 715//715 714//714
f 906//906 717//717 716//716
f 721//721 717//717 906//906
f 905//905 716//716 715//715
f 904//904 714//714 713//713
f 940//940 904//904 903//903
f 712//712 903//903 904//904
f 942//942 940//940 903//903
f 938//938 904//904 940//940
f 938//938 905//905 904//904
f 903//903 902//902 942//942
f 936//936 906//906 905//905
f 716//716 905//905 906//906
f 936//936 934//934 906//906
f 907//907 906//906 934//934
f 938//938 936//936 905//905
f 905//905 714//714 904//904
f 710//710 902//902 903//903
f 973//973 978//978 979//979
f 972//972 977//977 978//978
f 968//968 973//973 974//974
f 967//967 972//972 973//973
f 984//984 985//985 980//980
f 975//975 974//974 979//979
f 974//974 975//975 970//970
f 979//979 978//978 983//983
f 982//982 983//983 978//978
f 981//981 982//982 977//977
f 976//976 977//977 972//972
f 969//969 970//970 965//965
f 968//968 969//969 964//964
f 963//963 962//962 967//967
f 971//971 972//972 967//967
f 962//962 961//961 966//966
f 79//79 48//48 50//50
f 268//268 269//269 79//79
f 50//50 52//52 79//79
f 79//79 80//80 48//48
f 82//82 44//44 81//81
f 81//81 46//46 80//80
f 48//48 80//80 46//46
f 44//44 46//46 81//81
f 80//80 274//274 81//81
f 81//81 275//275 276//276
f 271//271 80//80 79//79
f 79//79 270//270 271//271
f 270//270 79//79 269//269
f 80//80 272//272 273//273
f 274//274 80//80 273//273
f 272//272 80//80 271//271
f 42//42 44//44 82//82
f 38//38 40//40 83//83
f 40//40 82//82 83//83
f 42//42 82//82 40//40
f 36//36 38//38 83//83
f 84//84 28//28 30//30
f 32//32 34//34 84//84
f 30//30 32//32 84//84
f 83//83 34//34 36//36
f 26//26 28//28 84//84
f 277//277 278//278 82//82
f 82//82 278//278 83//83
f 279//279 280//280 83//83
f 281//281 84//84 280//280
f 83//83 280//280 84//84
f 84//84 281//281 282//282
f 84//84 282//282 283//283
f 283//283 26//26 84//84
f 84//84 34//34 83//83
f 276//276 277//277 82//82
f 85//85 29//29 27//27
f 33//33 31//31 85//85
f 29//29 85//85 31//31
f 86//86 35//35 33//33
f 39//39 37//37 86//86
f 35//35 86//86 37//37
f 85//85 86//86 33//33
f 41//41 39//39 86//86
f 285//285 85//85 284//284
f 86//86 286//286 287//287
f 285//285 286//286 85//85
f 289//289 87//87 86//86
f 41//41 86//86 87//87
f 86//86 288//288 289//289
f 87//87 289//289 290//290
f 290//290 291//291 87//87
f 287//287 288//288 86//86
f 85//85 286//286 86//86
f 87//87 43//43 41//41
f 87//87 88//88 45//45
f 89//89 47//47 88//88
f 45//45 88//88 47//47
f 87//87 291//291 88//88
f 90//90 51//51 49//49
f 89//89 90//90 49//49
f 51//51 90//90 91//91
f 53//53 51//51 91//91
f 295//295 90//90 89//89
f 47//47 89//89 49//49
f 88//88 292//292 293//293
f 292//292 88//88 291//291
f 294//294 89//89 293//293
f 295//295 89//89 294//294
f 296//296 297//297 90//90
f 90//90 295//295 296//296
f 91//91 297//297 298//298
f 91//91 298//298 302//302
f 302//302 53//53 91//91
f 91//91 90//90 297//297
f 45//45 43//43 87//87
f 13//13 8//8 7//7
f 14//14 9//9 8//8
f 18//18 13//13 12//12
f 19//19 14//14 13//13
f 2//2 1//1 6//6
f 11//11 12//12 7//7
f 12//12 11//11 16//16
f 7//7 8//8 3//3
f 4//4 3//3 8//8
f 5//5 4//4 9//9
f 10//10 9//9 14//14
f 17//17 16//16 21//21
f 18//18 17//17 22//22
f 23//23 24//24 19//19
f 15//15 14//14 19//19
f 24//24 25//25 20//20
f 92//92 128//128 94//94
f 96//96 94//94 128//128
f 128//128 98//98 96//96
f 102//102 100//100 127//127
f 104//104 127//127 106//106
f 127//127 104//104 102//102
f 98//98 127//127 100//100
f 126//126 108//108 106//106
f 330//330 127//127 332//332
f 98//98 128//128 332//332
f 336//336 334//334 128//128
f 332//332 128//128 334//334
f 326//326 126//126 127//127
f 106//106 127//127 126//126
f 328//328 326//326 127//127
f 324//324 126//126 326//326
f 322//322 126//126 324//324
f 330//330 328//328 127//127
f 332//332 127//127 98//98
f 125//125 108//108 126//126
f 125//125 112//112 110//110
f 125//125 124//124 112//112
f 114//114 112//112 124//124
f 123//123 114//114 124//124
f 318//318 124//124 125//125
f 126//126 322//322 125//125
f 122//122 118//118 116//116
f 123//123 122//122 116//116
f 120//120 118//118 122//122
f 306//306 120//120 122//122
f 310//310 122//122 123//123
f 114//114 123//123 116//116
f 314//314 123//123 124//124
f 124//124 316//316 314//314
f 125//125 322//322 320//320
f 125//125 320//320 318//318
f 124//124 318//318 316//316
f 120//120 306//306 265//265
f 123//123 312//312 310//310
f 122//122 310//310 308//308
f 122//122 308//308 306//306
f 312//312 123//123 314//314
f 110//110 108//108 125//125
f 263//263 266//266 267//267
f 264//264 262//262 261//261
f 303//303 304//304 305//305
f 300//300 303//303 301//301
f 304//304 303//303 300//300
f 53//53 144//144 146//146
f 144//144 53//53 142//142
f 53//53 146//146 25//25
f 25//25 49//49 51//51
f 25//25 45//45 47//47
f 25//25 43//43 45//45
f 47//47 49//49 25//25
f 51//51 53//53 25//25
f 21//21 52//52 50//50
f 52//52 138//138 140//140
f 52//52 137//137 138//138
f 137//137 52//52 21//21
f 21//21 46//46 44//44
f 21//21 48//48 46//46
f 44//44 42//42 21//21
f 21//21 50//50 48//48
f 41//41 43//43 25//25
f 25//25 37//37 39//39
f 25//25 33//33 35//35
f 25//25 31//31 33//33
f 35//35 37//37 25//25
f 24//24 29//29 25//25
f 31//31 25//25 29//29
f 23//23 27//27 24//24
f 29//29 24//24 27//27
f 26//26 27//27 23//23
f 25//25 39//39 41//41
f 21//21 34//34 32//32
f 21//21 38//38 36//36
f 21//21 40//40 38//38
f 36//36 34//34 21//21
f 28//28 26//26 22//22
f 21//21 30//30 28//28
f 22//22 21//21 28//28
f 32//32 30//30 21//21
f 42//42 40//40 21//21
f 964//964 965//965 958//958
f 956//956 958//958 965//965
f 963//963 964//964 960//960
f 958//958 960//960 964//964
f 965//965 948//948 950//950
f 965//965 954//954 956//956
f 965//965 952//952 954//954
f 965//965 950//950 952//952
f 948//948 965//965 946//946
f 959//959 962//962 963//963
f 961//961 962//962 957//957
f 959//959 957//957 962//962
f 955//955 961//961 957//957
f 963//963 960//960 959//959
f 961//961 955//955 953//953
f 961//961 949//949 947//947
f 961//961 951//951 949//949
f 961//961 953//953 951//951
f 945//945 961//961 947//947
f 965//965 940//940 942//942
f 965//965 944//944 946//946
f 965//965 942//942 944//944
f 846//846 934//934 848//848
f 965//965 848//848 934//934
f 965//965 936//936 938//938
f 965//965 934//934 936//936
f 938//938 940//940 965//965
f 961//961 945//945 943//943
f 961//961 939//939 937//937
f 961//961 941//941 939//939
f 961//961 943//943 941//941
f 961//961 935//935 933//933
f 933//933 844//844 842//842
f 933//933 842//842 840//840
f 961//961 933//933 840//840
f 961//961 937//937 935//935
f 627//627 509//509 497//497
f 523//523 624//624 537//537
f 509//509 627//627 523//523
f 650//650 627//627 497//497
f 624//624 553//553 537//537
f 624//624 622//622 553//553
f 561//561 553//553 622//622
f 669//669 622//622 666//666
f 664//664 622//622 624//624
f 624//624 523//523 627//627
f 624//624 627//627 658//658
f 627//627 650//650 652//652
f 627//627 654//654 656//656
f 654//654 627//627 652//652
f 624//624 658//658 660//660
f 624//624 662//662 664//664
f 622//622 664//664 666//666
f 662//662 624//624 660//660
f 656//656 658//658 627//627
f 569//569 561//561 622//622
f 620//620 577//577 569//569
f 619//619 585//585 620//620
f 577//577 620//620 585//585
f 622//622 669//669 620//620
f 619//619 601//601 593//593
f 601//601 619//619 617//617
f 609//609 601//601 617//617
f 679//679 609//609 617//617
f 677//677 679//679 617//617
f 585//585 619//619 593//593
f 673//673 619//619 620//620
f 620//620 671//671 673//673
f 675//675 677//677 619//619
f 673//673 675//675 619//619
f 671//671 620//620 669//669
f 609//609 681//681 648//648
f 609//609 679//679 681//681
f 684//684 648//648 681//681
f 677//677 617//617 619//619
f 648//648 615//615 609//609
f 569//569 622//622 620//620
f 722//722 719//719 720//720
f 723//723 725//725 724//724
f 682//682 683//683 686//686
f 909//909 75//75 74//74
f 911//911 77//77 76//76
f 912//912 78//78 77//77
f 910//910 76//76 75//75
f 482//482 494//494 496//496
f 486//486 484//484 498//498
f 283//283 85//85 26//26
f 488//488 355//355 486//486
f 486//486 498//498 500//500
f 629//629 631//631 500//500
f 960//960 900//900 899//899
f 702//702 703//703 631//631
f 498//498 484//484 496//496
f 900//900 703//703 702//702
f 283//283 355//355 356//356
f 283//283 284//284 85//85
f 355//355 488//488 356//356
f 492//492 490//490 502//502
f 490//490 488//488 500//500
f 283//283 356//356 284//284
f 489//489 491//491 503//503
f 487//487 354//354 337//337
f 337//337 128//128 129//129
f 93//93 129//129 128//128
f 487//487 489//489 501//501
f 650//650 630//630 651//651
f 891//891 856//856 892//892
f 856//856 650//650 651//651
f 630//630 497//497 499//499
f 499//499 497//497 485//485
f 337//337 354//354 336//336
f 336//336 128//128 337//337
f 487//487 485//485 354//354
f 485//485 497//497 495//495
f 856//856 855//855 650//650
f 650//650 497//497 630//630
f 891//891 855//855 856//856
f 493//493 481//481 483//483
f 982//982 981//981 1//1
f 984//984 983//983 3//3
f 985//985 984//984 4//4
f 983//983 982//982 2//2
f 766//766 645//645 649//649
f 792//792 649//649 721//721
f 766//766 649//649 774//774
f 774//774 649//649 784//784
f 766//766 758//758 645//645
f 645//645 735//735 727//727
f 645//645 758//758 750//750
f 645//645 750//750 743//743
f 645//645 743//743 735//735
f 727//727 720//720 645//645
f 838//838 721//721 846//846
f 934//934 846//846 907//907
f 846//846 721//721 907//907
f 838//838 830//830 721//721
f 721//721 800//800 792//792
f 649//649 792//792 784//784
f 823//823 721//721 830//830
f 721//721 816//816 808//808
f 721//721 808//808 800//800
f 823//823 816//816 721//721
f 644//644 720//720 719//719
f 644//644 729//729 741//741
f 644//644 741//741 745//745
f 729//729 644//644 719//719
f 756//756 718//718 644//644
f 718//718 756//756 760//760
f 718//718 760//760 772//772
f 772//772 776//776 718//718
f 745//745 756//756 644//644
f 644//644 645//645 720//720
f 718//718 776//776 783//783
f 718//718 790//790 794//794
f 718//718 794//794 806//806
f 790//790 718//718 783//783
f 718//718 810//810 821//821
f 718//718 821//821 825//825
f 718//718 836//836 845//845
f 718//718 845//845 864//864
f 836//836 718//718 825//825
f 810//810 718//718 806//806
f 648//648 684//684 759//759
f 775//775 771//771 684//684
f 684//684 771//771 759//759
f 781//781 775//775 684//684
f 728//728 615//615 648//648
f 648//648 740//740 728//728
f 648//648 759//759 755//755
f 648//648 755//755 744//744
f 648//648 744//744 740//740
f 728//728 685//685 615//615
f 684//684 824//824 820//820
f 684//684 863//863 843//843
f 684//684 843//843 835//835
f 684//684 835//835 824//824
f 684//684 789//789 781//781
f 684//684 809//809 805//805
f 684//684 805//805 793//793
f 684//684 793//793 789//789
f 809//809 684//684 820//820
f 686//686 615//615 685//685
f 616//616 726//726 734//734
f 616//616 734//734 742//742
f 726//726 616//616 686//686
f 773//773 616//616 765//765
f 616//616 749//749 757//757
f 616//616 757//757 765//765
f 773//773 687//687 616//616
f 742//742 749//749 616//616
f 686//686 616//616 615//615
f 687//687 773//773 782//782
f 687//687 791//791 799//799
f 687//687 799//799 807//807
f 791//791 687//687 782//782
f 687//687 815//815 822//822
f 687//687 822//822 829//829
f 687//687 837//837 844//844
f 687//687 844//844 933//933
f 837//837 687//687 829//829
f 815//815 687//687 807//807
f 985//985 5//5 980//980
f 975//975 518//518 970//970
f 608//608 647//647 965//965
f 834//834 848//848 647//647
f 965//965 647//647 848//848
f 970//970 532//532 965//965
f 508//508 975//975 980//980
f 647//647 819//819 834//834
f 647//647 788//788 804//804
f 804//804 819//819 647//647
f 647//647 754//754 770//770
f 739//739 647//647 725//725
f 647//647 739//739 754//754
f 770//770 788//788 647//647
f 224//224 372//372 208//208
f 965//965 536//536 548//548
f 965//965 532//532 536//536
f 980//980 504//504 508//508
f 970//970 518//518 522//522
f 975//975 508//508 518//518
f 522//522 532//532 970//970
f 965//965 584//584 592//592
f 965//965 600//600 608//608
f 965//965 592//592 600//600
f 965//965 552//552 560//560
f 965//965 568//568 576//576
f 965//965 560//560 568//568
f 576//576 584//584 965//965
f 965//965 548//548 552//552
f 504//504 980//980 492//492
f 647//647 646//646 725//725
f 646//646 803//803 787//787
f 646//646 818//818 803//803
f 646//646 738//738 724//724
f 646//646 769//769 753//753
f 753//753 738//738 646//646
f 646//646 787//787 769//769
f 847//847 917//917 922//922
f 932//932 847//847 927//927
f 646//646 847//847 833//833
f 847//847 922//922 927//927
f 646//646 607//607 847//847
f 912//912 847//847 575//575
f 646//646 833//833 818//818
f 917//917 847//847 912//912
f 912//912 503//503 491//491
f 847//847 599//599 591//591
f 847//847 607//607 599//599
f 847//847 583//583 575//575
f 912//912 567//567 559//559
f 912//912 575//575 567//567
f 847//847 591//591 583//583
f 912//912 551//551 547//547
f 912//912 535//535 531//531
f 912//912 547//547 535//535
f 912//912 521//521 517//517
f 912//912 507//507 503//503
f 912//912 517//517 507//507
f 912//912 531//531 521//521
f 912//912 559//559 551//551
f 912//912 491//491 78//78
f 10//10 480//480 492//492
f 15//15 472//472 480//480
f 20//20 458//458 466//466
f 25//25 444//444 452//452
f 452//452 458//458 25//25
f 466//466 472//472 20//20
f 25//25 428//428 436//436
f 25//25 412//412 420//420
f 420//420 428//428 25//25
f 25//25 396//396 404//404
f 25//25 380//380 388//388
f 388//388 396//396 25//25
f 404//404 412//412 25//25
f 436//436 444//444 25//25
f 146//146 372//372 25//25
f 25//25 372//372 380//380
f 159//159 372//372 146//146
f 20//20 25//25 458//458
f 15//15 20//20 472//472
f 15//15 480//480 10//10
f 372//372 256//256 305//305
f 371//371 305//305 304//304
f 371//371 372//372 305//305
f 372//372 159//159 174//174
f 372//372 190//190 208//208
f 372//372 174//174 190//190
f 256//256 372//372 240//240
f 372//372 224//224 240//240
f 10//10 492//492 980//980
f 78//78 419//419 411//411
f 78//78 427//427 419//419
f 145//145 387//387 379//379
f 145//145 403//403 395//395
f 395//395 387//387 145//145
f 145//145 411//411 403//403
f 78//78 471//471 465//465
f 78//78 491//491 479//479
f 479//479 471//471 78//78
f 78//78 443//443 435//435
f 78//78 457//457 451//451
f 451//451 443//443 78//78
f 78//78 465//465 457//457
f 435//435 427//427 78//78
f 371//371 255//255 239//239
f 371//371 304//304 255//255
f 371//371 223//223 207//207
f 371//371 189//189 173//173
f 371//371 207//207 189//189
f 371//371 239//239 223//223
f 371//371 158//158 145//145
f 371//371 145//145 379//379
f 78//78 411//411 145//145
f 78//78 145//145 73//73
f 173//173 158//158 371//371
f 145//145 68//68 73//73
f 68//68 145//145 63//63
f 145//145 58//58 63//63
f 302//302 142//142 53//53
f 302//302 163//163 156//156
f 302//302 156//156 148//148
f 302//302 148//148 142//142
f 302//302 178//178 170//170
f 302//302 204//204 194//194
f 302//302 194//194 186//186
f 302//302 186//186 178//178
f 302//302 170//170 163//163
f 370//370 220//220 212//212
f 302//302 370//370 212//212
f 228//228 220//220 370//370
f 236//236 228//228 370//370
f 204//204 302//302 212//212
f 370//370 244//244 236//236
f 370//370 301//301 260//260
f 370//370 260//260 252//252
f 370//370 252//252 244//244
f 369//369 301//301 370//370
f 299//299 176//176 180//180
f 299//299 192//192 196//196
f 299//299 196//196 203//203
f 192//192 299//299 180//180
f 299//299 121//121 141//141
f 299//299 150//150 161//161
f 299//299 161//161 165//165
f 150//150 299//299 141//141
f 299//299 165//165 176//176
f 369//369 230//230 242//242
f 369//369 246//246 258//258
f 369//369 258//258 300//300
f 246//246 369//369 242//242
f 299//299 210//210 214//214
f 230//230 369//369 299//299
f 214//214 226//226 299//299
f 226//226 230//230 299//299
f 299//299 203//203 210//210
f 301//301 369//369 300//300
f 981//981 976//976 1//1
f 971//971 966//966 514//514
f 606//606 961//961 614//614
f 827//827 614//614 840//840
f 961//961 840//840 614//614
f 966//966 961//961 528//528
f 506//506 976//976 971//971
f 614//614 827//827 812//812
f 614//614 796//796 778//778
f 796//796 614//614 812//812
f 614//614 762//762 747//747
f 731//731 683//683 614//614
f 614//614 747//747 731//731
f 762//762 614//614 778//778
f 216//216 198//198 339//339
f 961//961 542//542 534//534
f 961//961 534//534 528//528
f 976//976 506//506 494//494
f 966//966 520//520 514//514
f 971//971 514//514 506//506
f 520//520 966//966 528//528
f 961//961 590//590 582//582
f 961//961 606//606 598//598
f 961//961 598//598 590//590
f 961//961 558//558 550//550
f 961//961 574//574 566//566
f 961//961 566//566 558//558
f 574//574 961//961 582//582
f 961//961 550//550 542//542
f 494//494 482//482 976//976
f 614//614 683//683 613//613
f 613//613 777//777 795//795
f 613//613 795//795 811//811
f 613//613 682//682 730//730
f 613//613 746//746 761//761
f 746//746 613//613 730//730
f 613//613 761//761 777//777
f 839//839 918//918 913//913
f 928//928 923//923 839//839
f 613//613 826//826 839//839
f 839//839 923//923 918//918
f 613//613 839//839 605//605
f 908//908 573//573 839//839
f 613//613 811//811 826//826
f 913//913 908//908 839//839
f 908//908 481//481 493//493
f 839//839 589//589 597//597
f 839//839 597//597 605//605
f 839//839 573//573 581//581
f 908//908 557//557 565//565
f 908//908 565//565 573//573
f 839//839 581//581 589//589
f 908//908 541//541 549//549
f 908//908 527//527 533//533
f 908//908 533//533 541//541
f 908//908 513//513 519//519
f 908//908 493//493 505//505
f 908//908 505//505 513//513
f 908//908 519//519 527//527
f 908//908 549//549 557//557
f 908//908 74//74 481//481
f 6//6 482//482 478//478
f 11//11 478//478 468//468
f 16//16 464//464 454//454
f 21//21 450//450 438//438
f 450//450 21//21 454//454
f 464//464 16//16 468//468
f 21//21 434//434 426//426
f 21//21 418//418 410//410
f 418//418 21//21 426//426
f 21//21 402//402 394//394
f 21//21 386//386 378//378
f 386//386 21//21 394//394
f 402//402 21//21 410//410
f 434//434 21//21 438//438
f 137//137 21//21 339//339
f 21//21 378//378 339//339
f 152//152 137//137 339//339
f 16//16 454//454 21//21
f 11//11 468//468 16//16
f 11//11 6//6 478//478
f 339//339 262//262 248//248
f 338//338 261//261 262//262
f 338//338 262//262 339//339
f 339//339 167//167 152//152
f 339//339 198//198 182//182
f 339//339 182//182 167//167
f 248//248 232//232 339//339
f 339//339 232//232 216//216
f 6//6 976//976 482//482
f 74//74 409//409 417//417
f 74//74 417//417 425//425
f 136//136 377//377 385//385
f 136//136 393//393 401//401
f 393//393 136//136 385//385
f 136//136 401//401 409//409
f 74//74 463//463 467//467
f 74//74 477//477 481//481
f 477//477 74//74 467//467
f 74//74 433//433 437//437
f 74//74 449//449 453//453
f 449//449 74//74 437//437
f 74//74 453//453 463//463
f 433//433 74//74 425//425
f 338//338 231//231 247//247
f 338//338 247//247 261//261
f 338//338 197//197 215//215
f 338//338 166//166 181//181
f 338//338 181//181 197//197
f 338//338 215//215 231//231
f 338//338 136//136 151//151
f 338//338 377//377 136//136
f 74//74 136//136 409//409
f 74//74 69//69 136//136
f 166//166 338//338 151//151
f 136//136 69//69 64//64
f 64//64 59//59 136//136
f 136//136 59//59 54//54
f 265//265 139//139 120//120
f 265//265 164//164 160//160
f 265//265 160//160 149//149
f 265//265 149//149 139//139
f 265//265 179//179 175//175
f 265//265 201//201 195//195
f 265//265 195//195 191//191
f 265//265 191//191 179//179
f 265//265 175//175 164//164
f 265//265 213//213 209//209
f 265//265 340//340 229//229
f 213//213 265//265 225//225
f 201//201 265//265 209//209
f 265//265 229//229 225//225
f 340//340 257//257 245//245
f 340//340 245//245 241//241
f 340//340 241//241 229//229
f 257//257 340//340 266//266
f 268//268 169//169 177//177
f 268//268 185//185 193//193
f 268//268 193//193 202//202
f 185//185 268//268 177//177
f 268//268 52//52 140//140
f 268//268 147//147 155//155
f 268//268 155//155 162//162
f 147//147 268//268 140//140
f 268//268 162//162 169//169
f 341//341 243//243 251//251
f 341//341 259//259 267//267
f 340//340 341//341 267//267
f 259//259 341//341 251//251
f 341//341 211//211 219//219
f 341//341 219//219 227//227
f 235//235 341//341 227//227
f 268//268 211//211 341//341
f 243//243 341//341 235//235
f 268//268 202//202 211//211
f 266//266 340//340 267//267
f 920//920 916//916 915//915
f 919//919 915//915 914//914
f 925//925 921//921 920//920
f 924//924 920//920 919//919
f 911//911 917//917 912//912
f 922//922 916//916 921//921
f 921//921 927//927 922//922
f 916//916 910//910 915//915
f 909//909 915//915 910//910
f 908//908 914//914 909//909
f 913//913 919//919 914//914
f 926//926 932//932 927//927
f 925//925 931//931 926//926
f 930//930 924//924 929//929
f 918//918 924//924 919//919
f 929//929 923//923 928//928
f 795//795 779//779 797//797
f 797//797 811//811 795//795
f 763//763 777//777 761//761
f 746//746 748//748 763//763
f 748//748 746//746 730//730
f 801//801 787//787 803//803
f 767//767 753//753 769//769
f 787//787 785//785 767//767
f 736//736 724//724 738//738
f 738//738 751//751 736//736
f 737//737 725//725 723//723
f 739//739 752//752 754//754
f 768//768 754//754 752//752
f 770//770 786//786 788//788
f 802//802 788//788 786//786
f 804//804 817//817 819//819
f 832//832 819//819 817//817
f 778//778 764//764 762//762
f 780//780 782//782 773//773
f 780//780 796//796 798//798
f 733//733 749//749 742//742
f 812//812 798//798 796//796
f 814//814 815//815 807//807
f 814//814 827//827 828//828
f 840//840 828//828 827//827
f 828//828 837//837 829//829
f 256//256 303//303 305//305
f 303//303 260//260 301//301
f 254//254 240//240 238//238
f 238//238 224//224 222//222
f 222//222 208//208 206//206
f 188//188 174//174 172//172
f 206//206 194//194 204//204
f 190//190 206//206 208//208
f 146//146 157//157 159//159
f 159//159 172//172 174//174
f 250//250 262//262 264//264
f 248//248 234//234 232//232
f 218//218 232//232 234//234
f 216//216 200//200 198//198
f 182//182 168//168 167//167
f 184//184 198//198 200//200
f 138//138 152//152 154//154
f 154//154 167//167 168//168
f 66//66 70//70 71//71
f 67//67 71//71 72//72
f 61//61 65//65 66//66
f 62//62 66//66 67//67
f 75//75 69//69 74//74
f 64//64 70//70 65//65
f 65//65 59//59 64//64
f 70//70 76//76 71//71
f 77//77 71//71 76//76
f 78//78 72//72 77//77
f 73//73 67//67 72//72
f 60//60 54//54 59//59
f 61//61 55//55 60//60
f 56//56 62//62 57//57
f 68//68 62//62 67//67
f 57//57 63//63 58//58
f 183//183 197//197 181//181
f 217//217 231//231 215//215
f 215//215 199//199 217//217
f 249//249 261//261 247//247
f 247//247 233//233 249//249
f 189//189 205//205 187//187
f 187//187 173//173 189//189
f 221//221 207//207 223//223
f 223//223 237//237 221//221
f 253//253 239//239 255//255
f 614//614 615//615 616//616
f 505//505 493//493 495//495
f 369//369 372//372 371//371
f 534//534 542//542 544//544
f 645//645 646//646 647//647
f 516//516 531//531 545//545
f 338//338 341//341 340//340
f 276//276 275//275 348//348
f 697//697 698//698 626//626
f 623//623 695//695 625//625
f 699//699 700//700 628//628
f 634//634 708//708 636//636
f 712//712 713//713 640//640
f 716//716 717//717 643//643
f 366//366 295//295 365//365
f 699//699 698//698 897//897
f 705//705 704//704 900//900
f 708//708 707//707 901//901
f 721//721 906//906 907//907
f 973//973 979//979 974//974
f 972//972 978//978 973//973
f 968//968 974//974 969//969
f 967//967 973//973 968//968
f 984//984 980//980 979//979
f 975//975 979//979 980//980
f 974//974 970//970 969//969
f 979//979 983//983 984//984
f 982//982 978//978 977//977
f 981//981 977//977 976//976
f 976//976 972//972 971//971
f 969//969 965//965 964//964
f 968//968 964//964 963//963
f 963//963 967//967 968//968
f 971//971 967//967 966//966
f 962//962 966//966 967//967
f 268//268 79//79 52//52
f 274//274 275//275 81//81
f 81//81 276//276 82//82
f 278//278 279//279 83//83
f 88//88 293//293 89//89
f 13//13 7//7 12//12
f 14//14 8//8 13//13
f 18//18 12//12 17//17
f 19//19 13//13 18//18
f 2//2 6//6 7//7
f 11//11 7//7 6//6
f 12//12 16//16 17//17
f 7//7 3//3 2//2
f 4//4 8//8 9//9
f 5//5 9//9 10//10
f 10//10 14//14 15//15
f 17//17 21//21 22//22
f 18//18 22//22 23//23
f 23//23 19//19 18//18
f 15//15 19//19 20//20
f 24//24 20//20 19//19
f 263//263 267//267 264//264
f 264//264 261//261 263//263
f 26//26 23//23 22//22
f 722//722 720//720 723//723
f 723//723 724//724 722//722
f 682//682 686//686 685//685
f 909//909 74//74 908//908
f 911//911 76//76 910//910
f 912//912 77//77 911//911
f 910//910 75//75 909//909
f 482//482 496//496 484//484
f 85//85 27//27 26//26
f 486//486 500//500 488//488
f 629//629 500//500 498//498
f 960//960 899//899 959//959
f 702//702 631//631 629//629
f 900//900 702//702 899//899
f 492//492 502//502 504//504
f 490//490 500//500 502//502
f 489//489 503//503 501//501
f 93//93 128//128 92//92
f 487//487 501//501 499//499
f 499//499 485//485 487//487
f 485//485 495//495 483//483
f 493//493 483//483 495//495
f 982//982 1//1 2//2
f 984//984 3//3 4//4
f 985//985 4//4 5//5
f 983//983 2//2 3//3
f 5//5 10//10 980//980
f 646//646 724//724 725//725
f 976//976 6//6 1//1
f 683//683 682//682 613//613