# PHANTOM Module: COR15
# Units: meters
o COR15

v 1.300000 0.486465 2.260690
v 1.300000 0.486465 2.197430
v 1.300000 0.486465 2.134170
v 1.300000 0.486465 2.070910
v 1.300000 0.486465 2.007649
v 1.300000 0.486465 1.944389
v 1.300000 0.486465 1.881129
v 1.300000 0.486465 1.817869
v 1.300000 0.486465 1.754609
v 1.300000 0.486465 1.691348
v 1.300000 0.486465 1.628088
v 1.300000 0.486465 1.564828
v 1.300000 0.486465 1.501568
v 1.300000 0.486465 1.438308
v 1.300000 0.486465 1.375047
v 1.300000 0.486465 1.311787
v 1.300000 0.486465 1.248527
v 1.300000 0.486465 1.185267
v 1.300000 0.486465 1.122006
v 1.300000 0.486465 1.058746
v 1.300000 0.486465 0.995486
v 1.300000 0.486465 0.932226
v 1.300000 0.486465 0.868966
v 1.300000 0.486465 0.805705
v 1.300000 0.486465 0.742445
v 1.300000 0.486465 0.679185
v 1.300000 0.486465 0.615925
v 1.300000 0.486465 0.552665
v 1.300000 0.486465 0.489404
v 1.300000 0.486465 0.426144
v 1.300000 0.486465 0.362884
v 1.300000 0.486465 0.299624
v 1.300000 0.486465 0.236364
v 1.299123 0.486465 2.281929
v 1.299123 0.486465 0.215125
v 1.296383 0.486465 2.303699
v 1.296383 0.486465 0.193354
v 1.293542 0.415545 2.260690
v 1.292670 0.415577 2.281929
v 1.292670 0.415577 0.215125
v 1.291636 0.486465 2.325727
v 1.291636 0.486465 0.171326
v 1.285220 0.415859 2.325727
v 1.285220 0.415859 0.171326
v 1.284787 0.486465 2.347694
v 1.284787 0.486465 0.149359
v 1.278405 0.416119 2.347694
v 1.278405 0.416119 0.149359
v 1.277852 0.243233 2.260690
v 1.277852 0.243233 2.007649
v 1.277852 0.243233 1.754609
v 1.277852 0.243233 1.501568
v 1.277852 0.243233 1.248527
v 1.277852 0.243233 0.995486
v 1.277852 0.243233 0.742445
v 1.277852 0.243233 0.489404
v 1.277852 0.243233 0.236364
v 1.276990 0.243345 2.281929
v 1.275795 0.486465 2.369251
v 1.275795 0.486465 0.127803
v 1.274296 0.243700 2.303699
v 1.274296 0.243700 0.193354
v 1.271558 0.486465 2.260690
v 1.269631 0.244314 2.325727
v 1.269631 0.244314 0.171326
v 1.269457 0.416458 2.369251
v 1.269457 0.416458 0.127803
v 1.268416 0.486465 0.199000
v 1.264682 0.486465 2.390031
v 1.264682 0.486465 0.107023
v 1.262898 0.245201 2.347694
v 1.262898 0.245201 0.149359
v 1.262161 0.070921 2.260690
v 1.261310 0.071114 2.281929
v 1.261310 0.071114 0.215125
v 1.258649 0.071720 2.303699
v 1.258400 0.416876 0.107023
v 1.255703 0.000000 2.260690
v 1.255703 0.000000 2.197430
v 1.255703 0.000000 2.134170
v 1.255703 0.000000 2.070910
v 1.255703 0.000000 2.007649
v 1.255703 0.000000 1.944389
v 1.255703 0.000000 1.881129
v 1.255703 0.000000 1.817869
v 1.255703 0.000000 1.754609
v 1.255703 0.000000 1.691348
v 1.255703 0.000000 1.628088
v 1.255703 0.000000 1.564828
v 1.255703 0.000000 1.501568
v 1.255703 0.000000 1.438308
v 1.255703 0.000000 1.375047
v 1.255703 0.000000 1.311787
v 1.255703 0.000000 1.248527
v 1.255703 0.000000 1.185267
v 1.255703 0.000000 1.122006
v 1.255703 0.000000 1.058746
v 1.255703 0.000000 0.995486
v 1.255703 0.000000 0.932226
v 1.255703 0.000000 0.868966
v 1.255703 0.000000 0.805705
v 1.255703 0.000000 0.742445
v 1.255703 0.000000 0.679185
v 1.255703 0.000000 0.615925
v 1.255703 0.000000 0.552665
v 1.255703 0.000000 0.489404
v 1.255703 0.000000 0.426144
v 1.255703 0.000000 0.362884
v 1.255703 0.000000 0.299624
v 1.255703 0.000000 0.236364
v 1.254857 0.000227 2.281929
v 1.254857 0.000227 0.215125
v 1.254059 0.246365 2.369251
v 1.254059 0.246365 0.127803
v 1.254041 0.072769 2.325727
v 1.252210 0.000937 2.303699
v 1.252210 0.000937 0.193354
v 1.251543 0.486465 2.409670
v 1.251543 0.486465 0.087384
v 1.247625 0.002165 2.325727
v 1.247625 0.002165 0.171326
v 1.247392 0.074284 2.347694
v 1.247392 0.074284 0.149359
v 1.245326 0.417372 2.409670
v 1.243136 0.247803 2.390031
v 1.243136 0.247803 0.107023
v 1.241176 0.003893 2.280535
v 1.241009 0.003937 2.347694
v 1.241009 0.003937 0.149359
v 1.238703 0.004555 0.196177
v 1.238661 0.076271 2.369251
v 1.236540 0.486465 2.427824
v 1.236540 0.486465 0.069229
v 1.234419 0.005703 2.321459
v 1.234419 0.005703 0.175595
v 1.232323 0.006264 2.369251
v 1.232323 0.006264 0.127803
v 1.230397 0.417938 2.427824
v 1.230397 0.417938 0.069229
v 1.230220 0.249502 2.409670
v 1.230220 0.249502 0.087384
v 1.227872 0.078730 2.390031
v 1.227872 0.078730 0.107023
v 1.221589 0.009140 2.390031
v 1.221589 0.009140 0.107023
v 1.220122 0.009535 0.134928
v 1.219898 0.486465 2.444192
v 1.219898 0.486465 0.052862
v 1.219555 0.486465 2.274097
v 1.216429 0.486465 0.091169
v 1.215473 0.251444 2.427824
v 1.215473 0.251444 0.069229
v 1.215115 0.081635 2.409670
v 1.215115 0.081635 0.087384
v 1.210092 0.012222 0.115512
v 1.208898 0.012541 2.409670
v 1.208898 0.012541 0.087384
v 1.203382 0.014019 2.260690
v 1.203382 0.014019 2.007649
v 1.203382 0.014019 1.754609
v 1.203382 0.014019 1.501568
v 1.203382 0.014019 1.248527
v 1.203382 0.014019 0.995486
v 1.203382 0.014019 0.742445
v 1.203382 0.014019 0.236364
v 1.202748 0.014189 2.276619
v 1.202748 0.014189 0.220435
v 1.201895 0.486465 2.458525
v 1.201895 0.486465 0.038528
v 1.200762 0.014721 2.292947
v 1.200762 0.014721 0.204107
v 1.199114 0.253599 2.444192
v 1.199114 0.253599 0.052862
v 1.197813 0.486465 2.342339
v 1.197324 0.015642 2.309468
v 1.197324 0.015642 0.187586
v 1.195925 0.419247 2.458525
v 1.195925 0.419247 0.038528
v 1.194406 0.016424 2.427824
v 1.194406 0.016424 0.069229
v 1.192362 0.016972 2.325943
v 1.192362 0.016972 0.171110
v 1.191667 0.486465 2.260690
v 1.191667 0.486465 2.197430
v 1.191667 0.486465 2.134170
v 1.191667 0.486465 2.070910
v 1.191667 0.486465 2.007649
v 1.191667 0.486465 1.944389
v 1.191667 0.486465 1.881129
v 1.191667 0.486465 1.817869
v 1.191667 0.486465 1.754609
v 1.191667 0.486465 1.691348
v 1.191667 0.486465 1.628088
v 1.191667 0.486465 1.564828
v 1.191667 0.486465 1.501568
v 1.191667 0.486465 1.438308
v 1.191667 0.486465 1.375047
v 1.191667 0.486465 1.311787
v 1.191667 0.486465 1.248527
v 1.191667 0.486465 1.185267
v 1.191667 0.486465 1.122006
v 1.191667 0.486465 1.058746
v 1.191667 0.486465 0.995486
v 1.191667 0.486465 0.932226
v 1.191667 0.486465 0.868966
v 1.191667 0.486465 0.805705
v 1.191667 0.486465 0.742445
v 1.191667 0.486465 0.679185
v 1.191667 0.486465 0.615925
v 1.191667 0.486465 0.552665
v 1.191667 0.486465 0.489404
v 1.191667 0.486465 0.426144
v 1.191667 0.486465 0.362884
v 1.191667 0.486465 0.299624
v 1.191667 0.486465 0.236364
v 1.189858 0.486465 2.282195
v 1.189858 0.486465 0.214859
v 1.189519 0.486465 2.354736
v 1.187485 0.486465 2.293209
v 1.187485 0.486465 0.203845
v 1.185847 0.018719 2.342111
v 1.185847 0.018719 0.154943
v 1.184693 0.019028 2.416855
v 1.184693 0.019028 0.080199
v 1.184391 0.088631 2.444192
v 1.184060 0.486465 2.304192
v 1.184060 0.486465 0.192862
v 1.182847 0.486465 2.470648
v 1.182847 0.486465 0.026406
v 1.181419 0.255928 2.458525
v 1.181419 0.255928 0.038528
v 1.180048 0.486465 2.366197
v 1.179564 0.486465 2.314970
v 1.179564 0.486465 0.182083
v 1.178331 0.020731 2.444192
v 1.178331 0.020731 0.052862
v 1.177797 0.020874 2.357696
v 1.177797 0.020874 0.139358
v 1.176971 0.419964 0.026406
v 1.175222 0.321142 0.214859
v 1.174008 0.486465 2.325360
v 1.174008 0.486465 0.171693
v 1.169673 0.023052 0.064906
v 1.168278 0.023426 2.372425
v 1.168278 0.023426 0.124629
v 1.167438 0.486465 2.335180
v 1.167438 0.486465 0.161874
v 1.166912 0.092609 2.458525
v 1.166912 0.092609 0.038528
v 1.164319 0.024487 2.272703
v 1.164319 0.024487 0.224351
v 1.163087 0.486465 2.480458
v 1.163087 0.486465 0.016595
v 1.162821 0.024887 2.285018
v 1.162821 0.024887 0.212036
v 1.162695 0.258392 2.470648
v 1.162695 0.258392 0.026406
v 1.160942 0.025391 2.458525
v 1.160942 0.025391 0.038528
v 1.160228 0.025583 2.297477
v 1.160228 0.025583 0.199576
v 1.159936 0.486465 2.344257
v 1.159936 0.486465 0.152796
v 1.158279 0.194788 0.192862
v 1.158178 0.486465 2.385577
v 1.157409 0.026339 2.386041
v 1.157409 0.026339 0.111013
v 1.157309 0.420710 2.480458
v 1.156486 0.026585 2.309903
v 1.153425 0.027405 2.445541
v 1.153425 0.027405 0.051513
v 1.151616 0.486465 2.352441
v 1.151616 0.486465 0.144613
v 1.151573 0.027901 0.174958
v 1.151062 0.028038 2.260690
v 1.151062 0.028038 2.197430
v 1.151062 0.028038 2.134170
v 1.151062 0.028038 2.070910
v 1.151062 0.028038 2.007649
v 1.151062 0.028038 1.944389
v 1.151062 0.028038 1.881129
v 1.151062 0.028038 1.817869
v 1.151062 0.028038 1.754609
v 1.151062 0.028038 1.691348
v 1.151062 0.028038 1.628088
v 1.151062 0.028038 1.564828
v 1.151062 0.028038 1.501568
v 1.151062 0.028038 1.438308
v 1.151062 0.028038 1.375047
v 1.151062 0.028038 1.311787
v 1.151062 0.028038 1.248527
v 1.151062 0.028038 1.185267
v 1.151062 0.028038 1.122006
v 1.151062 0.028038 1.058746
v 1.151062 0.028038 0.995486
v 1.151062 0.028038 0.932226
v 1.151062 0.028038 0.868966
v 1.151062 0.028038 0.805705
v 1.151062 0.028038 0.742445
v 1.151062 0.028038 0.679185
v 1.151062 0.028038 0.615925
v 1.151062 0.028038 0.552665
v 1.151062 0.028038 0.489404
v 1.151062 0.028038 0.426144
v 1.151062 0.028038 0.362884
v 1.151062 0.028038 0.299624
v 1.151062 0.028038 0.236364
v 1.149315 0.028507 2.282195
v 1.149315 0.028507 0.214859
v 1.148418 0.096821 2.470648
v 1.148418 0.096821 0.026406
v 1.147022 0.029121 2.293209
v 1.147022 0.029121 0.203845
v 1.146153 0.486465 2.393230
v 1.145501 0.029528 2.333849
v 1.145501 0.029528 0.163204
v 1.145353 0.029568 2.398316
v 1.145353 0.029568 0.098737
v 1.143714 0.030006 2.304192
v 1.143714 0.030006 0.192862
v 1.143271 0.260950 2.480458
v 1.143271 0.260950 0.016595
v 1.142951 0.486465 2.487930
v 1.142951 0.486465 0.009124
v 1.142614 0.486465 2.359608
v 1.142614 0.486465 0.137446
v 1.142542 0.030321 2.470648
v 1.142542 0.030321 0.026406
v 1.139371 0.031172 2.314970
v 1.139371 0.031172 0.182083
v 1.138323 0.031452 2.344958
v 1.137273 0.421471 2.487930
v 1.137273 0.421471 0.009124
v 1.136234 0.032011 0.040186
v 1.134004 0.032610 2.325360
v 1.134004 0.032610 0.171693
v 1.133679 0.486465 2.399423
v 1.133090 0.486465 2.365669
v 1.133090 0.486465 0.131385
v 1.132311 0.033062 2.409067
v 1.132311 0.033062 0.087987
v 1.130126 0.033648 2.355227
v 1.130126 0.033648 0.141827
v 1.129234 0.101191 2.480458
v 1.129234 0.101191 0.016595
v 1.127659 0.034309 2.335180
v 1.127659 0.034309 0.161874
v 1.123478 0.263556 2.487930
v 1.123478 0.263556 0.009124
v 1.123456 0.035435 2.480458
v 1.123456 0.035435 0.016595
v 1.123210 0.486465 2.370574
v 1.123210 0.486465 0.126480
v 1.122759 0.486465 2.493108
v 1.122759 0.486465 0.003946
v 1.121033 0.036085 0.132569
v 1.120968 0.486465 2.404140
v 1.120413 0.036251 2.344257
v 1.120413 0.036251 0.152796
v 1.118512 0.036760 2.418159
v 1.118512 0.036760 0.078895
v 1.118400 0.036791 2.466034
v 1.118400 0.036791 0.031020
v 1.117181 0.422232 2.493108
v 1.117181 0.422232 0.003946
v 1.113142 0.486465 2.374310
v 1.113142 0.486465 0.122744
v 1.112375 0.038404 2.352441
v 1.112375 0.038404 0.144613
v 1.109683 0.105642 2.487930
v 1.109683 0.105642 0.009124
v 1.108221 0.486465 2.407408
v 1.104197 0.040596 2.425516
v 1.104197 0.040596 0.071538
v 1.104006 0.040648 2.487930
v 1.104006 0.040648 0.009124
v 1.103681 0.040733 2.359608
v 1.103681 0.040733 0.137446
v 1.103630 0.266169 2.493108
v 1.103630 0.266169 0.003946
v 1.103046 0.486465 2.376899
v 1.103046 0.486465 0.120155
v 1.102802 0.486465 2.496098
v 1.102802 0.486465 0.000956
v 1.100790 0.041510 2.379450
v 1.100790 0.041510 0.117604
v 1.097323 0.422985 0.000956
v 1.094481 0.043200 2.365669
v 1.094481 0.043200 0.131385
v 1.093067 0.486465 2.378394
v 1.093067 0.486465 0.118660
v 1.090079 0.110106 0.003946
v 1.089994 0.044401 2.384999
v 1.089994 0.044401 0.112055
v 1.089609 0.044504 2.431120
v 1.089609 0.044504 0.065934
v 1.084938 0.045757 2.370574
v 1.084938 0.045757 0.126480
v 1.084502 0.045874 2.493108
v 1.084502 0.045874 0.003946
v 1.084013 0.268751 2.496098
v 1.084013 0.268751 0.000956
v 1.083333 0.486465 2.497054
v 1.083333 0.486465 2.378872
v 1.083333 0.486465 0.118182
v 1.083333 0.486465 0.000000
v 1.082002 0.046543 0.019201
v 1.077952 0.423719 2.497054
v 1.077952 0.423719 0.000000
v 1.075213 0.048363 2.374310
v 1.075213 0.048363 0.122744
v 1.074981 0.048424 2.435003
v 1.074981 0.048424 0.062050
v 1.070703 0.114519 2.496098
v 1.067960 0.050306 2.392154
v 1.067960 0.050306 0.104900
v 1.065461 0.050976 2.376899
v 1.065461 0.050976 0.120155
v 1.065225 0.051039 2.496098
v 1.065225 0.051039 0.000956
v 1.064876 0.271271 2.497054
v 1.064876 0.271271 0.000000
v 1.063990 0.051369 2.480647
v 1.063990 0.051369 0.016407
v 1.060523 0.052298 2.437246
v 1.060523 0.052298 0.059808
v 1.057056 0.053226 2.393845
v 1.057056 0.053226 0.103209
v 1.055822 0.053558 2.378394
v 1.055822 0.053558 0.118660
v 1.051801 0.118822 2.497054
v 1.051801 0.118822 0.000000
v 1.046420 0.056078 2.497054
v 1.046420 0.056078 2.437963
v 1.046420 0.056078 2.394386
v 1.046420 0.056078 2.378872
v 1.046420 0.056078 0.118182
v 1.046420 0.056078 0.059091
v 1.046420 0.056078 0.000000
v 1.029167 0.486465 2.497054
v 1.029167 0.486465 2.378872
v 1.029167 0.486465 0.118182
v 1.029167 0.486465 0.000000
v 0.994099 0.070097 2.497054
v 0.994099 0.070097 2.378872
v 0.994099 0.070097 0.118182
v 0.994099 0.070097 0.000000
v 0.975000 0.486465 2.497054
v 0.975000 0.486465 2.378872
v 0.975000 0.486465 0.118182
v 0.975000 0.486465 0.000000
v 0.941777 0.084116 2.497054
v 0.941777 0.084116 2.378872
v 0.941777 0.084116 0.118182
v 0.941777 0.084116 0.000000
v 0.920833 0.486465 2.497054
v 0.920833 0.486465 2.378872
v 0.920833 0.486465 0.118182
v 0.920833 0.486465 0.000000
v 0.889457 0.098135 2.497054
v 0.889457 0.098135 2.378872
v 0.889457 0.098135 0.118182
v 0.889457 0.098135 0.000000
v 0.866667 0.486465 2.497054
v 0.866667 0.486465 2.378872
v 0.866667 0.486465 0.118182
v 0.866667 0.486465 0.000000
v 0.837136 0.112154 2.497054
v 0.837136 0.112154 2.378872
v 0.837136 0.112154 0.118182
v 0.837136 0.112154 0.000000
v 0.812500 0.486465 2.497054
v 0.812500 0.486465 2.378872
v 0.812500 0.486465 0.118182
v 0.812500 0.486465 0.000000
v 0.784815 0.126175 2.497054
v 0.784815 0.126175 2.378872
v 0.784815 0.126175 0.118182
v 0.784815 0.126175 0.000000
v 0.758333 0.486465 2.497054
v 0.758333 0.486465 2.378872
v 0.758333 0.486465 0.118182
v 0.758333 0.486465 0.000000
v 0.732494 0.140194 2.497054
v 0.732494 0.140194 2.378872
v 0.732494 0.140194 0.118182
v 0.732494 0.140194 0.000000
v 0.704167 0.486465 2.497054
v 0.704167 0.486465 2.378872
v 0.704167 0.486465 0.118182
v 0.704167 0.486465 0.000000
v 0.680173 0.154213 2.497054
v 0.680173 0.154213 2.378872
v 0.680173 0.154213 0.118182
v 0.680173 0.154213 0.000000
v 0.650000 0.486465 2.497054
v 0.650000 0.486465 2.378872
v 0.650000 0.486465 0.118182
v 0.650000 0.486465 0.000000
v 0.638926 0.327349 2.497054
v 0.638926 0.327349 0.000000
v 0.627852 0.168232 2.497054
v 0.627852 0.168232 2.437963
v 0.627852 0.168232 2.378872
v 0.627852 0.168232 0.118182
v 0.627852 0.168232 0.059091
v 0.627852 0.168232 0.000000
v 0.595833 0.486465 2.497054
v 0.595833 0.486465 2.378872
v 0.595833 0.486465 0.118182
v 0.595833 0.486465 0.000000
v 0.575531 0.182251 2.497054
v 0.575531 0.182251 2.378872
v 0.575531 0.182251 0.118182
v 0.575531 0.182251 0.000000
v 0.541667 0.486465 2.497054
v 0.541667 0.486465 2.378872
v 0.541667 0.486465 0.118182
v 0.541667 0.486465 0.000000
v 0.523210 0.196272 2.497054
v 0.523210 0.196272 2.378872
v 0.523210 0.196272 0.118182
v 0.523210 0.196272 0.000000
v 0.487500 0.486465 2.497054
v 0.487500 0.486465 2.378872
v 0.487500 0.486465 0.118182
v 0.487500 0.486465 0.000000
v 0.470889 0.210291 2.497054
v 0.470889 0.210291 2.378872
v 0.470889 0.210291 0.118182
v 0.470889 0.210291 0.000000
v 0.433333 0.486465 2.497054
v 0.433333 0.486465 2.378872
v 0.433333 0.486465 0.118182
v 0.433333 0.486465 0.000000
v 0.418568 0.224310 2.497054
v 0.418568 0.224310 2.378872
v 0.418568 0.224310 0.118182
v 0.418568 0.224310 0.000000
v 0.379167 0.486465 2.497054
v 0.379167 0.486465 2.378872
v 0.379167 0.486465 0.118182
v 0.379167 0.486465 0.000000
v 0.366247 0.238329 2.497054
v 0.366247 0.238329 2.378872
v 0.366247 0.238329 0.118182
v 0.366247 0.238329 0.000000
v 0.325000 0.486465 2.497054
v 0.325000 0.486465 2.378872
v 0.325000 0.486465 0.118182
v 0.325000 0.486465 0.000000
v 0.313926 0.252348 2.497054
v 0.313926 0.252348 2.378872
v 0.313926 0.252348 0.118182
v 0.313926 0.252348 0.000000
v 0.270833 0.486465 2.497054
v 0.270833 0.486465 2.378872
v 0.270833 0.486465 0.118182
v 0.270833 0.486465 0.000000
v 0.261605 0.266367 2.497054
v 0.261605 0.266367 2.378872
v 0.261605 0.266367 0.118182
v 0.261605 0.266367 0.000000
v 0.216666 0.486465 2.497054
v 0.216666 0.486465 2.378872
v 0.216666 0.486465 0.118182
v 0.216666 0.486465 0.000000
v 0.215590 0.456421 0.000000
v 0.214001 0.412071 2.378872
v 0.212975 0.383427 2.497054
v 0.212975 0.383427 0.000000
v 0.210360 0.310431 0.000000
v 0.209284 0.280388 2.497054
v 0.209284 0.280388 2.481540
v 0.209284 0.280388 2.437963
v 0.209284 0.280388 2.394386
v 0.209284 0.280388 2.378872
v 0.209284 0.280388 0.118182
v 0.209284 0.280388 0.102668
v 0.209284 0.280388 0.059091
v 0.209284 0.280388 0.015514
v 0.209284 0.280388 0.000000
v 0.206932 0.486465 2.378394
v 0.206932 0.486465 0.118660
v 0.199881 0.282907 2.378394
v 0.199881 0.282907 0.118660
v 0.199754 0.486465 0.031858
v 0.198647 0.283237 2.393845
v 0.197198 0.486465 2.496098
v 0.197198 0.486465 0.000956
v 0.196954 0.486465 2.376899
v 0.196954 0.486465 0.120155
v 0.195180 0.284166 2.437246
v 0.195180 0.284166 0.059808
v 0.193838 0.385944 2.496098
v 0.193838 0.385944 0.000956
v 0.191458 0.314735 2.496098
v 0.191458 0.314735 0.000956
v 0.190479 0.285425 2.496098
v 0.190479 0.285425 0.000956
v 0.190243 0.285490 2.376899
v 0.190243 0.285490 0.120155
v 0.187743 0.286160 2.392154
v 0.186858 0.486465 2.374310
v 0.186858 0.486465 0.122744
v 0.180722 0.288040 2.435003
v 0.180722 0.288040 0.062050
v 0.180491 0.288103 2.374310
v 0.180491 0.288103 0.122744
v 0.177241 0.486465 2.493108
v 0.177241 0.486465 0.003946
v 0.176790 0.486465 2.370574
v 0.176790 0.486465 0.126480
v 0.176711 0.289116 2.389225
v 0.176711 0.289116 0.107829
v 0.176361 0.457909 2.493108
v 0.176361 0.457909 0.003946
v 0.174222 0.388529 2.493108
v 0.174222 0.388529 0.003946
v 0.173701 0.289921 2.477853
v 0.172082 0.319147 2.493108
v 0.172082 0.319147 0.003946
v 0.171202 0.290590 2.493108
v 0.171202 0.290590 0.003946
v 0.170766 0.290709 2.370574
v 0.170766 0.290709 0.126480
v 0.166910 0.486465 2.365669
v 0.166910 0.486465 0.131385
v 0.166321 0.486465 2.399423
v 0.166094 0.291960 2.431120
v 0.166094 0.291960 0.065934
v 0.165709 0.292063 2.384999
v 0.165709 0.292063 0.112055
v 0.164875 0.486465 0.038953
v 0.161222 0.293264 2.365669
v 0.161222 0.293264 0.131385
v 0.157386 0.486465 2.359608
v 0.157386 0.486465 0.137446
v 0.157049 0.486465 2.487930
v 0.157049 0.486465 0.009124
v 0.156269 0.458670 2.487930
v 0.156269 0.458670 0.009124
v 0.155477 0.294806 2.473015
v 0.155477 0.294806 0.024039
v 0.155450 0.417610 0.137446
v 0.154913 0.294956 2.379450
v 0.154373 0.391142 2.487930
v 0.154373 0.391142 0.009124
v 0.152478 0.323612 2.487930
v 0.152478 0.323612 0.009124
v 0.152023 0.295731 2.359608
v 0.152023 0.295731 0.137446
v 0.151698 0.295816 2.487930
v 0.151698 0.295816 0.009124
v 0.151507 0.295868 2.425516
v 0.151507 0.295868 0.071538
v 0.148384 0.486465 2.352441
v 0.148384 0.486465 0.144613
v 0.144506 0.297745 0.124461
v 0.143328 0.298059 2.352441
v 0.143328 0.298059 0.144613
v 0.140063 0.486465 2.344257
v 0.140063 0.486465 0.152796
v 0.137304 0.299675 0.031020
v 0.137192 0.299704 2.418159
v 0.137192 0.299704 0.078895
v 0.136913 0.486465 2.480458
v 0.136913 0.486465 0.016595
v 0.136233 0.459431 2.480458
v 0.136233 0.459431 0.016595
v 0.135291 0.300213 2.344257
v 0.135291 0.300213 0.152796
v 0.134670 0.300381 2.364485
v 0.134580 0.393747 2.480458
v 0.134580 0.393747 0.016595
v 0.132928 0.328064 2.480458
v 0.132928 0.328064 0.016595
v 0.132562 0.486465 2.335180
v 0.132562 0.486465 0.161874
v 0.132247 0.301029 2.480458
v 0.132247 0.301029 0.016595
v 0.130458 0.486465 2.376529
v 0.130216 0.486465 0.053966
v 0.128045 0.302155 2.335180
v 0.128045 0.302155 0.161874
v 0.125992 0.486465 2.325360
v 0.125992 0.486465 0.171693
v 0.124442 0.420544 0.171693
v 0.123392 0.303402 2.409067
v 0.123392 0.303402 0.087987
v 0.121699 0.303856 2.325360
v 0.121699 0.303856 0.171693
v 0.120436 0.486465 2.314970
v 0.120436 0.486465 0.182083
v 0.119470 0.304453 2.456868
v 0.117381 0.305012 2.344958
v 0.117381 0.305012 0.152096
v 0.117153 0.486465 2.470648
v 0.117153 0.486465 0.026406
v 0.116332 0.305294 2.314970
v 0.116332 0.305294 0.182083
v 0.115939 0.486465 2.304192
v 0.115939 0.486465 0.192862
v 0.115157 0.396303 2.470648
v 0.115157 0.396303 0.026406
v 0.114513 0.421482 0.192862
v 0.113743 0.332432 2.470648
v 0.113668 0.486465 2.432556
v 0.113415 0.371439 2.304192
v 0.113161 0.306143 2.470648
v 0.113161 0.306143 0.026406
v 0.112515 0.486465 2.293209
v 0.112515 0.486465 0.203845
v 0.111989 0.306458 2.304192
v 0.111989 0.306458 0.192862
v 0.110350 0.306896 2.398316
v 0.110350 0.306896 0.098737
v 0.110202 0.306936 2.333849
v 0.110142 0.486465 2.282195
v 0.110142 0.486465 0.214859
v 0.108787 0.422024 2.282195
v 0.108681 0.307344 2.293209
v 0.108681 0.307344 0.203845
v 0.108333 0.486465 2.260690
v 0.108333 0.486465 2.197430
v 0.108333 0.486465 2.134170
v 0.108333 0.486465 2.070910
v 0.108333 0.486465 2.007649
v 0.108333 0.486465 1.944389
v 0.108333 0.486465 1.881129
v 0.108333 0.486465 1.817869
v 0.108333 0.486465 1.754609
v 0.108333 0.486465 1.691348
v 0.108333 0.486465 1.628088
v 0.108333 0.486465 1.564828
v 0.108333 0.486465 1.501568
v 0.108333 0.486465 1.438308
v 0.108333 0.486465 1.375047
v 0.108333 0.486465 1.311787
v 0.108333 0.486465 1.248527
v 0.108333 0.486465 1.185267
v 0.108333 0.486465 1.122006
v 0.108333 0.486465 1.058746
v 0.108333 0.486465 0.995486
v 0.108333 0.486465 0.932226
v 0.108333 0.486465 0.868966
v 0.108333 0.486465 0.805705
v 0.108333 0.486465 0.742445
v 0.108333 0.486465 0.679185
v 0.108333 0.486465 0.615925
v 0.108333 0.486465 0.552665
v 0.108333 0.486465 0.489404
v 0.108333 0.486465 0.426144
v 0.108333 0.486465 0.362884
v 0.108333 0.486465 0.299624
v 0.108333 0.486465 0.236364
v 0.106389 0.307959 2.282195
v 0.106389 0.307959 0.214859
v 0.104642 0.308426 2.260690
v 0.104642 0.308426 2.197430
v 0.104642 0.308426 2.134170
v 0.104642 0.308426 2.070910
v 0.104642 0.308426 2.007649
v 0.104642 0.308426 1.944389
v 0.104642 0.308426 1.881129
v 0.104642 0.308426 1.817869
v 0.104642 0.308426 1.754609
v 0.104642 0.308426 1.691348
v 0.104642 0.308426 1.628088
v 0.104642 0.308426 1.564828
v 0.104642 0.308426 1.501568
v 0.104642 0.308426 1.438308
v 0.104642 0.308426 1.375047
v 0.104642 0.308426 1.311787
v 0.104642 0.308426 1.248527
v 0.104642 0.308426 1.185267
v 0.104642 0.308426 1.122006
v 0.104642 0.308426 1.058746
v 0.104642 0.308426 0.995486
v 0.104642 0.308426 0.932226
v 0.104642 0.308426 0.868966
v 0.104642 0.308426 0.805705
v 0.104642 0.308426 0.742445
v 0.104642 0.308426 0.679185
v 0.104642 0.308426 0.615925
v 0.104642 0.308426 0.552665
v 0.104642 0.308426 0.489404
v 0.104642 0.308426 0.426144
v 0.104642 0.308426 0.362884
v 0.104642 0.308426 0.299624
v 0.104642 0.308426 0.236364
v 0.104131 0.308563 2.322096
v 0.102278 0.309059 2.445541
v 0.099217 0.309879 2.309903
v 0.099217 0.309879 0.187151
v 0.098294 0.310127 2.386041
v 0.098294 0.310127 0.111013
v 0.098104 0.486465 2.458525
v 0.098104 0.486465 0.038528
v 0.097617 0.460896 2.458525
v 0.096433 0.398769 2.458525
v 0.096433 0.398769 0.038528
v 0.095475 0.310883 0.199576
v 0.095249 0.336643 2.458525
v 0.095249 0.336643 0.038528
v 0.094762 0.311073 2.458525
v 0.094762 0.311073 0.038528
v 0.092882 0.311577 2.285018
v 0.091384 0.311977 2.272703
v 0.091384 0.311977 0.224351
v 0.090906 0.312107 0.236364
v 0.087425 0.313040 2.372425
v 0.087425 0.313040 0.124629
v 0.086030 0.313414 2.432148
v 0.082175 0.486465 2.287841
v 0.080445 0.486465 2.274097
v 0.080445 0.486465 0.222957
v 0.080102 0.486465 2.444192
v 0.080102 0.486465 0.052862
v 0.079704 0.461575 2.444192
v 0.079704 0.461575 0.052862
v 0.078737 0.401098 2.444192
v 0.078737 0.401098 0.052862
v 0.077907 0.315590 2.357696
v 0.077907 0.315590 0.139358
v 0.077770 0.340624 0.052862
v 0.077373 0.315733 2.444192
v 0.077373 0.315733 0.052862
v 0.071011 0.317438 2.416855
v 0.071011 0.317438 0.080199
v 0.069856 0.317747 2.342111
v 0.069856 0.317747 0.154943
v 0.063460 0.486465 2.427824
v 0.063460 0.486465 0.069229
v 0.063342 0.319492 2.325943
v 0.063342 0.319492 0.171110
v 0.062379 0.403252 2.427824
v 0.062379 0.403252 0.069229
v 0.061613 0.344303 2.427824
v 0.061298 0.320040 2.427824
v 0.061298 0.320040 0.069229
v 0.059123 0.486465 2.373052
v 0.058380 0.320822 2.309468
v 0.058380 0.320822 0.187586
v 0.057470 0.321066 2.399892
v 0.057470 0.321066 0.097162
v 0.054941 0.321743 2.292947
v 0.054941 0.321743 0.204107
v 0.052956 0.322275 2.276619
v 0.052956 0.322275 0.220435
v 0.052321 0.322445 2.260690
v 0.052321 0.322445 2.007649
v 0.052321 0.322445 1.754609
v 0.052321 0.322445 1.501568
v 0.052321 0.322445 1.248527
v 0.052321 0.322445 0.995486
v 0.052321 0.322445 0.742445
v 0.052321 0.322445 0.489404
v 0.052321 0.322445 0.236364
v 0.048457 0.486465 2.409670
v 0.048457 0.486465 0.087384
v 0.048216 0.462769 2.409670
v 0.047631 0.405193 2.409670
v 0.047631 0.405193 0.087384
v 0.047046 0.347620 2.409670
v 0.047046 0.347620 0.087384
v 0.046806 0.323923 2.409670
v 0.046806 0.323923 0.087384
v 0.045611 0.324244 2.381541
v 0.035582 0.326931 2.362125
v 0.035317 0.486465 2.390031
v 0.035317 0.486465 0.107023
v 0.035142 0.463264 2.390031
v 0.035142 0.463264 0.107023
v 0.034716 0.406895 2.390031
v 0.034716 0.406895 0.107023
v 0.034290 0.350525 2.390031
v 0.034114 0.327324 2.390031
v 0.034114 0.327324 0.107023
v 0.028441 0.486465 2.260690
v 0.027466 0.329105 0.155070
v 0.024205 0.486465 2.369251
v 0.024205 0.486465 0.127803
v 0.024085 0.463684 2.369251
v 0.024085 0.463684 0.127803
v 0.023793 0.408333 2.369251
v 0.023793 0.408333 0.127803
v 0.023500 0.352982 2.369251
v 0.023380 0.330200 2.369251
v 0.023380 0.330200 0.127803
v 0.021284 0.330761 2.321459
v 0.021284 0.330761 0.175595
v 0.017001 0.331909 2.300877
v 0.015213 0.486465 2.347694
v 0.015213 0.486465 0.149359
v 0.015137 0.464022 2.347694
v 0.015137 0.464022 0.149359
v 0.014953 0.409496 2.347694
v 0.014953 0.409496 0.149359
v 0.014770 0.354969 0.149359
v 0.014694 0.332527 2.347694
v 0.014694 0.332527 0.149359
v 0.014527 0.332573 0.216519
v 0.013736 0.332785 0.236364
v 0.008363 0.486465 2.325727
v 0.008363 0.486465 0.171326
v 0.008322 0.464281 2.325727
v 0.008221 0.410383 2.325727
v 0.008221 0.410383 0.171326
v 0.008120 0.356483 2.325727
v 0.008079 0.334299 2.325727
v 0.008079 0.334299 0.171326
v 0.003617 0.486465 2.303699
v 0.003617 0.486465 0.193354
v 0.003599 0.464460 2.303699
v 0.003599 0.464460 0.193354
v 0.003556 0.410997 2.303699
v 0.003556 0.410997 0.193354
v 0.003512 0.357533 2.303699
v 0.003512 0.357533 0.193354
v 0.003494 0.335529 2.303699
v 0.003494 0.335529 0.193354
v 0.000876 0.486465 2.281929
v 0.000876 0.486465 0.215125
v 0.000872 0.464563 2.281929
v 0.000872 0.464563 0.215125
v 0.000861 0.411352 2.281929
v 0.000861 0.411352 0.215125
v 0.000851 0.358139 2.281929
v 0.000851 0.358139 0.215125
v 0.000846 0.336237 2.281929
v 0.000846 0.336237 0.215125
v 0.000000 0.486465 2.260690
v 0.000000 0.486465 2.197430
v 0.000000 0.486465 2.134170
v 0.000000 0.486465 2.070910
v 0.000000 0.486465 2.007649
v 0.000000 0.486465 1.944389
v 0.000000 0.486465 1.881129
v 0.000000 0.486465 1.817869
v 0.000000 0.486465 1.754609
v 0.000000 0.486465 1.691348
v 0.000000 0.486465 1.628088
v 0.000000 0.486465 1.564828
v 0.000000 0.486465 1.501568
v 0.000000 0.486465 1.438308
v 0.000000 0.486465 1.375047
v 0.000000 0.486465 1.311787
v 0.000000 0.486465 1.248527
v 0.000000 0.486465 1.185267
v 0.000000 0.486465 1.122006
v 0.000000 0.486465 1.058746
v 0.000000 0.486465 0.995486
v 0.000000 0.486465 0.932226
v 0.000000 0.486465 0.868966
v 0.000000 0.486465 0.805705
v 0.000000 0.486465 0.742445
v 0.000000 0.486465 0.679185
v 0.000000 0.486465 0.615925
v 0.000000 0.486465 0.552665
v 0.000000 0.486465 0.489404
v 0.000000 0.486465 0.426144
v 0.000000 0.486465 0.362884
v 0.000000 0.486465 0.299624
v 0.000000 0.486465 0.236364
v 0.000000 0.411465 2.260690
v 0.000000 0.411465 2.007649
v 0.000000 0.411465 1.754609
v 0.000000 0.411465 1.501568
v 0.000000 0.411465 1.248527
v 0.000000 0.411465 0.995486
v 0.000000 0.411465 0.742445
v 0.000000 0.411465 0.489404
v 0.000000 0.411465 0.236364
v 0.000000 0.358334 0.236364
v 0.000000 0.336464 2.260690
v 0.000000 0.336464 2.197430
v 0.000000 0.336464 2.134170
v 0.000000 0.336464 2.070910
v 0.000000 0.336464 2.007649
v 0.000000 0.336464 1.944389
v 0.000000 0.336464 1.881129
v 0.000000 0.336464 1.817869
v 0.000000 0.336464 1.754609
v 0.000000 0.336464 1.691348
v 0.000000 0.336464 1.628088
v 0.000000 0.336464 1.564828
v 0.000000 0.336464 1.501568
v 0.000000 0.336464 1.438308
v 0.000000 0.336464 1.375047
v 0.000000 0.336464 1.311787
v 0.000000 0.336464 1.248527
v 0.000000 0.336464 1.185267
v 0.000000 0.336464 1.122006
v 0.000000 0.336464 1.058746
v 0.000000 0.336464 0.995486
v 0.000000 0.336464 0.932226
v 0.000000 0.336464 0.868966
v 0.000000 0.336464 0.805705
v 0.000000 0.336464 0.742445
v 0.000000 0.336464 0.679185
v 0.000000 0.336464 0.615925
v 0.000000 0.336464 0.552665
v 0.000000 0.336464 0.489404
v 0.000000 0.336464 0.426144
v 0.000000 0.336464 0.362884
v 0.000000 0.336464 0.299624
v 0.000000 0.336464 0.236364

vn 0.738230 0.674377 0.015226
vn 0.738472 0.674284 -0.000000
vn 0.738472 0.674284 0.000000
vn 0.577096 0.816676 0.000000
vn 0.577096 0.816676 0.000000
vn 0.577096 0.816676 0.000000
vn 0.738472 0.674284 0.000000
vn 0.577096 0.816676 0.000000
vn 0.577096 0.816676 0.000000
vn 0.577096 0.816676 0.000000
vn 0.738472 0.674284 0.000000
vn 0.577096 0.816676 0.000000
vn 0.577096 0.816676 0.000000
vn 0.577096 0.816676 0.000000
vn 0.738472 0.674284 0.000000
vn 0.577096 0.816676 0.000000
vn 0.577096 0.816676 0.000000
vn 0.577096 0.816676 0.000000
vn 0.738472 0.674284 0.000000
vn 0.577096 0.816676 0.000000
vn 0.577096 0.816676 0.000000
vn 0.577096 0.816676 0.000000
vn 0.738472 0.674284 0.000000
vn 0.577096 0.816676 0.000000
vn 0.577096 0.816676 0.000000
vn 0.577096 0.816676 0.000000
vn 0.738472 0.674284 0.000000
vn 0.577096 0.816676 0.000000
vn 0.577096 0.816676 0.000000
vn 0.577096 0.816676 0.000000
vn 0.833824 0.552030 -0.000000
vn 0.577096 0.816676 0.000000
vn 0.625045 0.780400 -0.017177
vn 0.736340 0.674683 0.051045
vn 0.735482 0.674760 -0.061362
vn 0.854267 0.499015 0.145643
vn 0.854267 0.499015 -0.145643
vn 0.995578 -0.090651 0.024617
vn 0.990685 -0.091318 0.101017
vn 0.990684 -0.091318 -0.101025
vn 0.601086 0.781388 0.167715
vn 0.712788 0.675850 -0.187508
vn 0.970315 -0.089544 0.224658
vn 0.967897 -0.089109 -0.235022
vn 0.540663 0.817948 0.196581
vn 0.589289 0.781775 -0.203876
vn 0.938798 -0.085188 0.333768
vn 0.936605 -0.084968 -0.339929
vn 0.995747 -0.090667 0.016341
vn 0.995880 -0.090682 0.000000
vn 0.995880 -0.090682 0.000000
vn 0.995880 -0.090682 0.000000
vn 0.995880 -0.090682 0.000000
vn 0.995880 -0.090682 0.000000
vn 0.995880 -0.090682 0.000000
vn 0.995880 -0.090682 -0.000000
vn 0.995763 -0.090669 -0.015319
vn 0.991789 -0.090279 0.090574
vn 0.784921 0.506326 0.357118
vn 0.669205 0.677836 -0.304470
vn 0.980857 -0.088281 0.173569
vn 0.978557 -0.092507 -0.184032
vn 0.000000 1.000000 0.000000
vn 0.959867 -0.087182 0.266562
vn 0.961154 -0.089662 -0.261043
vn 0.891616 -0.082080 0.445291
vn 0.900702 -0.081533 -0.426718
vn 0.000000 1.000000 0.000000
vn 0.630705 0.677575 0.378290
vn 0.635426 0.679395 -0.366956
vn 0.931680 -0.084467 0.353323
vn 0.933734 -0.084678 -0.347808
vn 0.995674 -0.090664 0.020349
vn 0.993556 -0.090459 0.068294
vn 0.988569 -0.084562 -0.124826
vn 0.984359 -0.089577 0.151703
vn 0.844292 -0.077630 -0.530231
vn 0.571732 -0.820170 0.021049
vn 0.746158 -0.665769 -0.000000
vn 0.572128 -0.820165 0.000000
vn 0.572128 -0.820165 0.000000
vn 0.572128 -0.820165 0.000000
vn 0.572128 -0.820165 0.000000
vn 0.572128 -0.820165 0.000000
vn 0.572128 -0.820165 0.000000
vn 0.572128 -0.820165 0.000000
vn 0.572128 -0.820165 0.000000
vn 0.572128 -0.820165 0.000000
vn 0.572128 -0.820165 0.000000
vn 0.572128 -0.820165 0.000000
vn 0.572128 -0.820165 0.000000
vn 0.572128 -0.820165 0.000000
vn 0.572128 -0.820165 0.000000
vn 0.572128 -0.820165 0.000000
vn 0.572128 -0.820165 0.000000
vn 0.572128 -0.820165 0.000000
vn 0.572128 -0.820165 0.000000
vn 0.572128 -0.820165 0.000000
vn 0.572128 -0.820165 0.000000
vn 0.572128 -0.820165 0.000000
vn 0.572128 -0.820165 0.000000
vn 0.572128 -0.820165 0.000000
vn 0.367132 -0.930169 0.000000
vn 0.572128 -0.820165 0.000000
vn 0.367132 -0.930169 0.000000
vn 0.367132 -0.930169 0.000000
vn 0.367132 -0.930169 0.000000
vn 0.701241 -0.712924 -0.000000
vn 0.230116 -0.973163 0.000000
vn 0.571742 -0.820164 -0.021040
vn 0.741434 -0.665398 0.086729
vn 0.568944 -0.819916 -0.063563
vn 0.897325 -0.081189 0.433839
vn 0.897730 -0.082319 -0.432787
vn 0.965508 -0.087751 0.245140
vn 0.558257 -0.817900 0.139244
vn 0.361193 -0.927086 -0.100256
vn 0.458825 0.820186 0.341722
vn 0.690408 0.509022 -0.514037
vn 0.545220 -0.815522 0.194058
vn 0.726738 -0.652026 -0.216135
vn 0.937357 -0.085036 0.337834
vn 0.945167 -0.084184 -0.315550
vn 0.812690 -0.074562 0.577907
vn 0.852062 -0.075736 0.517933
vn 0.851309 -0.076808 -0.519011
vn -0.258810 -0.965928 0.000000
vn 0.694139 -0.658318 0.291185
vn 0.329619 -0.922134 -0.202537
vn -0.258795 -0.965932 -0.000005
vn 0.905745 -0.082032 0.415808
vn 0.641483 0.515609 0.568020
vn 0.537677 0.683921 -0.493108
vn -0.258804 -0.965930 0.000003
vn -0.258805 -0.965930 -0.000008
vn 0.494144 -0.806021 0.325810
vn 0.496253 -0.804389 -0.326638
vn 0.721034 -0.066095 0.689740
vn 0.735687 -0.068528 -0.673846
vn 0.795230 -0.071505 0.602077
vn 0.801346 -0.070689 -0.594009
vn 0.865095 -0.078174 0.495479
vn 0.867378 -0.077003 -0.491657
vn 0.450946 -0.797924 0.399957
vn 0.457732 -0.799289 -0.389381
vn -0.258847 -0.965918 0.000011
vn 0.483656 0.684111 0.545957
vn 0.567712 0.516747 -0.640839
vn 0.000000 1.000000 0.000000
vn 0.000000 1.000000 0.000000
vn 0.737274 -0.067530 0.672211
vn 0.736788 -0.069771 -0.672514
vn 0.794943 -0.070244 0.602603
vn 0.764678 -0.064161 -0.641211
vn -0.258864 -0.965914 0.000014
vn 0.413906 -0.791147 0.450297
vn 0.421666 -0.792550 -0.440526
vn -0.258813 -0.965927 0.000003
vn -0.258813 -0.965927 0.000000
vn -0.258813 -0.965927 0.000000
vn -0.258813 -0.965927 0.000000
vn -0.258813 -0.965927 0.000000
vn -0.258813 -0.965927 0.000000
vn -0.258813 -0.965927 0.000000
vn -0.258815 -0.965927 0.000000
vn -0.258815 -0.965927 -0.000016
vn -0.258823 -0.965925 0.000017
vn 0.329293 0.823673 0.461659
vn 0.264564 0.890186 -0.370911
vn -0.258819 -0.965926 0.000015
vn -0.258830 -0.965923 -0.000019
vn 0.657415 -0.057408 0.751339
vn 0.669766 -0.063419 -0.739860
vn 0.000000 1.000000 0.000000
vn -0.258822 -0.965925 -0.000024
vn -0.258828 -0.965923 0.000002
vn 0.580668 -0.054211 0.812333
vn 0.598668 -0.054719 -0.799126
vn 0.503623 -0.626184 0.595196
vn 0.210119 -0.892990 -0.398019
vn -0.258820 -0.965925 0.000043
vn -0.258826 -0.965924 -0.000019
vn -0.673945 0.737828 -0.037535
vn -0.573851 0.818959 0.000000
vn -0.675193 0.737641 0.000000
vn -0.675193 0.737641 0.000000
vn -0.675193 0.737641 0.000000
vn -0.675193 0.737641 0.000000
vn -0.675193 0.737641 0.000000
vn -0.675193 0.737641 0.000000
vn -0.675193 0.737641 0.000000
vn -0.675193 0.737641 0.000000
vn -0.675193 0.737641 0.000000
vn -0.675193 0.737641 0.000000
vn -0.675193 0.737641 0.000000
vn -0.675193 0.737641 0.000000
vn -0.675193 0.737641 0.000000
vn -0.675193 0.737641 0.000000
vn -0.675193 0.737641 0.000000
vn -0.675193 0.737641 0.000000
vn -0.675193 0.737641 0.000000
vn -0.675193 0.737641 0.000000
vn -0.675193 0.737641 0.000000
vn -0.675193 0.737641 0.000000
vn -0.675193 0.737641 0.000000
vn -0.675193 0.737641 0.000000
vn -0.675193 0.737641 0.000000
vn -0.675193 0.737641 0.000000
vn -0.675193 0.737641 0.000000
vn -0.675193 0.737641 0.000000
vn -0.675193 0.737641 0.000000
vn -0.675193 0.737641 0.000000
vn -0.675193 0.737641 0.000000
vn -0.675193 0.737641 0.000000
vn -0.764254 0.644121 0.032017
vn -0.785746 0.603895 -0.133840
vn -0.667488 0.737934 0.099565
vn 0.000000 1.000000 0.000000
vn -0.651422 0.736782 -0.181114
vn -0.652613 0.737988 0.171668
vn -0.258808 -0.965929 -0.000003
vn -0.258803 -0.965930 -0.000005
vn -0.258840 -0.965920 -0.000018
vn -0.258832 -0.965922 0.000024
vn 0.681766 -0.059423 0.729153
vn -0.537846 0.817929 -0.204237
vn -0.641676 0.737307 0.211258
vn 0.355975 0.689820 0.630421
vn 0.366224 0.691550 -0.622606
vn 0.573739 -0.050911 0.817455
vn 0.567680 -0.050339 -0.821709
vn 0.000000 1.000000 0.000000
vn -0.718195 0.599260 -0.353670
vn -0.481291 0.846272 0.228435
vn 0.162382 -0.885230 0.435890
vn 0.322385 -0.765856 -0.556357
vn -0.258837 -0.965921 0.000001
vn -0.258806 -0.965929 -0.000002
vn 0.472266 -0.043176 -0.880398
vn -0.979610 0.087587 0.180811
vn -0.681827 0.596955 -0.422796
vn -0.369688 0.902300 0.221778
vn -0.258823 -0.965925 0.000034
vn -0.258833 -0.965922 0.000016
vn -0.258822 -0.965925 -0.000033
vn -0.540575 0.731623 -0.415340
vn -0.707770 0.500428 0.498632
vn 0.583394 -0.051822 0.810535
vn 0.613884 -0.051624 -0.787706
vn -0.258833 -0.965922 -0.000006
vn -0.258833 -0.965922 0.000006
vn 0.273536 0.695665 0.664250
vn 0.286266 0.692936 -0.661734
vn -0.258845 -0.965919 0.000012
vn -0.258845 -0.965919 -0.000012
vn 0.485528 -0.041651 0.873228
vn 0.484124 -0.042733 -0.873955
vn 0.372004 -0.610401 0.699303
vn 0.242197 -0.759568 -0.603653
vn -0.258809 -0.965928 -0.000016
vn -0.258811 -0.965928 0.000004
vn -0.496881 0.729608 -0.469875
vn -0.586144 0.590928 0.554292
vn -0.916541 0.079357 0.391988
vn 0.000000 1.000000 0.000000
vn -0.258785 -0.965935 -0.000010
vn -0.258807 -0.965929 -0.000002
vn 0.429437 -0.039557 0.902230
vn -0.258827 -0.965924 -0.000003
vn -0.258830 -0.965923 -0.000002
vn -0.258822 -0.965925 0.000011
vn -0.446910 0.727317 -0.520847
vn -0.527085 0.587235 0.614277
vn -0.258854 -0.965917 -0.000000
vn -0.819052 -0.573438 -0.017956
vn -0.903093 -0.429446 0.000000
vn -0.819459 -0.573137 0.000000
vn -0.903093 -0.429446 0.000000
vn -0.903093 -0.429446 0.000000
vn -0.903093 -0.429446 0.000000
vn -0.819459 -0.573137 0.000000
vn -0.903093 -0.429446 0.000000
vn -0.903093 -0.429446 0.000000
vn -0.903093 -0.429446 0.000000
vn -0.819459 -0.573137 0.000000
vn -0.903093 -0.429446 0.000000
vn -0.903093 -0.429446 0.000000
vn -0.903093 -0.429446 0.000000
vn -0.819459 -0.573137 0.000000
vn -0.903093 -0.429446 0.000000
vn -0.903093 -0.429446 0.000000
vn -0.903093 -0.429446 0.000000
vn -0.819459 -0.573137 0.000000
vn -0.903093 -0.429446 0.000000
vn -0.903093 -0.429446 0.000000
vn -0.903093 -0.429446 0.000000
vn -0.819459 -0.573137 0.000000
vn -0.903093 -0.429446 0.000000
vn -0.903093 -0.429446 0.000000
vn -0.745333 -0.666692 0.000000
vn -0.819459 -0.573137 0.000000
vn -0.819459 -0.573137 0.000000
vn -0.819459 -0.573137 0.000000
vn -0.819459 -0.573137 0.000000
vn -0.819459 -0.573137 0.000000
vn -0.819459 -0.573137 0.000000
vn -0.818369 -0.573560 0.036063
vn -0.814428 -0.574519 -0.081455
vn -0.808455 -0.576564 0.118213
vn 0.494404 -0.043690 0.868133
vn 0.494404 -0.043690 -0.868133
vn -0.802364 -0.576315 -0.155156
vn -0.697310 -0.705029 0.129202
vn 0.000000 1.000000 0.000000
vn -0.258849 -0.965918 -0.000024
vn -0.258836 -0.965921 0.000024
vn -0.258799 -0.965931 -0.000016
vn -0.258794 -0.965933 0.000022
vn -0.787311 -0.578917 -0.212123
vn -0.685586 -0.706821 0.174288
vn 0.382243 -0.033527 0.923453
vn 0.390515 -0.033093 -0.920002
vn 0.167410 0.827971 0.535199
vn 0.167409 0.827971 -0.535200
vn -0.461188 0.583137 -0.668772
vn -0.391135 0.724779 0.567194
vn 0.185856 -0.749269 0.635652
vn 0.103235 -0.836452 -0.538230
vn -0.766922 -0.582392 -0.269536
vn -0.762491 -0.584351 0.277741
vn -0.258827 -0.965924 0.000010
vn 0.306045 -0.026767 0.951641
vn 0.320474 -0.029503 -0.946798
vn -0.258831 -0.965923 -0.000015
vn -0.808880 -0.442974 -0.386635
vn -0.645159 -0.717563 0.262439
vn 0.000000 1.000000 0.000000
vn -0.280424 0.809270 -0.516183
vn -0.330273 0.722030 0.607941
vn -0.258839 -0.965921 -0.000002
vn -0.258827 -0.965924 0.000003
vn -0.258810 -0.965928 -0.000023
vn -0.258842 -0.965920 -0.000013
vn 0.399653 -0.035123 0.915994
vn 0.399652 -0.035123 -0.915994
vn -0.708615 -0.592428 -0.383266
vn -0.718127 -0.593893 0.362747
vn 0.289797 -0.025289 0.956754
vn 0.283297 -0.024704 -0.958714
vn 0.209679 -0.586706 0.782183
vn 0.209677 -0.586706 -0.782184
vn -0.312629 0.573989 -0.756836
vn -0.265298 0.719120 0.642249
vn 0.180667 0.544295 0.819208
vn 0.153614 0.700877 -0.696544
vn -0.258813 -0.965927 -0.000022
vn 0.000000 1.000000 0.000000
vn -0.670339 -0.599011 -0.437986
vn -0.724599 -0.454837 0.517764
vn -0.258822 -0.965925 0.000001
vn -0.258820 -0.965926 0.000008
vn -0.258824 -0.965925 -0.000010
vn -0.258834 -0.965922 0.000006
vn 0.178024 -0.016771 0.983883
vn 0.198948 -0.017283 -0.979858
vn -0.197393 0.716104 -0.669501
vn -0.197391 0.716104 0.669501
vn -0.625983 -0.606669 -0.489997
vn -0.625997 -0.606652 0.490001
vn 0.280086 -0.023090 0.959697
vn 0.300952 -0.026298 -0.953277
vn 0.000000 1.000000 0.000000
vn -0.258798 -0.965931 0.000004
vn -0.258815 -0.965927 -0.000004
vn 0.042823 -0.723442 0.689055
vn 0.042819 -0.723447 -0.689051
vn -0.611544 -0.470745 -0.635935
vn -0.575811 -0.615314 0.538359
vn 0.199641 -0.018690 0.979691
vn 0.189400 -0.016430 -0.981763
vn -0.127849 0.713042 -0.689367
vn -0.127851 0.713042 0.689366
vn 0.082770 0.547084 0.832975
vn 0.081915 0.703970 -0.705490
vn -0.258812 -0.965928 0.000009
vn -0.258819 -0.965926 -0.000007
vn 0.098979 -0.008551 -0.995053
vn -0.545245 -0.480011 -0.687239
vn -0.545240 -0.480011 0.687242
vn -0.068287 0.559189 -0.826223
vn -0.058007 0.709993 0.701816
vn 0.179397 -0.014271 -0.983673
vn -0.258808 -0.965929 -0.000037
vn -0.258808 -0.965929 0.000037
vn -0.258815 -0.965927 -0.000002
vn -0.258813 -0.965927 0.000001
vn -0.460117 -0.635252 -0.620279
vn -0.460120 -0.635252 0.620278
vn 0.024906 -0.556750 0.830307
vn -0.030023 -0.710415 -0.703143
vn 0.091135 -0.006801 0.995815
vn 0.090924 -0.008919 -0.995818
vn 0.010980 0.894293 0.447346
vn -0.011554 0.707698 -0.706421
vn -0.009805 0.800380 0.599412
vn 0.027273 0.553180 -0.832615
vn -0.258804 -0.965930 -0.000010
vn 0.049637 -0.005801 0.998751
vn 0.029532 -0.002538 -0.999561
vn -0.396346 -0.646289 -0.652090
vn -0.396346 -0.646289 0.652090
vn -0.258795 -0.965932 -0.000007
vn -0.258794 -0.965932 0.000010
vn 0.122007 -0.009183 0.992487
vn -0.258800 -0.965931 -0.000020
vn -0.258800 -0.965931 0.000020
vn -0.318372 -0.511761 -0.797960
vn -0.318371 -0.511761 0.797960
vn -0.113546 -0.695646 0.709354
vn -0.060058 -0.544838 -0.836388
vn 0.008227 -0.000706 0.999966
vn 0.008225 -0.000705 -0.999966
vn -0.258830 -0.965923 0.000020
vn -0.258832 -0.965922 -0.000019
vn -0.258872 -0.965912 0.000005
vn -0.258842 -0.965920 -0.000007
vn -0.258822 -0.965925 -0.000032
vn -0.258816 -0.965927 0.000032
vn -0.262413 -0.669538 -0.694880
vn -0.262416 -0.669537 0.694880
vn 0.029703 -0.002553 0.999556
vn 0.050406 -0.002815 -0.998725
vn -0.160133 -0.687109 0.708688
vn -0.258832 -0.965922 0.000001
vn -0.258879 -0.965910 0.000003
vn -0.205734 -0.679129 -0.704597
vn -0.205735 -0.679129 0.704597
vn -0.258839 -0.965921 -0.000001
vn -0.202028 -0.806573 -0.555539
vn 0.000000 0.707107 0.707107
vn 0.000000 0.707107 -0.707107
vn 0.000000 0.707107 0.707107
vn 0.000000 0.707107 -0.707107
vn -0.143563 -0.535800 0.832050
vn -0.183008 -0.683014 -0.707107
vn -0.143563 -0.535800 0.832050
vn -0.143563 -0.535800 -0.832050
vn 0.000000 0.832050 0.554700
vn 0.000000 0.707107 -0.707107
vn 0.000000 0.707107 0.707107
vn 0.000000 0.832050 -0.554700
vn -0.183008 -0.683014 0.707107
vn -0.143563 -0.535800 -0.832050
vn -0.143563 -0.535800 0.832050
vn -0.183008 -0.683014 -0.707107
vn 0.000000 0.832050 0.554700
vn 0.000000 0.707107 -0.707107
vn 0.000000 0.707107 0.707107
vn 0.000000 0.832050 -0.554700
vn -0.183009 -0.683014 0.707107
vn -0.143564 -0.535800 -0.832050
vn -0.143564 -0.535800 0.832050
vn -0.183009 -0.683014 -0.707107
vn 0.000000 0.707107 0.707107
vn 0.000000 0.707107 -0.707107
vn 0.000000 0.707107 0.707107
vn 0.000000 0.707107 -0.707107
vn -0.183015 -0.683003 0.707116
vn -0.183015 -0.683003 -0.707116
vn -0.183015 -0.683003 0.707116
vn -0.183015 -0.683003 -0.707116
vn 0.000000 0.832050 0.554700
vn 0.000000 0.707107 -0.707107
vn 0.000000 0.707107 0.707107
vn 0.000000 0.832050 -0.554700
vn -0.183016 -0.682995 0.707123
vn -0.143570 -0.535786 -0.832058
vn -0.143570 -0.535786 0.832058
vn -0.183016 -0.682995 -0.707123
vn 0.000000 0.832050 0.554700
vn 0.000000 0.707107 -0.707107
vn 0.000000 0.707107 0.707107
vn 0.000000 0.832050 -0.554700
vn -0.183008 -0.683014 0.707107
vn -0.143564 -0.535800 -0.832050
vn -0.143564 -0.535800 0.832050
vn -0.183008 -0.683014 -0.707107
vn 0.000000 0.832050 0.554700
vn 0.000000 0.707107 -0.707107
vn 0.000000 0.707107 0.707107
vn 0.000000 0.832050 -0.554700
vn -0.183008 -0.683014 0.707107
vn -0.143564 -0.535800 -0.832050
vn -0.143564 -0.535800 0.832050
vn -0.183008 -0.683014 -0.707107
vn 0.000000 0.832050 0.554700
vn 0.000000 0.707107 -0.707107
vn 0.000000 0.707107 0.707107
vn 0.000000 0.832050 -0.554700
vn 0.000000 0.000000 1.000000
vn 0.000000 0.000000 -1.000000
vn -0.183008 -0.683014 0.707107
vn -0.258821 -0.965925 -0.000000
vn -0.143564 -0.535800 -0.832050
vn -0.143564 -0.535800 0.832050
vn -0.258821 -0.965925 -0.000000
vn -0.183008 -0.683014 -0.707107
vn 0.000000 0.832050 0.554700
vn 0.000000 0.707107 -0.707107
vn 0.000000 0.707107 0.707107
vn 0.000000 0.832050 -0.554700
vn -0.183022 -0.683016 0.707101
vn -0.143574 -0.535802 -0.832048
vn -0.143574 -0.535802 0.832048
vn -0.183022 -0.683016 -0.707101
vn 0.000000 0.832050 0.554700
vn 0.000000 0.707107 -0.707107
vn 0.000000 0.707107 0.707107
vn 0.000000 0.832050 -0.554700
vn -0.183020 -0.683010 0.707107
vn -0.143572 -0.535798 -0.832050
vn -0.143572 -0.535798 0.832050
vn -0.183020 -0.683010 -0.707107
vn 0.000000 0.832050 0.554700
vn 0.000000 0.707107 -0.707107
vn 0.000000 0.707107 0.707107
vn 0.000000 0.832050 -0.554700
vn -0.183005 -0.683003 0.707118
vn -0.143561 -0.535792 -0.832056
vn -0.143561 -0.535792 0.832056
vn -0.183005 -0.683003 -0.707118
vn 0.000000 0.707107 0.707107
vn 0.000000 0.707107 -0.707107
vn 0.000000 0.707107 0.707107
vn 0.000000 0.707107 -0.707107
vn -0.183010 -0.683013 0.707107
vn -0.183010 -0.683013 -0.707107
vn -0.183010 -0.683013 0.707107
vn -0.183010 -0.683013 -0.707107
vn 0.000000 0.832050 0.554700
vn 0.000000 0.707107 -0.707107
vn 0.000000 0.707107 0.707107
vn 0.000000 0.832050 -0.554700
vn -0.183011 -0.683025 0.707096
vn -0.143566 -0.535808 -0.832045
vn -0.143566 -0.535808 0.832045
vn -0.183011 -0.683025 -0.707096
vn 0.000000 0.832050 0.554700
vn 0.000000 0.707107 -0.707107
vn 0.000000 0.707107 0.707107
vn 0.000000 0.832050 -0.554700
vn -0.183011 -0.683025 0.707096
vn -0.143566 -0.535808 -0.832045
vn -0.143566 -0.535808 0.832045
vn -0.183011 -0.683025 -0.707096
vn 0.000000 0.832050 0.554700
vn 0.000000 0.707107 -0.707107
vn 0.000000 0.707107 0.707107
vn 0.000000 0.707107 -0.707107
vn -0.215365 -0.803699 0.554694
vn -0.155302 -0.579556 -0.799998
vn -0.183025 -0.683013 0.707103
vn -0.183025 -0.683013 -0.707103
vn -0.041757 0.542647 0.838922
vn 0.010972 0.894403 -0.447128
vn 0.023434 0.706791 0.707034
vn -0.010965 0.894560 -0.446814
vn -0.049933 -0.001596 -0.998751
vn 0.105166 -0.001387 -0.994454
vn -0.017556 0.002671 0.999842
vn -0.011499 0.000403 -0.999934
vn -0.030118 0.001055 -0.999546
vn -0.170856 -0.533088 0.828629
vn -0.258797 -0.965932 -0.000007
vn -0.258814 -0.965927 0.000000
vn -0.258809 -0.965929 -0.000007
vn -0.165742 -0.685690 -0.708773
vn -0.129881 -0.537334 0.833309
vn -0.258825 -0.965924 0.000004
vn -0.258814 -0.965927 0.000000
vn -0.258809 -0.965929 0.000012
vn -0.200247 -0.680571 -0.704786
vn 0.054640 0.832879 -0.550751
vn 0.097079 0.552851 0.827606
vn -0.188198 -0.874044 -0.447916
vn -0.125058 -0.692043 0.710941
vn 0.000000 1.000000 0.000000
vn -0.258812 -0.965928 -0.000023
vn -0.055526 0.827096 0.559311
vn -0.083120 0.550451 -0.830719
vn 0.109020 0.835725 -0.538218
vn 0.154089 0.705018 0.692247
vn -0.258790 -0.965934 -0.000002
vn -0.258806 -0.965929 -0.000001
vn -0.109568 0.009274 0.993936
vn -0.108498 0.005830 -0.994080
vn -0.100951 0.003329 0.994886
vn -0.100917 0.003327 -0.994889
vn -0.268701 -0.793807 0.545592
vn -0.240345 -0.675025 -0.697549
vn -0.106372 -0.827931 -0.550650
vn 0.010438 -0.552246 0.833616
vn -0.258833 -0.965922 -0.000023
vn 0.247676 0.449346 -0.858339
vn 0.289998 0.559961 0.776109
vn -0.258835 -0.965922 -0.000009
vn -0.258816 -0.965927 -0.000002
vn 0.068199 -0.563723 -0.823143
vn 0.108957 -0.615332 0.780701
vn -0.088477 0.895208 0.436776
vn -0.109717 0.833428 -0.541628
vn 0.348109 0.547943 -0.760644
vn 0.217523 0.836399 0.503110
vn -0.258791 -0.965933 -0.000004
vn -0.258797 -0.965932 0.000002
vn -0.166355 0.000436 0.986066
vn -0.187584 0.003195 -0.982243
vn -0.211646 0.006386 0.977325
vn -0.211646 0.006386 -0.977325
vn -0.258823 -0.965925 -0.000035
vn -0.202789 0.006201 0.979203
vn -0.192312 0.006008 -0.981315
vn -0.292887 -0.521238 0.801579
vn -0.292213 -0.419185 -0.859590
vn 0.025673 -0.815726 -0.577869
vn 0.104453 -0.732970 0.672194
vn 0.363247 0.702369 -0.612151
vn 0.348170 0.705806 0.616940
vn 0.000000 1.000000 0.000000
vn -0.258809 -0.965928 0.000000
vn -0.258807 -0.965929 -0.000011
vn -0.258798 -0.965932 -0.000018
vn -0.258782 -0.965936 -0.000006
vn 0.000000 1.000000 0.000000
vn 0.272010 -0.578802 -0.768764
vn 0.065323 -0.859890 0.506284
vn 0.426401 0.701740 -0.570739
vn 0.413670 0.701817 0.579940
vn -0.233829 0.559836 0.794926
vn -0.233828 0.559836 -0.794927
vn -0.316498 0.008544 0.948555
vn -0.316498 0.008544 -0.948555
vn -0.258830 -0.965923 -0.000031
vn -0.258813 -0.965928 0.000042
vn 0.567646 -0.011682 0.823190
vn -0.258846 -0.965918 0.000003
vn -0.302343 0.008432 0.953162
vn -0.302342 0.008432 -0.953162
vn -0.294219 0.008398 0.955701
vn -0.287647 0.008307 -0.957700
vn 0.238183 -0.746295 -0.621540
vn 0.252374 -0.748356 0.613409
vn -0.386726 -0.554751 0.736678
vn -0.398358 -0.511616 -0.761289
vn -0.258795 -0.965932 0.000012
vn -0.258794 -0.965933 -0.000013
vn 0.569606 0.544848 -0.615378
vn 0.297312 0.893798 0.335753
vn -0.258831 -0.965923 -0.000007
vn 0.434050 -0.594730 -0.676681
vn 0.169261 -0.880867 0.442068
vn 0.630471 0.544235 -0.553457
vn 0.520853 0.709086 0.475299
vn -0.258814 -0.965927 0.000002
vn -0.258834 -0.965922 -0.000015
vn -0.258843 -0.965919 0.000001
vn -0.315451 0.560858 0.765460
vn -0.267918 0.711031 -0.650119
vn -0.431008 0.005940 0.902328
vn -0.470412 -0.002210 -0.882444
vn 0.366466 -0.765409 -0.529009
vn 0.514014 -0.610247 0.602816
vn -0.258821 -0.965925 0.000032
vn -0.401565 0.010047 0.915776
vn -0.391036 0.010043 -0.920321
vn -0.387998 0.010106 0.921605
vn -0.416054 0.013668 -0.909237
vn 0.589970 0.704960 -0.393659
vn 0.446471 0.830721 0.332516
vn -0.459114 -0.644981 0.610912
vn -0.422352 -0.765492 -0.485428
vn 0.000000 1.000000 0.000000
vn 0.000000 1.000000 0.000000
vn 0.549068 -0.667772 -0.502598
vn 0.430896 -0.776467 0.459812
vn 0.605697 0.707877 -0.363374
vn 0.479652 0.828934 0.287754
vn 0.843086 -0.017855 0.537483
vn -0.258831 -0.965923 -0.000016
vn -0.258834 -0.965922 -0.000005
vn 0.284694 -0.908401 -0.306199
vn 0.292171 -0.904776 0.309866
vn 0.643187 0.702218 -0.305285
vn 0.644588 0.701114 0.304869
vn -0.258808 -0.965929 0.000001
vn -0.258829 -0.965923 0.000007
vn -0.258828 -0.965923 -0.000000
vn -0.348849 0.706045 0.616283
vn -0.352395 0.696983 -0.624526
vn 0.319652 -0.911564 -0.258598
vn 0.515472 -0.789435 0.333289
vn 0.573538 0.797198 -0.188490
vn 0.525837 0.828820 0.191186
vn -0.504520 0.013922 0.863288
vn -0.497493 0.014967 -0.867339
vn 0.949690 -0.018843 0.312625
vn -0.493827 0.011083 0.869490
vn 0.000000 1.000000 0.000000
vn 0.920050 -0.024442 -0.391037
vn -0.508496 -0.638665 0.577528
vn -0.533768 -0.491616 -0.688045
vn 0.687730 0.703063 -0.180914
vn 0.539325 0.830061 0.141870
vn 0.548446 -0.792339 -0.267218
vn 0.705238 -0.622584 0.339159
vn -0.258825 -0.965924 -0.000005
vn -0.258828 -0.965924 -0.000007
vn -0.258838 -0.965921 -0.000037
vn 0.553058 0.829049 -0.082494
vn 0.888650 0.436125 0.141764
vn 0.983384 -0.018507 -0.180594
vn 0.360534 -0.919908 -0.154224
vn 0.361298 -0.919573 0.154433
vn 0.806972 0.589627 -0.033701
vn 0.714398 0.699740 0.000000
vn 0.714398 0.699740 0.000000
vn 0.714398 0.699740 0.000000
vn 0.714398 0.699740 0.000000
vn 0.714398 0.699740 0.000000
vn 0.714398 0.699740 0.000000
vn 0.714398 0.699740 0.000000
vn 0.714398 0.699740 0.000000
vn 0.714398 0.699740 0.000000
vn 0.714398 0.699740 0.000000
vn 0.714398 0.699740 0.000000
vn 0.714398 0.699740 0.000000
vn 0.714398 0.699740 0.000000
vn 0.714398 0.699740 0.000000
vn 0.714398 0.699740 0.000000
vn 0.714398 0.699740 0.000000
vn 0.714398 0.699740 0.000000
vn 0.714398 0.699740 0.000000
vn 0.714398 0.699740 0.000000
vn 0.714398 0.699740 0.000000
vn 0.714398 0.699740 0.000000
vn 0.714398 0.699740 0.000000
vn 0.714398 0.699740 0.000000
vn 0.714398 0.699740 0.000000
vn 0.714398 0.699740 0.000000
vn 0.714398 0.699740 0.000000
vn 0.714398 0.699740 0.000000
vn 0.714398 0.699740 0.000000
vn 0.714398 0.699740 0.000000
vn 0.714398 0.699740 0.000000
vn 0.714398 0.699740 0.000000
vn 0.450152 0.892752 0.018897
vn 0.582286 -0.800047 -0.144457
vn 0.583060 -0.799367 0.145094
vn 0.598737 -0.799714 -0.044406
vn 0.779541 -0.626351 0.000000
vn 0.600508 -0.799618 0.000000
vn 0.779541 -0.626351 0.000000
vn 0.779541 -0.626351 0.000000
vn 0.779541 -0.626351 0.000000
vn 0.600508 -0.799618 0.000000
vn 0.779541 -0.626351 0.000000
vn 0.779541 -0.626351 0.000000
vn 0.779541 -0.626351 0.000000
vn 0.600508 -0.799618 0.000000
vn 0.779541 -0.626351 0.000000
vn 0.779541 -0.626351 0.000000
vn 0.779541 -0.626351 0.000000
vn 0.600508 -0.799618 0.000000
vn 0.779541 -0.626351 0.000000
vn 0.779541 -0.626351 0.000000
vn 0.779541 -0.626351 0.000000
vn 0.600508 -0.799618 0.000000
vn 0.779541 -0.626351 0.000000
vn 0.779541 -0.626351 0.000000
vn 0.779541 -0.626351 0.000000
vn 0.600508 -0.799618 0.000000
vn 0.779541 -0.626351 0.000000
vn 0.779541 -0.626351 0.000000
vn 0.779541 -0.626351 0.000000
vn 0.600508 -0.799618 0.000000
vn 0.779541 -0.626351 0.000000
vn 0.779541 -0.626351 0.000000
vn 0.779541 -0.626351 0.000000
vn 0.600508 -0.799618 0.000000
vn 0.600505 -0.799621 -0.000004
vn 0.732876 -0.679319 0.037666
vn -0.258811 -0.965928 0.000006
vn -0.258833 -0.965922 -0.000013
vn -0.258800 -0.965931 -0.000001
vn -0.258805 -0.965929 0.000023
vn -0.258823 -0.965925 0.000002
vn -0.258839 -0.965921 -0.000001
vn -0.492849 0.561325 0.664841
vn -0.482751 0.527057 -0.699401
vn -0.564880 0.007151 0.825142
vn -0.586285 0.011174 0.810028
vn -0.585733 0.023405 -0.810166
vn -0.258797 -0.965932 0.000001
vn -0.607062 0.015325 0.794506
vn -0.571075 0.014839 -0.820764
vn -0.553788 -0.632980 0.540977
vn -0.469986 -0.814108 -0.341088
vn -0.258794 -0.965933 0.000011
vn -0.258794 -0.965932 0.000019
vn -0.258803 -0.965930 0.000013
vn -0.258827 -0.965924 0.000054
vn -0.258825 -0.965924 0.000009
vn -0.258825 -0.965924 -0.000012
vn -0.258814 -0.965927 -0.000015
vn 0.000000 1.000000 0.000000
vn 0.000000 1.000000 0.000000
vn 0.000000 1.000000 0.000000
vn -0.365586 0.834205 0.412854
vn -0.365586 0.834206 -0.412854
vn -0.681208 0.006363 0.732063
vn -0.687939 -0.006693 -0.725738
vn -0.662426 0.007585 0.749089
vn -0.668472 0.010686 -0.743661
vn -0.258830 -0.965923 -0.000002
vn -0.258821 -0.965925 -0.000008
vn -0.687405 0.014820 -0.726123
vn -0.613801 -0.620198 0.488470
vn -0.646787 -0.491848 -0.582883
vn -0.258803 -0.965930 -0.000010
vn -0.258808 -0.965929 0.000008
vn -0.258820 -0.965926 0.000004
vn -0.258826 -0.965924 -0.000006
vn -0.523243 0.705050 0.478666
vn -0.414838 0.826510 -0.380513
vn -0.258812 -0.965928 0.000016
vn -0.258814 -0.965927 -0.000015
vn -0.747804 0.012746 0.663797
vn -0.742761 0.014393 -0.669402
vn -0.730187 0.013850 0.683107
vn -0.527886 -0.802833 0.277119
vn -0.710328 -0.478804 -0.515927
vn 0.000000 1.000000 0.000000
vn -0.258817 -0.965926 -0.000001
vn -0.258813 -0.965928 0.000007
vn -0.258805 -0.965930 -0.000010
vn -0.258810 -0.965928 -0.000000
vn -0.258819 -0.965926 -0.000001
vn -0.258822 -0.965925 -0.000002
vn -0.258823 -0.965925 0.000018
vn -0.258839 -0.965921 -0.000010
vn -0.258814 -0.965927 -0.000001
vn -0.258813 -0.965927 0.000000
vn -0.258813 -0.965927 0.000000
vn -0.258813 -0.965927 0.000000
vn -0.258813 -0.965927 0.000000
vn -0.258813 -0.965927 0.000000
vn -0.258813 -0.965927 0.000000
vn -0.258813 -0.965927 0.000000
vn -0.258819 -0.965926 0.000003
vn -0.673338 0.559467 0.483335
vn -0.575641 0.687587 -0.442563
vn -0.790911 0.004157 0.611917
vn -0.813001 0.007824 0.582209
vn -0.799035 0.024777 -0.600774
vn -0.809300 0.008225 0.587337
vn -0.822738 0.028856 -0.567689
vn -0.744153 -0.486140 0.458153
vn -0.610426 -0.734001 -0.297695
vn -0.258813 -0.965927 -0.000006
vn -0.258810 -0.965928 0.000008
vn -0.718511 0.558495 0.414518
vn -0.473845 0.833464 -0.284267
vn -0.858784 0.006516 0.512297
vn -0.845905 -0.000945 -0.533332
vn -0.861082 0.006537 0.508424
vn -0.867056 -0.009725 -0.498116
vn -0.863398 0.006554 0.504481
vn -0.715102 -0.615462 0.331414
vn -0.731955 -0.595305 -0.331442
vn 0.000000 1.000000 0.000000
vn -0.258804 -0.965930 -0.000012
vn -0.755765 0.557521 0.343495
vn -0.721065 0.602906 -0.341424
vn -0.904335 0.004813 0.426796
vn -0.908576 0.004441 -0.417696
vn -0.901601 0.005164 0.432537
vn -0.901840 -0.003588 -0.432055
vn -0.915470 0.008620 0.402293
vn -0.740326 -0.613164 0.275586
vn -0.756677 -0.587502 -0.286847
vn -0.258817 -0.965926 -0.000006
vn -0.258818 -0.965926 0.000010
vn -0.258823 -0.965925 0.000010
vn -0.565996 0.800864 0.195614
vn -0.520161 0.832866 -0.189122
vn -0.940425 0.003224 0.339987
vn -0.946745 -0.000825 -0.321984
vn -0.939044 0.000315 0.343797
vn -0.938178 0.003514 -0.346136
vn -0.932918 0.008540 -0.359986
vn -0.767173 -0.605105 0.212822
vn -0.762831 -0.611404 -0.210414
vn -0.258788 -0.965934 -0.000002
vn -0.258798 -0.965932 -0.000014
vn -0.807053 0.555896 0.199113
vn -0.583681 0.797381 -0.153298
vn -0.967446 0.001878 0.253072
vn -0.968097 0.001881 0.250569
vn -0.968133 0.002032 -0.250428
vn -0.960816 0.006949 0.277101
vn -0.858606 -0.482076 0.174353
vn -0.781077 -0.604215 -0.157617
vn -0.821758 0.555372 0.127576
vn -0.821758 0.555372 -0.127576
vn -0.985947 0.000873 0.167053
vn -0.982642 -0.002846 -0.185489
vn -0.986237 0.000877 0.165337
vn -0.987690 0.000685 -0.156421
vn -0.985562 0.001013 0.169313
vn -0.983292 0.004860 -0.181970
vn -0.686082 -0.722998 0.081022
vn -0.686052 -0.723028 -0.081013
vn -0.445314 0.894603 0.037151
vn -0.704275 0.707491 -0.058755
vn -0.996567 0.000269 0.082786
vn -0.996567 0.000269 -0.082785
vn -0.995917 0.000319 0.090274
vn -0.996640 0.000266 -0.081908
vn -0.996711 0.000270 0.081043
vn -0.996717 0.000270 -0.080961
vn -0.873576 -0.481579 0.070331
vn -0.873557 -0.481615 -0.070327
vn -0.831663 0.554812 0.022814
vn -0.447214 0.894427 0.000000
vn -0.707107 0.707107 0.000000
vn -0.554700 0.832050 0.000000
vn -0.554700 0.832050 0.000000
vn -0.554700 0.832050 0.000000
vn -0.707107 0.707107 0.000000
vn -0.554700 0.832050 0.000000
vn -0.554700 0.832050 0.000000
vn -0.554700 0.832050 0.000000
vn -0.707107 0.707107 0.000000
vn -0.554700 0.832050 0.000000
vn -0.554700 0.832050 0.000000
vn -0.554700 0.832050 0.000000
vn -0.707107 0.707107 0.000000
vn -0.554700 0.832050 0.000000
vn -0.554700 0.832050 0.000000
vn -0.554700 0.832050 0.000000
vn -0.707107 0.707107 0.000000
vn -0.554700 0.832050 0.000000
vn -0.554700 0.832050 0.000000
vn -0.554700 0.832050 0.000000
vn -0.707107 0.707107 0.000000
vn -0.554700 0.832050 0.000000
vn -0.554700 0.832050 0.000000
vn -0.554700 0.832050 0.000000
vn -0.707107 0.707107 0.000000
vn -0.554700 0.832050 0.000000
vn -0.554700 0.832050 0.000000
vn -0.554700 0.832050 0.000000
vn -0.707107 0.707107 0.000000
vn -0.554700 0.832050 0.000000
vn -0.706750 0.707198 -0.019388
vn -0.999869 0.000039 0.016214
vn -1.000000 0.000000 0.000000
vn -1.000000 0.000000 0.000000
vn -1.000000 0.000000 0.000000
vn -1.000000 0.000000 0.000000
vn -1.000000 0.000000 0.000000
vn -1.000000 0.000000 0.000000
vn -1.000000 0.000000 0.000000
vn -0.999908 0.000022 -0.013566
vn -0.999709 0.000039 -0.024123
vn -0.793132 -0.608819 0.016779
vn -0.793351 -0.608764 0.000000
vn -0.793351 -0.608764 0.000000
vn -0.793351 -0.608764 0.000000
vn -0.793351 -0.608764 0.000000
vn -0.793351 -0.608764 0.000000
vn -0.793351 -0.608764 0.000000
vn -0.793351 -0.608764 0.000000
vn -0.793351 -0.608764 0.000000
vn -0.793351 -0.608764 0.000000
vn -0.793351 -0.608764 0.000000
vn -0.793351 -0.608764 0.000000
vn -0.793351 -0.608764 0.000000
vn -0.793351 -0.608764 0.000000
vn -0.793351 -0.608764 0.000000
vn -0.793351 -0.608764 0.000000
vn -0.793351 -0.608764 0.000000
vn -0.793351 -0.608764 0.000000
vn -0.793351 -0.608764 0.000000
vn -0.793351 -0.608764 0.000000
vn -0.793351 -0.608764 0.000000
vn -0.793351 -0.608764 0.000000
vn -0.793351 -0.608764 0.000000
vn -0.793351 -0.608764 0.000000
vn -0.793351 -0.608764 0.000000
vn -0.793351 -0.608764 0.000000
vn -0.793351 -0.608764 0.000000
vn -0.793351 -0.608764 0.000000
vn -0.793351 -0.608764 0.000000
vn -0.793351 -0.608764 0.000000
vn -0.793351 -0.608764 0.000000
vn -0.793346 -0.608771 -0.000005
vn -0.793109 -0.608849 -0.016778

f 213//213 31//31 32//32
f 211//211 29//29 30//30
f 210//210 28//28 29//29
f 212//212 30//30 31//31
f 208//208 26//26 27//27
f 206//206 24//24 25//25
f 205//205 23//23 24//24
f 207//207 25//25 26//26
f 209//209 27//27 28//28
f 203//203 21//21 22//22
f 201//201 19//19 20//20
f 200//200 18//18 19//19
f 202//202 20//20 21//21
f 198//198 16//16 17//17
f 197//197 15//15 16//16
f 195//195 13//13 14//14
f 194//194 12//12 13//13
f 196//196 14//14 15//15
f 199//199 17//17 18//18
f 204//204 22//22 23//23
f 192//192 10//10 11//11
f 190//190 8//8 9//9
f 189//189 7//7 8//8
f 191//191 9//9 10//10
f 187//187 5//5 6//6
f 185//185 3//3 4//4
f 184//184 2//2 3//3
f 186//186 4//4 5//5
f 188//188 6//6 7//7
f 183//183 149//149 63//63
f 149//149 216//216 219//219
f 45//45 226//226 174//174
f 216//216 149//149 183//183
f 174//174 233//233 241//241
f 246//246 218//218 174//174
f 232//232 262//262 272//272
f 265//265 272//272 325//325
f 262//262 232//232 218//218
f 233//233 174//174 226//226
f 63//63 2//2 184//184
f 193//193 11//11 12//12
f 337//337 338//338 352//352
f 357//357 366//366 381//381
f 372//372 381//381 390//390
f 366//366 357//357 337//337
f 441//441 440//440 403//403
f 457//457 456//456 448//448
f 465//465 464//464 456//456
f 449//449 448//448 440//440
f 404//404 372//372 390//390
f 218//218 118//118 69//69
f 265//265 325//325 338//338
f 265//265 147//147 232//232
f 265//265 314//314 168//168
f 265//265 338//338 314//314
f 232//232 132//132 118//118
f 265//265 232//232 272//272
f 481//481 480//480 472//472
f 372//372 357//357 381//381
f 357//357 372//372 323//323
f 357//357 323//323 252//252
f 372//372 404//404 403//403
f 473//473 472//472 464//464
f 338//338 337//337 314//314
f 489//489 488//488 480//480
f 149//149 219//219 41//41
f 226//226 45//45 41//41
f 497//497 496//496 488//488
f 525//525 524//524 516//516
f 533//533 532//532 524//524
f 517//517 516//516 508//508
f 549//549 548//548 540//540
f 557//557 556//556 548//548
f 583//583 589//589 565//565
f 591//591 610//610 583//583
f 565//565 564//564 556//556
f 541//541 540//540 532//532
f 629//629 591//591 604//604
f 627//627 629//629 612//612
f 604//604 612//612 629//629
f 708//708 627//627 637//637
f 610//610 591//591 629//629
f 682//682 637//637 657//657
f 682//682 657//657 662//662
f 842//842 678//678 686//686
f 662//662 678//678 682//682
f 686//686 693//693 842//842
f 637//637 682//682 708//708
f 627//627 708//708 629//629
f 509//509 508//508 496//496
f 252//252 228//228 337//337
f 214//214 32//32 33//33
f 894//894 702//702 815//815
f 815//815 712//712 719//719
f 719//719 724//724 816//816
f 712//712 815//815 702//702
f 726//726 935//935 934//934
f 728//728 937//937 936//936
f 729//729 938//938 937//937
f 727//727 936//936 935//935
f 724//724 725//725 880//880
f 731//731 940//940 939//939
f 733//733 942//942 941//941
f 734//734 943//943 942//942
f 732//732 941//941 940//940
f 736//736 945//945 944//944
f 737//737 946//946 945//945
f 739//739 948//948 947//947
f 740//740 949//949 948//948
f 738//738 947//947 946//946
f 735//735 944//944 943//943
f 730//730 939//939 938//938
f 743//743 952//952 951//951
f 745//745 954//954 953//953
f 746//746 955//955 954//954
f 744//744 953//953 952//952
f 748//748 957//957 956//956
f 750//750 959//959 958//958
f 751//751 960//960 959//959
f 749//749 958//958 957//957
f 747//747 956//956 955//955
f 753//753 962//962 961//961
f 755//755 964//964 963//963
f 756//756 965//965 964//964
f 754//754 963//963 962//962
f 817//817 756//756 720//720
f 817//817 720//720 713//713
f 694//694 883//883 895//895
f 687//687 872//872 883//883
f 703//703 895//895 906//906
f 756//756 817//817 965//965
f 752//752 961//961 960//960
f 742//742 951//951 950//950
f 663//663 834//834 861//861
f 658//658 638//638 683//683
f 638//638 628//628 683//683
f 658//658 819//819 834//834
f 613//613 605//605 634//634
f 592//592 584//584 587//587
f 584//584 566//566 587//587
f 634//634 605//605 592//592
f 683//683 628//628 613//613
f 550//550 551//551 559//559
f 542//542 543//543 551//551
f 558//558 559//559 567//567
f 815//815 719//719 816//816
f 534//534 535//535 543//543
f 679//679 861//861 872//872
f 526//526 527//527 535//535
f 518//518 519//519 527//527
f 498//498 499//499 511//511
f 490//490 491//491 499//499
f 510//510 511//511 519//519
f 482//482 483//483 491//491
f 741//741 950//950 949//949
f 474//474 475//475 483//483
f 458//458 459//459 467//467
f 450//450 451//451 459//459
f 466//466 467//467 475//475
f 405//405 406//406 443//443
f 391//391 384//384 405//405
f 367//367 324//324 382//382
f 353//353 253//253 367//367
f 382//382 355//355 391//391
f 442//442 443//443 451//451
f 326//326 169//169 339//339
f 273//273 263//263 150//150
f 263//263 247//247 150//150
f 150//150 326//326 273//273
f 234//234 60//60 242//242
f 227//227 46//46 234//234
f 220//220 217//217 68//68
f 217//217 215//215 68//68
f 68//68 227//227 220//220
f 150//150 247//247 242//242
f 339//339 229//229 353//353
f 817//817 713//713 906//906
f 693//693 702//702 842//842
f 678//678 842//842 682//682
f 702//702 894//894 842//842
f 842//842 833//833 682//682
f 894//894 815//815 905//905
f 816//816 724//724 880//880
f 63//63 1//1 2//2
f 63//63 34//34 1//1
f 36//36 149//149 41//41
f 34//34 149//149 36//36
f 174//174 59//59 45//45
f 59//59 174//174 69//69
f 147//147 265//265 168//168
f 383//383 372//372 403//403
f 354//354 372//372 383//383
f 639//639 629//629 667//667
f 667//667 629//629 698//698
f 610//610 629//629 639//639
f 708//708 798//798 698//698
f 818//818 682//682 833//833
f 842//842 860//860 833//833
f 708//708 818//818 798//798
f 842//842 882//882 871//871
f 842//842 894//894 882//882
f 815//815 816//816 923//923
f 905//905 815//815 913//913
f 842//842 871//871 860//860
f 629//629 708//708 698//698
f 933//933 923//923 880//880
f 634//634 683//683 613//613
f 592//592 587//587 634//634
f 242//242 70//70 150//150
f 634//634 587//587 611//611
f 668//668 683//683 634//634
f 924//924 817//817 914//914
f 914//914 817//817 906//906
f 933//933 880//880 934//934
f 658//658 683//683 819//819
f 683//683 799//799 819//819
f 683//683 668//668 699//699
f 634//634 611//611 640//640
f 587//587 590//590 611//611
f 634//634 640//640 668//668
f 683//683 699//699 799//799
f 587//587 567//567 590//590
f 150//150 148//148 169//169
f 150//150 119//119 133//133
f 150//150 70//70 119//119
f 150//150 133//133 148//148
f 227//227 68//68 46//46
f 68//68 42//42 46//46
f 68//68 35//35 37//37
f 68//68 33//33 35//35
f 68//68 37//37 42//42
f 326//326 150//150 169//169
f 165//165 306//306 307//307
f 305//305 306//306 109//109
f 303//303 304//304 107//107
f 300//300 301//301 104//104
f 301//301 302//302 105//105
f 304//304 305//305 108//108
f 164//164 299//299 300//300
f 164//164 297//297 298//298
f 298//298 299//299 164//164
f 163//163 295//295 296//296
f 163//163 293//293 294//294
f 294//294 295//295 163//163
f 297//297 163//163 296//296
f 164//164 300//300 103//103
f 162//162 291//291 292//292
f 162//162 290//290 291//291
f 288//288 289//289 161//161
f 161//161 286//286 287//287
f 287//287 288//288 161//161
f 289//289 290//290 162//162
f 284//284 285//285 160//160
f 160//160 282//282 283//283
f 283//283 284//284 160//160
f 280//280 281//281 159//159
f 159//159 278//278 279//279
f 279//279 280//280 159//159
f 281//281 282//282 160//160
f 285//285 286//286 161//161
f 293//293 162//162 292//292
f 276//276 277//277 158//158
f 158//158 275//275 276//276
f 312//312 308//308 254//254
f 269//269 329//329 319//319
f 319//319 312//312 260//260
f 308//308 275//275 250//250
f 346//346 335//335 315//315
f 342//342 368//368 358//358
f 358//358 346//346 331//331
f 385//385 388//388 377//377
f 393//393 410//410 397//397
f 397//397 388//388 385//385
f 377//377 368//368 385//385
f 335//335 329//329 315//315
f 429//429 417//417 415//415
f 436//436 429//429 427//427
f 434//434 453//453 445//445
f 434//434 469//469 461//461
f 461//461 453//453 434//434
f 445//445 436//436 435//435
f 485//485 477//477 503//503
f 503//503 504//504 493//493
f 493//493 485//485 503//503
f 503//503 521//521 513//513
f 503//503 537//537 529//529
f 529//529 521//521 503//503
f 513//513 504//504 503//503
f 469//469 503//503 477//477
f 417//417 410//410 415//415
f 277//277 278//278 159//159
f 297//297 164//164 163//163
f 302//302 303//303 106//106
f 165//165 109//109 306//306
f 293//293 163//163 162//162
f 162//162 161//161 289//289
f 97//97 96//96 163//163
f 160//160 159//159 281//281
f 89//89 88//88 161//161
f 92//92 162//162 93//93
f 161//161 160//160 285//285
f 101//101 100//100 164//164
f 254//254 250//250 166//166
f 260//260 254//254 170//170
f 269//269 221//221 315//315
f 269//269 260//260 175//175
f 269//269 315//315 329//329
f 342//342 385//385 368//368
f 342//342 331//331 244//244
f 393//393 415//415 410//410
f 393//393 385//385 360//360
f 385//385 342//342 317//317
f 331//331 315//315 237//237
f 158//158 277//277 159//159
f 275//275 158//158 250//250
f 81//81 80//80 159//159
f 127//127 166//166 158//158
f 134//134 175//175 170//170
f 269//269 181//181 221//221
f 134//134 221//221 181//181
f 181//181 175//175 134//134
f 170//170 166//166 127//127
f 223//223 244//244 237//237
f 342//342 266//266 317//317
f 223//223 317//317 266//266
f 266//266 244//244 223//223
f 385//385 340//340 360//360
f 270//270 360//360 340//340
f 393//393 373//373 395//395
f 362//362 395//395 373//373
f 373//373 360//360 362//362
f 340//340 317//317 270//270
f 237//237 221//221 136//136
f 315//315 221//221 237//237
f 85//85 84//84 160//160
f 415//415 393//393 395//395
f 561//561 553//553 575//575
f 577//577 561//561 576//576
f 445//445 435//435 434//434
f 435//435 427//427 425//425
f 575//575 553//553 545//545
f 585//585 577//577 576//576
f 503//503 575//575 537//537
f 601//601 585//585 603//603
f 608//608 614//614 625//625
f 608//608 601//601 614//614
f 635//635 625//625 646//646
f 603//603 588//588 606//606
f 635//635 646//646 651//651
f 576//576 588//588 585//585
f 427//427 415//415 412//412
f 423//423 425//425 412//412
f 469//469 434//434 503//503
f 425//425 423//423 434//434
f 561//561 575//575 576//576
f 503//503 520//520 528//528
f 620//620 606//606 593//593
f 593//593 575//575 574//574
f 576//576 575//575 593//593
f 452//452 460//460 434//434
f 614//614 603//603 630//630
f 625//625 632//632 646//646
f 614//614 630//630 655//655
f 651//651 646//646 673//673
f 646//646 689//689 673//673
f 665//665 646//646 632//632
f 614//614 632//632 625//625
f 643//643 655//655 630//630
f 646//646 665//665 689//689
f 689//689 665//665 793//793
f 665//665 655//655 695//695
f 716//716 673//673 689//689
f 630//630 606//606 643//643
f 412//412 415//415 395//395
f 660//660 651//651 673//673
f 412//412 395//395 362//362
f 250//250 254//254 308//308
f 671//671 660//660 673//673
f 696//696 684//684 671//671
f 700//700 691//691 792//792
f 794//794 722//722 714//714
f 714//714 700//700 794//794
f 691//691 684//684 718//718
f 809//809 759//759 757//757
f 851//851 761//761 760//760
f 851//851 760//760 759//759
f 762//762 852//852 763//763
f 852//852 765//765 764//764
f 852//852 764//764 763//763
f 761//761 851//851 852//852
f 757//757 722//722 808//808
f 766//766 853//853 767//767
f 767//767 853//853 768//768
f 854//854 769//769 853//853
f 771//771 854//854 772//772
f 854//854 771//771 770//770
f 769//769 768//768 853//853
f 855//855 773//773 854//854
f 775//775 855//855 776//776
f 855//855 775//775 774//774
f 855//855 856//856 777//777
f 779//779 856//856 780//780
f 856//856 779//779 778//778
f 773//773 772//772 854//854
f 765//765 852//852 853//853
f 782//782 857//857 783//783
f 783//783 857//857 784//784
f 858//858 785//785 857//857
f 787//787 858//858 788//788
f 858//858 787//787 786//786
f 785//785 784//784 857//857
f 858//858 859//859 789//789
f 811//811 791//791 790//790
f 811//811 790//790 859//859
f 803//803 723//723 758//758
f 795//795 701//701 715//715
f 715//715 723//723 795//795
f 758//758 791//791 810//810
f 697//697 685//685 692//692
f 697//697 672//672 685//685
f 659//659 652//652 661//661
f 633//633 626//626 636//636
f 636//636 652//652 659//659
f 661//661 672//672 697//697
f 615//615 602//602 609//609
f 579//579 578//578 586//586
f 586//586 602//602 615//615
f 562//562 580//580 554//554
f 580//580 538//538 546//546
f 546//546 554//554 580//580
f 562//562 578//578 579//579
f 609//609 626//626 633//633
f 692//692 701//701 795//795
f 781//781 856//856 857//857
f 795//795 697//697 692//692
f 795//795 723//723 803//803
f 636//636 659//659 633//633
f 700//700 792//792 794//794
f 792//792 718//718 831//831
f 851//851 759//759 809//809
f 809//809 808//808 849//849
f 722//722 794//794 808//808
f 809//809 757//757 808//808
f 718//718 696//696 824//824
f 615//615 609//609 633//633
f 506//506 530//530 538//538
f 505//505 514//514 506//506
f 522//522 506//506 514//514
f 486//486 506//506 478//478
f 494//494 506//506 486//486
f 470//470 478//478 506//506
f 580//580 506//506 538//538
f 579//579 586//586 615//615
f 811//811 810//810 791//791
f 696//696 796//796 812//812
f 796//796 696//696 673//673
f 829//829 796//796 716//716
f 824//824 812//812 869//869
f 835//835 794//794 792//792
f 870//870 835//835 831//831
f 831//831 824//824 870//870
f 796//796 829//829 845//845
f 843//843 794//794 835//835
f 810//810 803//803 758//758
f 810//810 811//811 859//859
f 697//697 659//659 661//661
f 697//697 795//795 832//832
f 803//803 844//844 795//795
f 803//803 810//810 848//848
f 659//659 666//666 633//633
f 847//847 843//843 893//893
f 631//631 615//615 656//656
f 594//594 579//579 615//615
f 579//579 580//580 562//562
f 781//781 780//780 856//856
f 808//808 843//843 847//847
f 659//659 697//697 717//717
f 843//843 835//835 891//891
f 843//843 808//808 794//794
f 671//671 673//673 696//696
f 505//505 506//506 494//494
f 462//462 470//470 438//438
f 454//454 438//438 446//446
f 437//437 438//438 428//428
f 418//418 430//430 416//416
f 430//430 437//437 428//428
f 438//438 437//437 446//446
f 394//394 398//398 411//411
f 386//386 378//378 389//389
f 389//389 398//398 386//386
f 359//359 369//369 343//343
f 316//316 336//336 347//347
f 347//347 359//359 343//343
f 369//369 378//378 356//356
f 411//411 418//418 416//416
f 386//386 356//356 378//378
f 416//416 396//396 394//394
f 330//330 336//336 274//274
f 343//343 245//245 316//316
f 411//411 416//416 394//394
f 416//416 428//428 413//413
f 347//347 343//343 316//316
f 343//343 356//356 267//267
f 356//356 386//386 341//341
f 386//386 394//394 361//361
f 274//274 316//316 222//222
f 320//320 330//330 274//274
f 309//309 313//313 255//255
f 313//313 320//320 261//261
f 255//255 251//251 309//309
f 255//255 261//261 171//171
f 165//165 307//307 251//251
f 251//251 307//307 309//309
f 167//167 251//251 255//255
f 320//320 274//274 261//261
f 261//261 274//274 182//182
f 438//438 470//470 506//506
f 673//673 716//716 796//796
f 716//716 689//689 814//814
f 102//102 101//101 164//164
f 164//164 100//100 163//163
f 99//99 163//163 100//100
f 98//98 97//97 163//163
f 96//96 162//162 163//163
f 162//162 96//96 95//95
f 99//99 98//98 163//163
f 103//103 102//102 164//164
f 94//94 93//93 162//162
f 92//92 91//91 161//161
f 91//91 90//90 161//161
f 88//88 87//87 160//160
f 90//90 89//89 161//161
f 162//162 92//92 161//161
f 87//87 86//86 160//160
f 84//84 83//83 159//159
f 86//86 85//85 160//160
f 83//83 82//82 159//159
f 80//80 79//79 158//158
f 82//82 81//81 159//159
f 84//84 159//159 160//160
f 161//161 88//88 160//160
f 95//95 94//94 162//162
f 643//643 695//695 655//655
f 574//574 599//599 620//620
f 643//643 680//680 695//695
f 814//814 793//793 827//827
f 793//793 695//695 806//806
f 643//643 620//620 653//653
f 829//829 840//840 845//845
f 849//849 893//893 851//851
f 982//982 852//852 981//981
f 853//853 852//852 982//982
f 852//852 851//851 978//978
f 851//851 977//977 978//978
f 854//854 853//853 986//986
f 869//869 845//845 878//878
f 854//854 989//989 990//990
f 854//854 990//990 855//855
f 891//891 835//835 870//870
f 853//853 985//985 986//986
f 814//814 840//840 829//829
f 574//574 620//620 593//593
f 116//116 134//134 127//127
f 80//80 158//158 159//159
f 78//78 158//158 79//79
f 270//270 317//317 223//223
f 127//127 111//111 116//116
f 127//127 78//78 111//111
f 120//120 134//134 116//116
f 870//870 901//901 891//891
f 360//360 270//270 362//362
f 847//847 893//893 849//849
f 893//893 891//891 921//921
f 412//412 362//362 423//423
f 327//327 362//362 270//270
f 270//270 223//223 235//235
f 503//503 492//492 502//502
f 423//423 362//362 375//375
f 870//870 869//869 889//889
f 120//120 128//128 134//134
f 221//221 134//134 136//136
f 170//170 127//127 134//134
f 893//893 976//976 851//851
f 110//110 109//109 165//165
f 134//134 128//128 136//136
f 237//237 144//144 223//223
f 223//223 156//156 179//179
f 270//270 235//235 258//258
f 223//223 179//179 235//235
f 223//223 144//144 156//156
f 362//362 327//327 350//350
f 362//362 350//350 375//375
f 423//423 419//419 433//433
f 444//444 452//452 434//434
f 433//433 444//444 434//434
f 423//423 399//399 419//419
f 270//270 258//258 327//327
f 468//468 476//476 503//503
f 476//476 484//484 503//503
f 484//484 492//492 503//503
f 512//512 520//520 503//503
f 502//502 512//512 503//503
f 468//468 503//503 434//434
f 536//536 544//544 575//575
f 575//575 503//503 536//536
f 544//544 552//552 575//575
f 575//575 560//560 574//574
f 574//574 573//573 599//599
f 574//574 560//560 573//573
f 552//552 560//560 575//575
f 434//434 460//460 468//468
f 643//643 653//653 680//680
f 814//814 827//827 840//840
f 695//695 680//680 710//710
f 870//870 889//889 901//901
f 893//893 931//931 976//976
f 893//893 921//921 931//931
f 891//891 901//901 911//911
f 845//845 840//840 867//867
f 852//852 978//978 979//979
f 852//852 979//979 980//980
f 852//852 762//762 761//761
f 853//853 983//983 984//984
f 853//853 766//766 765//765
f 852//852 980//980 981//981
f 986//986 987//987 854//854
f 854//854 987//987 988//988
f 854//854 770//770 769//769
f 990//990 991//991 855//855
f 855//855 991//991 992//992
f 855//855 774//774 773//773
f 854//854 988//988 989//989
f 853//853 984//984 985//985
f 851//851 976//976 977//977
f 620//620 599//599 623//623
f 993//993 855//855 992//992
f 856//856 997//997 998//998
f 998//998 857//857 856//856
f 859//859 858//858 1006//1006
f 857//857 1001//1001 1002//1002
f 850//850 859//859 904//904
f 803//803 848//848 844//844
f 892//892 844//844 848//848
f 848//848 850//850 903//903
f 810//810 850//850 848//848
f 904//904 859//859 1007//1007
f 1006//1006 858//858 1005//1005
f 795//795 836//836 832//832
f 881//881 832//832 836//836
f 697//697 825//825 813//813
f 846//846 813//813 825//825
f 825//825 832//832 881//881
f 697//697 797//797 717//717
f 830//830 717//717 797//797
f 659//659 690//690 666//666
f 664//664 666//666 690//690
f 690//690 717//717 830//830
f 659//659 717//717 690//690
f 797//797 813//813 846//846
f 697//697 813//813 797//797
f 881//881 836//836 892//892
f 903//903 892//892 848//848
f 903//903 904//904 1008//1008
f 825//825 881//881 846//846
f 857//857 1002//1002 858//858
f 912//912 881//881 892//892
f 903//903 922//922 892//892
f 778//778 777//777 856//856
f 846//846 881//881 890//890
f 656//656 664//664 631//631
f 615//615 607//607 594//594
f 644//644 594//594 607//607
f 607//607 631//631 644//644
f 615//615 631//631 607//607
f 690//690 807//807 664//664
f 830//830 846//846 868//868
f 690//690 830//830 807//807
f 664//664 681//681 644//644
f 666//666 664//664 656//656
f 581//581 594//594 644//644
f 581//581 644//644 600//600
f 856//856 855//855 994//994
f 856//856 994//994 995//995
f 633//633 666//666 656//656
f 555//555 547//547 580//580
f 523//523 506//506 531//531
f 438//438 439//439 424//424
f 487//487 479//479 506//506
f 413//413 426//426 407//407
f 394//394 396//396 374//374
f 363//363 374//374 396//396
f 396//396 413//413 407//407
f 416//416 413//413 396//396
f 386//386 361//361 341//341
f 271//271 341//341 361//361
f 267//267 318//318 224//224
f 318//318 341//341 243//243
f 356//356 341//341 318//318
f 316//316 245//245 238//238
f 155//155 238//238 245//245
f 274//274 222//222 182//182
f 146//146 182//182 222//222
f 222//222 238//238 146//146
f 245//245 267//267 224//224
f 343//343 267//267 245//245
f 361//361 374//374 334//334
f 407//407 363//363 396//396
f 407//407 424//424 400//400
f 334//334 328//328 271//271
f 363//363 407//407 376//376
f 243//243 271//271 236//236
f 224//224 243//243 180//180
f 334//334 363//363 328//328
f 563//563 580//580 581//581
f 224//224 155//155 245//245
f 171//171 176//176 130//130
f 130//130 165//165 167//167
f 167//167 171//171 130//130
f 182//182 135//135 176//176
f 146//146 155//155 137//137
f 146//146 129//129 135//135
f 130//130 135//135 117//117
f 135//135 182//182 146//146
f 110//110 165//165 130//130
f 224//224 157//157 155//155
f 463//463 455//455 438//438
f 581//581 580//580 594//594
f 261//261 182//182 176//176
f 856//856 995//995 996//996
f 579//579 594//594 580//580
f 856//856 996//996 997//997
f 998//998 999//999 857//857
f 857//857 999//999 1000//1000
f 1002//1002 1003//1003 858//858
f 857//857 1000//1000 1001//1001
f 857//857 782//782 781//781
f 858//858 1003//1003 1004//1004
f 1006//1006 1007//1007 859//859
f 858//858 1004//1004 1005//1005
f 904//904 1007//1007 1008//1008
f 903//903 932//932 922//922
f 859//859 790//790 789//789
f 858//858 786//786 785//785
f 881//881 912//912 902//902
f 881//881 902//902 890//890
f 846//846 879//879 868//868
f 830//830 841//841 828//828
f 664//664 807//807 711//711
f 644//644 681//681 654//654
f 664//664 711//711 681//681
f 644//644 624//624 600//600
f 581//581 582//582 563//563
f 581//581 600//600 582//582
f 644//644 654//654 624//624
f 830//830 828//828 807//807
f 892//892 922//922 912//912
f 580//580 547//547 539//539
f 539//539 531//531 506//506
f 506//506 522//522 530//530
f 506//506 515//515 507//507
f 506//506 523//523 515//515
f 539//539 506//506 580//580
f 506//506 495//495 487//487
f 471//471 463//463 438//438
f 506//506 479//479 471//471
f 438//438 454//454 462//462
f 438//438 447//447 439//439
f 438//438 455//455 447//447
f 471//471 438//438 506//506
f 506//506 507//507 495//495
f 363//363 376//376 351//351
f 407//407 400//400 376//376
f 271//271 328//328 259//259
f 155//155 157//157 145//145
f 146//146 137//137 129//129
f 130//130 112//112 110//110
f 130//130 117//117 112//112
f 135//135 129//129 121//121
f 224//224 180//180 157//157
f 424//424 439//439 420//420
f 580//580 563//563 555//555
f 217//217 220//220 240//240
f 227//227 234//234 264//264
f 234//234 242//242 264//264
f 240//240 220//220 227//227
f 263//263 359//359 247//247
f 326//326 378//378 273//273
f 339//339 389//389 326//326
f 273//273 369//369 263//263
f 264//264 242//242 247//247
f 367//367 411//411 353//353
f 391//391 430//430 382//382
f 405//405 437//437 391//391
f 382//382 418//418 367//367
f 450//450 454//454 442//442
f 466//466 470//470 458//458
f 474//474 478//478 466//466
f 458//458 462//462 450//450
f 442//442 446//446 405//405
f 353//353 398//398 339//339
f 490//490 494//494 482//482
f 510//510 514//514 498//498
f 518//518 522//522 510//510
f 498//498 505//505 490//490
f 534//534 538//538 526//526
f 550//550 554//554 542//542
f 558//558 562//562 550//550
f 542//542 546//546 534//534
f 526//526 530//530 518//518
f 584//584 586//586 566//566
f 605//605 609//609 592//592
f 609//609 605//605 645//645
f 592//592 602//602 584//584
f 645//645 613//613 628//628
f 645//645 638//638 658//658
f 645//645 658//658 663//663
f 638//638 645//645 628//628
f 613//613 645//645 605//605
f 566//566 578//578 558//558
f 482//482 486//486 474//474
f 688//688 679//679 687//687
f 706//706 694//694 703//703
f 706//706 703//703 713//713
f 694//694 688//688 687//687
f 756//756 791//791 720//720
f 754//754 789//789 790//790
f 753//753 788//788 789//789
f 755//755 790//790 791//791
f 720//720 706//706 713//713
f 751//751 786//786 787//787
f 706//706 715//715 688//688
f 688//688 694//694 706//706
f 758//758 706//706 720//720
f 752//752 787//787 788//788
f 679//679 688//688 663//663
f 750//750 785//785 786//786
f 749//749 784//784 785//785
f 747//747 782//782 783//783
f 746//746 781//781 782//782
f 748//748 783//783 784//784
f 745//745 780//780 781//781
f 688//688 645//645 663//663
f 744//744 779//779 780//780
f 742//742 777//777 778//778
f 741//741 776//776 777//777
f 743//743 778//778 779//779
f 738//738 773//773 774//774
f 736//736 771//771 772//772
f 735//735 770//770 771//771
f 737//737 772//772 773//773
f 740//740 775//775 776//776
f 733//733 768//768 769//769
f 731//731 766//766 767//767
f 730//730 765//765 766//766
f 732//732 767//767 768//768
f 728//728 763//763 764//764
f 726//726 761//761 762//762
f 725//725 760//760 761//761
f 727//727 762//762 763//763
f 729//729 764//764 765//765
f 734//734 769//769 770//770
f 739//739 774//774 775//775
f 240//240 215//215 217//217
f 724//724 721//721 759//759
f 721//721 719//719 712//712
f 721//721 712//712 702//702
f 719//719 721//721 724//724
f 693//693 686//686 709//709
f 662//662 671//671 684//684
f 657//657 660//660 671//671
f 709//709 686//686 678//678
f 709//709 702//702 693//693
f 627//627 635//635 651//651
f 604//604 608//608 625//625
f 604//604 591//591 569//569
f 612//612 625//625 635//635
f 583//583 565//565 569//569
f 549//549 553//553 561//561
f 541//541 545//545 553//553
f 569//569 565//565 557//557
f 569//569 591//591 583//583
f 637//637 651//651 660//660
f 525//525 529//529 537//537
f 509//509 513//513 521//521
f 497//497 504//504 513//513
f 517//517 521//521 529//529
f 481//481 485//485 493//493
f 465//465 469//469 477//477
f 457//457 461//461 469//469
f 473//473 477//477 485//485
f 489//489 493//493 504//504
f 441//441 445//445 453//453
f 390//390 429//429 436//436
f 381//381 417//417 429//429
f 404//404 436//436 445//445
f 352//352 397//397 410//410
f 325//325 377//377 388//388
f 272//272 368//368 377//377
f 338//338 388//388 397//397
f 366//366 410//410 417//417
f 449//449 453//453 461//461
f 533//533 537//537 545//545
f 246//246 346//346 358//358
f 233//233 329//329 335//335
f 226//226 319//319 329//329
f 241//241 335//335 346//346
f 216//216 308//308 312//312
f 184//184 276//276 275//275
f 185//185 277//277 276//276
f 183//183 275//275 308//308
f 219//219 312//312 319//319
f 187//187 279//279 278//278
f 189//189 281//281 280//280
f 188//188 280//280 279//279
f 190//190 282//282 281//281
f 186//186 278//278 277//277
f 191//191 283//283 282//282
f 193//193 285//285 284//284
f 194//194 286//286 285//285
f 192//192 284//284 283//283
f 195//195 287//287 286//286
f 262//262 358//358 368//368
f 196//196 288//288 287//287
f 198//198 290//290 289//289
f 199//199 291//291 290//290
f 197//197 289//289 288//288
f 201//201 293//293 292//292
f 203//203 295//295 294//294
f 204//204 296//296 295//295
f 202//202 294//294 293//293
f 200//200 292//292 291//291
f 206//206 298//298 297//297
f 208//208 300//300 299//299
f 209//209 301//301 300//300
f 207//207 299//299 298//298
f 211//211 303//303 302//302
f 212//212 304//304 303//303
f 214//214 306//306 305//305
f 215//215 307//307 306//306
f 213//213 305//305 304//304
f 210//210 302//302 301//301
f 205//205 297//297 296//296
f 702//702 709//709 721//721
f 724//724 759//759 760//760
f 645//645 688//688 672//672
f 247//247 347//347 264//264
f 309//309 240//240 264//264
f 240//240 309//309 307//307
f 264//264 313//313 309//309
f 307//307 215//215 240//240
f 320//320 313//313 264//264
f 264//264 330//330 320//320
f 264//264 347//347 336//336
f 264//264 336//336 330//330
f 626//626 645//645 636//636
f 636//636 645//645 652//652
f 609//609 645//645 626//626
f 645//645 661//661 652//652
f 661//661 645//645 672//672
f 685//685 688//688 692//692
f 692//692 688//688 701//701
f 672//672 688//688 685//685
f 715//715 706//706 723//723
f 723//723 706//706 758//758
f 709//709 757//757 721//721
f 709//709 722//722 757//757
f 709//709 714//714 722//722
f 700//700 714//714 709//709
f 709//709 684//684 691//691
f 700//700 709//709 691//691
f 709//709 678//678 684//684
f 604//604 569//569 608//608
f 569//569 585//585 601//601
f 569//569 561//561 577//577
f 569//569 577//577 585//585
f 569//569 601//601 608//608
f 561//561 569//569 557//557
f 227//227 264//264 240//240
f 40//40 35//35 33//33
f 40//40 37//37 35//35
f 46//46 42//42 44//44
f 70//70 60//60 67//67
f 60//60 46//46 48//48
f 42//42 37//37 44//44
f 139//139 133//133 119//119
f 178//178 169//169 148//148
f 148//148 133//133 139//139
f 239//239 253//253 229//229
f 355//355 324//324 333//333
f 324//324 253//253 333//333
f 229//229 169//169 178//178
f 119//119 70//70 77//77
f 387//387 406//406 384//384
f 422//422 451//451 443//443
f 443//443 406//406 409//409
f 422//422 467//467 459//459
f 483//483 475//475 501//501
f 467//467 501//501 475//475
f 459//459 451//451 422//422
f 501//501 499//499 491//491
f 501//501 519//519 511//511
f 511//511 499//499 501//501
f 501//501 535//535 527//527
f 551//551 543//543 571//571
f 535//535 571//571 543//543
f 527//527 519//519 501//501
f 483//483 501//501 491//491
f 384//384 355//355 365//365
f 568//568 567//567 559//559
f 568//568 590//590 567//567
f 617//617 640//640 611//611
f 670//670 699//699 668//668
f 668//668 640//640 642//642
f 611//611 590//590 617//617
f 821//821 819//819 799//799
f 821//821 861//861 834//834
f 834//834 819//819 821//821
f 874//874 883//883 872//872
f 897//897 906//906 895//895
f 895//895 883//883 897//897
f 872//872 861//861 874//874
f 799//799 699//699 670//670
f 926//926 924//924 914//914
f 974//974 964//964 965//965
f 965//965 924//924 926//926
f 973//973 962//962 963//963
f 973//973 960//960 961//961
f 961//961 962//962 973//973
f 963//963 964//964 974//974
f 972//972 958//958 959//959
f 972//972 956//956 957//957
f 957//957 958//958 972//972
f 971//971 954//954 955//955
f 971//971 952//952 953//953
f 953//953 954//954 971//971
f 955//955 956//956 972//972
f 959//959 960//960 973//973
f 914//914 906//906 916//916
f 551//551 571//571 559//559
f 62//62 44//44 40//40
f 48//48 44//44 65//65
f 67//67 48//48 72//72
f 62//62 40//40 75//75
f 119//119 77//77 139//139
f 77//77 67//67 114//114
f 139//139 77//77 141//141
f 75//75 40//40 57//57
f 57//57 40//40 33//33
f 173//173 178//178 139//139
f 239//239 333//333 253//253
f 239//239 178//178 231//231
f 139//139 178//178 148//148
f 365//365 333//333 349//349
f 422//422 443//443 409//409
f 387//387 365//365 380//380
f 322//322 333//333 239//239
f 406//406 387//387 409//409
f 387//387 402//402 409//409
f 571//571 535//535 501//501
f 62//62 65//65 44//44
f 617//617 590//590 568//568
f 123//123 72//72 65//65
f 143//143 126//126 114//114
f 114//114 72//72 123//123
f 139//139 141//141 152//152
f 154//154 152//152 141//141
f 178//178 173//173 231//231
f 249//249 231//231 173//173
f 173//173 152//152 154//154
f 139//139 152//152 173//173
f 141//141 126//126 154//154
f 77//77 126//126 141//141
f 239//239 257//257 322//322
f 322//322 257//257 345//345
f 380//380 349//349 392//392
f 349//349 322//322 371//371
f 333//333 322//322 349//349
f 432//432 422//422 402//402
f 559//559 571//571 568//568
f 523//523 501//501 515//515
f 455//455 422//422 447//447
f 422//422 501//501 467//467
f 402//402 380//380 392//392
f 257//257 231//231 311//311
f 65//65 62//62 123//123
f 596//596 568//568 571//571
f 668//668 642//642 670//670
f 617//617 619//619 648//648
f 821//821 874//874 861//861
f 821//821 670//670 802//802
f 675//675 670//670 642//642
f 799//799 670//670 821//821
f 617//617 596//596 619//619
f 619//619 596//596 622//622
f 648//648 650//650 677//677
f 650//650 648//648 619//619
f 596//596 617//617 568//568
f 864//864 874//874 821//821
f 971//971 955//955 972//972
f 951//951 970//970 950//950
f 916//916 906//906 897//897
f 897//897 885//885 899//899
f 887//887 885//885 874//874
f 928//928 926//926 916//916
f 974//974 965//965 926//926
f 916//916 897//897 909//909
f 926//926 914//914 916//916
f 883//883 874//874 885//885
f 970//970 949//949 950//950
f 670//670 675//675 705//705
f 642//642 640//640 617//617
f 805//805 802//802 705//705
f 821//821 823//823 838//838
f 826//826 838//838 823//823
f 826//826 823//823 802//802
f 821//821 802//802 823//823
f 874//874 864//864 876//876
f 866//866 876//876 864//864
f 900//900 899//899 887//887
f 887//887 876//876 900//900
f 864//864 838//838 866//866
f 821//821 838//838 864//864
f 916//916 909//909 918//918
f 920//920 918//918 909//909
f 974//974 928//928 975//975
f 918//918 920//920 930//930
f 973//973 972//972 959//959
f 972//972 973//973 1002//1002
f 951//951 971//971 970//970
f 970//970 971//971 994//994
f 971//971 972//972 998//998
f 952//952 971//971 951//951
f 973//973 974//974 1006//1006
f 974//974 973//973 963//963
f 909//909 899//899 900//900
f 897//897 899//899 909//909
f 705//705 675//675 677//677
f 948//948 949//949 970//970
f 596//596 571//571 598//598
f 40//40 44//44 37//37
f 947//947 948//948 970//970
f 969//969 946//946 947//947
f 969//969 944//944 945//945
f 968//968 942//942 943//943
f 943//943 944//944 969//969
f 945//945 946//946 969//969
f 968//968 940//940 941//941
f 967//967 938//938 939//939
f 939//939 940//940 968//968
f 967//967 936//936 937//937
f 966//966 934//934 935//935
f 935//935 936//936 967//967
f 937//937 938//938 967//967
f 941//941 942//942 968//968
f 925//925 923//923 933//933
f 905//905 913//913 915//915
f 913//913 923//923 925//925
f 882//882 894//894 896//896
f 860//860 871//871 873//873
f 871//871 882//882 884//884
f 894//894 905//905 907//907
f 820//820 818//818 833//833
f 800//800 698//698 798//798
f 798//798 818//818 820//820
f 641//641 639//639 667//667
f 616//616 589//589 610//610
f 610//610 639//639 616//616
f 667//667 698//698 669//669
f 833//833 860//860 862//862
f 933//933 934//934 966//966
f 564//564 570//570 556//556
f 570//570 540//540 548//548
f 548//548 556//556 570//570
f 570//570 500//500 532//532
f 516//516 524//524 500//500
f 532//532 540//540 570//570
f 500//500 480//480 488//488
f 500//500 464//464 472//472
f 472//472 480//480 500//500
f 456//456 464//464 421//421
f 421//421 408//408 440//440
f 456//456 421//421 448//448
f 464//464 500//500 421//421
f 500//500 496//496 508//508
f 408//408 383//383 403//403
f 323//323 354//354 332//332
f 354//354 383//383 364//364
f 268//268 228//228 252//252
f 177//177 147//147 168//168
f 168//168 228//228 177//177
f 252//252 323//323 332//332
f 118//118 132//132 124//124
f 66//66 59//59 69//69
f 69//69 118//118 124//124
f 47//47 41//41 45//45
f 39//39 34//34 36//36
f 36//36 41//41 43//43
f 45//45 59//59 47//47
f 132//132 147//147 138//138
f 403//403 440//440 408//408
f 564//564 589//589 616//616
f 884//884 873//873 871//871
f 667//667 669//669 641//641
f 332//332 364//364 348//348
f 383//383 408//408 364//364
f 268//268 177//177 228//228
f 332//332 348//348 321//321
f 408//408 401//401 364//364
f 332//332 268//268 252//252
f 884//884 896//896 898//898
f 138//138 177//177 172//172
f 66//66 69//69 124//124
f 124//124 125//125 66//66
f 138//138 147//147 177//177
f 47//47 43//43 41//41
f 47//47 71//71 64//64
f 43//43 61//61 39//39
f 38//38 34//34 39//39
f 47//47 66//66 71//71
f 39//39 36//36 43//43
f 124//124 138//138 140//140
f 1//1 34//34 38//38
f 177//177 268//268 256//256
f 968//968 967//967 939//939
f 968//968 969//969 986//986
f 896//896 894//894 907//907
f 915//915 925//925 927//927
f 935//935 967//967 966//966
f 969//969 968//968 943//943
f 933//933 966//966 925//925
f 966//966 967//967 978//978
f 927//927 929//929 917//917
f 929//929 927//927 966//966
f 967//967 968//968 982//982
f 907//907 915//915 917//917
f 820//820 833//833 862//862
f 884//884 886//886 873//873
f 800//800 669//669 698//698
f 862//862 873//873 875//875
f 898//898 896//896 908//908
f 800//800 704//704 669//669
f 800//800 820//820 822//822
f 488//488 496//496 500//500
f 616//616 641//641 647//647
f 669//669 674//674 641//641
f 564//564 616//616 570//570
f 820//820 862//862 837//837
f 39//39 58//58 49//49
f 49//49 2//2 38//38
f 2//2 1//1 38//38
f 2//2 49//49 3//3
f 4//4 50//50 5//5
f 50//50 4//4 3//3
f 6//6 50//50 7//7
f 8//8 51//51 9//9
f 51//51 8//8 7//7
f 50//50 6//6 5//5
f 10//10 51//51 11//11
f 12//12 52//52 13//13
f 52//52 12//12 11//11
f 14//14 52//52 15//15
f 16//16 53//53 17//17
f 53//53 16//16 15//15
f 52//52 14//14 13//13
f 51//51 10//10 9//9
f 18//18 53//53 19//19
f 20//20 54//54 21//21
f 54//54 20//20 19//19
f 22//22 54//54 23//23
f 24//24 55//55 25//25
f 55//55 24//24 23//23
f 54//54 22//22 21//21
f 26//26 55//55 27//27
f 28//28 56//56 29//29
f 56//56 28//28 27//27
f 30//30 56//56 31//31
f 32//32 57//57 33//33
f 57//57 32//32 31//31
f 56//56 30//30 29//29
f 55//55 26//26 25//25
f 53//53 18//18 17//17
f 947//947 970//970 969//969
f 969//969 970//970 990//990
f 123//123 75//75 121//121
f 57//57 110//110 75//75
f 110//110 112//112 75//75
f 114//114 123//123 143//143
f 75//75 112//112 117//117
f 123//123 121//121 129//129
f 143//143 123//123 137//137
f 173//173 154//154 249//249
f 154//154 143//143 157//157
f 249//249 154//154 236//236
f 345//345 311//311 351//351
f 402//402 392//392 432//432
f 392//392 371//371 400//400
f 371//371 345//345 376//376
f 311//311 249//249 328//328
f 392//392 420//420 432//432
f 432//432 447//447 422//422
f 143//143 137//137 145//145
f 154//154 157//157 180//180
f 249//249 236//236 259//259
f 432//432 420//420 439//439
f 392//392 400//400 420//420
f 422//422 455//455 463//463
f 471//471 479//479 501//501
f 463//463 471//471 422//422
f 432//432 439//439 447//447
f 501//501 479//479 487//487
f 910//910 898//898 908//908
f 929//929 931//931 919//919
f 898//898 910//910 888//888
f 910//910 908//908 919//919
f 705//705 677//677 805//805
f 888//888 886//886 898//898
f 877//877 875//875 888//888
f 862//862 863//863 837//837
f 837//837 863//863 865//865
f 863//863 875//875 877//877
f 865//865 877//877 878//878
f 839//839 804//804 822//822
f 839//839 865//865 867//867
f 919//919 911//911 910//910
f 598//598 572//572 600//600
f 487//487 495//495 501//501
f 622//622 624//624 650//650
f 622//622 598//598 624//624
f 501//501 422//422 471//471
f 507//507 501//501 495//495
f 501//501 523//523 531//531
f 515//515 501//501 507//507
f 677//677 650//650 654//654
f 805//805 828//828 826//826
f 900//900 920//920 909//909
f 826//826 841//841 866//866
f 866//866 838//838 826//826
f 866//866 900//900 876//876
f 900//900 866//866 890//890
f 930//930 920//920 932//932
f 996//996 995//995 971//971
f 901//901 888//888 910//910
f 975//975 930//930 1008//1008
f 975//975 1007//1007 974//974
f 711//711 805//805 677//677
f 912//912 920//920 900//900
f 877//877 888//888 889//889
f 539//539 501//501 531//531
f 75//75 123//123 62//62
f 539//539 547//547 571//571
f 547//547 555//555 571//571
f 571//571 501//501 539//539
f 572//572 563//563 582//582
f 571//571 563//563 572//572
f 555//555 563//563 571//571
f 677//677 654//654 681//681
f 650//650 624//624 654//654
f 805//805 711//711 807//807
f 826//826 828//828 841//841
f 805//805 807//807 828//828
f 677//677 681//681 711//711
f 866//866 868//868 879//879
f 900//900 890//890 902//902
f 920//920 912//912 922//922
f 920//920 922//922 932//932
f 900//900 902//902 912//912
f 1005//1005 1004//1004 973//973
f 1006//1006 1005//1005 973//973
f 1001//1001 1000//1000 972//972
f 1002//1002 1001//1001 972//972
f 1004//1004 1003//1003 973//973
f 975//975 1008//1008 1007//1007
f 866//866 841//841 868//868
f 999//999 998//998 972//972
f 997//997 996//996 971//971
f 992//992 991//991 970//970
f 993//993 992//992 970//970
f 995//995 994//994 971//971
f 988//988 987//987 969//969
f 989//989 988//988 969//969
f 986//986 985//985 968//968
f 984//984 983//983 968//968
f 985//985 984//984 968//968
f 991//991 990//990 970//970
f 982//982 981//981 967//967
f 980//980 979//979 967//967
f 981//981 980//980 967//967
f 978//978 977//977 966//966
f 976//976 966//966 977//977
f 919//919 931//931 921//921
f 910//910 911//911 901//901
f 919//919 921//921 911//911
f 877//877 889//889 878//878
f 888//888 901//901 889//889
f 929//929 976//976 931//931
f 983//983 982//982 968//968
f 1000//1000 999//999 972//972
f 840//840 827//827 839//839
f 800//800 801//801 704//704
f 801//801 804//804 704//704
f 674//674 676//676 647//647
f 669//669 704//704 674//674
f 704//704 707//707 674//674
f 595//595 618//618 621//621
f 618//618 647//647 649//649
f 801//801 822//822 804//804
f 616//616 595//595 570//570
f 595//595 597//597 570//570
f 484//484 500//500 492//492
f 421//421 444//444 431//431
f 520//520 500//500 528//528
f 560//560 552//552 570//570
f 364//364 401//401 379//379
f 401//401 414//414 379//379
f 344//344 321//321 370//370
f 370//370 348//348 379//379
f 421//421 431//431 401//401
f 408//408 421//421 401//401
f 616//616 618//618 595//595
f 804//804 806//806 707//707
f 676//676 653//653 649//649
f 707//707 680//680 676//676
f 710//710 707//707 806//806
f 827//827 806//806 804//804
f 707//707 710//710 680//680
f 653//653 623//623 621//621
f 676//676 680//680 653//653
f 460//460 452//452 421//421
f 414//414 370//370 379//379
f 597//597 621//621 623//623
f 560//560 570//570 573//573
f 399//399 370//370 414//414
f 431//431 433//433 414//414
f 599//599 573//573 597//597
f 375//375 344//344 370//370
f 804//804 839//839 827//827
f 177//177 256//256 230//230
f 230//230 256//256 310//310
f 225//225 151//151 172//172
f 172//172 230//230 248//248
f 177//177 230//230 172//172
f 124//124 140//140 125//125
f 142//142 125//125 153//153
f 71//71 113//113 131//131
f 125//125 142//142 113//113
f 66//66 125//125 113//113
f 140//140 151//151 153//153
f 43//43 64//64 61//61
f 64//64 115//115 61//61
f 73//73 49//49 74//74
f 61//61 76//76 58//58
f 39//39 61//61 58//58
f 51//51 50//50 84//84
f 51//51 7//7 50//50
f 53//53 52//52 92//92
f 53//53 15//15 52//52
f 11//11 51//51 52//52
f 52//52 51//51 88//88
f 3//3 49//49 50//50
f 50//50 49//49 80//80
f 115//115 64//64 122//122
f 344//344 350//350 310//310
f 153//153 151//151 225//225
f 248//248 310//310 327//327
f 225//225 179//179 153//153
f 122//122 131//131 136//136
f 131//131 142//142 136//136
f 142//142 153//153 144//144
f 225//225 248//248 258//258
f 55//55 54//54 100//100
f 55//55 23//23 54//54
f 56//56 108//108 31//31
f 108//108 57//57 31//31
f 27//27 55//55 56//56
f 56//56 55//55 104//104
f 122//122 128//128 115//115
f 74//74 78//78 73//73
f 54//54 19//19 53//53
f 76//76 115//115 116//116
f 49//49 73//73 79//79
f 74//74 76//76 111//111
f 310//310 256//256 344//344
f 54//54 53//53 96//96
f 544//544 570//570 552//552
f 268//268 321//321 256//256
f 570//570 544//544 536//536
f 528//528 500//500 536//536
f 500//500 570//570 536//536
f 500//500 512//512 502//502
f 500//500 508//508 516//516
f 520//520 512//512 500//500
f 500//500 484//484 476//476
f 468//468 460//460 421//421
f 500//500 476//476 468//468
f 421//421 500//500 468//468
f 431//431 444//444 433//433
f 421//421 440//440 448//448
f 452//452 444//444 421//421
f 500//500 502//502 492//492
f 414//414 419//419 399//399
f 344//344 375//375 350//350
f 370//370 399//399 375//375
f 225//225 235//235 179//179
f 310//310 350//350 327//327
f 153//153 156//156 144//144
f 142//142 144//144 136//136
f 115//115 120//120 116//116
f 74//74 111//111 78//78
f 76//76 116//116 111//111
f 115//115 128//128 120//120
f 153//153 179//179 156//156
f 414//414 433//433 419//419
f 50//50 81//81 82//82
f 50//50 80//80 81//81
f 51//51 85//85 86//86
f 51//51 84//84 85//85
f 50//50 82//82 83//83
f 51//51 87//87 88//88
f 52//52 89//89 90//90
f 53//53 93//93 94//94
f 53//53 92//92 93//93
f 52//52 90//90 91//91
f 51//51 86//86 87//87
f 53//53 95//95 96//96
f 54//54 97//97 98//98
f 55//55 101//101 102//102
f 55//55 100//100 101//101
f 54//54 98//98 99//99
f 56//56 105//105 106//106
f 56//56 104//104 105//105
f 56//56 107//107 108//108
f 57//57 109//109 110//110
f 57//57 108//108 109//109
f 56//56 106//106 107//107
f 55//55 102//102 103//103
f 53//53 94//94 95//95
f 73//73 78//78 79//79
f 213//213 32//32 214//214
f 211//211 30//30 212//212
f 210//210 29//29 211//211
f 212//212 31//31 213//213
f 208//208 27//27 209//209
f 206//206 25//25 207//207
f 205//205 24//24 206//206
f 207//207 26//26 208//208
f 209//209 28//28 210//210
f 203//203 22//22 204//204
f 201//201 20//20 202//202
f 200//200 19//19 201//201
f 202//202 21//21 203//203
f 198//198 17//17 199//199
f 197//197 16//16 198//198
f 195//195 14//14 196//196
f 194//194 13//13 195//195
f 196//196 15//15 197//197
f 199//199 18//18 200//200
f 204//204 23//23 205//205
f 192//192 11//11 193//193
f 190//190 9//9 191//191
f 189//189 8//8 190//190
f 191//191 10//10 192//192
f 187//187 6//6 188//188
f 185//185 4//4 186//186
f 184//184 3//3 185//185
f 186//186 5//5 187//187
f 188//188 7//7 189//189
f 149//149 34//34 63//63
f 246//246 174//174 241//241
f 262//262 218//218 246//246
f 63//63 184//184 183//183
f 193//193 12//12 194//194
f 366//366 337//337 352//352
f 441//441 403//403 404//404
f 457//457 448//448 449//449
f 465//465 456//456 457//457
f 449//449 440//440 441//441
f 218//218 69//69 174//174
f 147//147 132//132 232//232
f 314//314 228//228 168//168
f 232//232 118//118 218//218
f 481//481 472//472 473//473
f 372//372 354//354 323//323
f 357//357 252//252 337//337
f 473//473 464//464 465//465
f 489//489 480//480 481//481
f 226//226 41//41 219//219
f 497//497 488//488 489//489
f 525//525 516//516 517//517
f 533//533 524//524 525//525
f 517//517 508//508 509//509
f 549//549 540//540 541//541
f 557//557 548//548 549//549
f 589//589 564//564 565//565
f 610//610 589//589 583//583
f 565//565 556//556 557//557
f 541//541 532//532 533//533
f 682//682 818//818 708//708
f 509//509 496//496 497//497
f 228//228 314//314 337//337
f 214//214 33//33 215//215
f 726//726 934//934 725//725
f 728//728 936//936 727//727
f 729//729 937//937 728//728
f 727//727 935//935 726//726
f 725//725 934//934 880//880
f 731//731 939//939 730//730
f 733//733 941//941 732//732
f 734//734 942//942 733//733
f 732//732 940//940 731//731
f 736//736 944//944 735//735
f 737//737 945//945 736//736
f 739//739 947//947 738//738
f 740//740 948//948 739//739
f 738//738 946//946 737//737
f 735//735 943//943 734//734
f 730//730 938//938 729//729
f 743//743 951//951 742//742
f 745//745 953//953 744//744
f 746//746 954//954 745//745
f 744//744 952//952 743//743
f 748//748 956//956 747//747
f 750//750 958//958 749//749
f 751//751 959//959 750//750
f 749//749 957//957 748//748
f 747//747 955//955 746//746
f 753//753 961//961 752//752
f 755//755 963//963 754//754
f 756//756 964//964 755//755
f 754//754 962//962 753//753
f 694//694 895//895 703//703
f 687//687 883//883 694//694
f 703//703 906//906 713//713
f 817//817 924//924 965//965
f 752//752 960//960 751//751
f 742//742 950//950 741//741
f 663//663 861//861 679//679
f 658//658 834//834 663//663
f 566//566 567//567 587//587
f 550//550 559//559 558//558
f 542//542 551//551 550//550
f 558//558 567//567 566//566
f 534//534 543//543 542//542
f 679//679 872//872 687//687
f 526//526 535//535 534//534
f 518//518 527//527 526//526
f 498//498 511//511 510//510
f 490//490 499//499 498//498
f 510//510 519//519 518//518
f 482//482 491//491 490//490
f 741//741 949//949 740//740
f 474//474 483//483 482//482
f 458//458 467//467 466//466
f 450//450 459//459 458//458
f 466//466 475//475 474//474
f 405//405 443//443 442//442
f 384//384 406//406 405//405
f 324//324 355//355 382//382
f 253//253 324//324 367//367
f 355//355 384//384 391//391
f 442//442 451//451 450//450
f 169//169 229//229 339//339
f 60//60 70//70 242//242
f 46//46 60//60 234//234
f 215//215 33//33 68//68
f 229//229 253//253 353//353
f 816//816 880//880 923//923
f 815//815 923//923 913//913
f 305//305 109//109 108//108
f 303//303 107//107 106//106
f 300//300 104//104 103//103
f 301//301 105//105 104//104
f 304//304 108//108 107//107
f 312//312 254//254 260//260
f 319//319 260//260 269//269
f 346//346 315//315 331//331
f 358//358 331//331 342//342
f 397//397 385//385 393//393
f 429//429 415//415 427//427
f 436//436 427//427 435//435
f 302//302 106//106 105//105
f 254//254 166//166 170//170
f 260//260 170//170 175//175
f 269//269 175//175 181//181
f 342//342 244//244 266//266
f 393//393 360//360 373//373
f 385//385 317//317 340//340
f 331//331 237//237 244//244
f 158//158 166//166 250//250
f 127//127 158//158 78//78
f 237//237 136//136 144//144
f 435//435 425//425 434//434
f 575//575 545//545 537//537
f 585//585 588//588 603//603
f 601//601 603//603 614//614
f 588//588 593//593 606//606
f 427//427 412//412 425//425
f 423//423 433//433 434//434
f 576//576 593//593 588//588
f 603//603 606//606 630//630
f 614//614 655//655 632//632
f 665//665 632//632 655//655
f 665//665 695//695 793//793
f 606//606 620//620 643//643
f 691//691 718//718 792//792
f 684//684 696//696 718//718
f 855//855 777//777 776//776
f 858//858 789//789 788//788
f 718//718 824//824 831//831
f 851//851 809//809 849//849
f 808//808 847//847 849//849
f 696//696 812//812 824//824
f 829//829 716//716 814//814
f 812//812 845//845 869//869
f 835//835 792//792 831//831
f 824//824 869//869 870//870
f 796//796 845//845 812//812
f 810//810 859//859 850//850
f 697//697 832//832 825//825
f 844//844 836//836 795//795
f 843//843 891//891 893//893
f 615//615 633//633 656//656
f 438//438 426//426 428//428
f 430//430 428//428 416//416
f 398//398 394//394 386//386
f 369//369 356//356 343//343
f 336//336 316//316 274//274
f 428//428 426//426 413//413
f 356//356 318//318 267//267
f 394//394 374//374 361//361
f 316//316 238//238 222//222
f 313//313 261//261 255//255
f 261//261 176//176 171//171
f 165//165 251//251 167//167
f 167//167 255//255 171//171
f 689//689 793//793 814//814
f 793//793 806//806 827//827
f 695//695 710//710 806//806
f 620//620 623//623 653//653
f 853//853 982//982 983//983
f 845//845 867//867 878//878
f 891//891 911//911 921//921
f 423//423 375//375 399//399
f 869//869 878//878 889//889
f 503//503 528//528 536//536
f 850//850 904//904 903//903
f 797//797 846//846 830//830
f 836//836 844//844 892//892
f 903//903 1008//1008 932//932
f 846//846 890//890 879//879
f 664//664 644//644 631//631
f 830//830 868//868 841//841
f 855//855 993//993 994//994
f 438//438 424//424 426//426
f 426//426 424//424 407//407
f 271//271 361//361 334//334
f 318//318 243//243 224//224
f 341//341 271//271 243//243
f 238//238 155//155 146//146
f 374//374 363//363 334//334
f 424//424 420//420 400//400
f 271//271 259//259 236//236
f 243//243 236//236 180//180
f 363//363 351//351 328//328
f 176//176 135//135 130//130
f 155//155 145//145 137//137
f 135//135 121//121 117//117
f 359//359 347//347 247//247
f 378//378 369//369 273//273
f 389//389 378//378 326//326
f 369//369 359//359 263//263
f 411//411 398//398 353//353
f 430//430 418//418 382//382
f 437//437 430//430 391//391
f 418//418 411//411 367//367
f 454//454 446//446 442//442
f 470//470 462//462 458//458
f 478//478 470//470 466//466
f 462//462 454//454 450//450
f 446//446 437//437 405//405
f 398//398 389//389 339//339
f 494//494 486//486 482//482
f 514//514 505//505 498//498
f 522//522 514//514 510//510
f 505//505 494//494 490//490
f 538//538 530//530 526//526
f 554//554 546//546 542//542
f 562//562 554//554 550//550
f 546//546 538//538 534//534
f 530//530 522//522 518//518
f 586//586 578//578 566//566
f 609//609 602//602 592//592
f 602//602 586//586 584//584
f 578//578 562//562 558//558
f 486//486 478//478 474//474
f 791//791 758//758 720//720
f 754//754 790//790 755//755
f 753//753 789//789 754//754
f 755//755 791//791 756//756
f 751//751 787//787 752//752
f 715//715 701//701 688//688
f 752//752 788//788 753//753
f 750//750 786//786 751//751
f 749//749 785//785 750//750
f 747//747 783//783 748//748
f 746//746 782//782 747//747
f 748//748 784//784 749//749
f 745//745 781//781 746//746
f 744//744 780//780 745//745
f 742//742 778//778 743//743
f 741//741 777//777 742//742
f 743//743 779//779 744//744
f 738//738 774//774 739//739
f 736//736 772//772 737//737
f 735//735 771//771 736//736
f 737//737 773//773 738//738
f 740//740 776//776 741//741
f 733//733 769//769 734//734
f 731//731 767//767 732//732
f 730//730 766//766 731//731
f 732//732 768//768 733//733
f 728//728 764//764 729//729
f 726//726 762//762 727//727
f 725//725 761//761 726//726
f 727//727 763//763 728//728
f 729//729 765//765 730//730
f 734//734 770//770 735//735
f 739//739 775//775 740//740
f 721//721 757//757 759//759
f 662//662 684//684 678//678
f 657//657 671//671 662//662
f 627//627 651//651 637//637
f 604//604 625//625 612//612
f 612//612 635//635 627//627
f 549//549 561//561 557//557
f 541//541 553//553 549//549
f 637//637 660//660 657//657
f 525//525 537//537 533//533
f 509//509 521//521 517//517
f 497//497 513//513 509//509
f 517//517 529//529 525//525
f 481//481 493//493 489//489
f 465//465 477//477 473//473
f 457//457 469//469 465//465
f 473//473 485//485 481//481
f 489//489 504//504 497//497
f 441//441 453//453 449//449
f 390//390 436//436 404//404
f 381//381 429//429 390//390
f 404//404 445//445 441//441
f 352//352 410//410 366//366
f 325//325 388//388 338//338
f 272//272 377//377 325//325
f 338//338 397//397 352//352
f 366//366 417//417 381//381
f 449//449 461//461 457//457
f 533//533 545//545 541//541
f 246//246 358//358 262//262
f 233//233 335//335 241//241
f 226//226 329//329 233//233
f 241//241 346//346 246//246
f 216//216 312//312 219//219
f 184//184 275//275 183//183
f 185//185 276//276 184//184
f 183//183 308//308 216//216
f 219//219 319//319 226//226
f 187//187 278//278 186//186
f 189//189 280//280 188//188
f 188//188 279//279 187//187
f 190//190 281//281 189//189
f 186//186 277//277 185//185
f 191//191 282//282 190//190
f 193//193 284//284 192//192
f 194//194 285//285 193//193
f 192//192 283//283 191//191
f 195//195 286//286 194//194
f 262//262 368//368 272//272
f 196//196 287//287 195//195
f 198//198 289//289 197//197
f 199//199 290//290 198//198
f 197//197 288//288 196//196
f 201//201 292//292 200//200
f 203//203 294//294 202//202
f 204//204 295//295 203//203
f 202//202 293//293 201//201
f 200//200 291//291 199//199
f 206//206 297//297 205//205
f 208//208 299//299 207//207
f 209//209 300//300 208//208
f 207//207 298//298 206//206
f 211//211 302//302 210//210
f 212//212 303//303 211//211
f 214//214 305//305 213//213
f 215//215 306//306 214//214
f 213//213 304//304 212//212
f 210//210 301//301 209//209
f 205//205 296//296 204//204
f 724//724 760//760 725//725
f 46//46 44//44 48//48
f 70//70 67//67 77//77
f 60//60 48//48 67//67
f 355//355 333//333 365//365
f 229//229 178//178 239//239
f 384//384 365//365 387//387
f 883//883 885//885 897//897
f 48//48 65//65 72//72
f 67//67 72//72 114//114
f 77//77 114//114 126//126
f 239//239 231//231 257//257
f 365//365 349//349 380//380
f 387//387 380//380 402//402
f 402//402 422//422 409//409
f 126//126 143//143 154//154
f 257//257 311//311 345//345
f 349//349 371//371 392//392
f 322//322 345//345 371//371
f 231//231 249//249 311//311
f 617//617 648//648 642//642
f 670//670 705//705 802//802
f 675//675 642//642 648//648
f 596//596 598//598 622//622
f 648//648 677//677 675//675
f 650//650 619//619 622//622
f 885//885 887//887 899//899
f 887//887 874//874 876//876
f 928//928 916//916 918//918
f 974//974 926//926 928//928
f 826//826 802//802 805//805
f 928//928 930//930 975//975
f 918//918 930//930 928//928
f 973//973 1003//1003 1002//1002
f 970//970 994//994 993//993
f 971//971 998//998 997//997
f 974//974 1007//1007 1006//1006
f 571//571 572//572 598//598
f 905//905 915//915 907//907
f 913//913 925//925 915//915
f 882//882 896//896 884//884
f 860//860 873//873 862//862
f 798//798 820//820 800//800
f 639//639 641//641 616//616
f 500//500 524//524 532//532
f 354//354 364//364 332//332
f 132//132 138//138 124//124
f 59//59 66//66 47//47
f 364//364 379//379 348//348
f 332//332 321//321 268//268
f 884//884 898//898 886//886
f 138//138 172//172 151//151
f 47//47 64//64 43//43
f 66//66 113//113 71//71
f 138//138 151//151 140//140
f 969//969 987//987 986//986
f 915//915 927//927 917//917
f 966//966 927//927 925//925
f 967//967 979//979 978//978
f 929//929 919//919 917//917
f 929//929 966//966 976//976
f 907//907 917//917 908//908
f 886//886 875//875 873//873
f 862//862 875//875 863//863
f 896//896 907//907 908//908
f 800//800 822//822 801//801
f 616//616 647//647 618//618
f 674//674 647//647 641//641
f 820//820 837//837 822//822
f 39//39 49//49 38//38
f 969//969 990//990 989//989
f 75//75 117//117 121//121
f 123//123 129//129 137//137
f 143//143 145//145 157//157
f 154//154 180//180 236//236
f 311//311 328//328 351//351
f 371//371 376//376 400//400
f 345//345 351//351 376//376
f 249//249 259//259 328//328
f 908//908 917//917 919//919
f 875//875 886//886 888//888
f 837//837 865//865 839//839
f 863//863 877//877 865//865
f 865//865 878//878 867//867
f 839//839 822//822 837//837
f 839//839 867//867 840//840
f 572//572 582//582 600//600
f 598//598 600//600 624//624
f 866//866 879//879 890//890
f 930//930 932//932 1008//1008
f 804//804 707//707 704//704
f 676//676 649//649 647//647
f 707//707 676//676 674//674
f 595//595 621//621 597//597
f 618//618 649//649 621//621
f 597//597 573//573 570//570
f 321//321 348//348 370//370
f 431//431 414//414 401//401
f 653//653 621//621 649//649
f 597//597 623//623 599//599
f 230//230 310//310 248//248
f 172//172 248//248 225//225
f 125//125 140//140 153//153
f 71//71 131//131 122//122
f 142//142 131//131 113//113
f 115//115 76//76 61//61
f 49//49 58//58 74//74
f 76//76 74//74 58//58
f 50//50 83//83 84//84
f 52//52 91//91 92//92
f 52//52 88//88 89//89
f 49//49 79//79 80//80
f 64//64 71//71 122//122
f 248//248 327//327 258//258
f 122//122 136//136 128//128
f 225//225 258//258 235//235
f 54//54 99//99 100//100
f 55//55 103//103 104//104
f 256//256 321//321 344//344
f 54//54 96//96 97//97