# PHANTOM Module: COR25
# Units: meters
o COR25

v 1.300000 0.699404 2.260690
v 1.300000 0.699404 2.197430
v 1.300000 0.699404 2.134170
v 1.300000 0.699404 2.070910
v 1.300000 0.699404 2.007649
v 1.300000 0.699404 1.944389
v 1.300000 0.699404 1.881129
v 1.300000 0.699404 1.817869
v 1.300000 0.699404 1.754609
v 1.300000 0.699404 1.691348
v 1.300000 0.699404 1.628088
v 1.300000 0.699404 1.564828
v 1.300000 0.699404 1.501568
v 1.300000 0.699404 1.438308
v 1.300000 0.699404 1.375047
v 1.300000 0.699404 1.311787
v 1.300000 0.699404 1.248527
v 1.300000 0.699404 1.185267
v 1.300000 0.699404 1.122006
v 1.300000 0.699404 1.058746
v 1.300000 0.699404 0.995486
v 1.300000 0.699404 0.932226
v 1.300000 0.699404 0.868966
v 1.300000 0.699404 0.805705
v 1.300000 0.699404 0.742445
v 1.300000 0.699404 0.679185
v 1.300000 0.699404 0.615925
v 1.300000 0.699404 0.552665
v 1.300000 0.699404 0.489404
v 1.300000 0.699404 0.426144
v 1.300000 0.699404 0.362884
v 1.300000 0.699404 0.299624
v 1.300000 0.699404 0.236364
v 1.299123 0.699404 2.281929
v 1.299123 0.699404 0.215125
v 1.296383 0.699404 2.303699
v 1.296383 0.699404 0.193354
v 1.291636 0.699404 2.325727
v 1.291636 0.699404 0.171326
v 1.288162 0.631428 2.260690
v 1.287293 0.631463 2.281929
v 1.287293 0.631463 0.215125
v 1.284787 0.699404 2.347694
v 1.284787 0.699404 0.149359
v 1.284578 0.631576 2.303699
v 1.284578 0.631576 0.193354
v 1.279875 0.631771 0.171326
v 1.275795 0.699404 2.369251
v 1.275795 0.699404 0.127803
v 1.273088 0.632052 2.347694
v 1.273088 0.632052 0.149359
v 1.268416 0.699404 2.298054
v 1.264682 0.699404 2.390031
v 1.264682 0.699404 0.107023
v 1.264177 0.632421 2.369251
v 1.259400 0.466269 2.260690
v 1.259400 0.466269 2.007649
v 1.259400 0.466269 1.754609
v 1.259400 0.466269 1.501568
v 1.259400 0.466269 1.248527
v 1.259400 0.466269 0.995486
v 1.259400 0.466269 0.742445
v 1.259400 0.466269 0.489404
v 1.259400 0.466269 0.236364
v 1.258551 0.466393 2.281929
v 1.258551 0.466393 0.215125
v 1.255896 0.466779 2.303699
v 1.255896 0.466779 0.193354
v 1.253166 0.632878 2.390031
v 1.253166 0.632878 0.107023
v 1.251543 0.699404 2.409670
v 1.251543 0.699404 0.087384
v 1.251298 0.467447 2.325727
v 1.251298 0.467447 0.171326
v 1.244663 0.468412 2.347694
v 1.244663 0.468412 0.149359
v 1.240877 0.699404 2.373052
v 1.236540 0.699404 2.427824
v 1.236540 0.699404 0.069229
v 1.235951 0.469679 2.369251
v 1.235951 0.469679 0.127803
v 1.225280 0.634034 2.427824
v 1.225185 0.471245 2.390031
v 1.225185 0.471245 0.107023
v 1.219898 0.699404 2.444192
v 1.219898 0.699404 0.052862
v 1.219555 0.699404 0.222957
v 1.218800 0.233134 2.260690
v 1.218800 0.233134 2.007649
v 1.218800 0.233134 1.754609
v 1.218800 0.233134 1.501568
v 1.218800 0.233134 1.248527
v 1.218800 0.233134 0.995486
v 1.218800 0.233134 0.742445
v 1.218800 0.233134 0.489404
v 1.218800 0.233134 0.236364
v 1.217978 0.233381 2.281929
v 1.217978 0.233381 0.215125
v 1.217825 0.699404 0.209213
v 1.215409 0.234154 2.303699
v 1.215409 0.234154 0.193354
v 1.212456 0.473095 2.409670
v 1.212456 0.473095 0.087384
v 1.210959 0.235491 2.325727
v 1.210959 0.235491 0.171326
v 1.208789 0.634718 2.444192
v 1.208789 0.634718 0.052862
v 1.204538 0.237421 2.347694
v 1.204538 0.237421 0.149359
v 1.201971 0.699404 2.420104
v 1.201895 0.699404 2.458525
v 1.201895 0.699404 0.038528
v 1.197922 0.475209 2.427824
v 1.197922 0.475209 0.069229
v 1.196107 0.239954 2.369251
v 1.196107 0.239954 0.127803
v 1.191667 0.699404 2.260690
v 1.191667 0.699404 2.197430
v 1.191667 0.699404 2.134170
v 1.191667 0.699404 2.070910
v 1.191667 0.699404 2.007649
v 1.191667 0.699404 1.944389
v 1.191667 0.699404 1.881129
v 1.191667 0.699404 1.817869
v 1.191667 0.699404 1.754609
v 1.191667 0.699404 1.691348
v 1.191667 0.699404 1.628088
v 1.191667 0.699404 1.564828
v 1.191667 0.699404 1.501568
v 1.191667 0.699404 1.438308
v 1.191667 0.699404 1.375047
v 1.191667 0.699404 1.311787
v 1.191667 0.699404 1.248527
v 1.191667 0.699404 1.185267
v 1.191667 0.699404 1.122006
v 1.191667 0.699404 1.058746
v 1.191667 0.699404 0.995486
v 1.191667 0.699404 0.932226
v 1.191667 0.699404 0.868966
v 1.191667 0.699404 0.805705
v 1.191667 0.699404 0.742445
v 1.191667 0.699404 0.679185
v 1.191667 0.699404 0.615925
v 1.191667 0.699404 0.552665
v 1.191667 0.699404 0.489404
v 1.191667 0.699404 0.426144
v 1.191667 0.699404 0.362884
v 1.191667 0.699404 0.299624
v 1.191667 0.699404 0.236364
v 1.190951 0.635457 2.458525
v 1.190038 0.067976 2.260690
v 1.189858 0.699404 2.282195
v 1.189858 0.699404 0.214859
v 1.189236 0.068311 2.281929
v 1.189236 0.068311 0.215125
v 1.187485 0.699404 2.293209
v 1.187485 0.699404 0.203845
v 1.186727 0.069356 2.303699
v 1.186332 0.699404 2.432556
v 1.185688 0.243085 2.390031
v 1.185688 0.243085 0.107023
v 1.184060 0.699404 2.304192
v 1.184060 0.699404 0.192862
v 1.182847 0.699404 2.470648
v 1.182847 0.699404 0.026406
v 1.182382 0.071167 2.325727
v 1.182382 0.071167 0.171326
v 1.181800 0.477553 2.444192
v 1.181800 0.477553 0.052862
v 1.179564 0.699404 2.314970
v 1.179564 0.699404 0.182083
v 1.178200 0.000000 2.260690
v 1.178200 0.000000 2.197430
v 1.178200 0.000000 2.134170
v 1.178200 0.000000 2.070910
v 1.178200 0.000000 2.007649
v 1.178200 0.000000 1.944389
v 1.178200 0.000000 1.881129
v 1.178200 0.000000 1.817869
v 1.178200 0.000000 1.754609
v 1.178200 0.000000 1.691348
v 1.178200 0.000000 1.628088
v 1.178200 0.000000 1.564828
v 1.178200 0.000000 1.501568
v 1.178200 0.000000 1.438308
v 1.178200 0.000000 1.375047
v 1.178200 0.000000 1.311787
v 1.178200 0.000000 1.248527
v 1.178200 0.000000 1.185267
v 1.178200 0.000000 1.122006
v 1.178200 0.000000 1.058746
v 1.178200 0.000000 0.995486
v 1.178200 0.000000 0.932226
v 1.178200 0.000000 0.868966
v 1.178200 0.000000 0.805705
v 1.178200 0.000000 0.742445
v 1.178200 0.000000 0.679185
v 1.178200 0.000000 0.615925
v 1.178200 0.000000 0.552665
v 1.178200 0.000000 0.489404
v 1.178200 0.000000 0.426144
v 1.178200 0.000000 0.362884
v 1.178200 0.000000 0.299624
v 1.178200 0.000000 0.236364
v 1.177406 0.000370 2.281929
v 1.177406 0.000370 0.215125
v 1.176112 0.073781 2.347694
v 1.176112 0.073781 0.149359
v 1.174922 0.001529 2.303699
v 1.174922 0.001529 0.193354
v 1.174008 0.699404 2.325360
v 1.174008 0.699404 0.171693
v 1.173370 0.246787 2.409670
v 1.173370 0.246787 0.087384
v 1.172076 0.636239 2.470648
v 1.172076 0.636239 0.026406
v 1.171514 0.581426 2.260690
v 1.170620 0.003534 2.325727
v 1.170620 0.003534 0.171326
v 1.169736 0.581564 2.282195
v 1.169736 0.581564 0.214859
v 1.167880 0.077211 2.369251
v 1.167438 0.699404 2.335180
v 1.167438 0.699404 0.161874
v 1.164413 0.006429 2.347694
v 1.164413 0.006429 0.149359
v 1.164359 0.480089 2.458525
v 1.164359 0.480089 0.038528
v 1.164036 0.582006 2.304192
v 1.164036 0.582006 0.192862
v 1.163087 0.699404 2.480458
v 1.163087 0.699404 0.016595
v 1.159936 0.699404 2.344257
v 1.159936 0.699404 0.152796
v 1.159304 0.251014 2.427824
v 1.159304 0.251014 0.069229
v 1.157708 0.081451 2.390031
v 1.156263 0.010229 2.369251
v 1.156263 0.010229 0.127803
v 1.152496 0.637052 2.480458
v 1.151616 0.699404 2.352441
v 1.151616 0.699404 0.144613
v 1.146191 0.014926 2.390031
v 1.146191 0.014926 0.107023
v 1.145906 0.482773 2.470648
v 1.145906 0.482773 0.026406
v 1.145838 0.015091 2.317190
v 1.145680 0.086465 2.409670
v 1.143701 0.255703 2.444192
v 1.143701 0.255703 0.052862
v 1.142951 0.699404 2.487930
v 1.142951 0.699404 0.009124
v 1.142614 0.699404 2.359608
v 1.142614 0.699404 0.137446
v 1.140320 0.583846 2.344257
v 1.140320 0.583846 0.152796
v 1.135842 0.372594 2.260690
v 1.135842 0.372594 2.007649
v 1.135842 0.372594 1.754609
v 1.135842 0.372594 1.501568
v 1.135842 0.372594 1.248527
v 1.135842 0.372594 0.995486
v 1.135842 0.372594 0.742445
v 1.135842 0.372594 0.489404
v 1.135842 0.372594 0.236364
v 1.134283 0.020479 2.409670
v 1.134283 0.020479 0.087384
v 1.134118 0.372976 2.282195
v 1.133679 0.699404 2.399423
v 1.133090 0.699404 2.365669
v 1.133090 0.699404 0.131385
v 1.128592 0.374201 2.304192
v 1.128592 0.374201 0.192862
v 1.126823 0.260776 2.458525
v 1.126823 0.260776 0.038528
v 1.126763 0.485557 2.480458
v 1.126763 0.485557 0.016595
v 1.123291 0.585168 2.359608
v 1.123291 0.585168 0.137446
v 1.123210 0.699404 2.370574
v 1.123210 0.699404 0.126480
v 1.122759 0.699404 2.493108
v 1.122759 0.699404 0.003946
v 1.120686 0.026819 2.427824
v 1.120686 0.026819 0.069229
v 1.119010 0.376326 2.325360
v 1.119010 0.376326 0.171693
v 1.116711 0.098538 2.444192
v 1.116711 0.098538 0.052862
v 1.113142 0.699404 2.374310
v 1.113142 0.699404 0.122744
v 1.112535 0.638707 2.493108
v 1.112535 0.638707 0.003946
v 1.108965 0.266142 2.470648
v 1.108965 0.266142 0.026406
v 1.107256 0.488393 2.487930
v 1.107256 0.488393 0.009124
v 1.105603 0.033853 2.444192
v 1.105603 0.033853 0.052862
v 1.105598 0.379298 2.344257
v 1.105598 0.379298 0.152796
v 1.104215 0.586648 2.370574
v 1.103724 0.034729 2.287841
v 1.103046 0.699404 2.376899
v 1.103046 0.699404 0.120155
v 1.102802 0.699404 2.496098
v 1.102802 0.699404 0.000956
v 1.100232 0.105408 2.458525
v 1.100232 0.105408 0.038528
v 1.100169 0.163761 2.260690
v 1.098500 0.164388 2.282195
v 1.098500 0.164388 0.214859
v 1.093147 0.166396 2.304192
v 1.093067 0.699404 2.378394
v 1.093067 0.699404 0.118660
v 1.092759 0.639527 2.496098
v 1.092759 0.639527 0.000956
v 1.090439 0.271709 2.480458
v 1.090439 0.271709 0.016595
v 1.089287 0.041461 2.458525
v 1.089287 0.041461 0.038528
v 1.089087 0.382958 2.359608
v 1.089087 0.382958 0.137446
v 1.087694 0.491238 2.493108
v 1.087694 0.491238 0.003946
v 1.085587 0.043186 2.342339
v 1.084392 0.588186 2.376899
v 1.083866 0.169877 2.325360
v 1.083866 0.169877 0.171693
v 1.083333 0.699404 2.497054
v 1.083333 0.699404 2.466027
v 1.083333 0.699404 2.378872
v 1.083333 0.699404 0.118182
v 1.083333 0.699404 0.000000
v 1.082795 0.112675 2.470648
v 1.080017 0.045784 2.260690
v 1.080017 0.045784 2.197430
v 1.080017 0.045784 2.134170
v 1.080017 0.045784 2.070910
v 1.080017 0.045784 2.007649
v 1.080017 0.045784 1.944389
v 1.080017 0.045784 1.881129
v 1.080017 0.045784 1.817869
v 1.080017 0.045784 1.754609
v 1.080017 0.045784 1.691348
v 1.080017 0.045784 1.628088
v 1.080017 0.045784 1.564828
v 1.080017 0.045784 1.501568
v 1.080017 0.045784 1.438308
v 1.080017 0.045784 1.375047
v 1.080017 0.045784 1.311787
v 1.080017 0.045784 1.248527
v 1.080017 0.045784 1.185267
v 1.080017 0.045784 1.122006
v 1.080017 0.045784 1.058746
v 1.080017 0.045784 0.995486
v 1.080017 0.045784 0.932226
v 1.080017 0.045784 0.868966
v 1.080017 0.045784 0.805705
v 1.080017 0.045784 0.742445
v 1.080017 0.045784 0.679185
v 1.080017 0.045784 0.615925
v 1.080017 0.045784 0.552665
v 1.080017 0.045784 0.489404
v 1.080017 0.045784 0.426144
v 1.080017 0.045784 0.362884
v 1.080017 0.045784 0.299624
v 1.080017 0.045784 0.236364
v 1.078377 0.046548 2.282195
v 1.078377 0.046548 0.214859
v 1.076227 0.047551 2.293209
v 1.076227 0.047551 0.203845
v 1.073468 0.640327 0.000000
v 1.073123 0.048998 2.304192
v 1.073123 0.048998 0.192862
v 1.072024 0.049511 2.470648
v 1.072024 0.049511 0.026406
v 1.071560 0.277383 2.487930
v 1.071560 0.277383 0.009124
v 1.070876 0.174750 2.344257
v 1.070876 0.174750 0.152796
v 1.070592 0.387059 2.370574
v 1.070592 0.387059 0.126480
v 1.069048 0.050899 2.314970
v 1.069048 0.050899 0.182083
v 1.068360 0.494049 2.496098
v 1.068360 0.494049 0.000956
v 1.065013 0.589690 2.378872
v 1.064706 0.120214 2.480458
v 1.064706 0.120214 0.016595
v 1.064012 0.053246 2.325360
v 1.064012 0.053246 0.171693
v 1.058058 0.056023 2.335180
v 1.058058 0.056023 0.161874
v 1.054883 0.180750 2.359608
v 1.054115 0.057862 2.480458
v 1.054115 0.057862 0.016595
v 1.052629 0.283072 2.493108
v 1.052629 0.283072 0.003946
v 1.051373 0.391320 2.376899
v 1.051373 0.391320 0.120155
v 1.051259 0.059194 2.344257
v 1.051259 0.059194 0.152796
v 1.049665 0.059937 2.385577
v 1.049500 0.496792 2.497054
v 1.049500 0.496792 0.000000
v 1.046273 0.127897 2.487930
v 1.044627 0.062286 2.451610
v 1.044627 0.062286 0.045444
v 1.043718 0.062710 2.352441
v 1.043718 0.062710 0.144613
v 1.036969 0.187470 2.370574
v 1.036969 0.187470 0.126480
v 1.035865 0.066372 2.487930
v 1.035865 0.066372 0.009124
v 1.035560 0.066514 2.359608
v 1.035560 0.066514 0.137446
v 1.033919 0.288694 2.496098
v 1.033919 0.288694 0.000956
v 1.032583 0.395486 2.378872
v 1.032583 0.395486 0.118182
v 1.029167 0.699404 2.497054
v 1.029167 0.699404 2.378872
v 1.029167 0.699404 0.118182
v 1.029167 0.699404 0.000000
v 1.027789 0.135602 2.493108
v 1.027789 0.135602 0.003946
v 1.026928 0.070539 2.365669
v 1.026928 0.070539 0.131385
v 1.018353 0.194454 2.376899
v 1.017974 0.074715 2.370574
v 1.017974 0.074715 0.126480
v 1.017565 0.074905 2.493108
v 1.017565 0.074905 0.003946
v 1.015942 0.075663 2.404140
v 1.015667 0.294179 2.497054
v 1.015667 0.294179 0.000000
v 1.012874 0.077092 0.034455
v 1.009520 0.143216 2.496098
v 1.009520 0.143216 0.000956
v 1.008849 0.078970 2.374310
v 1.008849 0.078970 0.122744
v 1.004390 0.081049 2.407408
v 1.000154 0.201282 2.378872
v 0.999699 0.083237 2.376899
v 0.999699 0.083237 0.120155
v 0.999478 0.083340 2.496098
v 0.999478 0.083340 0.000956
v 0.990655 0.087454 2.378394
v 0.990655 0.087454 0.118660
v 0.981833 0.091567 2.497054
v 0.981833 0.091567 2.378872
v 0.981833 0.091567 0.118182
v 0.981833 0.091567 0.000000
v 0.975000 0.699404 2.497054
v 0.975000 0.699404 2.378872
v 0.975000 0.699404 0.118182
v 0.975000 0.699404 0.000000
v 0.932742 0.114459 2.497054
v 0.932742 0.114459 2.378872
v 0.932742 0.114459 0.118182
v 0.932742 0.114459 0.000000
v 0.920833 0.699404 2.497054
v 0.920833 0.699404 2.378872
v 0.920833 0.699404 0.118182
v 0.920833 0.699404 0.000000
v 0.883650 0.137351 2.497054
v 0.883650 0.137351 2.378872
v 0.883650 0.137351 0.118182
v 0.883650 0.137351 0.000000
v 0.866667 0.699404 2.497054
v 0.866667 0.699404 2.378872
v 0.866667 0.699404 0.118182
v 0.866667 0.699404 0.000000
v 0.834558 0.160243 2.497054
v 0.834558 0.160243 2.378872
v 0.834558 0.160243 0.118182
v 0.834558 0.160243 0.000000
v 0.812500 0.699404 2.497054
v 0.812500 0.699404 2.378872
v 0.812500 0.699404 0.118182
v 0.812500 0.699404 0.000000
v 0.785467 0.183135 2.497054
v 0.785467 0.183135 2.378872
v 0.785467 0.183135 0.118182
v 0.785467 0.183135 0.000000
v 0.758333 0.699404 2.497054
v 0.758333 0.699404 2.378872
v 0.758333 0.699404 0.118182
v 0.758333 0.699404 0.000000
v 0.736375 0.206026 2.497054
v 0.736375 0.206026 2.378872
v 0.736375 0.206026 0.118182
v 0.736375 0.206026 0.000000
v 0.704167 0.699404 2.497054
v 0.704167 0.699404 2.378872
v 0.704167 0.699404 0.118182
v 0.704167 0.699404 0.000000
v 0.687283 0.228918 2.497054
v 0.687283 0.228918 2.378872
v 0.687283 0.228918 0.118182
v 0.687283 0.228918 0.000000
v 0.650000 0.699404 2.497054
v 0.650000 0.699404 2.378872
v 0.650000 0.699404 0.118182
v 0.650000 0.699404 0.000000
v 0.638192 0.251810 2.497054
v 0.638192 0.251810 2.378872
v 0.638192 0.251810 0.118182
v 0.638192 0.251810 0.000000
v 0.629700 0.557837 2.497054
v 0.629700 0.557837 0.000000
v 0.619550 0.487053 2.378872
v 0.619550 0.487053 0.118182
v 0.609400 0.416269 2.497054
v 0.609400 0.416269 0.000000
v 0.595833 0.699404 2.497054
v 0.595833 0.699404 2.378872
v 0.595833 0.699404 0.118182
v 0.595833 0.699404 0.000000
v 0.589100 0.274702 2.497054
v 0.589100 0.274702 2.378872
v 0.589100 0.274702 0.118182
v 0.589100 0.274702 0.000000
v 0.541667 0.699404 2.497054
v 0.541667 0.699404 2.378872
v 0.541667 0.699404 0.118182
v 0.541667 0.699404 0.000000
v 0.540008 0.297594 2.497054
v 0.540008 0.297594 2.378872
v 0.540008 0.297594 0.118182
v 0.540008 0.297594 0.000000
v 0.490916 0.320485 2.497054
v 0.490916 0.320485 2.378872
v 0.490916 0.320485 0.118182
v 0.490916 0.320485 0.000000
v 0.487500 0.699404 2.497054
v 0.487500 0.699404 2.378872
v 0.487500 0.699404 0.118182
v 0.487500 0.699404 0.000000
v 0.441825 0.343377 2.497054
v 0.441825 0.343377 2.378872
v 0.441825 0.343377 0.118182
v 0.441825 0.343377 0.000000
v 0.433333 0.699404 2.497054
v 0.433333 0.699404 2.378872
v 0.433333 0.699404 0.118182
v 0.433333 0.699404 0.000000
v 0.392733 0.366269 2.497054
v 0.392733 0.366269 2.378872
v 0.392733 0.366269 0.118182
v 0.392733 0.366269 0.000000
v 0.379167 0.699404 2.497054
v 0.379167 0.699404 2.378872
v 0.379167 0.699404 0.118182
v 0.379167 0.699404 0.000000
v 0.343642 0.389161 2.497054
v 0.343642 0.389161 2.378872
v 0.343642 0.389161 0.118182
v 0.343642 0.389161 0.000000
v 0.325000 0.699404 2.497054
v 0.325000 0.699404 2.378872
v 0.325000 0.699404 0.118182
v 0.325000 0.699404 0.000000
v 0.294550 0.412053 2.497054
v 0.294550 0.412053 2.378872
v 0.294550 0.412053 0.118182
v 0.294550 0.412053 0.000000
v 0.270833 0.699404 2.497054
v 0.270833 0.699404 2.378872
v 0.270833 0.699404 0.118182
v 0.270833 0.699404 0.000000
v 0.245458 0.434944 2.497054
v 0.245458 0.434944 2.378872
v 0.245458 0.434944 0.118182
v 0.245458 0.434944 0.000000
v 0.216666 0.699404 2.497054
v 0.216666 0.699404 2.378872
v 0.216666 0.699404 0.118182
v 0.216666 0.699404 0.000000
v 0.214694 0.675925 2.497054
v 0.214694 0.675925 0.000000
v 0.213002 0.655801 2.378872
v 0.209900 0.618881 2.497054
v 0.209900 0.618881 0.000000
v 0.206932 0.699404 2.378394
v 0.206932 0.699404 0.118660
v 0.206517 0.578620 2.378872
v 0.206517 0.578620 0.118182
v 0.203133 0.538359 2.497054
v 0.203133 0.538359 0.000000
v 0.199754 0.699404 0.031858
v 0.198339 0.481315 2.497054
v 0.198339 0.481315 0.000000
v 0.197198 0.699404 2.496098
v 0.197198 0.699404 0.000956
v 0.196954 0.699404 2.376899
v 0.196954 0.699404 0.120155
v 0.196367 0.457836 2.497054
v 0.196367 0.457836 2.378872
v 0.196367 0.457836 0.118182
v 0.196367 0.457836 0.000000
v 0.195402 0.676725 0.000956
v 0.193623 0.657305 2.376899
v 0.193623 0.657305 0.120155
v 0.191779 0.699404 2.407408
v 0.191040 0.621624 2.496098
v 0.191040 0.621624 0.000956
v 0.187727 0.582786 2.376899
v 0.187727 0.582786 0.120155
v 0.187544 0.461950 2.378394
v 0.187544 0.461950 0.118660
v 0.186858 0.699404 2.374310
v 0.186858 0.699404 0.122744
v 0.185228 0.463031 0.087758
v 0.184881 0.543844 2.496098
v 0.184881 0.543844 0.000956
v 0.181832 0.508266 2.376899
v 0.181832 0.508266 0.120155
v 0.178722 0.466064 2.496098
v 0.178722 0.466064 0.000956
v 0.178501 0.466167 2.376899
v 0.178501 0.466167 0.120155
v 0.177241 0.699404 2.493108
v 0.177241 0.699404 0.003946
v 0.176790 0.699404 2.370574
v 0.176790 0.699404 0.126480
v 0.175627 0.677545 0.003946
v 0.173800 0.658843 2.370574
v 0.173800 0.658843 0.126480
v 0.171706 0.624435 2.493108
v 0.171706 0.624435 0.003946
v 0.169351 0.470434 2.374310
v 0.169351 0.470434 0.122744
v 0.168508 0.587047 2.370574
v 0.168508 0.587047 0.126480
v 0.166910 0.699404 2.365669
v 0.166910 0.699404 0.131385
v 0.166170 0.549467 2.493108
v 0.166170 0.549467 0.003946
v 0.163216 0.515250 2.370574
v 0.163216 0.515250 0.126480
v 0.162258 0.473742 2.404140
v 0.162249 0.496357 2.493108
v 0.162249 0.496357 0.003946
v 0.160635 0.474499 2.493108
v 0.160635 0.474499 0.003946
v 0.160226 0.474689 2.370574
v 0.160226 0.474689 0.126480
v 0.157386 0.699404 2.359608
v 0.157386 0.699404 0.137446
v 0.157049 0.699404 2.487930
v 0.157049 0.699404 0.009124
v 0.155619 0.678374 2.487930
v 0.155619 0.678374 0.009124
v 0.154724 0.660323 2.359608
v 0.154724 0.660323 0.137446
v 0.153847 0.699404 2.393230
v 0.152144 0.627280 2.487930
v 0.152144 0.627280 0.009124
v 0.151272 0.478865 2.365669
v 0.151272 0.478865 0.131385
v 0.150012 0.591146 2.359608
v 0.150012 0.591146 0.137446
v 0.148384 0.699404 2.352441
v 0.148384 0.699404 0.144613
v 0.147382 0.699404 2.451610
v 0.147239 0.555156 2.487930
v 0.147239 0.555156 0.009124
v 0.145301 0.521971 2.359608
v 0.145301 0.521971 0.137446
v 0.143765 0.504062 2.487930
v 0.143765 0.504062 0.009124
v 0.142640 0.482890 2.359608
v 0.142640 0.482890 0.137446
v 0.142335 0.483032 2.487930
v 0.142335 0.483032 0.009124
v 0.140063 0.699404 2.344257
v 0.140063 0.699404 0.152796
v 0.136913 0.699404 2.480458
v 0.136913 0.699404 0.016595
v 0.134482 0.486693 2.352441
v 0.134482 0.486693 0.144613
v 0.133502 0.594807 2.344257
v 0.133502 0.594807 0.152796
v 0.132637 0.630116 2.480458
v 0.132637 0.630116 0.016595
v 0.132562 0.699404 2.335180
v 0.132562 0.699404 0.161874
v 0.128361 0.560829 2.480458
v 0.128361 0.560829 0.016595
v 0.126940 0.490211 2.344257
v 0.126940 0.490211 0.152796
v 0.125992 0.699404 2.325360
v 0.125992 0.699404 0.171693
v 0.125332 0.511744 2.480458
v 0.124085 0.491542 2.480458
v 0.124085 0.491542 0.016595
v 0.123861 0.662718 2.325360
v 0.120436 0.699404 2.314970
v 0.120436 0.699404 0.182083
v 0.120142 0.493381 2.335180
v 0.120142 0.493381 0.161874
v 0.120090 0.597780 2.325360
v 0.120090 0.597780 0.171693
v 0.118235 0.494270 2.376529
v 0.117153 0.699404 2.470648
v 0.117153 0.699404 0.026406
v 0.116086 0.680013 2.470648
v 0.116086 0.680013 0.026406
v 0.115939 0.699404 2.304192
v 0.115939 0.699404 0.192862
v 0.114187 0.496157 2.325360
v 0.114187 0.496157 0.171693
v 0.113979 0.663485 0.192862
v 0.113494 0.632900 2.470648
v 0.113494 0.632900 0.026406
v 0.112515 0.699404 2.293209
v 0.112515 0.699404 0.203845
v 0.110508 0.599905 2.304192
v 0.110508 0.599905 0.192862
v 0.110142 0.699404 2.282195
v 0.110142 0.699404 0.214859
v 0.109835 0.566397 2.470648
v 0.109835 0.566397 0.026406
v 0.109152 0.498506 2.314970
v 0.109152 0.498506 0.182083
v 0.108333 0.699404 2.260690
v 0.108333 0.699404 2.197430
v 0.108333 0.699404 2.134170
v 0.108333 0.699404 2.070910
v 0.108333 0.699404 2.007649
v 0.108333 0.699404 1.944389
v 0.108333 0.699404 1.881129
v 0.108333 0.699404 1.817869
v 0.108333 0.699404 1.754609
v 0.108333 0.699404 1.691348
v 0.108333 0.699404 1.628088
v 0.108333 0.699404 1.564828
v 0.108333 0.699404 1.501568
v 0.108333 0.699404 1.438308
v 0.108333 0.699404 1.375047
v 0.108333 0.699404 1.311787
v 0.108333 0.699404 1.248527
v 0.108333 0.699404 1.185267
v 0.108333 0.699404 1.122006
v 0.108333 0.699404 1.058746
v 0.108333 0.699404 0.995486
v 0.108333 0.699404 0.932226
v 0.108333 0.699404 0.868966
v 0.108333 0.699404 0.805705
v 0.108333 0.699404 0.742445
v 0.108333 0.699404 0.679185
v 0.108333 0.699404 0.615925
v 0.108333 0.699404 0.552665
v 0.108333 0.699404 0.489404
v 0.108333 0.699404 0.426144
v 0.108333 0.699404 0.362884
v 0.108333 0.699404 0.299624
v 0.108333 0.699404 0.236364
v 0.108279 0.663927 2.282195
v 0.108279 0.663927 0.214859
v 0.107243 0.519283 2.470648
v 0.107243 0.519283 0.026406
v 0.106501 0.664065 0.236364
v 0.106176 0.499893 2.470648
v 0.106176 0.499893 0.026406
v 0.105077 0.500405 2.304192
v 0.105077 0.500405 0.192862
v 0.104982 0.601130 2.282195
v 0.104982 0.601130 0.214859
v 0.103258 0.601512 2.260690
v 0.103258 0.601512 2.007649
v 0.103258 0.601512 1.754609
v 0.103258 0.601512 1.501568
v 0.103258 0.601512 1.248527
v 0.103258 0.601512 0.995486
v 0.103258 0.601512 0.742445
v 0.103258 0.601512 0.489404
v 0.103258 0.601512 0.236364
v 0.101973 0.501853 2.293209
v 0.101973 0.501853 0.203845
v 0.101685 0.538333 2.282195
v 0.101685 0.538333 0.214859
v 0.100015 0.538959 0.236364
v 0.099822 0.502855 2.282195
v 0.099822 0.502855 0.214859
v 0.098183 0.503620 2.260690
v 0.098183 0.503620 2.197430
v 0.098183 0.503620 2.134170
v 0.098183 0.503620 2.070910
v 0.098183 0.503620 2.007649
v 0.098183 0.503620 1.944389
v 0.098183 0.503620 1.881129
v 0.098183 0.503620 1.817869
v 0.098183 0.503620 1.754609
v 0.098183 0.503620 1.691348
v 0.098183 0.503620 1.628088
v 0.098183 0.503620 1.564828
v 0.098183 0.503620 1.501568
v 0.098183 0.503620 1.438308
v 0.098183 0.503620 1.375047
v 0.098183 0.503620 1.311787
v 0.098183 0.503620 1.248527
v 0.098183 0.503620 1.185267
v 0.098183 0.503620 1.122006
v 0.098183 0.503620 1.058746
v 0.098183 0.503620 0.995486
v 0.098183 0.503620 0.932226
v 0.098183 0.503620 0.868966
v 0.098183 0.503620 0.805705
v 0.098183 0.503620 0.742445
v 0.098183 0.503620 0.679185
v 0.098183 0.503620 0.615925
v 0.098183 0.503620 0.552665
v 0.098183 0.503620 0.489404
v 0.098183 0.503620 0.426144
v 0.098183 0.503620 0.362884
v 0.098183 0.503620 0.299624
v 0.098183 0.503620 0.236364
v 0.098104 0.699404 2.458525
v 0.098104 0.699404 0.038528
v 0.098029 0.699404 2.420104
v 0.097211 0.680796 2.458525
v 0.095172 0.699404 0.167833
v 0.095041 0.635584 2.458525
v 0.095041 0.635584 0.038528
v 0.092613 0.506218 2.342339
v 0.092613 0.506218 0.154715
v 0.091977 0.571763 2.458525
v 0.091977 0.571763 0.038528
v 0.089806 0.526551 2.458525
v 0.089806 0.526551 0.038528
v 0.088913 0.507943 2.458525
v 0.088913 0.507943 0.038528
v 0.085171 0.699404 2.301746
v 0.081110 0.511581 2.315613
v 0.080445 0.699404 0.222957
v 0.080102 0.699404 2.444192
v 0.080102 0.699404 0.052862
v 0.077600 0.638120 2.444192
v 0.077600 0.638120 0.052862
v 0.075099 0.576836 2.444192
v 0.075099 0.576836 0.052862
v 0.074476 0.514675 2.287841
v 0.073326 0.533421 2.444192
v 0.073326 0.533421 0.052862
v 0.072908 0.515407 2.274097
v 0.072597 0.515552 2.444192
v 0.072597 0.515552 0.052862
v 0.063929 0.519593 2.390113
v 0.063460 0.699404 2.427824
v 0.063460 0.699404 0.069229
v 0.062882 0.682219 0.069229
v 0.061478 0.640464 2.427824
v 0.061478 0.640464 0.069229
v 0.059496 0.581524 2.427824
v 0.059496 0.581524 0.069229
v 0.058092 0.539770 0.069229
v 0.057514 0.522584 2.427824
v 0.057514 0.522584 0.069229
v 0.048457 0.699404 2.409670
v 0.048457 0.699404 0.087384
v 0.048015 0.682835 2.409670
v 0.048015 0.682835 0.087384
v 0.046943 0.642577 2.409670
v 0.046943 0.642577 0.087384
v 0.045430 0.585752 2.409670
v 0.045430 0.585752 0.087384
v 0.044358 0.545494 2.409670
v 0.044358 0.545494 0.087384
v 0.043917 0.528925 2.409670
v 0.043917 0.528925 0.087384
v 0.035317 0.699404 2.390031
v 0.035317 0.699404 0.107023
v 0.034996 0.683374 2.390031
v 0.034996 0.683374 0.107023
v 0.034214 0.644428 2.390031
v 0.034214 0.644428 0.107023
v 0.033112 0.589453 2.390031
v 0.033112 0.589453 0.107023
v 0.032009 0.534478 2.390031
v 0.032009 0.534478 0.107023
v 0.031584 0.699404 2.298054
v 0.028441 0.699404 2.260690
v 0.024205 0.699404 2.369251
v 0.024205 0.699404 0.127803
v 0.023985 0.683831 2.369251
v 0.023985 0.683831 0.127803
v 0.023449 0.645994 2.369251
v 0.023449 0.645994 0.127803
v 0.022693 0.592584 2.369251
v 0.022693 0.592584 0.127803
v 0.022158 0.554748 2.369251
v 0.022158 0.554748 0.127803
v 0.021937 0.539174 2.369251
v 0.021937 0.539174 0.127803
v 0.015213 0.699404 2.347694
v 0.015213 0.699404 0.149359
v 0.015074 0.684200 0.149359
v 0.014737 0.647261 2.347694
v 0.014737 0.647261 0.149359
v 0.014262 0.595118 2.347694
v 0.014262 0.595118 0.149359
v 0.013926 0.558178 2.347694
v 0.013787 0.542974 2.347694
v 0.013787 0.542974 0.149359
v 0.008363 0.699404 2.325727
v 0.008363 0.699404 0.171326
v 0.008287 0.684482 2.325727
v 0.008287 0.684482 0.171326
v 0.008102 0.648226 2.325727
v 0.008102 0.648226 0.171326
v 0.007841 0.597048 2.325727
v 0.007841 0.597048 0.171326
v 0.007656 0.560791 2.325727
v 0.007580 0.545869 2.325727
v 0.007580 0.545869 0.171326
v 0.003617 0.699404 2.303699
v 0.003617 0.699404 0.193354
v 0.003584 0.684676 2.303699
v 0.003584 0.684676 0.193354
v 0.003504 0.648894 2.303699
v 0.003504 0.648894 0.193354
v 0.003391 0.598385 2.303699
v 0.003391 0.598385 0.193354
v 0.003311 0.562602 0.193354
v 0.003278 0.547875 2.303699
v 0.003278 0.547875 0.193354
v 0.000876 0.699404 2.281929
v 0.000876 0.699404 0.215125
v 0.000868 0.684789 2.281929
v 0.000868 0.684789 0.215125
v 0.000849 0.649281 2.281929
v 0.000849 0.649281 0.215125
v 0.000822 0.599156 2.281929
v 0.000822 0.599156 0.215125
v 0.000802 0.563648 2.281929
v 0.000802 0.563648 0.215125
v 0.000794 0.549033 2.281929
v 0.000794 0.549033 0.215125
v 0.000000 0.699404 2.260690
v 0.000000 0.699404 2.197430
v 0.000000 0.699404 2.134170
v 0.000000 0.699404 2.070910
v 0.000000 0.699404 2.007649
v 0.000000 0.699404 1.944389
v 0.000000 0.699404 1.881129
v 0.000000 0.699404 1.817869
v 0.000000 0.699404 1.754609
v 0.000000 0.699404 1.691348
v 0.000000 0.699404 1.628088
v 0.000000 0.699404 1.564828
v 0.000000 0.699404 1.501568
v 0.000000 0.699404 1.438308
v 0.000000 0.699404 1.375047
v 0.000000 0.699404 1.311787
v 0.000000 0.699404 1.248527
v 0.000000 0.699404 1.185267
v 0.000000 0.699404 1.122006
v 0.000000 0.699404 1.058746
v 0.000000 0.699404 0.995486
v 0.000000 0.699404 0.932226
v 0.000000 0.699404 0.868966
v 0.000000 0.699404 0.805705
v 0.000000 0.699404 0.742445
v 0.000000 0.699404 0.679185
v 0.000000 0.699404 0.615925
v 0.000000 0.699404 0.552665
v 0.000000 0.699404 0.489404
v 0.000000 0.699404 0.426144
v 0.000000 0.699404 0.362884
v 0.000000 0.699404 0.299624
v 0.000000 0.699404 0.236364
v 0.000000 0.649404 2.260690
v 0.000000 0.649404 2.007649
v 0.000000 0.649404 1.754609
v 0.000000 0.649404 1.501568
v 0.000000 0.649404 1.248527
v 0.000000 0.649404 0.995486
v 0.000000 0.649404 0.742445
v 0.000000 0.649404 0.489404
v 0.000000 0.649404 0.236364
v 0.000000 0.599403 2.260690
v 0.000000 0.599403 2.007649
v 0.000000 0.599403 1.754609
v 0.000000 0.599403 1.501568
v 0.000000 0.599403 1.248527
v 0.000000 0.599403 0.995486
v 0.000000 0.599403 0.742445
v 0.000000 0.599403 0.489404
v 0.000000 0.599403 0.236364
v 0.000000 0.549404 2.260690
v 0.000000 0.549404 2.197430
v 0.000000 0.549404 2.134170
v 0.000000 0.549404 2.070910
v 0.000000 0.549404 2.007649
v 0.000000 0.549404 1.944389
v 0.000000 0.549404 1.881129
v 0.000000 0.549404 1.817869
v 0.000000 0.549404 1.754609
v 0.000000 0.549404 1.691348
v 0.000000 0.549404 1.628088
v 0.000000 0.549404 1.564828
v 0.000000 0.549404 1.501568
v 0.000000 0.549404 1.438308
v 0.000000 0.549404 1.375047
v 0.000000 0.549404 1.311787
v 0.000000 0.549404 1.248527
v 0.000000 0.549404 1.185267
v 0.000000 0.549404 1.122006
v 0.000000 0.549404 1.058746
v 0.000000 0.549404 0.995486
v 0.000000 0.549404 0.932226
v 0.000000 0.549404 0.868966
v 0.000000 0.549404 0.805705
v 0.000000 0.549404 0.742445
v 0.000000 0.549404 0.679185
v 0.000000 0.549404 0.615925
v 0.000000 0.549404 0.552665
v 0.000000 0.549404 0.489404
v 0.000000 0.549404 0.426144
v 0.000000 0.549404 0.362884
v 0.000000 0.549404 0.299624
v 0.000000 0.549404 0.236364

vn 0.646419 0.762776 0.017761
vn 0.765365 0.643597 -0.000000
vn 0.765365 0.643597 0.000000
vn 0.595675 0.803225 0.000000
vn 0.595675 0.803225 0.000000
vn 0.595675 0.803225 0.000000
vn 0.765365 0.643597 0.000000
vn 0.595675 0.803225 0.000000
vn 0.595675 0.803225 0.000000
vn 0.595675 0.803225 0.000000
vn 0.765365 0.643597 0.000000
vn 0.595675 0.803225 0.000000
vn 0.595675 0.803225 0.000000
vn 0.595675 0.803225 0.000000
vn 0.765365 0.643597 0.000000
vn 0.595675 0.803225 0.000000
vn 0.595675 0.803225 0.000000
vn 0.595675 0.803225 0.000000
vn 0.765365 0.643597 0.000000
vn 0.595675 0.803225 0.000000
vn 0.595675 0.803225 0.000000
vn 0.595675 0.803225 0.000000
vn 0.765365 0.643597 0.000000
vn 0.595675 0.803225 0.000000
vn 0.595675 0.803225 0.000000
vn 0.595675 0.803225 0.000000
vn 0.765365 0.643597 0.000000
vn 0.595675 0.803225 0.000000
vn 0.595675 0.803225 0.000000
vn 0.595675 0.803225 0.000000
vn 0.765365 0.643597 0.000000
vn 0.595675 0.803225 0.000000
vn 0.764983 0.643708 -0.021018
vn 0.762192 0.644220 0.063593
vn 0.593110 0.803599 -0.049485
vn 0.882048 0.450785 0.137052
vn 0.934426 0.318680 -0.159031
vn 0.863650 0.449965 0.227245
vn 0.738009 0.646257 -0.194151
vn 0.984970 -0.171531 0.020274
vn 0.982336 -0.171043 0.075893
vn 0.981878 -0.170958 -0.081780
vn 0.444034 0.881343 0.161455
vn 0.608516 0.765111 -0.210509
vn 0.968230 -0.169738 0.183627
vn 0.973027 -0.169364 -0.156635
vn 0.955361 -0.166154 -0.244290
vn 0.808348 0.459716 0.367743
vn 0.687817 0.648360 -0.326400
vn 0.933698 -0.163460 0.318572
vn 0.920771 -0.161292 -0.355197
vn 0.000000 1.000000 0.000000
vn 0.766795 0.464723 0.442784
vn 0.505610 0.807676 -0.303345
vn 0.892884 -0.154856 0.422821
vn 0.985015 -0.171533 0.017927
vn 0.985173 -0.171566 0.000000
vn 0.985173 -0.171566 0.000000
vn 0.985173 -0.171566 0.000000
vn 0.985173 -0.171566 0.000000
vn 0.985173 -0.171566 0.000000
vn 0.985173 -0.171566 0.000000
vn 0.985173 -0.171566 0.000000
vn 0.984973 -0.171525 -0.020167
vn 0.980726 -0.170741 0.094992
vn 0.980726 -0.170741 -0.094991
vn 0.970412 -0.168868 0.172579
vn 0.969397 -0.168674 -0.178380
vn 0.837848 -0.146490 0.525882
vn 0.833232 -0.151612 -0.531732
vn 0.708831 0.468054 0.527716
vn 0.474328 0.806393 -0.353189
vn 0.952450 -0.164573 0.256427
vn 0.950415 -0.165221 -0.263466
vn 0.923141 -0.160276 0.349461
vn 0.925340 -0.160690 -0.343401
vn 0.000000 1.000000 0.000000
vn 0.430982 0.811176 0.395281
vn 0.567402 0.652019 -0.502917
vn 0.887007 -0.153748 0.435408
vn 0.890518 -0.153260 -0.428356
vn 0.745799 -0.130017 0.653360
vn 0.845130 -0.146236 0.514170
vn 0.845131 -0.146236 -0.514169
vn 0.558175 0.540235 0.629752
vn 0.385693 0.813325 -0.435596
vn 0.000000 1.000000 0.000000
vn 0.985028 -0.171537 0.017153
vn 0.985173 -0.171566 0.000000
vn 0.985173 -0.171566 0.000000
vn 0.985173 -0.171566 0.000000
vn 0.985173 -0.171566 0.000000
vn 0.985173 -0.171566 0.000000
vn 0.985173 -0.171566 0.000000
vn 0.985173 -0.171566 0.000000
vn 0.985062 -0.171544 -0.015008
vn 0.981959 -0.170973 0.080782
vn 0.982566 -0.171092 -0.072741
vn 0.000000 1.000000 0.000000
vn 0.971960 -0.169154 0.163340
vn 0.972885 -0.170277 -0.156524
vn 0.791709 -0.135449 0.595693
vn 0.787265 -0.130859 -0.602569
vn 0.954502 -0.165985 0.247741
vn 0.954501 -0.165985 -0.247742
vn 0.667417 -0.114689 0.735800
vn 0.680228 -0.118797 -0.723310
vn 0.928928 -0.161352 0.333253
vn 0.931758 -0.161891 -0.324989
vn 0.000000 1.000000 0.000000
vn 0.491362 0.497671 0.714764
vn 0.431609 0.669315 -0.604757
vn 0.722117 -0.124264 0.680519
vn 0.727541 -0.122072 -0.675117
vn 0.894642 -0.155161 0.418976
vn 0.897782 -0.158535 -0.410918
vn -0.507981 0.861104 -0.021325
vn -0.508677 0.860958 0.000000
vn -0.731658 0.681672 0.000000
vn -0.508677 0.860958 0.000000
vn -0.508677 0.860958 0.000000
vn -0.508677 0.860958 0.000000
vn -0.644834 0.764323 0.000000
vn -0.508677 0.860958 0.000000
vn -0.508677 0.860958 0.000000
vn -0.508677 0.860958 0.000000
vn -0.644834 0.764323 0.000000
vn -0.508677 0.860958 0.000000
vn -0.508677 0.860958 0.000000
vn -0.508677 0.860958 0.000000
vn -0.644834 0.764323 0.000000
vn -0.508677 0.860958 0.000000
vn -0.508677 0.860958 0.000000
vn -0.508677 0.860958 0.000000
vn -0.644834 0.764323 0.000000
vn -0.508677 0.860958 0.000000
vn -0.508677 0.860958 0.000000
vn -0.508677 0.860958 0.000000
vn -0.644834 0.764323 0.000000
vn -0.508677 0.860958 0.000000
vn -0.508677 0.860958 0.000000
vn -0.508677 0.860958 0.000000
vn -0.644834 0.764323 0.000000
vn -0.508677 0.860958 0.000000
vn -0.508677 0.860958 0.000000
vn -0.508677 0.860958 0.000000
vn -0.644834 0.764323 0.000000
vn -0.508677 0.860958 0.000000
vn -0.547719 0.836102 0.030615
vn 0.592840 -0.101586 0.798887
vn 0.984977 -0.171532 0.019947
vn -0.757045 0.646223 -0.096328
vn -0.502969 0.861042 0.075031
vn 0.982430 -0.171060 0.074639
vn 0.980593 -0.169571 -0.098402
vn -0.739517 0.644445 -0.194436
vn -0.739517 0.644445 0.194437
vn 0.973375 -0.169426 0.154387
vn 0.000000 1.000000 0.000000
vn 0.851155 -0.147338 0.503813
vn 0.857661 -0.150454 -0.491713
vn -0.390662 0.909509 -0.142047
vn -0.480471 0.859434 0.174702
vn 0.282490 0.818291 0.500599
vn 0.282490 0.818291 -0.500599
vn 0.956280 -0.166314 0.240560
vn 0.959233 -0.165673 -0.228965
vn 0.648480 -0.111243 0.753059
vn 0.654038 -0.112246 -0.748088
vn -0.586230 0.760866 -0.278238
vn -0.462208 0.859208 0.219373
vn 0.462270 -0.886470 0.021844
vn 0.462685 -0.886523 -0.000000
vn 0.462685 -0.886523 0.000000
vn 0.223607 -0.974679 0.000000
vn 0.223607 -0.974679 0.000000
vn 0.223607 -0.974679 0.000000
vn 0.462685 -0.886523 0.000000
vn 0.223607 -0.974679 0.000000
vn 0.223607 -0.974679 0.000000
vn 0.223607 -0.974679 0.000000
vn 0.462685 -0.886523 0.000000
vn 0.223607 -0.974679 0.000000
vn 0.223607 -0.974679 0.000000
vn 0.223607 -0.974679 0.000000
vn 0.462685 -0.886523 0.000000
vn 0.223607 -0.974679 0.000000
vn 0.223607 -0.974679 0.000000
vn 0.223607 -0.974679 0.000000
vn 0.462685 -0.886523 0.000000
vn 0.223607 -0.974679 0.000000
vn 0.223607 -0.974679 0.000000
vn 0.223607 -0.974679 0.000000
vn 0.462685 -0.886523 0.000000
vn 0.223607 -0.974679 0.000000
vn 0.223607 -0.974679 0.000000
vn 0.223607 -0.974679 0.000000
vn 0.462685 -0.886523 0.000000
vn 0.223607 -0.974679 0.000000
vn 0.223607 -0.974679 0.000000
vn 0.223607 -0.974679 0.000000
vn 0.462685 -0.886523 0.000000
vn 0.223607 -0.974679 0.000000
vn 0.462271 -0.886469 -0.021843
vn 0.459341 -0.885807 0.065974
vn 0.221006 -0.973935 -0.051051
vn 0.929402 -0.161434 0.331889
vn 0.915765 -0.156693 -0.369894
vn 0.603640 -0.783068 0.149740
vn 0.452533 -0.881678 -0.133630
vn -0.658227 0.640807 -0.395099
vn -0.556382 0.760860 0.333964
vn 0.803600 -0.138859 0.578745
vn 0.792695 -0.139350 -0.593479
vn 0.497086 -0.084820 0.863546
vn 0.465297 -0.087007 -0.880868
vn -0.984885 0.168226 -0.041239
vn 0.434948 -0.877669 0.201289
vn 0.202848 -0.966730 -0.155838
vn -0.972964 0.166854 -0.159687
vn -0.970841 0.166363 0.172601
vn 0.895372 -0.155287 0.417367
vn -0.525580 0.755315 -0.391490
vn -0.414166 0.856325 0.308503
vn 0.617924 -0.726607 0.300353
vn 0.416723 -0.871529 -0.258416
vn 0.566445 -0.096836 0.818390
vn 0.573743 -0.096859 -0.813288
vn -0.914564 0.158438 -0.372116
vn -0.908427 0.157672 0.387169
vn 0.354454 0.513791 0.781269
vn 0.228336 0.817916 -0.528087
vn -0.383880 0.853627 -0.352076
vn -0.383878 0.853627 0.352079
vn 0.740851 -0.128918 0.659181
vn 0.741293 -0.130619 -0.658349
vn 0.852169 -0.147514 0.502043
vn 0.388081 -0.861977 0.326172
vn 0.167403 -0.950290 -0.262535
vn 0.376536 -0.065447 0.924088
vn -0.521651 0.617866 -0.588322
vn -0.441509 0.746414 0.497932
vn 0.541606 -0.705964 0.456374
vn 0.362159 -0.849765 -0.383067
vn 0.477196 -0.081275 0.875030
vn 0.483722 -0.082428 -0.871331
vn -0.422623 -0.906306 -0.000008
vn 0.786968 -0.134352 0.602188
vn 0.663661 -0.113971 0.739300
vn 0.663661 -0.113971 -0.739300
vn 0.254833 0.521904 0.814050
vn 0.231441 0.679753 -0.695968
vn -0.306715 0.849119 -0.430028
vn -0.306714 0.849119 0.430027
vn -0.767597 0.133381 -0.626900
vn -0.767597 0.133381 0.626901
vn -0.984900 0.168224 -0.040903
vn -0.985722 0.168379 0.000000
vn -0.985722 0.168379 0.000000
vn -0.985722 0.168379 0.000000
vn -0.985722 0.168379 0.000000
vn -0.985722 0.168379 0.000000
vn -0.985722 0.168379 0.000000
vn -0.985722 0.168379 0.000000
vn -0.985357 0.168310 0.027264
vn 0.490044 -0.692081 0.529982
vn 0.429155 -0.728327 -0.534196
vn -0.967052 0.165071 -0.193808
vn 0.000000 1.000000 0.000000
vn -0.332747 0.736674 -0.588719
vn -0.260913 0.847449 0.462337
vn -0.922465 0.157281 -0.352592
vn -0.928051 0.160282 0.336200
vn 0.583080 -0.099799 0.806262
vn 0.591107 -0.101242 -0.800214
vn 0.389094 -0.066043 0.918828
vn 0.383147 -0.060060 -0.921733
vn -0.591266 0.101570 -0.800055
vn -0.546986 0.097287 0.831470
vn -0.270869 0.730760 -0.626594
vn -0.210731 0.847355 0.487423
vn 0.089845 0.891729 0.443562
vn 0.111692 0.826718 -0.551419
vn 0.117179 -0.889113 0.442433
vn 0.066805 -0.910282 -0.408564
vn -0.842231 0.141450 -0.520229
vn -0.842231 0.141450 0.520230
vn 0.681988 -0.115658 0.722161
vn 0.698504 -0.117365 -0.705916
vn -0.242664 0.584362 -0.774362
vn -0.263701 0.633554 0.727373
vn 0.220726 -0.038732 0.974567
vn 0.250290 -0.043028 -0.967214
vn 0.494896 -0.084399 0.864844
vn 0.502203 -0.086977 -0.860365
vn 0.292069 -0.048159 0.955184
vn 0.290938 -0.046155 -0.955628
vn 0.189507 -0.796475 0.574208
vn 0.019129 -0.894528 -0.446603
vn -0.711331 0.120616 -0.692430
vn -0.720139 0.122165 0.682990
vn -0.411517 0.070831 -0.908646
vn -0.422618 -0.906308 0.000004
vn -0.087482 0.897673 -0.431892
vn -0.108308 0.838068 0.534707
vn 0.096800 0.543907 0.833544
vn 0.082308 0.700636 -0.708756
vn 0.584965 -0.100122 0.804855
vn 0.566983 -0.095446 -0.818181
vn -0.984912 0.168232 -0.040566
vn -0.973551 0.165533 -0.157473
vn -0.964545 0.162664 0.207830
vn -0.933816 0.158025 -0.320961
vn -0.081686 0.565364 -0.820787
vn -0.069567 0.713442 0.697252
vn 0.099086 -0.016630 0.994940
vn 0.099039 -0.016623 -0.994945
vn 0.400594 -0.068054 0.913725
vn 0.409905 -0.069686 -0.909462
vn 0.286178 -0.637730 0.715124
vn 0.136140 -0.779043 -0.612011
vn -0.553484 0.093508 -0.827594
vn -0.582319 0.100861 0.806680
vn 0.183064 -0.030800 0.982618
vn 0.183066 -0.030800 -0.982618
vn -0.422617 -0.906308 0.000007
vn -0.214830 0.037421 -0.975934
vn -0.859004 0.144881 -0.491041
vn -0.877377 0.146645 0.456843
vn 0.027318 0.551643 0.833633
vn 0.000000 1.000000 0.000000
vn -0.017308 0.708662 -0.705335
vn -0.013580 0.832828 0.553365
vn 0.023215 0.705265 -0.708564
vn 0.496770 -0.084719 0.863737
vn -0.743577 -0.668449 -0.016435
vn -0.805614 -0.592441 0.000000
vn -0.930853 -0.365393 0.000000
vn -0.805613 -0.592442 0.000000
vn -0.805613 -0.592442 0.000000
vn -0.805613 -0.592442 0.000000
vn -0.885774 -0.464118 0.000000
vn -0.805613 -0.592442 0.000000
vn -0.805613 -0.592442 0.000000
vn -0.805613 -0.592442 0.000000
vn -0.885774 -0.464118 0.000000
vn -0.805613 -0.592442 0.000000
vn -0.805613 -0.592442 0.000000
vn -0.805613 -0.592442 0.000000
vn -0.885774 -0.464118 0.000000
vn -0.805613 -0.592442 0.000000
vn -0.805613 -0.592442 0.000000
vn -0.805613 -0.592442 0.000000
vn -0.885774 -0.464118 0.000000
vn -0.805613 -0.592442 0.000000
vn -0.805613 -0.592442 0.000000
vn -0.805613 -0.592442 0.000000
vn -0.885774 -0.464118 0.000000
vn -0.805613 -0.592442 0.000000
vn -0.805613 -0.592442 0.000000
vn -0.805613 -0.592442 0.000000
vn -0.885774 -0.464118 0.000000
vn -0.805613 -0.592442 0.000000
vn -0.805613 -0.592442 0.000000
vn -0.805613 -0.592442 0.000000
vn -0.885774 -0.464118 0.000000
vn -0.805613 -0.592442 0.000000
vn -0.884869 -0.464599 0.033991
vn -0.940644 -0.326951 -0.091064
vn -0.801002 -0.594459 0.070821
vn -0.869014 -0.469786 -0.155293
vn -0.791942 -0.598222 0.122299
vn 0.029558 -0.004943 -0.999551
vn -0.782068 -0.600841 -0.165408
vn -0.853009 -0.478364 0.208670
vn 0.068117 -0.757028 0.649822
vn 0.194032 -0.609462 -0.768705
vn 0.301993 -0.051097 0.951940
vn 0.310045 -0.053727 -0.949202
vn -0.733131 0.122540 -0.668957
vn -0.710355 0.117847 0.693908
vn -0.368058 0.061929 -0.927738
vn -0.412388 0.069028 0.908389
vn -0.886271 -0.341053 -0.313380
vn -0.766843 -0.607147 0.208144
vn 0.089537 -0.015010 0.995870
vn 0.082808 -0.013876 -0.996469
vn -0.058292 0.010498 -0.998244
vn 0.402319 -0.068347 0.912945
vn 0.403616 -0.065910 -0.912551
vn -0.813647 -0.485837 -0.319281
vn -0.749326 -0.612283 0.252228
vn -0.822195 -0.357104 -0.443252
vn -0.784189 -0.495105 0.374056
vn -0.572963 0.095437 -0.814006
vn 0.120380 -0.594188 0.795267
vn -0.014948 -0.730424 -0.682830
vn 0.201122 -0.033890 0.978980
vn 0.201122 -0.033890 -0.978980
vn -0.168642 0.028260 -0.985272
vn -0.190968 0.032559 0.981056
vn -0.657750 -0.701260 -0.274955
vn -0.699672 -0.629695 0.337556
vn -0.422621 -0.906307 0.000002
vn 0.014808 -0.002476 0.999887
vn 0.010987 -0.001835 -0.999938
vn 0.313333 -0.053054 0.948160
vn -0.422621 -0.906306 0.000003
vn -0.422619 -0.906308 -0.000002
vn -0.708783 -0.518968 -0.477807
vn -0.667659 -0.641950 0.377003
vn -0.389287 0.064177 -0.918878
vn -0.406749 0.063104 0.911358
vn -0.087963 -0.707216 0.701504
vn -0.086249 -0.705343 -0.703600
vn -0.693820 -0.390502 -0.605080
vn -0.641604 -0.624200 0.445779
vn 0.110041 -0.018478 0.993755
vn 0.110041 -0.018478 -0.993755
vn -0.016800 0.002805 -0.999855
vn -0.019256 0.003343 0.999809
vn 0.000000 0.832050 0.554700
vn 0.000000 0.800000 -0.600000
vn 0.000000 0.832050 0.554700
vn 0.000000 0.707107 -0.707107
vn 0.219154 -0.036976 0.974989
vn 0.225062 -0.036457 -0.973662
vn -0.591946 -0.668741 -0.449872
vn -0.611068 -0.548420 0.570817
vn -0.189454 0.030501 -0.981416
vn -0.573838 -0.559171 -0.598363
vn -0.554722 -0.563408 0.612254
vn -0.082180 -0.541829 0.836461
vn -0.160213 -0.684431 -0.711256
vn -0.422614 -0.906310 -0.000005
vn 0.019923 -0.003334 0.999796
vn 0.019920 -0.003334 -0.999796
vn -0.422607 -0.906313 0.000000
vn 0.107880 -0.018120 0.993999
vn 0.100587 -0.016882 -0.994785
vn -0.494420 -0.583426 -0.644332
vn -0.501771 -0.700913 0.506899
vn -0.422601 -0.906316 -0.000012
vn -0.060807 0.010169 -0.998098
vn -0.452434 -0.595875 -0.663503
vn -0.432255 -0.607650 0.666271
vn -0.230851 -0.662365 0.712727
vn -0.138738 -0.527402 -0.838212
vn -0.365932 -0.622397 -0.691893
vn -0.360863 -0.478096 0.800751
vn -0.319456 -0.731669 0.602170
vn -0.332853 -0.631853 -0.699979
vn -0.366082 -0.715779 0.594679
vn -0.276490 -0.647845 -0.709824
vn 0.000000 0.832050 0.554700
vn 0.000000 0.832050 -0.554700
vn 0.000000 0.832050 0.554700
vn 0.000000 0.832050 -0.554700
vn -0.351642 -0.754092 0.554700
vn -0.298839 -0.640855 -0.707107
vn -0.351642 -0.754092 0.554700
vn -0.351642 -0.754092 -0.554700
vn 0.000000 0.832050 0.554700
vn 0.000000 0.832050 -0.554700
vn 0.000000 0.832050 0.554700
vn 0.000000 0.832050 -0.554700
vn -0.351642 -0.754093 0.554700
vn -0.351642 -0.754093 -0.554700
vn -0.351642 -0.754093 0.554700
vn -0.351642 -0.754093 -0.554700
vn 0.000000 0.707107 0.707107
vn 0.000000 0.707107 -0.707107
vn 0.000000 0.707107 0.707107
vn 0.000000 0.707107 -0.707107
vn -0.351642 -0.754093 0.554700
vn -0.351642 -0.754093 -0.554700
vn -0.351642 -0.754093 0.554700
vn -0.351642 -0.754093 -0.554700
vn 0.000000 0.832050 0.554700
vn 0.000000 0.832050 -0.554700
vn 0.000000 0.832050 0.554700
vn 0.000000 0.832050 -0.554700
vn -0.298831 -0.640859 0.707107
vn -0.298835 -0.640857 -0.707107
vn -0.298831 -0.640859 0.707107
vn -0.298835 -0.640857 -0.707107
vn 0.000000 0.832050 0.554700
vn 0.000000 0.832050 -0.554700
vn 0.000000 0.832050 0.554700
vn 0.000000 0.832050 -0.554700
vn -0.351638 -0.754094 0.554700
vn -0.351633 -0.754097 -0.554700
vn -0.351638 -0.754094 0.554700
vn -0.351633 -0.754097 -0.554700
vn 0.000000 0.832050 0.554700
vn 0.000000 0.832050 -0.554700
vn 0.000000 0.832050 0.554700
vn 0.000000 0.832050 -0.554700
vn -0.351642 -0.754092 0.554700
vn -0.351642 -0.754092 -0.554700
vn -0.351642 -0.754092 0.554700
vn -0.351642 -0.754092 -0.554700
vn 0.000000 0.832050 0.554700
vn 0.000000 0.832050 -0.554700
vn 0.000000 0.832050 0.554700
vn 0.000000 0.832050 -0.554700
vn -0.351642 -0.754093 0.554700
vn -0.351642 -0.754093 -0.554700
vn -0.351642 -0.754093 0.554700
vn -0.351642 -0.754093 -0.554700
vn 0.000000 0.000000 1.000000
vn 0.000000 0.000000 -1.000000
vn 0.000000 0.000000 -1.000000
vn 0.000000 0.000000 1.000000
vn 0.000000 0.000000 1.000000
vn 0.000000 0.000000 -1.000000
vn 0.000000 0.832050 0.554700
vn 0.000000 0.832050 -0.554700
vn 0.000000 0.832050 0.554700
vn 0.000000 0.832050 -0.554700
vn -0.351642 -0.754093 0.554700
vn -0.351642 -0.754093 -0.554700
vn -0.351642 -0.754093 0.554700
vn -0.351642 -0.754093 -0.554700
vn 0.000000 0.832050 0.554700
vn 0.000000 0.832050 -0.554700
vn 0.000000 0.832050 0.554700
vn 0.000000 0.832050 -0.554700
vn -0.351633 -0.754097 0.554700
vn -0.351638 -0.754094 -0.554700
vn -0.351633 -0.754097 0.554700
vn -0.351638 -0.754094 -0.554700
vn -0.351638 -0.754094 0.554700
vn -0.351633 -0.754097 -0.554700
vn -0.351638 -0.754094 0.554700
vn -0.351633 -0.754097 -0.554700
vn 0.000000 0.832050 0.554700
vn 0.000000 0.832050 -0.554700
vn 0.000000 0.832050 0.554700
vn 0.000000 0.832050 -0.554700
vn -0.351642 -0.754092 0.554700
vn -0.351642 -0.754092 -0.554700
vn -0.351642 -0.754092 0.554700
vn -0.351642 -0.754092 -0.554700
vn 0.000000 0.707107 0.707107
vn 0.000000 0.707107 -0.707107
vn 0.000000 0.707107 0.707107
vn 0.000000 0.707107 -0.707107
vn -0.298838 -0.640856 0.707107
vn -0.298838 -0.640855 -0.707107
vn -0.298838 -0.640856 0.707107
vn -0.298838 -0.640855 -0.707107
vn 0.000000 0.832050 0.554700
vn 0.000000 0.832050 -0.554700
vn 0.000000 0.832050 0.554700
vn 0.000000 0.832050 -0.554700
vn -0.351642 -0.754093 0.554700
vn -0.351642 -0.754093 -0.554700
vn -0.351642 -0.754093 0.554700
vn -0.351642 -0.754093 -0.554700
vn 0.000000 0.832050 0.554700
vn 0.000000 0.832050 -0.554700
vn 0.000000 0.832050 0.554700
vn 0.000000 0.832050 -0.554700
vn -0.351634 -0.754096 0.554700
vn -0.351638 -0.754094 -0.554700
vn -0.351634 -0.754096 0.554700
vn -0.351638 -0.754094 -0.554700
vn 0.000000 0.707107 0.707107
vn 0.000000 0.707107 -0.707107
vn 0.000000 0.832050 0.554700
vn 0.000000 0.707107 -0.707107
vn -0.298834 -0.640857 0.707107
vn -0.351634 -0.754096 -0.554700
vn -0.351637 -0.754095 0.554700
vn -0.298831 -0.640859 -0.707107
vn -0.010962 0.894666 0.446601
vn 0.013618 0.831776 -0.554944
vn 0.029890 0.801091 0.597795
vn -0.013593 0.832480 -0.553889
vn -0.087634 -0.006020 0.996135
vn -0.032967 0.002691 -0.999453
vn 0.059026 -0.002916 -0.998252
vn -0.016797 0.001384 0.999858
vn -0.016793 0.001384 -0.999858
vn 0.083061 0.552599 -0.829298
vn 0.069623 0.709043 0.701720
vn 0.023845 -0.001965 -0.999714
vn 0.029350 -0.002394 0.999566
vn -0.011344 0.000953 0.999935
vn -0.011341 0.000953 -0.999935
vn 0.000000 1.000000 0.000000
vn -0.050594 0.008367 0.998684
vn -0.050590 0.008367 -0.998684
vn -0.070844 0.696065 0.714475
vn -0.068224 0.558911 -0.826416
vn 0.141390 0.702009 -0.697992
vn 0.141390 0.702008 0.697992
vn -0.315892 -0.636548 0.703576
vn -0.310471 -0.735927 -0.601680
vn -0.265871 -0.652818 0.709325
vn -0.388290 -0.806789 -0.445334
vn -0.116137 0.008930 -0.993193
vn 0.216893 -0.013283 -0.976105
vn 0.196287 -0.010616 0.980489
vn 0.000000 1.000000 0.000000
vn -0.110472 0.015577 0.993757
vn -0.101130 0.007913 -0.994842
vn 0.206956 -0.016179 -0.978217
vn 0.228061 -0.017709 0.973486
vn -0.300001 -0.774138 -0.557414
vn -0.231538 -0.663468 0.711478
vn 0.214059 0.700909 -0.680371
vn 0.181542 0.796297 0.577021
vn -0.422630 -0.906302 -0.000004
vn -0.095636 0.004532 0.995406
vn -0.095633 0.004531 -0.995406
vn 0.185513 -0.019966 -0.982439
vn 0.208007 -0.022534 0.977868
vn -0.393686 -0.704689 0.590275
vn -0.314078 -0.479856 -0.819203
vn -0.156118 -0.678662 -0.717667
vn -0.156120 -0.678666 0.717662
vn -0.156518 0.529014 0.834054
vn -0.150478 0.562994 -0.812646
vn 0.222837 0.827442 -0.515445
vn 0.222839 0.827442 0.515445
vn -0.216825 0.015523 -0.976087
vn 0.415371 -0.026103 -0.909278
vn 0.415370 -0.026103 0.909278
vn -0.202519 0.026856 0.978910
vn -0.203063 0.014881 -0.979053
vn 0.027732 -0.554737 -0.831563
vn -0.249339 -0.861735 0.441863
vn 0.408646 -0.029927 -0.912202
vn 0.408644 -0.029926 0.912203
vn 0.416018 0.537646 -0.733394
vn 0.353897 0.696794 0.623887
vn -0.206871 0.015160 0.978251
vn -0.206871 0.015160 -0.978251
vn 0.399703 -0.033636 -0.916027
vn 0.405756 -0.032411 0.913407
vn -0.422619 -0.906308 -0.000002
vn -0.173229 0.017253 0.984730
vn -0.173229 0.017254 -0.984730
vn -0.409464 -0.472089 0.780686
vn -0.409463 -0.472091 -0.780686
vn -0.003689 -0.718800 -0.695208
vn -0.032738 -0.714929 0.698431
vn 0.327580 0.825700 -0.459251
vn 0.327579 0.825700 0.459251
vn -0.163880 0.835858 0.523913
vn -0.197580 0.714442 -0.671219
vn -0.290415 0.008210 0.956865
vn -0.334469 0.016335 -0.942265
vn 0.631255 -0.032991 -0.774874
vn 0.629049 -0.026887 0.776901
vn 0.000000 1.000000 0.000000
vn -0.316015 0.021043 0.948521
vn -0.305040 0.020618 -0.952116
vn -0.033639 -0.824369 -0.565052
vn 0.070202 -0.739994 0.668940
vn 0.573859 -0.039651 -0.817994
vn 0.573858 -0.039651 0.817995
vn 0.475355 0.697051 -0.536803
vn 0.372356 0.827371 0.420486
vn 0.000000 1.000000 0.000000
vn -0.310655 0.020997 0.950291
vn -0.299194 0.020649 -0.953969
vn 0.628348 -0.056408 -0.775885
vn 0.628346 -0.056406 0.775886
vn -0.297220 0.020723 0.954584
vn -0.326258 0.026121 -0.944920
vn 0.145971 -0.758512 -0.635100
vn -0.017992 -0.869976 0.492766
vn -0.485944 -0.459878 0.743216
vn -0.501666 -0.706156 -0.499674
vn 0.616063 0.552563 -0.561374
vn 0.406243 0.834359 0.372575
vn -0.330564 0.558297 0.760942
vn -0.280798 0.709465 -0.646384
vn 0.209402 -0.781744 -0.587390
vn 0.030018 -0.889805 0.455353
vn 0.739906 -0.051343 -0.670748
vn 0.750600 -0.047960 0.659014
vn -0.413026 0.028744 0.910266
vn -0.413025 0.028744 -0.910266
vn 0.362506 0.892016 -0.269993
vn 0.692905 0.507596 0.512082
vn -0.412105 0.025295 0.910785
vn -0.405105 0.021397 -0.914020
vn 0.066895 -0.910401 -0.408284
vn 0.066891 -0.910397 0.408294
vn 0.485961 0.823920 -0.291543
vn 0.600857 0.713477 0.360445
vn -0.410673 0.025556 0.911425
vn -0.554853 -0.579921 0.596515
vn -0.554917 -0.572795 -0.603302
vn 0.857862 -0.038139 -0.512463
vn 0.509125 0.826078 -0.241635
vn 0.649053 0.695567 0.308085
vn 0.436365 -0.698232 -0.567502
vn 0.472605 -0.653596 0.591149
vn 0.866102 -0.052165 -0.497138
vn 0.872908 -0.052349 0.485068
vn -0.422619 -0.906308 0.000005
vn -0.268928 0.837016 0.476531
vn -0.268928 0.837016 -0.476531
vn -0.483616 0.022152 0.875000
vn -0.506959 0.013865 -0.861859
vn 0.786456 0.547856 -0.285202
vn 0.680987 0.689168 0.247597
vn 0.385342 -0.822557 -0.418225
vn 0.560938 -0.649919 0.512791
vn 0.927202 -0.036377 0.372790
vn -0.511392 0.027369 0.858912
vn -0.511393 0.027369 -0.858911
vn 0.695800 0.694517 -0.183052
vn 0.593026 0.790051 0.155371
vn 0.944569 -0.056286 -0.323453
vn 0.946083 -0.050412 0.319976
vn 0.450429 0.890280 -0.067187
vn 0.716536 0.689313 0.106879
vn -0.508991 0.027867 0.860321
vn -0.508991 0.027867 -0.860321
vn 0.583989 -0.725950 -0.363253
vn 0.740107 -0.546573 0.391790
vn 0.850071 0.524539 -0.047301
vn 0.456160 0.889898 0.000000
vn 0.725180 0.688559 0.000000
vn 0.567687 0.823244 0.000000
vn 0.567687 0.823244 0.000000
vn 0.567687 0.823244 0.000000
vn 0.725180 0.688559 0.000000
vn 0.567687 0.823244 0.000000
vn 0.567687 0.823244 0.000000
vn 0.567687 0.823244 0.000000
vn 0.725180 0.688559 0.000000
vn 0.567687 0.823244 0.000000
vn 0.567687 0.823244 0.000000
vn 0.567687 0.823244 0.000000
vn 0.725180 0.688559 0.000000
vn 0.567687 0.823244 0.000000
vn 0.567687 0.823244 0.000000
vn 0.567687 0.823244 0.000000
vn 0.725180 0.688559 0.000000
vn 0.567687 0.823244 0.000000
vn 0.567687 0.823244 0.000000
vn 0.567687 0.823244 0.000000
vn 0.725180 0.688559 0.000000
vn 0.567687 0.823244 0.000000
vn 0.567687 0.823244 0.000000
vn 0.567687 0.823244 0.000000
vn 0.725180 0.688559 0.000000
vn 0.567687 0.823244 0.000000
vn 0.567687 0.823244 0.000000
vn 0.567687 0.823244 0.000000
vn 0.819553 0.573003 0.000000
vn 0.567687 0.823244 0.000000
vn 0.723829 0.688803 0.040276
vn 0.976362 -0.044883 -0.211430
vn 0.987518 -0.049747 0.149445
vn -0.515308 0.028215 0.856541
vn -0.493971 0.032206 -0.868881
vn 0.998112 -0.051745 0.033077
vn -0.588584 -0.652393 0.477443
vn -0.588809 -0.680449 -0.436225
vn 0.436376 -0.856443 -0.275827
vn 0.047606 -0.984762 0.167263
vn 0.985114 -0.051722 -0.163934
vn 0.984999 -0.051943 0.164558
vn 0.998131 -0.051878 -0.032314
vn 0.998659 -0.051773 0.000000
vn 0.998659 -0.051773 0.000000
vn 0.998659 -0.051773 0.000000
vn 0.998659 -0.051773 0.000000
vn 0.998659 -0.051773 0.000000
vn 0.998659 -0.051773 0.000000
vn 0.998659 -0.051773 0.000000
vn 0.998046 -0.051835 0.034896
vn 0.225467 -0.960894 -0.160770
vn 0.225472 -0.960892 0.160778
vn 0.977435 -0.064141 -0.201265
vn 0.977483 -0.064144 0.201029
vn 0.997864 -0.051844 0.039753
vn 0.241894 -0.965775 -0.093631
vn 0.241909 -0.965772 0.093618
vn 0.513319 -0.856928 -0.046669
vn 0.250224 -0.968188 0.000000
vn 0.515278 -0.857023 0.000000
vn 0.250224 -0.968188 0.000000
vn 0.250224 -0.968188 0.000000
vn 0.250224 -0.968188 0.000000
vn 0.515278 -0.857023 0.000000
vn 0.250224 -0.968188 0.000000
vn 0.250224 -0.968188 0.000000
vn 0.250224 -0.968188 0.000000
vn 0.515278 -0.857023 0.000000
vn 0.250224 -0.968188 0.000000
vn 0.250224 -0.968188 0.000000
vn 0.250224 -0.968188 0.000000
vn 0.515278 -0.857023 0.000000
vn 0.250224 -0.968188 0.000000
vn 0.250224 -0.968188 0.000000
vn 0.250224 -0.968188 0.000000
vn 0.515278 -0.857023 0.000000
vn 0.250224 -0.968188 0.000000
vn 0.250224 -0.968188 0.000000
vn 0.250224 -0.968188 0.000000
vn 0.515278 -0.857023 0.000000
vn 0.250224 -0.968188 0.000000
vn 0.250224 -0.968188 0.000000
vn 0.250224 -0.968188 0.000000
vn 0.515278 -0.857023 0.000000
vn 0.250224 -0.968188 0.000000
vn 0.250224 -0.968188 0.000000
vn 0.250224 -0.968188 0.000000
vn 0.681760 -0.731576 0.000001
vn 0.250222 -0.968188 0.000000
vn 0.324751 -0.944989 0.039138
vn -0.395054 0.717510 0.573683
vn -0.434539 0.685872 -0.583742
vn 0.000000 1.000000 0.000000
vn -0.637966 0.025155 0.769653
vn 0.000000 1.000000 0.000000
vn -0.590551 0.028231 0.806507
vn -0.603445 0.045832 -0.796086
vn -0.422626 -0.906304 -0.000001
vn -0.422620 -0.906307 -0.000007
vn -0.599308 0.028651 0.800006
vn -0.599308 0.028651 -0.800005
vn -0.606039 0.028972 0.794907
vn -0.606040 0.028972 -0.794907
vn -0.663179 -0.435477 0.608732
vn -0.649598 -0.560611 -0.513554
vn 0.000000 1.000000 0.000000
vn -0.422617 -0.906308 0.000000
vn 0.000000 1.000000 0.000000
vn -0.580342 0.516528 0.629605
vn -0.374839 0.824889 -0.423147
vn -0.680721 0.039225 0.731492
vn -0.680975 0.036449 -0.731399
vn -0.672018 0.028356 0.739992
vn -0.681428 0.027722 -0.731360
vn -0.422622 -0.906306 0.000001
vn -0.702070 0.033645 0.711312
vn -0.688117 0.027993 -0.725059
vn -0.422626 -0.906304 -0.000012
vn -0.716726 -0.430057 0.548958
vn -0.692923 -0.552940 -0.462725
vn -0.422619 -0.906307 -0.000002
vn -0.533842 0.689576 0.489385
vn -0.403722 0.836613 -0.370252
vn -0.704568 0.008542 -0.709585
vn -0.744930 0.043318 0.665735
vn -0.754337 0.024274 -0.656039
vn -0.749408 0.021417 0.661762
vn -0.754216 0.025305 -0.656139
vn -0.760431 0.025513 -0.648918
vn -0.738876 -0.537409 0.406514
vn -0.696783 -0.626524 -0.349230
vn -0.440067 0.836016 0.327747
vn -0.469988 0.805246 -0.361511
vn -0.780750 -0.003435 0.624834
vn -0.814552 0.019865 -0.579750
vn -0.817063 0.020656 0.576178
vn -0.809974 0.021560 -0.586070
vn -0.809966 0.022673 0.586038
vn -0.809966 0.022673 -0.586039
vn -0.820149 0.032142 0.571246
vn -0.832613 0.027333 -0.553180
vn -0.765340 -0.542786 0.345888
vn -0.800717 -0.424362 -0.422811
vn -0.680742 0.609249 0.406701
vn -0.762277 0.459928 -0.455412
vn -0.865119 0.016308 0.501301
vn -0.865120 0.016308 -0.501299
vn -0.864004 0.017378 0.503184
vn -0.864005 0.017378 -0.503183
vn -0.866257 0.013708 0.499410
vn -0.866258 0.013708 -0.499408
vn -0.793622 -0.530641 0.297631
vn -0.840476 -0.410484 -0.353700
vn 0.000000 1.000000 0.000000
vn 0.000000 1.000000 0.000000
vn -0.401566 0.895778 0.190594
vn -0.753411 0.561600 -0.342020
vn -0.913167 0.006436 0.407535
vn -0.905010 0.012899 -0.425195
vn -0.908255 0.012951 0.418218
vn -0.908255 0.012951 -0.418217
vn -0.912521 0.013013 0.408822
vn -0.907959 0.013907 -0.418828
vn -0.907204 0.019645 0.420233
vn -0.927208 0.033057 -0.373085
vn -0.741307 -0.643760 0.189837
vn -0.807694 -0.538780 -0.239472
vn -0.787198 0.546796 0.285189
vn -0.661337 0.710505 -0.240452
vn -0.942969 0.008164 -0.332781
vn -0.945521 0.012944 0.325304
vn -0.943063 0.008733 -0.332500
vn -0.945926 0.008761 0.324263
vn -0.942802 0.000752 -0.333352
vn -0.948110 0.008783 0.317821
vn -0.874656 -0.424095 0.234778
vn -0.766606 -0.622769 -0.156441
vn -0.684870 0.708852 0.168767
vn -0.575991 0.801589 -0.160280
vn -0.962841 -0.000281 0.270068
vn -0.971399 0.004025 -0.237420
vn -0.971401 0.004395 0.237405
vn -0.968966 0.005116 -0.247140
vn -0.968262 0.005711 0.249871
vn -0.967463 -0.010965 -0.252773
vn -0.975580 0.010038 0.219415
vn -0.830390 -0.537367 0.147272
vn -0.851738 -0.499636 -0.157818
vn -0.821380 0.555978 0.127374
vn -0.880791 0.449329 -0.149365
vn -0.986069 0.002394 0.166322
vn -0.987532 0.001872 -0.157405
vn -0.986621 0.002396 0.163012
vn -0.986621 0.002396 -0.163012
vn -0.986309 -0.001234 0.164905
vn -0.987361 0.002395 -0.158469
vn -0.982563 0.014540 -0.185359
vn -0.903627 -0.413918 0.110141
vn -0.764813 -0.640213 -0.072025
vn -0.552301 0.832370 0.046077
vn -0.704153 0.707614 -0.058745
vn -0.996592 0.000735 0.082491
vn -0.996592 0.000735 -0.082491
vn -0.996728 0.000733 0.080819
vn -0.996729 0.000733 -0.080819
vn -0.996239 0.000880 0.086647
vn -0.996239 0.000880 -0.086646
vn -0.995567 0.006258 0.093851
vn -0.997051 0.000735 -0.076742
vn -0.767670 -0.639861 0.035491
vn -0.841742 -0.537321 -0.052502
vn -0.831620 0.554878 0.022766
vn -0.554700 0.832050 0.000000
vn -0.707107 0.707107 0.000000
vn -0.554700 0.832050 0.000000
vn -0.554700 0.832050 0.000000
vn -0.554700 0.832050 0.000000
vn -0.707107 0.707107 0.000000
vn -0.554700 0.832050 0.000000
vn -0.554700 0.832050 0.000000
vn -0.554700 0.832050 0.000000
vn -0.707107 0.707107 0.000000
vn -0.554700 0.832050 0.000000
vn -0.554700 0.832050 0.000000
vn -0.554700 0.832050 0.000000
vn -0.707107 0.707107 0.000000
vn -0.554700 0.832050 0.000000
vn -0.554700 0.832050 0.000000
vn -0.554700 0.832050 0.000000
vn -0.707107 0.707107 0.000000
vn -0.554700 0.832050 0.000000
vn -0.554700 0.832050 0.000000
vn -0.554700 0.832050 0.000000
vn -0.707107 0.707107 0.000000
vn -0.554700 0.832050 0.000000
vn -0.554700 0.832050 0.000000
vn -0.554700 0.832050 0.000000
vn -0.707107 0.707107 0.000000
vn -0.554700 0.832050 0.000000
vn -0.554700 0.832050 0.000000
vn -0.554700 0.832050 0.000000
vn -0.707107 0.707107 0.000000
vn -0.554700 0.832050 0.000000
vn -0.599650 0.800094 -0.016416
vn -0.999851 0.000078 0.017252
vn -1.000000 0.000000 0.000000
vn -1.000000 0.000000 0.000000
vn -1.000000 0.000000 0.000000
vn -1.000000 0.000000 0.000000
vn -1.000000 0.000000 0.000000
vn -1.000000 0.000000 0.000000
vn -1.000000 0.000000 0.000000
vn -0.999886 0.000068 -0.015095
vn -0.999852 0.000121 0.017227
vn -1.000000 0.000000 0.000000
vn -1.000000 0.000000 0.000000
vn -1.000000 0.000000 0.000000
vn -1.000000 0.000000 0.000000
vn -1.000000 0.000000 0.000000
vn -1.000000 0.000000 0.000000
vn -1.000000 0.000000 0.000000
vn -0.999812 0.000136 -0.019381
vn -0.791115 -0.611536 0.012674
vn -0.768719 -0.639587 0.000000
vn -0.843392 -0.537298 0.000000
vn -0.768719 -0.639587 0.000000
vn -0.768719 -0.639587 0.000000
vn -0.768719 -0.639587 0.000000
vn -0.843392 -0.537298 0.000000
vn -0.768719 -0.639587 0.000000
vn -0.768719 -0.639587 0.000000
vn -0.768719 -0.639587 0.000000
vn -0.843392 -0.537298 0.000000
vn -0.768719 -0.639587 0.000000
vn -0.768719 -0.639587 0.000000
vn -0.768719 -0.639587 0.000000
vn -0.843392 -0.537298 0.000000
vn -0.768719 -0.639587 0.000000
vn -0.768719 -0.639587 0.000000
vn -0.768719 -0.639587 0.000000
vn -0.843392 -0.537298 0.000000
vn -0.768719 -0.639587 0.000000
vn -0.768719 -0.639587 0.000000
vn -0.768719 -0.639587 0.000000
vn -0.843392 -0.537298 0.000000
vn -0.768719 -0.639587 0.000000
vn -0.768719 -0.639587 0.000000
vn -0.768719 -0.639587 0.000000
vn -0.843392 -0.537298 0.000000
vn -0.768719 -0.639587 0.000000
vn -0.768719 -0.639587 0.000000
vn -0.768719 -0.639587 0.000000
vn -0.843392 -0.537298 0.000000
vn -0.768719 -0.639587 0.000000
vn -0.904387 -0.426346 -0.017669

f 366//366 367//367 203//203
f 364//364 365//365 201//201
f 363//363 364//364 200//200
f 365//365 366//366 202//202
f 361//361 362//362 198//198
f 359//359 360//360 196//196
f 358//358 359//359 195//195
f 360//360 361//361 197//197
f 362//362 363//363 199//199
f 356//356 357//357 193//193
f 354//354 355//355 191//191
f 353//353 354//354 190//190
f 355//355 356//356 192//192
f 351//351 352//352 188//188
f 350//350 351//351 187//187
f 348//348 349//349 185//185
f 347//347 348//348 184//184
f 349//349 350//350 186//186
f 352//352 353//353 189//189
f 357//357 358//358 194//194
f 345//345 346//346 182//182
f 343//343 344//344 180//180
f 342//342 343//343 179//179
f 344//344 345//345 181//181
f 340//340 341//341 177//177
f 338//338 339//339 175//175
f 337//337 338//338 174//174
f 339//339 340//340 176//176
f 341//341 342//342 178//178
f 172//172 303//303 336//336
f 303//303 371//371 369//369
f 371//371 247//247 374//374
f 369//369 336//336 303//303
f 326//326 391//391 384//384
f 326//326 393//393 391//391
f 404//404 410//410 402//402
f 404//404 416//416 410//410
f 402//402 393//393 326//326
f 384//384 374//374 326//326
f 336//336 337//337 173//173
f 346//346 347//347 183//183
f 428//428 408//408 431//431
f 435//435 445//445 441//441
f 443//443 449//449 445//445
f 441//441 431//431 435//435
f 460//460 452//452 451//451
f 476//476 468//468 467//467
f 484//484 476//476 475//475
f 468//468 460//460 459//459
f 452//452 449//449 443//443
f 404//404 428//428 416//416
f 402//402 326//326 284//284
f 435//435 414//414 443//443
f 404//404 408//408 428//428
f 492//492 484//484 483//483
f 435//435 443//443 445//445
f 247//247 371//371 303//303
f 431//431 408//408 435//435
f 500//500 492//492 491//491
f 508//508 500//500 499//499
f 534//534 530//530 529//529
f 542//542 534//534 533//533
f 522//522 508//508 507//507
f 530//530 522//522 521//521
f 284//284 404//404 402//402
f 247//247 326//326 374//374
f 558//558 550//550 549//549
f 574//574 566//566 565//565
f 600//600 574//574 573//573
f 566//566 558//558 557//557
f 620//620 643//643 611//611
f 643//643 633//633 622//622
f 643//643 648//648 633//633
f 622//622 611//611 643//643
f 611//611 600//600 620//620
f 706//706 674//674 661//661
f 682//682 674//674 706//706
f 661//661 766//766 706//706
f 692//692 706//706 851//851
f 692//692 682//682 706//706
f 643//643 661//661 648//648
f 851//851 702//702 692//692
f 828//828 713//713 702//702
f 837//837 768//768 726//726
f 713//713 828//828 726//726
f 768//768 837//837 781//781
f 702//702 851//851 828//828
f 828//828 837//837 726//726
f 550//550 542//542 541//541
f 452//452 443//443 451//451
f 367//367 368//368 204//204
f 845//845 786//786 781//781
f 789//789 788//788 993//993
f 790//790 789//789 994//994
f 848//848 788//788 786//786
f 792//792 791//791 996//996
f 794//794 793//793 998//998
f 795//795 794//794 999//999
f 793//793 792//792 997//997
f 791//791 790//790 995//995
f 797//797 796//796 1001//1001
f 799//799 798//798 1003//1003
f 800//800 799//799 1004//1004
f 798//798 797//797 1002//1002
f 802//802 801//801 1006//1006
f 803//803 802//802 1007//1007
f 805//805 804//804 1009//1009
f 807//807 806//806 1011//1011
f 804//804 803//803 1008//1008
f 801//801 800//800 1005//1005
f 796//796 795//795 1000//1000
f 809//809 808//808 1013//1013
f 811//811 810//810 1015//1015
f 812//812 811//811 1016//1016
f 810//810 809//809 1014//1014
f 814//814 813//813 1018//1018
f 816//816 815//815 1020//1020
f 817//817 816//816 1021//1021
f 815//815 814//814 1019//1019
f 813//813 812//812 1017//1017
f 819//819 818//818 1023//1023
f 820//820 941//941 787//787
f 782//782 787//787 929//929
f 820//820 819//819 1024//1024
f 907//907 829//829 769//769
f 829//829 727//727 769//769
f 829//829 703//703 714//714
f 829//829 693//693 703//703
f 714//714 727//727 829//829
f 769//769 782//782 918//918
f 818//818 817//817 1022//1022
f 808//808 807//807 1012//1012
f 675//675 683//683 850//850
f 634//634 649//649 698//698
f 677//677 615//615 634//634
f 662//662 675//675 835//835
f 615//615 612//612 623//623
f 575//575 601//601 602//602
f 567//567 575//575 576//576
f 601//601 612//612 615//615
f 623//623 634//634 615//615
f 551//551 559//559 560//560
f 559//559 567//567 568//568
f 649//649 662//662 767//767
f 786//786 845//845 848//848
f 829//829 861//861 693//693
f 683//683 693//693 861//861
f 543//543 551//551 552//552
f 535//535 543//543 544//544
f 531//531 535//535 536//536
f 509//509 523//523 524//524
f 501//501 509//509 510//510
f 523//523 531//531 532//532
f 493//493 501//501 502//502
f 806//806 805//805 1010//1010
f 485//485 493//493 494//494
f 469//469 477//477 478//478
f 461//461 469//469 470//470
f 477//477 485//485 486//486
f 453//453 438//438 450//450
f 446//446 438//438 442//442
f 442//442 409//409 432//432
f 438//438 446//446 450//450
f 453//453 461//461 462//462
f 429//429 409//409 417//417
f 403//403 411//411 285//285
f 394//394 403//403 267//267
f 411//411 417//417 299//299
f 385//385 392//392 239//239
f 375//375 385//385 226//226
f 370//370 372//372 210//210
f 368//368 370//370 206//206
f 372//372 375//375 219//219
f 392//392 394//394 244//244
f 409//409 429//429 432//432
f 602//602 601//601 615//615
f 837//837 845//845 781//781
f 766//766 661//661 643//643
f 837//837 917//917 845//845
f 928//928 845//845 917//917
f 284//284 298//298 404//404
f 247//247 238//238 326//326
f 896//896 837//837 828//828
f 172//172 205//205 303//303
f 205//205 209//209 303//303
f 247//247 209//209 218//218
f 247//247 218//218 225//225
f 247//247 225//225 238//238
f 238//238 243//243 326//326
f 266//266 284//284 326//326
f 298//298 320//320 404//404
f 243//243 266//266 326//326
f 404//404 376//376 408//408
f 408//408 396//396 414//414
f 408//408 376//376 396//396
f 320//320 376//376 404//404
f 447//447 451//451 443//443
f 433//433 447//447 443//443
f 646//646 676//676 643//643
f 676//676 697//697 643//643
f 620//620 646//646 643//643
f 766//766 834//834 706//706
f 849//849 860//860 706//706
f 706//706 860//860 851//851
f 834//834 849//849 706//706
f 851//851 872//872 882//882
f 882//882 896//896 828//828
f 837//837 906//906 917//917
f 845//845 928//928 940//940
f 837//837 896//896 906//906
f 851//851 860//860 872//872
f 766//766 643//643 697//697
f 438//438 409//409 442//442
f 409//409 438//438 415//415
f 941//941 820//820 1025//1025
f 897//897 883//883 829//829
f 883//883 873//873 829//829
f 897//897 829//829 907//907
f 929//929 787//787 941//941
f 861//861 829//829 873//873
f 940//940 993//993 848//848
f 677//677 647//647 615//615
f 647//647 621//621 615//615
f 453//453 454//454 438//438
f 438//438 448//448 434//434
f 409//409 415//415 397//397
f 409//409 397//397 377//377
f 438//438 434//434 415//415
f 438//438 454//454 448//448
f 206//206 204//204 368//368
f 409//409 377//377 321//321
f 409//409 321//321 417//417
f 993//993 788//788 848//848
f 31//31 32//32 148//148
f 29//29 30//30 146//146
f 28//28 29//29 145//145
f 30//30 31//31 147//147
f 26//26 27//27 143//143
f 24//24 25//25 141//141
f 23//23 24//24 140//140
f 25//25 26//26 142//142
f 27//27 28//28 144//144
f 21//21 22//22 138//138
f 19//19 20//20 136//136
f 18//18 19//19 135//135
f 20//20 21//21 137//137
f 16//16 17//17 133//133
f 15//15 16//16 132//132
f 13//13 14//14 130//130
f 12//12 13//13 129//129
f 14//14 15//15 131//131
f 17//17 18//18 134//134
f 22//22 23//23 139//139
f 10//10 11//11 127//127
f 8//8 9//9 125//125
f 7//7 8//8 124//124
f 9//9 10//10 126//126
f 5//5 6//6 122//122
f 3//3 4//4 120//120
f 2//2 3//3 119//119
f 4//4 5//5 121//121
f 6//6 7//7 123//123
f 117//117 52//52 1//1
f 52//52 36//36 34//34
f 52//52 38//38 36//36
f 34//34 1//1 52//52
f 77//77 48//48 43//43
f 77//77 53//53 48//48
f 77//77 78//78 71//71
f 110//110 85//85 78//78
f 71//71 53//53 77//77
f 43//43 38//38 52//52
f 1//1 2//2 118//118
f 11//11 12//12 128//128
f 159//159 164//164 111//111
f 231//231 269//269 251//251
f 304//304 331//331 282//282
f 269//269 231//231 164//164
f 331//331 330//330 306//306
f 455//455 422//422 423//423
f 463//463 455//455 456//456
f 422//422 330//330 331//331
f 306//306 282//282 331//331
f 110//110 159//159 85//85
f 269//269 164//164 159//159
f 159//159 110//110 253//253
f 110//110 77//77 233//233
f 471//471 463//463 464//464
f 162//162 43//43 52//52
f 282//282 251//251 269//269
f 479//479 471//471 472//472
f 487//487 479//479 480//480
f 503//503 495//495 496//496
f 517//517 503//503 504//504
f 495//495 487//487 488//488
f 525//525 517//517 518//518
f 110//110 78//78 77//77
f 162//162 77//77 43//43
f 545//545 537//537 538//538
f 561//561 553//553 554//554
f 569//569 561//561 562//562
f 553//553 545//545 546//546
f 577//577 606//606 595//595
f 624//624 606//606 652//652
f 606//606 667//667 652//652
f 606//606 624//624 595//595
f 577//577 569//569 570//570
f 667//667 707//707 680//680
f 823//823 839//839 821//821
f 821//821 707//707 658//658
f 823//823 852//852 839//839
f 667//667 680//680 652//652
f 852//852 823//823 862//862
f 874//874 862//862 688//688
f 886//886 836//836 898//898
f 898//898 836//836 908//908
f 886//886 874//874 694//694
f 919//919 908//908 884//884
f 537//537 525//525 526//526
f 423//423 422//422 331//331
f 32//32 33//33 149//149
f 884//884 930//930 919//919
f 885//885 943//943 942//942
f 944//944 943//943 729//729
f 942//942 930//930 885//885
f 946//946 945//945 731//731
f 948//948 947//947 733//733
f 949//949 948//948 734//734
f 947//947 946//946 732//732
f 945//945 944//944 730//730
f 951//951 950//950 736//736
f 953//953 952//952 738//738
f 954//954 953//953 739//739
f 952//952 951//951 737//737
f 956//956 955//955 741//741
f 957//957 956//956 742//742
f 959//959 958//958 744//744
f 961//961 960//960 746//746
f 958//958 957//957 743//743
f 955//955 954//954 740//740
f 950//950 949//949 735//735
f 963//963 962//962 748//748
f 965//965 964//964 750//750
f 966//966 965//965 751//751
f 964//964 963//963 749//749
f 968//968 967//967 753//753
f 970//970 969//969 755//755
f 971//971 970//970 756//756
f 969//969 968//968 754//754
f 967//967 966//966 752//752
f 973//973 972//972 758//758
f 838//838 931//931 974//974
f 931//931 838//838 920//920
f 974//974 973//973 759//759
f 909//909 825//825 899//899
f 899//899 825//825 887//887
f 875//875 825//825 863//863
f 853//853 863//863 679//679
f 825//825 875//875 887//887
f 838//838 909//909 920//920
f 972//972 971//971 757//757
f 962//962 961//961 747//747
f 822//822 840//840 651//651
f 681//681 708//708 627//627
f 653//653 681//681 614//614
f 708//708 822//822 638//638
f 592//592 625//625 653//653
f 592//592 580//580 596//596
f 572//572 580//580 579//579
f 596//596 625//625 592//592
f 592//592 653//653 614//614
f 556//556 564//564 563//563
f 540//540 548//548 547//547
f 548//548 556//556 555//555
f 528//528 540//540 539//539
f 564//564 572//572 571//571
f 520//520 528//528 527//527
f 506//506 520//520 519//519
f 490//490 498//498 497//497
f 482//482 490//490 489//489
f 498//498 506//506 505//505
f 474//474 482//482 481//481
f 840//840 853//853 666//666
f 466//466 474//474 473//473
f 425//425 458//458 457//457
f 334//334 425//425 424//424
f 458//458 466//466 465//465
f 283//283 307//307 315//315
f 232//232 252//252 291//291
f 165//165 232//232 281//281
f 252//252 283//283 305//305
f 307//307 334//334 333//333
f 86//86 112//112 254//254
f 72//72 79//79 234//234
f 54//54 72//72 224//224
f 79//79 86//86 242//242
f 44//44 49//49 171//171
f 44//44 99//99 39//39
f 35//35 37//37 99//99
f 35//35 87//87 33//33
f 99//99 37//37 39//39
f 49//49 54//54 212//212
f 112//112 165//165 271//271
f 579//579 580//580 592//592
f 960//960 959//959 745//745
f 658//658 707//707 667//667
f 269//269 304//304 282//282
f 908//908 836//836 884//884
f 862//862 823//823 688//688
f 821//821 658//658 823//823
f 613//613 626//626 667//667
f 650//650 823//823 658//658
f 667//667 606//606 613//613
f 117//117 152//152 52//52
f 156//156 162//162 52//52
f 162//162 170//170 77//77
f 152//152 156//156 52//52
f 77//77 170//170 211//211
f 211//211 223//223 77//77
f 233//233 241//241 110//110
f 223//223 233//233 77//77
f 159//159 270//270 269//269
f 269//269 280//280 290//290
f 269//269 290//290 304//304
f 269//269 270//270 280//280
f 253//253 270//270 159//159
f 314//314 332//332 331//331
f 304//304 314//314 331//331
f 577//577 578//578 606//606
f 606//606 586//586 597//597
f 606//606 597//597 613//613
f 606//606 578//578 586//586
f 658//658 626//626 637//637
f 823//823 650//650 665//665
f 823//823 665//665 678//678
f 658//658 637//637 650//650
f 886//886 700//700 836//836
f 836//836 711//711 718//718
f 836//836 718//718 722//722
f 836//836 700//700 711//711
f 823//823 678//678 688//688
f 884//884 722//722 885//885
f 885//885 728//728 729//729
f 87//87 99//99 153//153
f 719//719 825//825 909//909
f 719//719 909//909 838//838
f 863//863 825//825 689//689
f 838//838 760//760 723//723
f 825//825 719//719 712//712
f 825//825 712//712 701//701
f 838//838 723//723 719//719
f 825//825 701//701 695//695
f 825//825 695//695 689//689
f 614//614 598//598 592//592
f 598//598 587//587 592//592
f 44//44 163//163 99//99
f 99//99 157//157 153//153
f 87//87 153//153 149//149
f 99//99 163//163 157//157
f 930//930 884//884 885//885
f 221//221 149//149 153//153
f 221//221 153//153 157//157
f 230//230 163//163 171//171
f 230//230 171//171 212//212
f 163//163 230//230 157//157
f 256//256 224//224 234//234
f 256//256 234//234 242//242
f 279//279 254//254 271//271
f 279//279 271//271 281//281
f 254//254 279//279 242//242
f 224//224 256//256 212//212
f 401//401 291//291 305//305
f 401//401 305//305 315//315
f 421//421 333//333 424//424
f 421//421 424//424 457//457
f 333//333 421//421 315//315
f 421//421 465//465 473//473
f 481//481 514//514 473//473
f 514//514 489//489 497//497
f 514//514 505//505 519//519
f 505//505 514//514 497//497
f 481//481 489//489 514//514
f 465//465 421//421 457//457
f 291//291 279//279 281//281
f 514//514 527//527 539//539
f 514//514 539//539 547//547
f 563//563 589//589 555//555
f 589//589 563//563 571//571
f 547//547 555//555 589//589
f 605//605 579//579 587//587
f 605//605 587//587 598//598
f 630//630 614//614 627//627
f 657//657 638//638 651//651
f 638//638 630//630 627//627
f 614//614 605//605 598//598
f 579//579 589//589 571//571
f 657//657 666//666 679//679
f 657//657 679//679 689//689
f 715//715 695//695 701//701
f 715//715 701//701 712//712
f 695//695 715//715 689//689
f 762//762 719//719 723//723
f 760//760 765//765 762//762
f 765//765 759//759 758//758
f 779//779 757//757 756//756
f 757//757 779//779 758//758
f 759//759 765//765 760//760
f 719//719 715//715 712//712
f 666//666 657//657 651//651
f 527//527 514//514 519//519
f 212//212 256//256 230//230
f 273//273 221//221 230//230
f 287//287 230//230 256//256
f 279//279 256//256 242//242
f 265//265 221//221 312//312
f 273//273 312//312 221//221
f 329//329 273//273 287//287
f 230//230 287//287 273//273
f 265//265 149//149 221//221
f 301//301 287//287 256//256
f 630//630 638//638 657//657
f 630//630 636//636 605//605
f 657//657 664//664 630//630
f 685//685 657//657 689//689
f 685//685 689//689 705//705
f 256//256 279//279 301//301
f 762//762 771//771 715//715
f 514//514 547//547 589//589
f 291//291 383//383 279//279
f 715//715 719//719 762//762
f 301//301 381//381 287//287
f 630//630 605//605 614//614
f 279//279 383//383 323//323
f 413//413 323//323 383//383
f 413//413 383//383 401//401
f 383//383 291//291 401//401
f 421//421 473//473 514//514
f 477//477 469//469 421//421
f 514//514 543//543 535//535
f 579//579 605//605 589//589
f 421//421 453//453 401//401
f 401//401 315//315 421//421
f 636//636 642//642 610//610
f 664//664 671//671 636//636
f 689//689 715//715 705//705
f 705//705 714//714 685//685
f 784//784 721//721 771//771
f 721//721 727//727 705//705
f 715//715 721//721 705//705
f 685//685 671//671 664//664
f 657//657 685//685 664//664
f 610//610 619//619 589//589
f 323//323 381//381 301//301
f 771//771 762//762 780//780
f 779//779 755//755 754//754
f 778//778 754//754 753//753
f 778//778 752//752 751//751
f 778//778 751//751 750//750
f 752//752 778//778 753//753
f 777//777 749//749 748//748
f 777//777 748//748 747//747
f 776//776 746//746 745//745
f 776//776 744//744 743//743
f 744//744 776//776 745//745
f 746//746 777//777 747//747
f 749//749 777//777 750//750
f 758//758 779//779 780//780
f 779//779 817//817 818//818
f 754//754 778//778 779//779
f 778//778 750//750 777//777
f 777//777 809//809 810//810
f 806//806 777//777 776//776
f 746//746 776//776 777//777
f 778//778 814//814 779//779
f 742//742 776//776 743//743
f 775//775 742//742 741//741
f 775//775 741//741 740//740
f 738//738 775//775 739//739
f 740//740 739//739 775//775
f 738//738 737//737 774//774
f 774//774 775//775 738//738
f 775//775 776//776 742//742
f 775//775 802//802 776//776
f 755//755 779//779 756//756
f 765//765 758//758 780//780
f 780//780 785//785 771//771
f 221//221 157//157 230//230
f 774//774 736//736 735//735
f 774//774 735//735 734//734
f 773//773 733//733 732//732
f 773//773 732//732 731//731
f 733//733 773//773 734//734
f 730//730 729//729 772//772
f 728//728 761//761 772//772
f 761//761 722//722 718//718
f 761//761 718//718 711//711
f 722//722 761//761 728//728
f 730//730 773//773 731//731
f 699//699 700//700 694//694
f 699//699 694//694 688//688
f 656//656 678//678 665//665
f 656//656 665//665 650//650
f 678//678 699//699 688//688
f 629//629 637//637 626//626
f 629//629 626//626 613//613
f 604//604 597//597 586//586
f 583//583 578//578 570//570
f 578//578 583//583 586//586
f 597//597 604//604 613//613
f 637//637 656//656 650//650
f 700//700 699//699 711//711
f 588//588 562//562 554//554
f 588//588 554//554 546//546
f 538//538 513//513 546//546
f 526//526 518//518 513//513
f 546//546 513//513 588//588
f 496//496 488//488 513//513
f 513//513 488//488 480//480
f 420//420 513//513 472//472
f 456//456 423//423 420//420
f 472//472 464//464 420//420
f 472//472 513//513 480//480
f 513//513 518//518 504//504
f 388//388 423//423 332//332
f 388//388 332//332 314//314
f 327//327 304//304 290//290
f 302//302 290//290 280//280
f 304//304 327//327 314//314
f 278//278 270//270 253//253
f 278//278 253//253 241//241
f 255//255 233//233 223//223
f 229//229 211//211 170//170
f 211//211 255//255 223//223
f 233//233 255//255 241//241
f 270//270 302//302 280//280
f 388//388 420//420 423//423
f 588//588 570//570 562//562
f 229//229 156//156 220//220
f 220//220 156//156 152//152
f 217//217 257//257 220//220
f 229//229 162//162 156//156
f 327//327 290//290 302//302
f 117//117 217//217 152//152
f 314//314 327//327 388//388
f 217//217 117//117 118//118
f 217//217 118//118 119//119
f 120//120 121//121 258//258
f 122//122 123//123 258//258
f 258//258 121//121 122//122
f 258//258 119//119 120//120
f 124//124 259//259 123//123
f 613//613 604//604 629//629
f 699//699 678//678 656//656
f 699//699 720//720 761//761
f 604//604 586//586 583//583
f 684//684 699//699 656//656
f 728//728 772//772 729//729
f 794//794 774//774 773//773
f 635//635 663//663 629//629
f 773//773 774//774 734//734
f 604//604 609//609 635//635
f 302//302 270//270 278//278
f 327//327 400//400 388//388
f 302//302 382//382 327//327
f 278//278 241//241 255//255
f 278//278 322//322 302//302
f 604//604 583//583 609//609
f 170//170 162//162 229//229
f 255//255 300//300 278//278
f 229//229 286//286 255//255
f 588//588 583//583 570//570
f 496//496 513//513 504//504
f 255//255 211//211 229//229
f 268//268 272//272 229//229
f 656//656 637//637 629//629
f 699//699 761//761 711//711
f 257//257 217//217 119//119
f 124//124 125//125 259//259
f 125//125 126//126 259//259
f 127//127 128//128 260//260
f 128//128 129//129 260//260
f 259//259 126//126 127//127
f 130//130 131//131 260//260
f 131//131 132//132 261//261
f 133//133 134//134 261//261
f 135//135 136//136 262//262
f 261//261 134//134 135//135
f 261//261 132//132 133//133
f 260//260 129//129 130//130
f 137//137 138//138 262//262
f 138//138 139//139 262//262
f 140//140 141//141 263//263
f 141//141 142//142 263//263
f 263//263 139//139 140//140
f 143//143 144//144 264//264
f 144//144 145//145 264//264
f 146//146 147//147 264//264
f 148//148 149//149 265//265
f 265//265 147//147 148//148
f 264//264 145//145 146//146
f 263//263 142//142 143//143
f 262//262 136//136 137//137
f 772//772 773//773 730//730
f 774//774 737//737 736//736
f 774//774 797//797 798//798
f 370//370 368//368 312//312
f 265//265 312//312 368//368
f 372//372 370//370 312//312
f 312//312 375//375 372//372
f 329//329 375//375 312//312
f 385//385 375//375 329//329
f 413//413 381//381 323//323
f 381//381 394//394 329//329
f 381//381 413//413 417//417
f 381//381 403//403 394//394
f 392//392 385//385 329//329
f 403//403 381//381 411//411
f 401//401 450//450 413//413
f 381//381 417//417 411//411
f 413//413 429//429 417//417
f 413//413 442//442 432//432
f 413//413 446//446 442//442
f 413//413 432//432 429//429
f 453//453 421//421 461//461
f 477//477 421//421 485//485
f 493//493 514//514 501//501
f 514//514 493//493 485//485
f 461//461 421//421 469//469
f 413//413 450//450 446//446
f 485//485 421//421 514//514
f 642//642 649//649 619//619
f 671//671 662//662 642//642
f 685//685 703//703 671//671
f 785//785 820//820 784//784
f 705//705 727//727 714//714
f 808//808 777//777 807//807
f 818//818 785//785 780//780
f 514//514 509//509 501//501
f 783//783 772//772 770//770
f 783//783 770//770 720//720
f 761//761 720//720 770//770
f 702//702 704//704 684//684
f 704//704 713//713 726//726
f 656//656 663//663 684//684
f 663//663 670//670 684//684
f 720//720 726//726 783//783
f 699//699 684//684 704//704
f 788//788 772//772 783//783
f 699//699 704//704 720//720
f 514//514 523//523 509//509
f 531//531 523//523 514//514
f 531//531 514//514 535//535
f 551//551 589//589 559//559
f 559//559 589//589 567//567
f 514//514 551//551 543//543
f 567//567 589//589 575//575
f 575//575 589//589 601//601
f 619//619 612//612 601//601
f 619//619 634//634 623//623
f 619//619 623//623 612//612
f 589//589 619//619 601//601
f 551//551 514//514 589//589
f 312//312 273//273 329//329
f 671//671 675//675 662//662
f 671//671 693//693 683//683
f 671//671 703//703 693//693
f 671//671 683//683 675//675
f 721//721 784//784 727//727
f 784//784 769//769 727//727
f 784//784 787//787 782//782
f 785//785 819//819 820//820
f 784//784 782//782 769//769
f 817//817 779//779 816//816
f 814//814 778//778 813//813
f 816//816 779//779 815//815
f 812//812 778//778 811//811
f 811//811 778//778 810//810
f 809//809 777//777 808//808
f 806//806 776//776 805//805
f 807//807 777//777 806//806
f 813//813 778//778 812//812
f 785//785 818//818 819//819
f 804//804 776//776 803//803
f 803//803 776//776 802//802
f 801//801 775//775 800//800
f 800//800 775//775 799//799
f 802//802 775//775 801//801
f 797//797 774//774 796//796
f 795//795 774//774 794//794
f 793//793 773//773 792//792
f 794//794 773//773 793//793
f 796//796 774//774 795//795
f 799//799 775//775 798//798
f 791//791 773//773 790//790
f 772//772 789//789 790//790
f 772//772 788//788 789//789
f 783//783 786//786 788//788
f 783//783 768//768 781//781
f 783//783 726//726 768//768
f 704//704 702//702 713//713
f 692//692 702//702 670//670
f 670//670 702//702 684//684
f 783//783 781//781 786//786
f 792//792 773//773 791//791
f 805//805 776//776 804//804
f 692//692 670//670 682//682
f 641//641 670//670 635//635
f 661//661 670//670 641//641
f 641//641 635//635 609//609
f 670//670 661//661 674//674
f 641//641 648//648 661//661
f 674//674 682//682 670//670
f 648//648 641//641 633//633
f 618//618 609//609 588//588
f 534//534 542//542 513//513
f 566//566 588//588 558//558
f 622//622 633//633 618//618
f 600//600 618//618 588//588
f 618//618 633//633 641//641
f 618//618 611//611 622//622
f 618//618 600//600 611//611
f 588//588 574//574 600//600
f 588//588 550//550 558//558
f 513//513 542//542 550//550
f 588//588 566//566 574//574
f 513//513 538//538 526//526
f 513//513 530//530 534//534
f 513//513 508//508 522//522
f 513//513 484//484 492//492
f 513//513 500//500 508//508
f 513//513 522//522 530//530
f 513//513 550//550 588//588
f 468//468 476//476 420//420
f 400//400 430//430 444//444
f 382//382 412//412 430//430
f 300//300 380//380 395//395
f 286//286 328//328 380//380
f 255//255 286//286 300//300
f 322//322 395//395 412//412
f 272//272 268//268 313//313
f 257//257 310//310 311//311
f 123//123 259//259 258//258
f 259//259 343//343 342//342
f 131//131 261//261 260//260
f 261//261 351//351 350//350
f 260//260 346//346 259//259
f 127//127 260//260 259//259
f 258//258 339//339 338//338
f 119//119 258//258 257//257
f 272//272 313//313 328//328
f 229//229 272//272 286//286
f 430//430 449//449 452//452
f 412//412 441//441 445//445
f 380//380 410//410 416//416
f 328//328 391//391 393//393
f 395//395 428//428 431//431
f 139//139 263//263 262//262
f 263//263 359//359 358//358
f 264//264 363//363 362//362
f 143//143 264//264 263//263
f 262//262 355//355 354//354
f 313//313 374//374 384//384
f 338//338 310//310 257//257
f 265//265 367//367 366//366
f 310//310 336//336 369//369
f 147//147 265//265 264//264
f 371//371 313//313 311//311
f 460//460 420//420 444//444
f 135//135 262//262 261//261
f 420//420 476//476 484//484
f 513//513 492//492 500//500
f 420//420 484//484 513//513
f 420//420 464//464 456//456
f 444//444 452//452 460//460
f 420//420 460//460 468//468
f 412//412 431//431 441//441
f 395//395 416//416 428//428
f 380//380 402//402 410//410
f 430//430 445//445 449//449
f 328//328 384//384 391//391
f 313//313 371//371 374//374
f 311//311 369//369 371//371
f 310//310 337//337 336//336
f 310//310 338//338 337//337
f 258//258 340//340 339//339
f 258//258 342//342 341//341
f 258//258 341//341 340//340
f 380//380 393//393 402//402
f 259//259 344//344 343//343
f 259//259 345//345 344//344
f 260//260 347//347 346//346
f 260//260 348//348 347//347
f 260//260 350//350 349//349
f 261//261 353//353 352//352
f 261//261 354//354 353//353
f 261//261 352//352 351//351
f 260//260 349//349 348//348
f 262//262 357//357 356//356
f 262//262 358//358 357//357
f 263//263 360//360 359//359
f 263//263 361//361 360//360
f 264//264 364//364 363//363
f 264//264 366//366 365//365
f 265//265 368//368 367//367
f 264//264 365//365 364//364
f 263//263 362//362 361//361
f 262//262 356//356 355//355
f 98//98 66//66 64//64
f 101//101 68//68 66//66
f 105//105 74//74 68//68
f 109//109 76//76 74//74
f 116//116 81//81 76//76
f 161//161 84//84 81//81
f 214//214 103//103 84//84
f 236//236 114//114 103//103
f 250//250 169//169 114//114
f 275//275 228//228 169//169
f 295//295 246//246 228//228
f 319//319 277//277 246//246
f 379//379 297//297 277//277
f 399//399 325//325 297//297
f 419//419 387//387 325//325
f 437//437 406//406 387//387
f 516//516 512//512 406//406
f 591//591 585//585 512//512
f 617//617 608//608 585//585
f 640//640 632//632 608//608
f 669//669 660//660 632//632
f 691//691 687//687 660//660
f 725//725 717//717 687//687
f 831//831 827//827 717//717
f 844//844 842//842 827//827
f 858//858 856//856 842//842
f 869//869 867//867 856//856
f 881//881 879//879 867//867
f 893//893 891//891 879//879
f 904//904 902//902 891//891
f 915//915 913//913 902//902
f 926//926 924//924 913//913
f 937//937 935//935 924//924
f 992//992 983//983 935//935
f 991//991 982//982 983//983
f 990//990 981//981 982//982
f 989//989 980//980 981//981
f 988//988 979//979 980//980
f 987//987 978//978 979//979
f 986//986 977//977 978//978
f 985//985 976//976 977//977
f 984//984 975//975 976//976
f 936//936 934//934 984//984
f 925//925 923//923 936//936
f 914//914 912//912 925//925
f 903//903 901//901 914//914
f 892//892 890//890 903//903
f 880//880 878//878 892//892
f 868//868 866//866 880//880
f 857//857 855//855 868//868
f 843//843 841//841 857//857
f 830//830 826//826 843//843
f 724//724 716//716 830//830
f 690//690 686//686 724//724
f 668//668 659//659 690//690
f 639//639 631//631 668//668
f 616//616 607//607 639//639
f 590//590 584//584 616//616
f 515//515 511//511 590//590
f 436//436 405//405 515//515
f 418//418 386//386 436//436
f 398//398 324//324 418//418
f 378//378 296//296 398//398
f 318//318 276//276 378//378
f 294//294 245//245 318//318
f 274//274 227//227 294//294
f 249//249 168//168 274//274
f 235//235 113//113 249//249
f 213//213 102//102 235//235
f 160//160 83//83 213//213
f 115//115 80//80 160//160
f 108//108 75//75 115//115
f 104//104 73//73 108//108
f 100//100 67//67 104//104
f 97//97 65//65 100//100
f 88//88 56//56 97//97
f 89//89 57//57 56//56
f 90//90 58//58 57//57
f 91//91 59//59 58//58
f 92//92 60//60 59//59
f 93//93 61//61 60//60
f 94//94 62//62 61//61
f 95//95 63//63 62//62
f 96//96 64//64 63//63
f 42//42 35//35 33//33
f 47//47 39//39 37//37
f 37//37 35//35 42//42
f 51//51 49//49 44//44
f 70//70 72//72 54//54
f 70//70 79//79 72//72
f 54//54 49//49 70//70
f 44//44 39//39 47//47
f 107//107 112//112 86//86
f 216//216 232//232 165//165
f 165//165 112//112 216//216
f 293//293 283//283 252//252
f 334//334 307//307 317//317
f 373//373 425//425 334//334
f 307//307 283//283 293//293
f 252//252 232//232 216//216
f 86//86 79//79 107//107
f 512//512 474//474 406//406
f 482//482 474//474 512//512
f 406//406 466//466 458//458
f 512//512 498//498 490//490
f 512//512 520//520 506//506
f 512//512 528//528 520//520
f 506//506 498//498 512//512
f 482//482 512//512 490//490
f 528//528 512//512 540//540
f 556//556 585//585 564//564
f 548//548 585//585 556//556
f 582//582 580//580 572//572
f 625//625 596//596 603//603
f 628//628 653//653 625//625
f 596//596 580//580 582//582
f 572//572 564//564 585//585
f 585//585 548//548 512//512
f 458//458 425//425 406//406
f 710//710 708//708 681//681
f 854//854 840//840 822//822
f 822//822 708//708 710//710
f 863//863 853//853 854//854
f 889//889 887//887 875//875
f 899//899 887//887 900//900
f 875//875 863//863 865//865
f 853//853 840//840 854//854
f 911//911 920//920 909//909
f 933//933 974//974 931//931
f 931//931 920//920 933//933
f 983//983 972//972 973//973
f 982//982 970//970 971//971
f 982//982 969//969 970//970
f 971//971 972//972 982//982
f 973//973 974//974 983//983
f 909//909 899//899 900//900
f 981//981 967//967 968//968
f 981//981 965//965 966//966
f 966//966 967//967 981//981
f 980//980 963//963 964//964
f 980//980 961//961 962//962
f 980//980 960//960 961//961
f 962//962 963//963 980//980
f 964//964 965//965 981//981
f 979//979 958//958 959//959
f 979//979 956//956 957//957
f 978//978 955//955 956//956
f 957//957 958//958 979//979
f 978//978 953//953 954//954
f 977//977 951//951 952//952
f 977//977 950//950 951//951
f 952//952 953//953 978//978
f 954//954 955//955 978//978
f 959//959 960//960 979//979
f 968//968 969//969 982//982
f 681//681 653//653 655//655
f 37//37 46//46 47//47
f 46//46 42//42 66//66
f 49//49 51//51 70//70
f 51//51 47//47 74//74
f 74//74 47//47 68//68
f 81//81 70//70 51//51
f 107//107 70//70 103//103
f 66//66 42//42 64//64
f 79//79 70//70 107//107
f 406//406 425//425 373//373
f 387//387 317//317 325//325
f 373//373 317//317 387//387
f 293//293 317//317 307//307
f 107//107 228//228 216//216
f 603//603 582//582 608//608
f 512//512 548//548 540//540
f 628//628 603//603 632//632
f 653//653 628//628 655//655
f 293//293 216//216 277//277
f 216//216 293//293 252//252
f 107//107 216//216 112//112
f 660//660 655//655 628//628
f 655//655 710//710 681//681
f 51//51 76//76 81//81
f 70//70 84//84 103//103
f 70//70 81//81 84//84
f 107//107 114//114 169//169
f 216//216 228//228 246//246
f 216//216 246//246 277//277
f 107//107 169//169 228//228
f 293//293 297//297 325//325
f 572//572 585//585 582//582
f 544//544 552//552 516//516
f 478//478 437//437 470//470
f 474//474 466//466 406//406
f 687//687 655//655 660//660
f 865//865 877//877 875//875
f 865//865 854//854 867//867
f 900//900 911//911 909//909
f 900//900 889//889 902//902
f 875//875 877//877 889//889
f 865//865 867//867 879//879
f 655//655 687//687 710//710
f 920//920 911//911 922//922
f 891//891 889//889 877//877
f 900//900 902//902 913//913
f 924//924 922//922 911//911
f 933//933 922//922 935//935
f 710//710 827//827 854//854
f 979//979 960//960 980//980
f 976//976 947//947 948//948
f 948//948 949//949 977//977
f 945//945 946//946 976//976
f 947//947 976//976 946//946
f 976//976 944//944 945//945
f 944//944 975//975 943//943
f 975//975 942//942 943//943
f 983//983 974//974 933//933
f 717//717 710//710 687//687
f 854//854 822//822 710//710
f 710//710 717//717 827//827
f 854//854 842//842 856//856
f 854//854 827//827 842//842
f 983//983 982//982 972//972
f 982//982 981//981 968//968
f 979//979 978//978 956//956
f 950//950 977//977 949//949
f 948//948 977//977 976//976
f 978//978 977//977 952//952
f 981//981 980//980 964//964
f 944//944 976//976 975//975
f 919//919 930//930 932//932
f 910//910 898//898 908//908
f 908//908 919//919 921//921
f 888//888 874//874 886//886
f 864//864 852//852 862//862
f 864//864 839//839 852//852
f 862//862 874//874 864//864
f 886//886 898//898 888//888
f 707//707 821//821 709//709
f 654//654 652//652 680//680
f 680//680 707//707 709//709
f 581//581 595//595 624//624
f 581//581 569//569 577//577
f 584//584 561//561 569//569
f 577//577 595//595 581//581
f 624//624 652//652 654//654
f 821//821 839//839 824//824
f 561//561 584//584 553//553
f 537//537 511//511 525//525
f 545//545 511//511 537//537
f 511//511 503//503 517//517
f 511//511 487//487 495//495
f 405//405 471//471 511//511
f 495//495 503//503 511//511
f 517//517 525//525 511//511
f 463//463 471//471 405//405
f 405//405 422//422 455//455
f 463//463 405//405 455//455
f 316//316 306//306 330//330
f 292//292 251//251 282//282
f 240//240 231//231 251//251
f 282//282 306//306 292//292
f 330//330 422//422 405//405
f 511//511 479//479 487//487
f 584//584 511//511 545//545
f 215//215 111//111 164//164
f 78//78 85//85 82//82
f 85//85 111//111 150//150
f 69//69 53//53 71//71
f 43//43 48//48 50//50
f 50//50 38//38 43//43
f 48//48 53//53 55//55
f 71//71 78//78 82//82
f 34//34 36//36 41//41
f 40//40 2//2 1//1
f 1//1 34//34 41//41
f 57//57 4//4 3//3
f 57//57 6//6 5//5
f 57//57 7//7 6//6
f 5//5 4//4 57//57
f 3//3 2//2 56//56
f 36//36 38//38 45//45
f 58//58 9//9 8//8
f 58//58 11//11 10//10
f 10//10 9//9 58//58
f 59//59 13//13 12//12
f 59//59 15//15 14//14
f 60//60 16//16 15//15
f 14//14 13//13 59//59
f 12//12 11//11 59//59
f 60//60 18//18 17//17
f 61//61 20//20 19//19
f 61//61 21//21 20//20
f 19//19 18//18 60//60
f 61//61 23//23 22//22
f 62//62 25//25 24//24
f 62//62 26//26 25//25
f 24//24 23//23 62//62
f 22//22 21//21 61//61
f 17//17 16//16 60//60
f 8//8 7//7 58//58
f 164//164 231//231 215//215
f 921//921 932//932 934//934
f 874//874 888//888 876//876
f 901//901 888//888 910//910
f 910//910 921//921 923//923
f 898//898 910//910 888//888
f 934//934 932//932 975//975
f 910//910 912//912 901//901
f 932//932 930//930 942//942
f 888//888 890//890 876//876
f 866//866 864//864 878//878
f 292//292 240//240 251//251
f 654//654 680//680 709//709
f 839//839 864//864 824//824
f 709//709 824//824 826//826
f 824//824 864//864 855//855
f 631//631 581//581 654//654
f 654//654 581//581 624//624
f 316//316 386//386 324//324
f 471//471 479//479 511//511
f 709//709 686//686 654//654
f 581//581 584//584 569//569
f 864//864 874//874 876//876
f 292//292 296//296 240//240
f 888//888 901//901 890//890
f 306//306 316//316 292//292
f 864//864 866//866 855//855
f 824//824 841//841 826//826
f 709//709 716//716 686//686
f 654//654 686//686 659//659
f 581//581 631//631 607//607
f 565//565 557//557 590//590
f 581//581 607//607 584//584
f 386//386 316//316 405//405
f 292//292 324//324 296//296
f 240//240 296//296 276//276
f 491//491 515//515 499//499
f 654//654 659//659 631//631
f 276//276 245//245 240//240
f 106//106 85//85 150//150
f 82//82 69//69 71//71
f 82//82 106//106 113//113
f 69//69 82//82 102//102
f 215//215 245//245 227//227
f 55//55 69//69 80//80
f 50//50 55//55 75//75
f 38//38 50//50 45//45
f 45//45 50//50 73//73
f 168//168 106//106 150//150
f 41//41 45//45 65//65
f 60//60 15//15 59//59
f 63//63 29//29 28//28
f 28//28 27//27 63//63
f 29//29 63//63 30//30
f 41//41 65//65 56//56
f 63//63 31//31 30//30
f 64//64 32//32 31//31
f 33//33 32//32 64//64
f 56//56 2//2 40//40
f 1//1 41//41 40//40
f 150//150 111//111 215//215
f 82//82 113//113 102//102
f 50//50 75//75 73//73
f 45//45 73//73 67//67
f 69//69 102//102 83//83
f 57//57 58//58 7//7
f 58//58 59//59 11//11
f 56//56 57//57 3//3
f 61//61 62//62 23//23
f 62//62 63//63 27//27
f 31//31 63//63 64//64
f 60//60 61//61 19//19
f 155//155 98//98 96//96
f 167//167 105//105 101//101
f 101//101 98//98 155//155
f 208//208 116//116 109//109
f 214//214 161//161 267//267
f 289//289 236//236 214//214
f 161//161 116//116 208//208
f 109//109 105//105 208//208
f 309//309 275//275 250//250
f 390//390 319//319 295//295
f 295//295 275//275 309//309
f 427//427 399//399 379//379
f 419//419 440//440 437//437
f 502//502 516//516 494//494
f 437//437 478//478 486//486
f 399//399 427//427 440//440
f 379//379 319//319 390//390
f 250//250 236//236 289//289
f 210//210 167//167 155//155
f 208//208 167//167 226//226
f 204//204 206//206 155//155
f 208//208 244//244 161//161
f 155//155 206//206 210//210
f 208//208 226//226 239//239
f 167//167 210//210 219//219
f 244//244 208//208 239//239
f 309//309 377//377 390//390
f 309//309 390//390 295//295
f 427//427 379//379 390//390
f 289//289 321//321 309//309
f 267//267 285//285 289//289
f 448//448 440//440 427//427
f 390//390 415//415 427//427
f 560//560 568//568 591//591
f 594//594 591//591 576//576
f 267//267 289//289 214//214
f 155//155 167//167 101//101
f 516//516 536//536 544//544
f 645//645 640//640 617//617
f 673//673 691//691 669//669
f 640//640 645//645 673//673
f 831//831 725//725 833//833
f 858//858 844//844 859//859
f 869//869 858//858 871//871
f 831//831 833//833 847//847
f 725//725 691//691 764//764
f 895//895 893//893 881//881
f 895//895 915//915 904//904
f 904//904 893//893 895//895
f 937//937 926//926 939//939
f 991//991 992//992 1023//1023
f 990//990 991//991 1019//1019
f 937//937 939//939 992//992
f 926//926 915//915 927//927
f 881//881 869//869 871//871
f 621//621 645//645 594//594
f 833//833 764//764 835//835
f 691//691 673//673 764//764
f 764//764 673//673 698//698
f 847//847 833//833 850//850
f 871//871 859//859 873//873
f 871//871 883//883 895//895
f 881//881 871//871 895//895
f 859//859 847//847 861//861
f 673//673 645//645 647//647
f 915//915 895//895 927//927
f 988//988 989//989 1011//1011
f 986//986 999//999 985//985
f 984//984 985//985 995//995
f 1003//1003 986//986 987//987
f 987//987 988//988 1007//1007
f 939//939 927//927 941//941
f 938//938 936//936 984//984
f 938//938 925//925 936//936
f 989//989 990//990 1015//1015
f 927//927 895//895 918//918
f 594//594 645//645 617//617
f 594//594 617//617 591//591
f 299//299 289//289 285//285
f 289//289 299//299 321//321
f 390//390 377//377 397//397
f 309//309 321//321 377//377
f 427//427 415//415 434//434
f 440//440 448//448 454//454
f 437//437 454//454 462//462
f 427//427 434//434 448//448
f 390//390 397//397 415//415
f 486//486 494//494 516//516
f 516//516 437//437 486//486
f 516//516 502//502 510//510
f 516//516 524//524 532//532
f 516//516 532//532 536//536
f 516//516 510//510 524//524
f 437//437 462//462 470//470
f 591//591 516//516 552//552
f 594//594 576//576 602//602
f 645//645 621//621 647//647
f 673//673 647//647 677//677
f 594//594 602//602 621//621
f 591//591 568//568 576//576
f 764//764 698//698 767//767
f 833//833 835//835 850//850
f 895//895 883//883 897//897
f 895//895 897//897 907//907
f 871//871 873//873 883//883
f 673//673 677//677 698//698
f 591//591 552//552 560//560
f 927//927 918//918 929//929
f 939//939 941//941 1025//1025
f 992//992 1024//1024 1023//1023
f 991//991 1022//1022 1021//1021
f 991//991 1021//1021 1020//1020
f 992//992 1025//1025 1024//1024
f 990//990 1019//1019 1018//1018
f 990//990 1017//1017 1016//1016
f 990//990 1018//1018 1017//1017
f 989//989 1013//1013 1012//1012
f 989//989 1014//1014 1013//1013
f 990//990 1016//1016 1015//1015
f 988//988 1010//1010 1009//1009
f 988//988 1009//1009 1008//1008
f 987//987 1006//1006 1005//1005
f 987//987 1004//1004 1003//1003
f 986//986 1003//1003 1002//1002
f 987//987 1005//1005 1004//1004
f 987//987 1007//1007 1006//1006
f 986//986 1001//1001 1000//1000
f 985//985 999//999 998//998
f 985//985 998//998 997//997
f 986//986 1000//1000 999//999
f 984//984 994//994 993//993
f 938//938 993//993 940//940
f 984//984 995//995 994//994
f 985//985 997//997 996//996
f 986//986 1002//1002 1001//1001
f 988//988 1011//1011 1010//1010
f 940//940 928//928 938//938
f 916//916 914//914 925//925
f 892//892 903//903 905//905
f 903//903 914//914 916//916
f 870//870 868//868 880//880
f 846//846 843//843 857//857
f 830//830 843//843 846//846
f 857//857 868//868 870//870
f 880//880 892//892 894//894
f 690//690 724//724 763//763
f 668//668 672//672 639//639
f 672//672 668//668 696//696
f 593//593 590//590 616//616
f 515//515 491//491 483//483
f 436//436 451//451 439//439
f 515//515 541//541 533//533
f 590//590 557//557 549//549
f 616//616 639//639 644//644
f 724//724 830//830 832//832
f 905//905 916//916 917//917
f 938//938 916//916 925//925
f 894//894 870//870 880//880
f 894//894 905//905 906//906
f 928//928 917//917 916//916
f 894//894 896//896 882//882
f 870//870 894//894 882//882
f 872//872 870//870 882//882
f 870//870 860//860 846//846
f 832//832 846//846 849//849
f 846//846 857//857 870//870
f 696//696 763//763 766//766
f 593//593 644//644 620//620
f 646//646 644//644 672//672
f 475//475 467//467 436//436
f 644//644 593//593 616//616
f 763//763 832//832 834//834
f 672//672 696//696 676//676
f 573//573 590//590 593//593
f 426//426 439//439 433//433
f 916//916 938//938 928//928
f 418//418 439//439 398//398
f 398//398 426//426 378//378
f 294//294 318//318 389//389
f 378//378 407//407 318//318
f 274//274 308//308 249//249
f 248//248 213//213 235//235
f 160//160 213//213 248//248
f 235//235 249//249 288//288
f 308//308 274//274 335//335
f 108//108 115//115 222//222
f 104//104 166//166 100//100
f 104//104 108//108 207//207
f 151//151 88//88 154//154
f 90//90 89//89 178//178
f 91//91 90//90 182//182
f 89//89 88//88 174//174
f 97//97 100//100 158//158
f 115//115 160//160 237//237
f 414//414 407//407 426//426
f 235//235 288//288 248//248
f 308//308 335//335 376//376
f 308//308 320//320 288//288
f 335//335 389//389 396//396
f 237//237 248//248 266//266
f 222//222 237//237 243//243
f 284//284 248//248 288//288
f 389//389 407//407 414//414
f 93//93 92//92 190//190
f 95//95 94//94 198//198
f 96//96 95//95 202//202
f 94//94 93//93 194//194
f 166//166 207//207 225//225
f 92//92 91//91 186//186
f 154//154 158//158 209//209
f 154//154 172//172 151//151
f 207//207 222//222 238//238
f 88//88 151//151 173//173
f 166//166 209//209 158//158
f 860//860 870//870 872//872
f 846//846 860//860 849//849
f 696//696 697//697 676//676
f 644//644 646//646 620//620
f 593//593 620//620 599//599
f 672//672 676//676 646//646
f 590//590 573//573 565//565
f 549//549 541//541 515//515
f 515//515 529//529 521//521
f 515//515 521//521 507//507
f 515//515 533//533 529//529
f 515//515 590//590 549//549
f 593//593 599//599 573//573
f 483//483 475//475 436//436
f 436//436 515//515 483//483
f 436//436 467//467 459//459
f 439//439 451//451 447//447
f 439//439 447//447 433//433
f 436//436 459//459 451//451
f 389//389 414//414 396//396
f 308//308 376//376 320//320
f 288//288 298//298 284//284
f 248//248 284//284 266//266
f 288//288 320//320 298//298
f 426//426 433//433 414//414
f 515//515 507//507 499//499
f 166//166 218//218 209//209
f 151//151 172//172 173//173
f 89//89 174//174 175//175
f 89//89 175//175 176//176
f 154//154 205//205 172//172
f 90//90 179//179 180//180
f 90//90 178//178 179//179
f 90//90 181//181 182//182
f 91//91 183//183 184//184
f 91//91 184//184 185//185
f 90//90 180//180 181//181
f 89//89 176//176 177//177
f 92//92 186//186 187//187
f 92//92 188//188 189//189
f 92//92 187//187 188//188
f 93//93 190//190 191//191
f 93//93 192//192 193//193
f 93//93 191//191 192//192
f 94//94 195//195 196//196
f 95//95 198//198 199//199
f 94//94 196//196 197//197
f 95//95 200//200 201//201
f 96//96 203//203 204//204
f 95//95 201//201 202//202
f 95//95 199//199 200//200
f 94//94 194//194 195//195
f 366//366 203//203 202//202
f 364//364 201//201 200//200
f 363//363 200//200 199//199
f 365//365 202//202 201//201
f 361//361 198//198 197//197
f 359//359 196//196 195//195
f 358//358 195//195 194//194
f 360//360 197//197 196//196
f 362//362 199//199 198//198
f 356//356 193//193 192//192
f 354//354 191//191 190//190
f 353//353 190//190 189//189
f 355//355 192//192 191//191
f 351//351 188//188 187//187
f 350//350 187//187 186//186
f 348//348 185//185 184//184
f 347//347 184//184 183//183
f 349//349 186//186 185//185
f 352//352 189//189 188//188
f 357//357 194//194 193//193
f 345//345 182//182 181//181
f 343//343 180//180 179//179
f 342//342 179//179 178//178
f 344//344 181//181 180//180
f 340//340 177//177 176//176
f 338//338 175//175 174//174
f 337//337 174//174 173//173
f 339//339 176//176 175//175
f 341//341 178//178 177//177
f 336//336 173//173 172//172
f 346//346 183//183 182//182
f 460//460 451//451 459//459
f 476//476 467//467 475//475
f 484//484 475//475 483//483
f 468//468 459//459 467//467
f 414//414 433//433 443//443
f 492//492 483//483 491//491
f 247//247 303//303 209//209
f 408//408 414//414 435//435
f 500//500 491//491 499//499
f 508//508 499//499 507//507
f 534//534 529//529 533//533
f 542//542 533//533 541//541
f 522//522 507//507 521//521
f 530//530 521//521 529//529
f 558//558 549//549 557//557
f 574//574 565//565 573//573
f 600//600 573//573 599//599
f 566//566 557//557 565//565
f 600//600 599//599 620//620
f 851//851 882//882 828//828
f 550//550 541//541 549//549
f 367//367 204//204 203//203
f 789//789 993//993 994//994
f 790//790 994//994 995//995
f 792//792 996//996 997//997
f 794//794 998//998 999//999
f 795//795 999//999 1000//1000
f 793//793 997//997 998//998
f 791//791 995//995 996//996
f 797//797 1001//1001 1002//1002
f 799//799 1003//1003 1004//1004
f 800//800 1004//1004 1005//1005
f 798//798 1002//1002 1003//1003
f 802//802 1006//1006 1007//1007
f 803//803 1007//1007 1008//1008
f 805//805 1009//1009 1010//1010
f 807//807 1011//1011 1012//1012
f 804//804 1008//1008 1009//1009
f 801//801 1005//1005 1006//1006
f 796//796 1000//1000 1001//1001
f 809//809 1013//1013 1014//1014
f 811//811 1015//1015 1016//1016
f 812//812 1016//1016 1017//1017
f 810//810 1014//1014 1015//1015
f 814//814 1018//1018 1019//1019
f 816//816 1020//1020 1021//1021
f 817//817 1021//1021 1022//1022
f 815//815 1019//1019 1020//1020
f 813//813 1017//1017 1018//1018
f 819//819 1023//1023 1024//1024
f 782//782 929//929 918//918
f 820//820 1024//1024 1025//1025
f 769//769 918//918 907//907
f 818//818 1022//1022 1023//1023
f 808//808 1012//1012 1013//1013
f 675//675 850//850 835//835
f 634//634 698//698 677//677
f 662//662 835//835 767//767
f 575//575 602//602 576//576
f 567//567 576//576 568//568
f 551//551 560//560 552//552
f 559//559 568//568 560//560
f 649//649 767//767 698//698
f 683//683 861//861 850//850
f 543//543 552//552 544//544
f 535//535 544//544 536//536
f 531//531 536//536 532//532
f 509//509 524//524 510//510
f 501//501 510//510 502//502
f 523//523 532//532 524//524
f 493//493 502//502 494//494
f 806//806 1010//1010 1011//1011
f 485//485 494//494 486//486
f 469//469 478//478 470//470
f 461//461 470//470 462//462
f 477//477 486//486 478//478
f 453//453 462//462 454//454
f 411//411 299//299 285//285
f 403//403 285//285 267//267
f 417//417 321//321 299//299
f 392//392 244//244 239//239
f 385//385 239//239 226//226
f 372//372 219//219 210//210
f 370//370 210//210 206//206
f 375//375 226//226 219//219
f 394//394 267//267 244//244
f 602//602 615//615 621//621
f 845//845 940//940 848//848
f 31//31 148//148 147//147
f 29//29 146//146 145//145
f 28//28 145//145 144//144
f 30//30 147//147 146//146
f 26//26 143//143 142//142
f 24//24 141//141 140//140
f 23//23 140//140 139//139
f 25//25 142//142 141//141
f 27//27 144//144 143//143
f 21//21 138//138 137//137
f 19//19 136//136 135//135
f 18//18 135//135 134//134
f 20//20 137//137 136//136
f 16//16 133//133 132//132
f 15//15 132//132 131//131
f 13//13 130//130 129//129
f 12//12 129//129 128//128
f 14//14 131//131 130//130
f 17//17 134//134 133//133
f 22//22 139//139 138//138
f 10//10 127//127 126//126
f 8//8 125//125 124//124
f 7//7 124//124 123//123
f 9//9 126//126 125//125
f 5//5 122//122 121//121
f 3//3 120//120 119//119
f 2//2 119//119 118//118
f 4//4 121//121 120//120
f 6//6 123//123 122//122
f 1//1 118//118 117//117
f 11//11 128//128 127//127
f 455//455 423//423 456//456
f 463//463 456//456 464//464
f 159//159 111//111 85//85
f 110//110 241//241 253//253
f 471//471 464//464 472//472
f 479//479 472//472 480//480
f 487//487 480//480 488//488
f 503//503 496//496 504//504
f 517//517 504//504 518//518
f 495//495 488//488 496//496
f 525//525 518//518 526//526
f 545//545 538//538 546//546
f 561//561 554//554 562//562
f 569//569 562//562 570//570
f 553//553 546//546 554//554
f 577//577 570//570 578//578
f 874//874 688//688 694//694
f 886//886 694//694 700//700
f 537//537 526//526 538//538
f 423//423 331//331 332//332
f 32//32 149//149 148//148
f 944//944 729//729 730//730
f 946//946 731//731 732//732
f 948//948 733//733 734//734
f 949//949 734//734 735//735
f 947//947 732//732 733//733
f 945//945 730//730 731//731
f 951//951 736//736 737//737
f 953//953 738//738 739//739
f 954//954 739//739 740//740
f 952//952 737//737 738//738
f 956//956 741//741 742//742
f 957//957 742//742 743//743
f 959//959 744//744 745//745
f 961//961 746//746 747//747
f 958//958 743//743 744//744
f 955//955 740//740 741//741
f 950//950 735//735 736//736
f 963//963 748//748 749//749
f 965//965 750//750 751//751
f 966//966 751//751 752//752
f 964//964 749//749 750//750
f 968//968 753//753 754//754
f 970//970 755//755 756//756
f 971//971 756//756 757//757
f 969//969 754//754 755//755
f 967//967 752//752 753//753
f 973//973 758//758 759//759
f 838//838 974//974 760//760
f 974//974 759//759 760//760
f 863//863 689//689 679//679
f 972//972 757//757 758//758
f 962//962 747//747 748//748
f 840//840 666//666 651//651
f 708//708 638//638 627//627
f 681//681 627//627 614//614
f 822//822 651//651 638//638
f 572//572 579//579 571//571
f 556//556 563//563 555//555
f 540//540 547//547 539//539
f 548//548 555//555 547//547
f 528//528 539//539 527//527
f 564//564 571//571 563//563
f 520//520 527//527 519//519
f 506//506 519//519 505//505
f 490//490 497//497 489//489
f 482//482 489//489 481//481
f 498//498 505//505 497//497
f 474//474 481//481 473//473
f 853//853 679//679 666//666
f 466//466 473//473 465//465
f 425//425 457//457 424//424
f 334//334 424//424 333//333
f 458//458 465//465 457//457
f 283//283 315//315 305//305
f 232//232 291//291 281//281
f 165//165 281//281 271//271
f 252//252 305//305 291//291
f 307//307 333//333 315//315
f 86//86 254//254 242//242
f 72//72 234//234 224//224
f 54//54 224//224 212//212
f 79//79 242//242 234//234
f 44//44 171//171 163//163
f 35//35 99//99 87//87
f 87//87 149//149 33//33
f 49//49 212//212 171//171
f 112//112 271//271 254//254
f 579//579 592//592 587//587
f 960//960 745//745 746//746
f 658//658 667//667 626//626
f 836//836 722//722 884//884
f 722//722 728//728 885//885
f 885//885 729//729 943//943
f 760//760 762//762 723//723
f 636//636 610//610 605//605
f 664//664 636//636 630//630
f 279//279 323//323 301//301
f 771//771 721//721 715//715
f 381//381 329//329 287//287
f 605//605 610//610 589//589
f 453//453 450//450 401//401
f 642//642 619//619 610//610
f 671//671 642//642 636//636
f 714//714 703//703 685//685
f 762//762 765//765 780//780
f 779//779 818//818 780//780
f 777//777 810//810 778//778
f 814//814 815//815 779//779
f 785//785 784//784 771//771
f 761//761 770//770 772//772
f 257//257 268//268 220//220
f 217//217 220//220 152//152
f 663//663 656//656 629//629
f 604//604 635//635 629//629
f 400//400 420//420 388//388
f 382//382 400//400 327//327
f 322//322 382//382 302//302
f 583//583 588//588 609//609
f 300//300 322//322 278//278
f 268//268 229//229 220//220
f 774//774 798//798 775//775
f 394//394 392//392 329//329
f 649//649 634//634 619//619
f 662//662 649//649 642//642
f 820//820 787//787 784//784
f 704//704 726//726 720//720
f 772//772 790//790 773//773
f 670//670 663//663 635//635
f 641//641 609//609 618//618
f 400//400 444//444 420//420
f 382//382 430//430 400//400
f 300//300 395//395 322//322
f 286//286 380//380 300//300
f 322//322 412//412 382//382
f 268//268 311//311 313//313
f 257//257 311//311 268//268
f 259//259 342//342 258//258
f 261//261 350//350 260//260
f 346//346 345//345 259//259
f 258//258 338//338 257//257
f 272//272 328//328 286//286
f 430//430 452//452 444//444
f 412//412 445//445 430//430
f 380//380 416//416 395//395
f 328//328 393//393 380//380
f 395//395 431//431 412//412
f 263//263 358//358 262//262
f 264//264 362//362 263//263
f 262//262 354//354 261//261
f 313//313 384//384 328//328
f 265//265 366//366 264//264
f 310//310 369//369 311//311
f 98//98 64//64 96//96
f 101//101 66//66 98//98
f 105//105 68//68 101//101
f 109//109 74//74 105//105
f 116//116 76//76 109//109
f 161//161 81//81 116//116
f 214//214 84//84 161//161
f 236//236 103//103 214//214
f 250//250 114//114 236//236
f 275//275 169//169 250//250
f 295//295 228//228 275//275
f 319//319 246//246 295//295
f 379//379 277//277 319//319
f 399//399 297//297 379//379
f 419//419 325//325 399//399
f 437//437 387//387 419//419
f 516//516 406//406 437//437
f 591//591 512//512 516//516
f 617//617 585//585 591//591
f 640//640 608//608 617//617
f 669//669 632//632 640//640
f 691//691 660//660 669//669
f 725//725 687//687 691//691
f 831//831 717//717 725//725
f 844//844 827//827 831//831
f 858//858 842//842 844//844
f 869//869 856//856 858//858
f 881//881 867//867 869//869
f 893//893 879//879 881//881
f 904//904 891//891 893//893
f 915//915 902//902 904//904
f 926//926 913//913 915//915
f 937//937 924//924 926//926
f 992//992 935//935 937//937
f 991//991 983//983 992//992
f 990//990 982//982 991//991
f 989//989 981//981 990//990
f 988//988 980//980 989//989
f 987//987 979//979 988//988
f 986//986 978//978 987//987
f 985//985 977//977 986//986
f 984//984 976//976 985//985
f 934//934 975//975 984//984
f 923//923 934//934 936//936
f 912//912 923//923 925//925
f 901//901 912//912 914//914
f 890//890 901//901 903//903
f 878//878 890//890 892//892
f 866//866 878//878 880//880
f 855//855 866//866 868//868
f 841//841 855//855 857//857
f 826//826 841//841 843//843
f 716//716 826//826 830//830
f 686//686 716//716 724//724
f 659//659 686//686 690//690
f 631//631 659//659 668//668
f 607//607 631//631 639//639
f 584//584 607//607 616//616
f 511//511 584//584 590//590
f 405//405 511//511 515//515
f 386//386 405//405 436//436
f 324//324 386//386 418//418
f 296//296 324//324 398//398
f 276//276 296//296 378//378
f 245//245 276//276 318//318
f 227//227 245//245 294//294
f 168//168 227//227 274//274
f 113//113 168//168 249//249
f 102//102 113//113 235//235
f 83//83 102//102 213//213
f 80//80 83//83 160//160
f 75//75 80//80 115//115
f 73//73 75//75 108//108
f 67//67 73//73 104//104
f 65//65 67//67 100//100
f 56//56 65//65 97//97
f 89//89 56//56 88//88
f 90//90 57//57 89//89
f 91//91 58//58 90//90
f 92//92 59//59 91//91
f 93//93 60//60 92//92
f 94//94 61//61 93//93
f 95//95 62//62 94//94
f 96//96 63//63 95//95
f 37//37 42//42 46//46
f 44//44 47//47 51//51
f 334//334 317//317 373//373
f 625//625 603//603 628//628
f 596//596 582//582 603//603
f 863//863 854//854 865//865
f 887//887 889//889 900//900
f 920//920 922//922 933//933
f 46//46 66//66 68//68
f 51//51 74//74 76//76
f 47//47 46//46 68//68
f 107//107 103//103 114//114
f 42//42 33//33 64//64
f 317//317 293//293 325//325
f 373//373 387//387 406//406
f 582//582 585//585 608//608
f 603//603 608//608 632//632
f 293//293 277//277 297//297
f 660//660 628//628 632//632
f 854//854 856//856 867//867
f 889//889 891//891 902//902
f 865//865 879//879 877//877
f 891//891 877//877 879//879
f 900//900 913//913 911//911
f 924//924 911//911 913//913
f 922//922 924//924 935//935
f 983//983 933//933 935//935
f 919//919 932//932 921//921
f 908//908 921//921 910//910
f 821//821 824//824 709//709
f 584//584 545//545 553//553
f 85//85 106//106 82//82
f 48//48 55//55 50//50
f 53//53 69//69 55//55
f 36//36 45//45 41//41
f 231//231 240//240 215//215
f 921//921 934//934 923//923
f 910//910 923//923 912//912
f 932//932 942//942 975//975
f 890//890 878//878 876//876
f 864//864 876//876 878//878
f 709//709 826//826 716//716
f 824//824 855//855 841//841
f 316//316 324//324 292//292
f 316//316 330//330 405//405
f 245//245 215//215 240//240
f 106//106 168//168 113//113
f 215//215 227//227 150//150
f 69//69 83//83 80//80
f 55//55 80//80 75//75
f 168//168 150//150 227//227
f 45//45 67//67 65//65
f 41//41 56//56 40//40
f 62//62 27//27 26//26
f 155//155 96//96 204//204
f 161//161 244//244 267//267
f 105//105 167//167 208//208
f 309//309 250//250 289//289
f 440//440 454//454 437//437
f 399//399 440//440 419//419
f 167//167 219//219 226//226
f 640//640 673//673 669//669
f 725//725 764//764 833//833
f 844//844 847//847 859//859
f 858//858 859//859 871//871
f 831//831 847//847 844//844
f 926//926 927//927 939//939
f 991//991 1023//1023 1022//1022
f 991//991 1020//1020 1019//1019
f 939//939 1025//1025 992//992
f 764//764 767//767 835//835
f 859//859 861//861 873//873
f 847//847 850//850 861//861
f 989//989 1012//1012 1011//1011
f 985//985 996//996 995//995
f 988//988 1008//1008 1007//1007
f 927//927 929//929 941//941
f 938//938 984//984 993//993
f 989//989 1015//1015 1014//1014
f 895//895 907//907 918//918
f 892//892 905//905 894//894
f 903//903 916//916 905//905
f 830//830 846//846 832//832
f 690//690 763//763 696//696
f 672//672 644//644 639//639
f 668//668 690//690 696//696
f 436//436 439//439 418//418
f 724//724 832//832 763//763
f 905//905 917//917 906//906
f 894//894 906//906 896//896
f 832//832 849//849 834//834
f 696//696 766//766 697//697
f 763//763 834//834 766//766
f 439//439 426//426 398//398
f 426//426 407//407 378//378
f 294//294 389//389 335//335
f 407//407 389//389 318//318
f 308//308 288//288 249//249
f 160//160 248//248 237//237
f 274//274 294//294 335//335
f 108//108 222//222 207//207
f 166//166 158//158 100//100
f 104//104 207//207 166//166
f 88//88 97//97 154//154
f 89//89 177//177 178//178
f 91//91 182//182 183//183
f 88//88 173//173 174//174
f 97//97 158//158 154//154
f 115//115 237//237 222//222
f 335//335 396//396 376//376
f 237//237 266//266 243//243
f 222//222 243//243 238//238
f 92//92 189//189 190//190
f 94//94 197//197 198//198
f 96//96 202//202 203//203
f 93//93 193//193 194//194
f 166//166 225//225 218//218
f 91//91 185//185 186//186
f 154//154 209//209 205//205
f 207//207 238//238 225//225