# PHANTOM Module: COR20
# Units: meters
o COR20

v 1.300000 0.594626 2.260690
v 1.300000 0.594626 2.197430
v 1.300000 0.594626 2.134170
v 1.300000 0.594626 2.070910
v 1.300000 0.594626 2.007649
v 1.300000 0.594626 1.944389
v 1.300000 0.594626 1.881129
v 1.300000 0.594626 1.817869
v 1.300000 0.594626 1.754609
v 1.300000 0.594626 1.691348
v 1.300000 0.594626 1.628088
v 1.300000 0.594626 1.564828
v 1.300000 0.594626 1.501568
v 1.300000 0.594626 1.438308
v 1.300000 0.594626 1.375047
v 1.300000 0.594626 1.311787
v 1.300000 0.594626 1.248527
v 1.300000 0.594626 1.185267
v 1.300000 0.594626 1.122006
v 1.300000 0.594626 1.058746
v 1.300000 0.594626 0.995486
v 1.300000 0.594626 0.932226
v 1.300000 0.594626 0.868966
v 1.300000 0.594626 0.805705
v 1.300000 0.594626 0.742445
v 1.300000 0.594626 0.679185
v 1.300000 0.594626 0.615925
v 1.300000 0.594626 0.552665
v 1.300000 0.594626 0.489404
v 1.300000 0.594626 0.426144
v 1.300000 0.594626 0.362884
v 1.300000 0.594626 0.299624
v 1.300000 0.594626 0.236364
v 1.299123 0.594626 2.281929
v 1.299123 0.594626 0.215125
v 1.296383 0.594626 2.303699
v 1.296383 0.594626 0.193354
v 1.291636 0.594626 2.325727
v 1.291636 0.594626 0.171326
v 1.288570 0.507936 2.260690
v 1.287701 0.507980 2.281929
v 1.287701 0.507980 0.215125
v 1.284985 0.508118 2.303699
v 1.284985 0.508118 0.193354
v 1.284787 0.594626 2.347694
v 1.284787 0.594626 0.149359
v 1.280280 0.508354 2.325727
v 1.280280 0.508354 0.171326
v 1.275795 0.594626 2.369251
v 1.275795 0.594626 0.127803
v 1.273491 0.508696 0.149359
v 1.271558 0.594626 2.260690
v 1.264682 0.594626 2.390031
v 1.264682 0.594626 0.107023
v 1.264578 0.509144 2.369251
v 1.264578 0.509144 0.127803
v 1.260800 0.297313 2.260690
v 1.260800 0.297313 2.007649
v 1.260800 0.297313 1.754609
v 1.260800 0.297313 1.501568
v 1.260800 0.297313 1.248527
v 1.260800 0.297313 0.995486
v 1.260800 0.297313 0.742445
v 1.260800 0.297313 0.489404
v 1.260800 0.297313 0.236364
v 1.259950 0.297462 2.281929
v 1.257292 0.297932 2.303699
v 1.257292 0.297932 0.193354
v 1.253563 0.509698 2.390031
v 1.252689 0.298743 2.325727
v 1.252689 0.298743 0.171326
v 1.251543 0.594626 2.409670
v 1.251543 0.594626 0.087384
v 1.246046 0.299914 2.347694
v 1.246046 0.299914 0.149359
v 1.240539 0.510353 0.087384
v 1.237325 0.301453 2.369251
v 1.237325 0.301453 0.127803
v 1.236540 0.594626 2.427824
v 1.236540 0.594626 0.069229
v 1.233030 0.086689 2.260690
v 1.232199 0.086946 2.281929
v 1.232199 0.086946 0.215125
v 1.229599 0.087746 2.303699
v 1.229599 0.087746 0.193354
v 1.229462 0.594626 0.106940
v 1.226547 0.303352 2.390031
v 1.226547 0.303352 0.107023
v 1.225668 0.511101 2.427824
v 1.225097 0.089132 2.325727
v 1.221600 0.000000 2.260690
v 1.221600 0.000000 2.197430
v 1.221600 0.000000 2.134170
v 1.221600 0.000000 2.070910
v 1.221600 0.000000 2.007649
v 1.221600 0.000000 1.944389
v 1.221600 0.000000 1.881129
v 1.221600 0.000000 1.817869
v 1.221600 0.000000 1.754609
v 1.221600 0.000000 1.691348
v 1.221600 0.000000 1.628088
v 1.221600 0.000000 1.564828
v 1.221600 0.000000 1.501568
v 1.221600 0.000000 1.438308
v 1.221600 0.000000 1.375047
v 1.221600 0.000000 1.311787
v 1.221600 0.000000 1.248527
v 1.221600 0.000000 1.185267
v 1.221600 0.000000 1.122006
v 1.221600 0.000000 1.058746
v 1.221600 0.000000 0.995486
v 1.221600 0.000000 0.932226
v 1.221600 0.000000 0.868966
v 1.221600 0.000000 0.805705
v 1.221600 0.000000 0.742445
v 1.221600 0.000000 0.679185
v 1.221600 0.000000 0.615925
v 1.221600 0.000000 0.552665
v 1.221600 0.000000 0.489404
v 1.221600 0.000000 0.426144
v 1.221600 0.000000 0.362884
v 1.221600 0.000000 0.299624
v 1.221600 0.000000 0.236364
v 1.220777 0.000299 2.281929
v 1.220777 0.000299 0.215125
v 1.219898 0.594626 2.444192
v 1.219898 0.594626 0.052862
v 1.219555 0.594626 2.274097
v 1.218601 0.091133 2.347694
v 1.218601 0.091133 0.149359
v 1.218201 0.001237 2.303699
v 1.218201 0.001237 0.193354
v 1.214828 0.594626 2.301746
v 1.213804 0.305599 2.409670
v 1.213804 0.305599 0.087384
v 1.213741 0.002860 2.325727
v 1.213741 0.002860 0.171326
v 1.210505 0.594626 2.315613
v 1.210072 0.093760 2.369251
v 1.210072 0.093760 0.127803
v 1.209172 0.511931 2.444192
v 1.207305 0.005203 2.347694
v 1.207305 0.005203 0.149359
v 1.204828 0.594626 0.167833
v 1.201895 0.594626 2.458525
v 1.201895 0.594626 0.038528
v 1.199532 0.097008 2.390031
v 1.199532 0.097008 0.107023
v 1.199253 0.308166 2.427824
v 1.199253 0.308166 0.069229
v 1.198855 0.008279 2.369251
v 1.198855 0.008279 0.127803
v 1.197813 0.594626 2.342339
v 1.197813 0.594626 0.154715
v 1.194874 0.009727 2.260690
v 1.191667 0.594626 2.260690
v 1.191667 0.594626 2.197430
v 1.191667 0.594626 2.134170
v 1.191667 0.594626 2.070910
v 1.191667 0.594626 2.007649
v 1.191667 0.594626 1.944389
v 1.191667 0.594626 1.881129
v 1.191667 0.594626 1.817869
v 1.191667 0.594626 1.754609
v 1.191667 0.594626 1.691348
v 1.191667 0.594626 1.628088
v 1.191667 0.594626 1.564828
v 1.191667 0.594626 1.501568
v 1.191667 0.594626 1.438308
v 1.191667 0.594626 1.375047
v 1.191667 0.594626 1.311787
v 1.191667 0.594626 1.248527
v 1.191667 0.594626 1.185267
v 1.191667 0.594626 1.122006
v 1.191667 0.594626 1.058746
v 1.191667 0.594626 0.995486
v 1.191667 0.594626 0.932226
v 1.191667 0.594626 0.868966
v 1.191667 0.594626 0.805705
v 1.191667 0.594626 0.742445
v 1.191667 0.594626 0.679185
v 1.191667 0.594626 0.615925
v 1.191667 0.594626 0.552665
v 1.191667 0.594626 0.489404
v 1.191667 0.594626 0.426144
v 1.191667 0.594626 0.362884
v 1.191667 0.594626 0.299624
v 1.191667 0.594626 0.236364
v 1.191328 0.512829 2.458525
v 1.189858 0.594626 2.282195
v 1.189858 0.594626 0.214859
v 1.189519 0.594626 2.354736
v 1.188413 0.012079 2.390031
v 1.188413 0.012079 0.107023
v 1.188046 0.012213 0.179864
v 1.187485 0.594626 2.293209
v 1.187485 0.594626 0.203845
v 1.187069 0.100846 2.409670
v 1.187069 0.100846 0.087384
v 1.184060 0.594626 2.304192
v 1.184060 0.594626 0.192862
v 1.183113 0.311011 2.444192
v 1.183113 0.311011 0.052862
v 1.182847 0.594626 2.470648
v 1.182847 0.594626 0.026406
v 1.180048 0.594626 2.366197
v 1.179564 0.594626 2.314970
v 1.179564 0.594626 0.182083
v 1.176906 0.494096 0.214859
v 1.176066 0.016573 2.409670
v 1.176066 0.016573 0.087384
v 1.174008 0.594626 2.325360
v 1.174008 0.594626 0.171693
v 1.172839 0.105229 2.427824
v 1.172839 0.105229 0.069229
v 1.172447 0.513779 2.470648
v 1.171171 0.494454 0.192862
v 1.169542 0.594626 2.376529
v 1.167438 0.594626 2.335180
v 1.167438 0.594626 0.161874
v 1.165654 0.314090 2.458525
v 1.165654 0.314090 0.038528
v 1.163087 0.594626 2.480458
v 1.163087 0.594626 0.016595
v 1.161967 0.021705 2.427824
v 1.161967 0.021705 0.069229
v 1.161228 0.495074 2.325360
v 1.159936 0.594626 2.344257
v 1.159936 0.594626 0.152796
v 1.158178 0.594626 2.385577
v 1.158178 0.594626 0.111476
v 1.157054 0.110091 2.444192
v 1.155733 0.315839 2.260690
v 1.155733 0.315839 2.007649
v 1.155733 0.315839 1.754609
v 1.155733 0.315839 1.501568
v 1.155733 0.315839 1.248527
v 1.155733 0.315839 0.995486
v 1.155733 0.315839 0.742445
v 1.155733 0.315839 0.489404
v 1.155733 0.315839 0.236364
v 1.155317 0.024125 2.390113
v 1.155317 0.024125 0.106940
v 1.153979 0.316149 2.282195
v 1.153979 0.316149 0.214859
v 1.152861 0.514764 2.480458
v 1.151616 0.594626 2.352441
v 1.151616 0.594626 0.144613
v 1.148357 0.317140 2.304192
v 1.148357 0.317140 0.192862
v 1.147310 0.495943 2.344257
v 1.147180 0.317348 2.470648
v 1.147180 0.317348 0.026406
v 1.146329 0.027396 2.444192
v 1.146329 0.027396 0.052862
v 1.146153 0.594626 2.393230
v 1.146007 0.027514 2.274097
v 1.146007 0.027514 0.222957
v 1.142951 0.594626 2.487930
v 1.142951 0.594626 0.009124
v 1.142614 0.594626 2.359608
v 1.142614 0.594626 0.137446
v 1.141565 0.029130 2.301746
v 1.139979 0.115351 2.458525
v 1.139979 0.115351 0.038528
v 1.138607 0.318859 2.325360
v 1.138607 0.318859 0.171693
v 1.135125 0.594626 0.038953
v 1.133679 0.594626 2.399423
v 1.133679 0.594626 0.097631
v 1.133090 0.594626 2.365669
v 1.133090 0.594626 0.131385
v 1.132902 0.515768 0.009124
v 1.132772 0.137693 2.260690
v 1.132168 0.032551 2.329221
v 1.131053 0.138201 0.214859
v 1.130176 0.497013 2.359608
v 1.129412 0.033554 2.458525
v 1.129412 0.033554 0.038528
v 1.128016 0.320726 2.480458
v 1.128016 0.320726 0.016595
v 1.125576 0.034950 2.342339
v 1.125542 0.139826 2.304192
v 1.125542 0.139826 0.192862
v 1.124960 0.321265 2.344257
v 1.124960 0.321265 0.152796
v 1.123210 0.594626 2.370574
v 1.123210 0.594626 0.126480
v 1.122759 0.594626 2.493108
v 1.122759 0.594626 0.003946
v 1.121912 0.120916 2.470648
v 1.121912 0.120916 0.026406
v 1.120968 0.594626 2.404140
v 1.119800 0.037052 2.260690
v 1.119800 0.037052 2.197430
v 1.119800 0.037052 2.134170
v 1.119800 0.037052 2.070910
v 1.119800 0.037052 2.007649
v 1.119800 0.037052 1.944389
v 1.119800 0.037052 1.881129
v 1.119800 0.037052 1.817869
v 1.119800 0.037052 1.754609
v 1.119800 0.037052 1.691348
v 1.119800 0.037052 1.628088
v 1.119800 0.037052 1.564828
v 1.119800 0.037052 1.501568
v 1.119800 0.037052 1.438308
v 1.119800 0.037052 1.375047
v 1.119800 0.037052 1.311787
v 1.119800 0.037052 1.248527
v 1.119800 0.037052 1.185267
v 1.119800 0.037052 1.122006
v 1.119800 0.037052 1.058746
v 1.119800 0.037052 0.995486
v 1.119800 0.037052 0.932226
v 1.119800 0.037052 0.868966
v 1.119800 0.037052 0.805705
v 1.119800 0.037052 0.742445
v 1.119800 0.037052 0.679185
v 1.119800 0.037052 0.615925
v 1.119800 0.037052 0.552665
v 1.119800 0.037052 0.489404
v 1.119800 0.037052 0.426144
v 1.119800 0.037052 0.362884
v 1.119800 0.037052 0.299624
v 1.119800 0.037052 0.236364
v 1.118101 0.037671 2.282195
v 1.118101 0.037671 0.214859
v 1.115986 0.142643 2.325360
v 1.115986 0.142643 0.171693
v 1.115871 0.038483 2.293209
v 1.115871 0.038483 0.203845
v 1.113142 0.594626 2.374310
v 1.113142 0.594626 0.122744
v 1.112887 0.516774 2.493108
v 1.112887 0.516774 0.003946
v 1.112653 0.039654 2.304192
v 1.112653 0.039654 0.192862
v 1.111513 0.040069 2.470648
v 1.111513 0.040069 0.026406
v 1.110983 0.498211 2.370574
v 1.108487 0.324170 2.487930
v 1.108487 0.324170 0.009124
v 1.108428 0.041191 2.314970
v 1.108428 0.041191 0.182083
v 1.108160 0.324227 2.359608
v 1.108160 0.324227 0.137446
v 1.103206 0.043092 2.325360
v 1.103206 0.043092 0.171693
v 1.103170 0.126689 2.480458
v 1.103046 0.594626 2.376899
v 1.103046 0.594626 0.120155
v 1.102802 0.594626 2.496098
v 1.102802 0.594626 0.000956
v 1.099010 0.044619 2.376529
v 1.097033 0.045339 2.335180
v 1.097033 0.045339 0.161874
v 1.095623 0.594626 2.409296
v 1.093106 0.517770 2.496098
v 1.093106 0.517770 0.000956
v 1.093067 0.594626 2.378394
v 1.093067 0.594626 0.118660
v 1.092944 0.046827 2.480458
v 1.092944 0.046827 0.016595
v 1.091039 0.499455 2.376899
v 1.089984 0.047904 2.344257
v 1.089984 0.047904 0.152796
v 1.089341 0.327546 2.370574
v 1.089341 0.327546 0.126480
v 1.088903 0.327623 2.493108
v 1.088903 0.327623 0.003946
v 1.086144 0.151443 2.359608
v 1.086144 0.151443 0.137446
v 1.084071 0.132572 2.487930
v 1.083333 0.594626 2.497054
v 1.083333 0.594626 2.409899
v 1.083333 0.594626 2.378872
v 1.083333 0.594626 0.118182
v 1.083333 0.594626 0.000000
v 1.082165 0.050751 2.352441
v 1.082165 0.050751 0.144613
v 1.077032 0.052619 2.393230
v 1.077032 0.052619 0.103824
v 1.074022 0.053714 2.487930
v 1.074022 0.053714 0.009124
v 1.073808 0.518741 0.000000
v 1.073706 0.053829 2.359608
v 1.073706 0.053829 0.137446
v 1.069785 0.330994 2.376899
v 1.069785 0.330994 0.120155
v 1.069548 0.331036 2.496098
v 1.069548 0.331036 0.000956
v 1.067699 0.156881 2.370574
v 1.066669 0.056391 0.038953
v 1.065310 0.056885 2.399423
v 1.065310 0.056885 0.097631
v 1.064919 0.138472 2.493108
v 1.064756 0.057086 2.365669
v 1.064756 0.057086 0.131385
v 1.055472 0.060466 2.370574
v 1.055472 0.060466 0.126480
v 1.055048 0.060620 2.493108
v 1.055048 0.060620 0.003946
v 1.053365 0.061233 2.404140
v 1.050667 0.334365 2.497054
v 1.050667 0.334365 2.378872
v 1.050667 0.334365 0.118182
v 1.050667 0.334365 0.000000
v 1.050185 0.062390 0.034455
v 1.046011 0.063909 2.374310
v 1.046011 0.063909 0.122744
v 1.045990 0.144302 2.496098
v 1.045990 0.144302 0.000956
v 1.036524 0.067362 2.376899
v 1.036524 0.067362 0.120155
v 1.036295 0.067446 2.496098
v 1.036295 0.067446 0.000956
v 1.029167 0.594626 2.497054
v 1.029167 0.594626 2.378872
v 1.029167 0.594626 0.118182
v 1.029167 0.594626 0.000000
v 1.027147 0.070775 2.378394
v 1.027147 0.070775 0.118660
v 1.018000 0.074104 2.497054
v 1.018000 0.074104 2.378872
v 1.018000 0.074104 0.118182
v 1.018000 0.074104 0.000000
v 0.975000 0.594626 2.497054
v 0.975000 0.594626 2.378872
v 0.975000 0.594626 0.118182
v 0.975000 0.594626 0.000000
v 0.967100 0.092630 2.497054
v 0.967100 0.092630 2.378872
v 0.967100 0.092630 0.118182
v 0.967100 0.092630 0.000000
v 0.920833 0.594626 2.497054
v 0.920833 0.594626 2.378872
v 0.920833 0.594626 0.118182
v 0.920833 0.594626 0.000000
v 0.916200 0.111156 2.497054
v 0.916200 0.111156 2.378872
v 0.916200 0.111156 0.118182
v 0.916200 0.111156 0.000000
v 0.866667 0.594626 2.497054
v 0.866667 0.594626 2.378872
v 0.866667 0.594626 0.118182
v 0.866667 0.594626 0.000000
v 0.865300 0.129683 2.497054
v 0.865300 0.129683 2.378872
v 0.865300 0.129683 0.118182
v 0.865300 0.129683 0.000000
v 0.814400 0.148209 2.497054
v 0.814400 0.148209 2.378872
v 0.814400 0.148209 0.118182
v 0.814400 0.148209 0.000000
v 0.812500 0.594626 2.497054
v 0.812500 0.594626 2.378872
v 0.812500 0.594626 0.118182
v 0.812500 0.594626 0.000000
v 0.763500 0.166735 2.497054
v 0.763500 0.166735 2.378872
v 0.763500 0.166735 0.118182
v 0.763500 0.166735 0.000000
v 0.758333 0.594626 2.497054
v 0.758333 0.594626 2.378872
v 0.758333 0.594626 0.118182
v 0.758333 0.594626 0.000000
v 0.712600 0.185261 2.497054
v 0.712600 0.185261 2.378872
v 0.712600 0.185261 0.118182
v 0.712600 0.185261 0.000000
v 0.704167 0.594626 2.497054
v 0.704167 0.594626 2.378872
v 0.704167 0.594626 0.118182
v 0.704167 0.594626 0.000000
v 0.661700 0.203787 2.497054
v 0.661700 0.203787 2.378872
v 0.661700 0.203787 0.118182
v 0.661700 0.203787 0.000000
v 0.650000 0.594626 2.497054
v 0.650000 0.594626 2.378872
v 0.650000 0.594626 0.118182
v 0.650000 0.594626 0.000000
v 0.630400 0.408469 2.497054
v 0.630400 0.408469 2.378872
v 0.630400 0.408469 0.000000
v 0.610800 0.222313 2.497054
v 0.610800 0.222313 2.378872
v 0.610800 0.222313 0.118182
v 0.610800 0.222313 0.000000
v 0.595833 0.594626 2.497054
v 0.595833 0.594626 2.378872
v 0.595833 0.594626 0.118182
v 0.595833 0.594626 0.000000
v 0.559900 0.240839 2.497054
v 0.559900 0.240839 2.378872
v 0.559900 0.240839 0.118182
v 0.559900 0.240839 0.000000
v 0.541667 0.594626 2.497054
v 0.541667 0.594626 2.378872
v 0.541667 0.594626 0.118182
v 0.541667 0.594626 0.000000
v 0.509000 0.259365 2.497054
v 0.509000 0.259365 2.378872
v 0.509000 0.259365 0.118182
v 0.509000 0.259365 0.000000
v 0.487500 0.594626 2.497054
v 0.487500 0.594626 2.378872
v 0.487500 0.594626 0.118182
v 0.487500 0.594626 0.000000
v 0.458100 0.277891 2.497054
v 0.458100 0.277891 2.378872
v 0.458100 0.277891 0.118182
v 0.458100 0.277891 0.000000
v 0.433333 0.594626 2.497054
v 0.433333 0.594626 2.378872
v 0.433333 0.594626 0.118182
v 0.433333 0.594626 0.000000
v 0.407200 0.296417 2.497054
v 0.407200 0.296417 2.378872
v 0.407200 0.296417 0.118182
v 0.407200 0.296417 0.000000
v 0.379167 0.594626 2.497054
v 0.379167 0.594626 2.378872
v 0.379167 0.594626 0.118182
v 0.379167 0.594626 0.000000
v 0.356300 0.314943 2.497054
v 0.356300 0.314943 2.378872
v 0.356300 0.314943 0.118182
v 0.356300 0.314943 0.000000
v 0.325000 0.594626 2.497054
v 0.325000 0.594626 2.378872
v 0.325000 0.594626 0.118182
v 0.325000 0.594626 0.000000
v 0.305400 0.333469 2.497054
v 0.305400 0.333469 2.378872
v 0.305400 0.333469 0.118182
v 0.305400 0.333469 0.000000
v 0.270833 0.594626 2.497054
v 0.270833 0.594626 2.378872
v 0.270833 0.594626 0.118182
v 0.270833 0.594626 0.000000
v 0.254500 0.351995 2.497054
v 0.254500 0.351995 2.378872
v 0.254500 0.351995 0.118182
v 0.254500 0.351995 0.000000
v 0.216666 0.594626 2.497054
v 0.216666 0.594626 2.409899
v 0.216666 0.594626 2.378872
v 0.216666 0.594626 0.118182
v 0.216666 0.594626 0.000000
v 0.214761 0.561954 2.497054
v 0.214308 0.554175 2.378872
v 0.214308 0.554175 0.118182
v 0.210133 0.482574 2.497054
v 0.210133 0.482574 2.378872
v 0.210133 0.482574 0.118182
v 0.210133 0.482574 0.000000
v 0.206932 0.594626 2.378394
v 0.206932 0.594626 0.118660
v 0.205505 0.403193 2.497054
v 0.205505 0.403193 0.000000
v 0.203600 0.370522 2.497054
v 0.203600 0.370522 2.409899
v 0.203600 0.370522 2.378872
v 0.203600 0.370522 0.118182
v 0.203600 0.370522 0.031027
v 0.203600 0.370522 0.000000
v 0.197198 0.594626 2.496098
v 0.197198 0.594626 0.000956
v 0.196954 0.594626 2.376899
v 0.196954 0.594626 0.120155
v 0.194810 0.555392 2.376899
v 0.194810 0.555392 0.120155
v 0.194453 0.373851 2.378394
v 0.194453 0.373851 0.118660
v 0.192051 0.374725 0.087758
v 0.191779 0.594626 2.407408
v 0.191779 0.594626 0.089646
v 0.191252 0.485903 2.496098
v 0.191252 0.485903 0.000956
v 0.191015 0.485945 2.376899
v 0.191015 0.485945 0.120155
v 0.187220 0.416497 2.376899
v 0.187039 0.408881 2.496098
v 0.186858 0.594626 2.374310
v 0.186858 0.594626 0.122744
v 0.185306 0.377180 2.496098
v 0.185306 0.377180 0.000956
v 0.185076 0.377264 2.376899
v 0.185076 0.377264 0.120155
v 0.180213 0.379034 0.089646
v 0.177241 0.594626 2.493108
v 0.177241 0.594626 0.003946
v 0.176790 0.594626 2.370574
v 0.176790 0.594626 0.126480
v 0.175683 0.563920 2.493108
v 0.175589 0.380717 2.374310
v 0.175589 0.380717 0.122744
v 0.174865 0.556637 2.370574
v 0.174865 0.556637 0.126480
v 0.171897 0.489316 2.493108
v 0.171897 0.489316 0.003946
v 0.171459 0.489393 2.370574
v 0.171459 0.489393 0.126480
v 0.168111 0.414712 2.493108
v 0.168111 0.414712 0.003946
v 0.168052 0.422150 2.370574
v 0.166910 0.594626 2.365669
v 0.166910 0.594626 0.131385
v 0.166552 0.384006 2.493108
v 0.166552 0.384006 0.003946
v 0.166321 0.594626 0.097631
v 0.166128 0.384160 2.370574
v 0.166128 0.384160 0.126480
v 0.157386 0.594626 2.359608
v 0.157386 0.594626 0.137446
v 0.157049 0.594626 2.487930
v 0.157049 0.594626 0.009124
v 0.156844 0.387540 2.365669
v 0.156844 0.387540 0.131385
v 0.155672 0.557836 2.359608
v 0.155672 0.557836 0.137446
v 0.155668 0.564927 2.487930
v 0.155668 0.564927 0.009124
v 0.154932 0.388235 2.458101
v 0.153847 0.594626 2.393230
v 0.152640 0.492712 2.359608
v 0.152640 0.492712 0.137446
v 0.152313 0.492769 2.487930
v 0.152313 0.492769 0.009124
v 0.148958 0.420611 2.487930
v 0.148958 0.420611 0.009124
v 0.148384 0.594626 2.352441
v 0.148384 0.594626 0.144613
v 0.147894 0.390797 2.359608
v 0.147894 0.390797 0.137446
v 0.147578 0.390912 2.487930
v 0.147578 0.390912 0.009124
v 0.144568 0.392008 2.393230
v 0.140063 0.594626 2.344257
v 0.140063 0.594626 0.152796
v 0.139436 0.393876 2.352441
v 0.139436 0.393876 0.144613
v 0.138539 0.558905 0.152796
v 0.136913 0.594626 2.480458
v 0.136913 0.594626 0.016595
v 0.135840 0.495674 2.344257
v 0.135840 0.495674 0.152796
v 0.135709 0.565931 2.480458
v 0.133269 0.396120 0.111476
v 0.132784 0.496213 2.480458
v 0.132784 0.496213 0.016595
v 0.132562 0.594626 2.335180
v 0.132562 0.594626 0.161874
v 0.131616 0.396722 2.344257
v 0.131616 0.396722 0.152796
v 0.130458 0.594626 2.376529
v 0.129860 0.426494 2.480458
v 0.128656 0.397799 2.480458
v 0.128656 0.397799 0.016595
v 0.125992 0.594626 2.325360
v 0.125992 0.594626 0.171693
v 0.124621 0.559773 2.325360
v 0.124567 0.399287 2.335180
v 0.124567 0.399287 0.161874
v 0.122590 0.400007 0.120525
v 0.122193 0.498080 2.325360
v 0.122193 0.498080 0.171693
v 0.120436 0.594626 2.314970
v 0.120436 0.594626 0.182083
v 0.119952 0.594626 0.130857
v 0.119765 0.436387 0.171693
v 0.118394 0.401534 2.325360
v 0.118394 0.401534 0.171693
v 0.117153 0.594626 2.470648
v 0.117153 0.594626 0.026406
v 0.116123 0.566916 2.470648
v 0.116123 0.566916 0.026406
v 0.115939 0.594626 2.304192
v 0.115939 0.594626 0.192862
v 0.114677 0.560393 2.304192
v 0.114677 0.560393 0.192862
v 0.113620 0.499592 2.470648
v 0.113620 0.499592 0.026406
v 0.113173 0.403435 2.314970
v 0.113173 0.403435 0.182083
v 0.112718 0.403600 2.366197
v 0.112718 0.403600 0.130857
v 0.112515 0.594626 2.293209
v 0.112515 0.594626 0.203845
v 0.112443 0.499799 2.304192
v 0.112443 0.499799 0.192862
v 0.111118 0.432267 2.470648
v 0.111118 0.432267 0.026406
v 0.110142 0.594626 2.282195
v 0.110142 0.594626 0.214859
v 0.110088 0.404557 2.470648
v 0.110088 0.404557 0.026406
v 0.108948 0.404972 2.304192
v 0.108948 0.404972 0.192862
v 0.108943 0.560752 2.282195
v 0.108943 0.560752 0.214859
v 0.108333 0.594626 2.260690
v 0.108333 0.594626 2.197430
v 0.108333 0.594626 2.134170
v 0.108333 0.594626 2.070910
v 0.108333 0.594626 2.007649
v 0.108333 0.594626 1.944389
v 0.108333 0.594626 1.881129
v 0.108333 0.594626 1.817869
v 0.108333 0.594626 1.754609
v 0.108333 0.594626 1.691348
v 0.108333 0.594626 1.628088
v 0.108333 0.594626 1.564828
v 0.108333 0.594626 1.501568
v 0.108333 0.594626 1.438308
v 0.108333 0.594626 1.375047
v 0.108333 0.594626 1.311787
v 0.108333 0.594626 1.248527
v 0.108333 0.594626 1.185267
v 0.108333 0.594626 1.122006
v 0.108333 0.594626 1.058746
v 0.108333 0.594626 0.995486
v 0.108333 0.594626 0.932226
v 0.108333 0.594626 0.868966
v 0.108333 0.594626 0.805705
v 0.108333 0.594626 0.742445
v 0.108333 0.594626 0.679185
v 0.108333 0.594626 0.615925
v 0.108333 0.594626 0.552665
v 0.108333 0.594626 0.489404
v 0.108333 0.594626 0.426144
v 0.108333 0.594626 0.362884
v 0.108333 0.594626 0.299624
v 0.108333 0.594626 0.236364
v 0.107154 0.560863 0.236364
v 0.106821 0.500791 2.282195
v 0.106821 0.500791 0.214859
v 0.105730 0.406143 2.293209
v 0.105730 0.406143 0.203845
v 0.105067 0.501100 2.260690
v 0.105067 0.501100 2.007649
v 0.105067 0.501100 1.754609
v 0.105067 0.501100 1.501568
v 0.105067 0.501100 1.248527
v 0.105067 0.501100 0.995486
v 0.105067 0.501100 0.742445
v 0.105067 0.501100 0.489404
v 0.105067 0.501100 0.236364
v 0.103818 0.406839 2.354736
v 0.103499 0.406956 2.282195
v 0.103499 0.406956 0.214859
v 0.102187 0.594626 0.154715
v 0.101800 0.407574 2.260690
v 0.101800 0.407574 2.197430
v 0.101800 0.407574 2.134170
v 0.101800 0.407574 2.070910
v 0.101800 0.407574 2.007649
v 0.101800 0.407574 1.944389
v 0.101800 0.407574 1.881129
v 0.101800 0.407574 1.817869
v 0.101800 0.407574 1.754609
v 0.101800 0.407574 1.691348
v 0.101800 0.407574 1.628088
v 0.101800 0.407574 1.564828
v 0.101800 0.407574 1.501568
v 0.101800 0.407574 1.438308
v 0.101800 0.407574 1.375047
v 0.101800 0.407574 1.311787
v 0.101800 0.407574 1.248527
v 0.101800 0.407574 1.185267
v 0.101800 0.407574 1.122006
v 0.101800 0.407574 1.058746
v 0.101800 0.407574 0.995486
v 0.101800 0.407574 0.932226
v 0.101800 0.407574 0.868966
v 0.101800 0.407574 0.805705
v 0.101800 0.407574 0.742445
v 0.101800 0.407574 0.679185
v 0.101800 0.407574 0.615925
v 0.101800 0.407574 0.552665
v 0.101800 0.407574 0.489404
v 0.101800 0.407574 0.426144
v 0.101800 0.407574 0.362884
v 0.101800 0.407574 0.299624
v 0.101800 0.407574 0.236364
v 0.098104 0.594626 2.458525
v 0.098104 0.594626 0.038528
v 0.097242 0.567866 2.458525
v 0.097242 0.567866 0.038528
v 0.096024 0.409677 2.342339
v 0.096024 0.409677 0.154715
v 0.095172 0.594626 0.167833
v 0.095146 0.502850 2.458525
v 0.095146 0.502850 0.038528
v 0.093050 0.437832 2.458525
v 0.092188 0.411073 2.458525
v 0.092188 0.411073 0.038528
v 0.089495 0.594626 2.315613
v 0.089432 0.412075 0.167833
v 0.085171 0.594626 2.301746
v 0.082175 0.594626 2.287841
v 0.082175 0.594626 0.209213
v 0.080445 0.594626 2.274097
v 0.080445 0.594626 0.222957
v 0.080102 0.594626 2.444192
v 0.080102 0.594626 0.052862
v 0.080035 0.415496 0.195308
v 0.079398 0.568764 2.444192
v 0.077687 0.505928 2.444192
v 0.077687 0.505928 0.052862
v 0.077219 0.416520 2.287841
v 0.075975 0.443091 2.444192
v 0.075593 0.417112 2.274097
v 0.075271 0.417230 2.444192
v 0.075271 0.417230 0.052862
v 0.063460 0.594626 2.427824
v 0.063460 0.594626 0.069229
v 0.062902 0.569593 2.427824
v 0.062902 0.569593 0.069229
v 0.061547 0.508774 2.427824
v 0.061547 0.508774 0.069229
v 0.060191 0.447954 2.427824
v 0.060191 0.447954 0.069229
v 0.059633 0.422921 2.427824
v 0.059633 0.422921 0.069229
v 0.048457 0.594626 2.409670
v 0.048457 0.594626 0.087384
v 0.048031 0.570342 2.409670
v 0.048031 0.570342 0.087384
v 0.046996 0.511339 2.409670
v 0.046996 0.511339 0.087384
v 0.045960 0.452337 2.409670
v 0.045960 0.452337 0.087384
v 0.045534 0.428053 2.409670
v 0.045534 0.428053 0.087384
v 0.035317 0.594626 2.390031
v 0.035317 0.594626 0.107023
v 0.035007 0.570997 2.390031
v 0.035007 0.570997 0.107023
v 0.034253 0.513586 2.390031
v 0.034253 0.513586 0.107023
v 0.033498 0.456176 0.107023
v 0.033188 0.432547 2.390031
v 0.033188 0.432547 0.107023
v 0.026726 0.434898 2.260690
v 0.024205 0.594626 2.369251
v 0.024205 0.594626 0.127803
v 0.023992 0.571551 2.369251
v 0.023992 0.571551 0.127803
v 0.023475 0.515487 2.369251
v 0.023475 0.515487 0.127803
v 0.022958 0.459422 2.369251
v 0.022958 0.459422 0.127803
v 0.022745 0.436347 2.369251
v 0.022745 0.436347 0.127803
v 0.015213 0.594626 2.347694
v 0.015213 0.594626 0.149359
v 0.015079 0.572000 2.347694
v 0.015079 0.572000 0.149359
v 0.014754 0.517025 2.347694
v 0.014754 0.517025 0.149359
v 0.014429 0.462049 2.347694
v 0.014295 0.439424 2.347694
v 0.014295 0.439424 0.149359
v 0.008363 0.594626 2.325727
v 0.008363 0.594626 0.171326
v 0.008111 0.518196 2.325727
v 0.008111 0.518196 0.171326
v 0.007933 0.464050 0.171326
v 0.007859 0.441766 2.325727
v 0.007859 0.441766 0.171326
v 0.003617 0.594626 2.303699
v 0.003617 0.594626 0.193354
v 0.003585 0.572577 2.303699
v 0.003585 0.572577 0.193354
v 0.003508 0.519008 2.303699
v 0.003508 0.519008 0.193354
v 0.003431 0.465438 2.303699
v 0.003399 0.443389 2.303699
v 0.003399 0.443389 0.193354
v 0.000876 0.594626 2.281929
v 0.000876 0.594626 0.215125
v 0.000869 0.572714 2.281929
v 0.000869 0.572714 0.215125
v 0.000850 0.519476 2.281929
v 0.000850 0.519476 0.215125
v 0.000831 0.466238 2.281929
v 0.000823 0.444326 2.281929
v 0.000823 0.444326 0.215125
v 0.000000 0.594626 2.260690
v 0.000000 0.594626 2.197430
v 0.000000 0.594626 2.134170
v 0.000000 0.594626 2.070910
v 0.000000 0.594626 2.007649
v 0.000000 0.594626 1.944389
v 0.000000 0.594626 1.881129
v 0.000000 0.594626 1.817869
v 0.000000 0.594626 1.754609
v 0.000000 0.594626 1.691348
v 0.000000 0.594626 1.628088
v 0.000000 0.594626 1.564828
v 0.000000 0.594626 1.501568
v 0.000000 0.594626 1.438308
v 0.000000 0.594626 1.375047
v 0.000000 0.594626 1.311787
v 0.000000 0.594626 1.248527
v 0.000000 0.594626 1.185267
v 0.000000 0.594626 1.122006
v 0.000000 0.594626 1.058746
v 0.000000 0.594626 0.995486
v 0.000000 0.594626 0.932226
v 0.000000 0.594626 0.868966
v 0.000000 0.594626 0.805705
v 0.000000 0.594626 0.742445
v 0.000000 0.594626 0.679185
v 0.000000 0.594626 0.615925
v 0.000000 0.594626 0.552665
v 0.000000 0.594626 0.489404
v 0.000000 0.594626 0.426144
v 0.000000 0.594626 0.362884
v 0.000000 0.594626 0.299624
v 0.000000 0.594626 0.236364
v 0.000000 0.519626 2.260690
v 0.000000 0.519626 2.007649
v 0.000000 0.519626 1.754609
v 0.000000 0.519626 1.501568
v 0.000000 0.519626 1.248527
v 0.000000 0.519626 0.995486
v 0.000000 0.519626 0.742445
v 0.000000 0.519626 0.489404
v 0.000000 0.519626 0.236364
v 0.000000 0.444626 2.260690
v 0.000000 0.444626 2.197430
v 0.000000 0.444626 2.134170
v 0.000000 0.444626 2.070910
v 0.000000 0.444626 2.007649
v 0.000000 0.444626 1.944389
v 0.000000 0.444626 1.881129
v 0.000000 0.444626 1.817869
v 0.000000 0.444626 1.754609
v 0.000000 0.444626 1.691348
v 0.000000 0.444626 1.628088
v 0.000000 0.444626 1.564828
v 0.000000 0.444626 1.501568
v 0.000000 0.444626 1.438308
v 0.000000 0.444626 1.375047
v 0.000000 0.444626 1.311787
v 0.000000 0.444626 1.248527
v 0.000000 0.444626 1.185267
v 0.000000 0.444626 1.122006
v 0.000000 0.444626 1.058746
v 0.000000 0.444626 0.995486
v 0.000000 0.444626 0.932226
v 0.000000 0.444626 0.868966
v 0.000000 0.444626 0.805705
v 0.000000 0.444626 0.742445
v 0.000000 0.444626 0.679185
v 0.000000 0.444626 0.615925
v 0.000000 0.444626 0.552665
v 0.000000 0.444626 0.489404
v 0.000000 0.444626 0.426144
v 0.000000 0.444626 0.362884
v 0.000000 0.444626 0.299624
v 0.000000 0.444626 0.236364

vn 0.751655 0.659374 0.015503
vn 0.751903 0.659274 -0.000000
vn 0.751903 0.659274 0.000000
vn 0.586459 0.809979 0.000000
vn 0.586459 0.809979 0.000000
vn 0.586459 0.809979 0.000000
vn 0.751903 0.659274 0.000000
vn 0.586459 0.809979 0.000000
vn 0.586459 0.809979 0.000000
vn 0.586459 0.809979 0.000000
vn 0.751903 0.659274 0.000000
vn 0.586459 0.809979 0.000000
vn 0.586459 0.809979 0.000000
vn 0.586459 0.809979 0.000000
vn 0.751903 0.659274 0.000000
vn 0.586459 0.809979 0.000000
vn 0.586459 0.809979 0.000000
vn 0.586459 0.809979 0.000000
vn 0.751903 0.659274 0.000000
vn 0.586459 0.809979 0.000000
vn 0.586459 0.809979 0.000000
vn 0.586459 0.809979 0.000000
vn 0.751903 0.659274 0.000000
vn 0.586459 0.809979 0.000000
vn 0.586459 0.809979 0.000000
vn 0.586459 0.809979 0.000000
vn 0.751903 0.659274 0.000000
vn 0.586459 0.809979 0.000000
vn 0.586459 0.809979 0.000000
vn 0.586459 0.809979 0.000000
vn 0.848134 0.529782 -0.000000
vn 0.586459 0.809979 0.000000
vn 0.751531 0.659375 -0.020645
vn 0.749706 0.659727 0.051965
vn 0.747854 0.659850 -0.072886
vn 0.835181 0.531295 0.142120
vn 0.738287 0.660488 -0.136702
vn 0.565769 0.811020 0.148835
vn 0.565769 0.811020 -0.148836
vn 0.991123 -0.130671 0.024495
vn 0.988063 -0.130242 0.082265
vn 0.988075 -0.130244 -0.082123
vn 0.979049 -0.129007 0.157546
vn 0.979020 -0.129003 -0.157730
vn 0.825270 0.478457 0.300014
vn 0.828723 0.480672 -0.286656
vn 0.956468 -0.126803 0.262849
vn 0.961061 -0.126516 -0.245675
vn 0.669623 0.664967 0.330793
vn 0.680418 0.664255 -0.309509
vn 0.932996 -0.122638 -0.338348
vn 0.000000 1.000000 0.000000
vn 0.498662 0.813532 0.299169
vn 0.640382 0.665162 -0.384018
vn 0.910090 -0.120712 0.396441
vn 0.888597 -0.117701 -0.443330
vn 0.991290 -0.130694 0.016231
vn 0.991420 -0.130715 0.000000
vn 0.991420 -0.130715 0.000000
vn 0.991420 -0.130715 0.000000
vn 0.991420 -0.130715 0.000000
vn 0.991420 -0.130715 0.000000
vn 0.991420 -0.130715 0.000000
vn 0.991420 -0.130715 -0.000000
vn 0.991306 -0.130698 -0.015216
vn 0.986890 -0.130073 0.095543
vn 0.975356 -0.128468 0.179377
vn 0.977763 -0.128816 -0.165487
vn 0.846322 -0.111830 0.520800
vn 0.957657 -0.126024 0.258864
vn 0.957818 -0.126842 -0.257867
vn 0.597005 0.667899 0.444406
vn 0.595521 0.669796 -0.443540
vn 0.931048 -0.121493 0.344078
vn 0.928317 -0.121959 -0.351216
vn 0.784561 -0.105204 -0.611062
vn 0.891627 -0.116912 0.437416
vn 0.894544 -0.117329 -0.431307
vn 0.425749 0.816255 0.390468
vn 0.548693 0.667669 -0.503145
vn 0.991130 -0.130673 0.024196
vn 0.988137 -0.130253 0.081365
vn 0.988125 -0.130251 -0.081505
vn 0.977932 -0.128838 0.164466
vn 0.974820 -0.127437 -0.182989
vn 0.000000 1.000000 0.000000
vn 0.849177 -0.111120 0.516285
vn 0.849860 -0.110280 -0.515341
vn 0.748630 -0.098670 0.655604
vn 0.960126 -0.126375 0.249373
vn 0.518410 -0.854981 0.016073
vn 0.518692 -0.854961 -0.000000
vn 0.518692 -0.854961 0.000000
vn 0.296614 -0.954997 0.000000
vn 0.296614 -0.954997 0.000000
vn 0.296614 -0.954997 0.000000
vn 0.518692 -0.854961 0.000000
vn 0.296614 -0.954997 0.000000
vn 0.296614 -0.954997 0.000000
vn 0.296614 -0.954997 0.000000
vn 0.518692 -0.854961 0.000000
vn 0.296614 -0.954997 0.000000
vn 0.296614 -0.954997 0.000000
vn 0.296614 -0.954997 0.000000
vn 0.518692 -0.854961 0.000000
vn 0.296614 -0.954997 0.000000
vn 0.296614 -0.954997 0.000000
vn 0.296614 -0.954997 0.000000
vn 0.518692 -0.854961 0.000000
vn 0.296614 -0.954997 0.000000
vn 0.296614 -0.954997 0.000000
vn 0.296614 -0.954997 0.000000
vn 0.518692 -0.854961 0.000000
vn 0.296614 -0.954997 0.000000
vn 0.296614 -0.954997 0.000000
vn 0.296614 -0.954997 0.000000
vn 0.518692 -0.854961 0.000000
vn 0.296614 -0.954997 0.000000
vn 0.296614 -0.954997 0.000000
vn 0.296614 -0.954997 0.000000
vn 0.660465 -0.750857 -0.000000
vn 0.296614 -0.954997 0.000000
vn 0.360516 -0.932577 -0.018103
vn 0.516328 -0.854690 0.053937
vn 0.705166 -0.703536 -0.088199
vn 0.551669 0.555334 0.622307
vn 0.509918 0.672250 -0.536715
vn 0.000000 1.000000 0.000000
vn 0.937006 -0.123207 0.326864
vn 0.943710 -0.122974 -0.307064
vn 0.508524 -0.852686 0.119704
vn 0.287335 -0.952437 -0.101498
vn 0.000000 1.000000 0.000000
vn 0.795015 -0.102786 0.597818
vn 0.794228 -0.103641 -0.598715
vn 0.681629 -0.698636 0.217461
vn 0.680081 -0.695760 -0.231101
vn 0.000000 1.000000 0.000000
vn 0.905631 -0.118908 0.407054
vn 0.905631 -0.118908 -0.407054
vn 0.669468 -0.086894 0.737741
vn 0.604197 -0.738743 0.298671
vn 0.646784 -0.691296 -0.322150
vn 0.000000 1.000000 0.000000
vn 0.414696 0.681333 0.603169
vn 0.512778 0.509686 -0.690854
vn 0.863025 -0.113078 0.492343
vn 0.858551 -0.112437 -0.500248
vn 0.724731 -0.094224 0.682559
vn 0.736638 -0.093095 -0.669849
vn 0.433695 -0.833351 0.342688
vn 0.290255 -0.912164 -0.289325
vn 0.000000 1.000000 0.000000
vn 0.000000 1.000000 0.000000
vn -0.342019 -0.939693 -0.000008
vn -0.519578 0.854145 -0.021812
vn -0.422468 0.906378 0.000000
vn -0.660366 0.750944 0.000000
vn -0.520307 0.853979 0.000000
vn -0.520307 0.853979 0.000000
vn -0.520307 0.853979 0.000000
vn -0.660366 0.750944 0.000000
vn -0.520307 0.853979 0.000000
vn -0.520307 0.853979 0.000000
vn -0.520307 0.853979 0.000000
vn -0.660366 0.750944 0.000000
vn -0.520307 0.853979 0.000000
vn -0.520307 0.853979 0.000000
vn -0.520307 0.853979 0.000000
vn -0.660366 0.750944 0.000000
vn -0.520307 0.853979 0.000000
vn -0.520307 0.853979 0.000000
vn -0.520307 0.853979 0.000000
vn -0.660366 0.750944 0.000000
vn -0.520307 0.853979 0.000000
vn -0.520307 0.853979 0.000000
vn -0.520307 0.853979 0.000000
vn -0.660366 0.750944 0.000000
vn -0.520307 0.853979 0.000000
vn -0.520307 0.853979 0.000000
vn -0.520307 0.853979 0.000000
vn -0.660366 0.750944 0.000000
vn -0.520307 0.853979 0.000000
vn -0.520307 0.853979 0.000000
vn -0.520307 0.853979 0.000000
vn -0.660366 0.750944 0.000000
vn -0.520307 0.853979 0.000000
vn -0.659164 0.751096 0.036862
vn 0.594301 -0.076882 0.800560
vn -0.654890 0.751125 -0.083248
vn -0.514310 0.854166 0.076719
vn 0.000000 1.000000 0.000000
vn 0.395327 -0.823484 0.406928
vn 0.402296 -0.825351 -0.396173
vn -0.342024 -0.939691 0.000001
vn -0.807275 0.536886 -0.245071
vn -0.543704 0.827005 0.142996
vn 0.810884 -0.105976 0.575531
vn 0.806902 -0.105417 -0.581203
vn -0.484977 0.856557 -0.176375
vn -0.623046 0.748662 0.226537
vn 0.650445 -0.084255 0.754866
vn 0.668535 -0.085927 -0.738699
vn 0.280080 0.821723 0.496313
vn 0.396991 0.564915 -0.723373
vn 0.000000 1.000000 0.000000
vn -0.471471 0.853010 -0.223804
vn -0.471448 0.853036 0.223754
vn -0.978787 0.126947 0.160815
vn 0.511709 -0.663117 0.546288
vn 0.608210 -0.554798 -0.567697
vn -0.571875 0.745148 -0.343093
vn -0.564655 0.752625 0.338705
vn 0.742880 -0.096739 0.662398
vn 0.729365 -0.093871 -0.677654
vn 0.497983 -0.064105 0.864814
vn -0.919703 0.123386 0.372722
vn 0.000000 1.000000 0.000000
vn -0.536671 0.743309 -0.399345
vn -0.622876 0.656830 0.424971
vn 0.567835 -0.073257 0.819876
vn 0.567692 -0.073239 -0.819977
vn 0.299620 0.688625 0.660321
vn 0.226245 0.821491 -0.523418
vn 0.135314 -0.906087 0.400870
vn 0.306033 -0.800725 -0.514959
vn -0.876945 0.118319 -0.465799
vn -0.390085 0.848437 -0.357755
vn -0.390083 0.848437 0.357758
vn 0.000000 1.000000 0.000000
vn 0.000000 1.000000 0.000000
vn 0.672750 -0.087320 0.734699
vn -0.991319 0.127766 -0.031031
vn -0.991796 0.127834 0.000000
vn -0.991796 0.127834 0.000000
vn -0.991796 0.127834 0.000000
vn -0.991796 0.127834 0.000000
vn -0.991796 0.127834 0.000000
vn -0.991796 0.127834 0.000000
vn -0.991796 0.127834 0.000000
vn -0.991256 0.127754 0.033010
vn -0.342014 -0.939695 -0.000008
vn -0.342022 -0.939692 -0.000003
vn -0.976310 0.127830 -0.174582
vn -0.972683 0.125265 0.195440
vn 0.377045 -0.049439 0.924874
vn -0.448108 0.737319 -0.505529
vn -0.529859 0.602677 0.596683
vn -0.924598 0.118465 -0.362056
vn -0.927078 0.119232 0.355401
vn -0.743859 0.096962 -0.661266
vn 0.478116 -0.061414 0.876147
vn 0.475180 -0.058658 -0.877931
vn 0.470826 -0.530012 0.705272
vn 0.136712 -0.866433 -0.480212
vn 0.000000 1.000000 0.000000
vn -0.342026 -0.939690 -0.000003
vn -0.342026 -0.939691 -0.000004
vn 0.253357 0.530089 0.809207
vn 0.214918 0.694052 -0.687097
vn -0.310523 0.845011 -0.435352
vn -0.394893 0.733174 0.553638
vn -0.342029 -0.939689 0.000002
vn 0.598209 -0.077388 0.797595
vn 0.612381 -0.077804 -0.786725
vn -0.843145 0.108168 -0.526694
vn -0.859504 0.109836 0.499188
vn 0.000000 1.000000 0.000000
vn 0.000000 1.000000 0.000000
vn 0.000000 1.000000 0.000000
vn -0.336299 0.729838 -0.595180
vn -0.336974 0.729425 0.595305
vn 0.342954 -0.045853 -0.938233
vn -0.989384 0.126353 -0.071796
vn -0.342017 -0.939694 0.000008
vn -0.979283 0.125331 0.159047
vn -0.592240 0.077271 -0.802048
vn 0.172478 -0.766841 0.618229
vn 0.302902 -0.620132 -0.723662
vn 0.389700 -0.049856 0.919592
vn 0.399049 -0.051101 -0.915505
vn -0.342014 -0.939695 -0.000003
vn -0.949694 0.119249 -0.289588
vn -0.932375 0.117969 0.341702
vn -0.724094 0.094859 -0.683147
vn -0.735179 0.096636 0.670950
vn -0.214698 0.840985 -0.496638
vn -0.273256 0.725119 0.632087
vn 0.111287 0.828114 0.549402
vn 0.181414 0.539258 -0.822369
vn 0.510695 -0.065792 0.857241
vn 0.465150 -0.057976 -0.883331
vn 0.000000 1.000000 0.000000
vn -0.760722 -0.648748 -0.020696
vn -0.691317 -0.722551 -0.000000
vn -0.907740 -0.419533 0.000000
vn -0.761289 -0.648413 0.000000
vn -0.761289 -0.648413 0.000000
vn -0.761289 -0.648413 0.000000
vn -0.854207 -0.519933 0.000000
vn -0.761289 -0.648413 0.000000
vn -0.761289 -0.648413 0.000000
vn -0.761289 -0.648413 0.000000
vn -0.854207 -0.519933 0.000000
vn -0.761289 -0.648413 0.000000
vn -0.761289 -0.648413 0.000000
vn -0.761289 -0.648413 0.000000
vn -0.854207 -0.519933 0.000000
vn -0.761289 -0.648413 0.000000
vn -0.761289 -0.648413 0.000000
vn -0.761289 -0.648413 0.000000
vn -0.854207 -0.519933 0.000000
vn -0.761289 -0.648413 0.000000
vn -0.761289 -0.648413 0.000000
vn -0.761289 -0.648413 0.000000
vn -0.854207 -0.519933 0.000000
vn -0.761289 -0.648413 0.000000
vn -0.761289 -0.648413 0.000000
vn -0.761289 -0.648413 0.000000
vn -0.854207 -0.519933 0.000000
vn -0.761289 -0.648413 0.000000
vn -0.761289 -0.648413 0.000000
vn -0.761289 -0.648413 0.000000
vn -0.854207 -0.519933 0.000000
vn -0.761289 -0.648413 0.000000
vn -0.853214 -0.520386 0.034988
vn -0.844950 -0.525981 -0.096967
vn -0.756243 -0.650225 0.072829
vn -0.835095 0.104087 -0.540169
vn -0.828933 0.103582 0.549674
vn -0.835137 -0.526523 -0.159125
vn -0.903833 -0.383761 0.189243
vn -0.207057 0.721318 -0.660930
vn -0.207528 0.720915 0.661221
vn 0.220882 -0.029224 0.974863
vn 0.199114 -0.025257 -0.979651
vn -0.735702 -0.655662 -0.169852
vn -0.821658 -0.527822 0.215131
vn 0.103466 -0.749547 0.653815
vn -0.010052 -0.862470 -0.506009
vn -0.411649 0.053949 -0.909744
vn 0.292388 -0.036283 0.955611
vn 0.293545 -0.040669 -0.955080
vn -0.862035 -0.392010 -0.321285
vn -0.656894 -0.733659 0.173881
vn -0.553542 0.070431 -0.829838
vn -0.581135 0.074791 0.810363
vn -0.700349 -0.665426 -0.258301
vn -0.841910 -0.397238 0.365225
vn 0.407875 -0.052271 0.911540
vn -0.108740 0.836658 -0.536823
vn -0.138521 0.716357 0.683846
vn 0.082126 0.702338 0.707091
vn 0.069655 0.797178 -0.599713
vn -0.342035 -0.939687 0.000003
vn -0.675146 -0.673497 -0.300965
vn -0.744454 -0.547991 0.381436
vn 0.000000 1.000000 0.000000
vn 0.099143 -0.012518 0.994994
vn 0.099091 -0.012512 -0.995000
vn -0.069144 0.713776 -0.696953
vn -0.069649 0.712022 0.698694
vn -0.064744 -0.846250 0.528838
vn -0.062627 -0.844476 -0.531919
vn -0.194322 0.026592 -0.980577
vn -0.705780 -0.560645 -0.433072
vn -0.747609 -0.422190 0.512676
vn -0.380307 0.048188 -0.923604
vn -0.408005 0.052784 0.911453
vn 0.183226 -0.023201 0.982797
vn 0.189434 -0.026158 -0.981545
vn -0.631563 0.076958 -0.771496
vn -0.586831 0.068165 0.806835
vn 0.301997 -0.038493 0.952531
vn 0.027305 0.552428 0.833114
vn 0.000000 1.000000 0.000000
vn -0.034948 0.710850 -0.702475
vn -0.010955 0.894757 0.446418
vn 0.027300 0.552428 -0.833113
vn -0.664741 -0.566910 -0.486552
vn -0.570345 -0.759931 0.311787
vn -0.342015 -0.939694 0.000003
vn -0.342011 -0.939696 -0.000002
vn 0.078324 -0.574743 0.814577
vn 0.041861 -0.609728 -0.791504
vn 0.029574 -0.003718 -0.999556
vn -0.575581 -0.700035 -0.422679
vn -0.616807 -0.575903 0.536549
vn -0.188042 0.023866 -0.981871
vn -0.184542 0.023079 0.982554
vn 0.099562 -0.012560 0.994952
vn 0.089492 -0.011284 -0.995924
vn -0.367214 0.041343 -0.929217
vn -0.342017 -0.939694 -0.000000
vn -0.342009 -0.939697 -0.000004
vn -0.342003 -0.939699 0.000008
vn 0.201063 -0.025505 0.979246
vn -0.574227 -0.448013 -0.685235
vn -0.562416 -0.590869 0.578413
vn -0.487702 -0.724624 -0.486896
vn -0.486666 -0.729371 0.480806
vn -0.008382 -0.557428 0.830183
vn -0.099283 -0.694608 -0.712504
vn -0.342026 -0.939691 0.000011
vn 0.014143 -0.001780 0.999898
vn -0.023157 0.002911 -0.999728
vn -0.031231 0.004160 0.999504
vn 0.011444 -0.001439 -0.999933
vn -0.342023 -0.939691 -0.000001
vn -0.439019 -0.739372 -0.510481
vn -0.463870 -0.516067 0.720069
vn 0.099983 -0.012624 0.994909
vn 0.145625 -0.016431 -0.989203
vn -0.377366 -0.640757 -0.668600
vn -0.388528 -0.752598 0.531641
vn -0.206134 -0.770667 0.602977
vn -0.172992 -0.681540 -0.711039
vn 0.000000 0.894427 0.447214
vn 0.000000 0.832050 -0.554700
vn 0.000000 0.832050 0.554700
vn 0.000000 0.707107 -0.707107
vn -0.347808 -0.644602 -0.680821
vn -0.309685 -0.649356 0.694574
vn -0.219189 -0.670011 0.709254
vn -0.275989 -0.657049 -0.701511
vn -0.302232 -0.744473 0.595327
vn -0.219193 -0.670011 -0.709253
vn 0.000000 0.832050 0.554700
vn 0.000000 0.832050 -0.554700
vn 0.000000 0.600000 0.800000
vn 0.000000 0.832050 -0.554700
vn -0.284578 -0.781872 0.554700
vn -0.284578 -0.781872 -0.554700
vn -0.284578 -0.781872 0.554700
vn -0.284578 -0.781872 -0.554700
vn 0.000000 0.832050 0.554700
vn 0.000000 0.832050 -0.554700
vn 0.000000 0.707107 0.707107
vn 0.000000 0.832050 -0.554700
vn -0.284578 -0.781872 0.554700
vn -0.284578 -0.781872 -0.554700
vn -0.241845 -0.664463 0.707107
vn -0.284578 -0.781872 -0.554700
vn 0.000000 0.707107 0.707107
vn 0.000000 0.707107 -0.707107
vn 0.000000 0.707107 0.707107
vn 0.000000 0.707107 -0.707107
vn -0.284578 -0.781872 0.554700
vn -0.284578 -0.781872 -0.554700
vn -0.241845 -0.664463 0.707107
vn -0.284578 -0.781872 -0.554700
vn -0.241845 -0.664463 0.707107
vn -0.241845 -0.664463 -0.707107
vn -0.241845 -0.664463 0.707107
vn -0.241845 -0.664463 -0.707107
vn 0.000000 0.832050 0.554700
vn 0.000000 0.832050 -0.554700
vn 0.000000 0.707107 0.707107
vn 0.000000 0.832050 -0.554700
vn -0.284578 -0.781872 0.554700
vn -0.284578 -0.781872 -0.554700
vn -0.241845 -0.664463 0.707107
vn -0.284578 -0.781872 -0.554700
vn 0.000000 0.832050 0.554700
vn 0.000000 0.832050 -0.554700
vn 0.000000 0.707107 0.707107
vn 0.000000 0.832050 -0.554700
vn -0.284577 -0.781872 0.554700
vn -0.284578 -0.781872 -0.554700
vn -0.241844 -0.664463 0.707107
vn -0.284578 -0.781872 -0.554700
vn 0.000000 0.832050 0.554700
vn 0.000000 0.832050 -0.554700
vn 0.000000 0.707107 0.707107
vn 0.000000 0.832050 -0.554700
vn -0.284578 -0.781872 0.554700
vn -0.284577 -0.781872 -0.554700
vn -0.241844 -0.664463 0.707107
vn -0.284577 -0.781872 -0.554700
vn 0.000000 0.832050 0.554700
vn 0.000000 0.832050 -0.554700
vn 0.000000 0.707107 0.707107
vn 0.000000 0.832050 -0.554700
vn 0.000000 0.000000 1.000000
vn 0.000000 0.000000 -1.000000
vn 0.000000 0.000000 -1.000000
vn -0.284578 -0.781872 0.554700
vn -0.284578 -0.781872 -0.554700
vn -0.241845 -0.664463 0.707107
vn -0.284578 -0.781872 -0.554700
vn 0.000000 0.832050 0.554700
vn 0.000000 0.832050 -0.554700
vn 0.000000 0.707107 0.707107
vn 0.000000 0.832050 -0.554700
vn -0.284578 -0.781872 0.554700
vn -0.284578 -0.781872 -0.554700
vn -0.241845 -0.664463 0.707107
vn -0.284578 -0.781872 -0.554700
vn 0.000000 0.832050 0.554700
vn 0.000000 0.832050 -0.554700
vn 0.000000 0.707107 0.707107
vn 0.000000 0.832050 -0.554700
vn -0.284578 -0.781872 0.554700
vn -0.284578 -0.781872 -0.554700
vn -0.241845 -0.664463 0.707107
vn -0.284578 -0.781872 -0.554700
vn 0.000000 0.832050 0.554700
vn 0.000000 0.832050 -0.554700
vn 0.000000 0.707107 0.707107
vn 0.000000 0.832050 -0.554700
vn -0.284578 -0.781872 0.554700
vn -0.284578 -0.781872 -0.554700
vn -0.241845 -0.664463 0.707107
vn -0.284578 -0.781872 -0.554700
vn 0.000000 0.707107 0.707107
vn 0.000000 0.707107 -0.707107
vn 0.000000 0.707107 0.707107
vn 0.000000 0.707107 -0.707107
vn -0.241845 -0.664463 0.707107
vn -0.241845 -0.664463 -0.707107
vn -0.241845 -0.664463 0.707107
vn -0.241845 -0.664463 -0.707107
vn 0.000000 0.832050 0.554700
vn 0.000000 0.832050 -0.554700
vn 0.000000 0.707107 0.707107
vn 0.000000 0.832050 -0.554700
vn -0.284577 -0.781872 0.554700
vn -0.284578 -0.781872 -0.554700
vn -0.241844 -0.664463 0.707107
vn -0.284578 -0.781872 -0.554700
vn 0.000000 0.832050 0.554700
vn 0.000000 0.832050 -0.554700
vn 0.000000 0.707107 0.707107
vn 0.000000 0.832050 -0.554700
vn -0.284578 -0.781872 0.554700
vn -0.284577 -0.781872 -0.554700
vn -0.205212 -0.563816 0.800000
vn -0.284577 -0.781872 -0.554700
vn 0.000000 0.707107 0.707107
vn 0.000000 0.800000 -0.600000
vn 0.000000 0.707107 0.707107
vn 0.000000 0.832050 -0.554700
vn -0.241845 -0.664463 0.707107
vn -0.305912 -0.840487 -0.447214
vn -0.284578 -0.781872 0.554700
vn -0.273616 -0.751754 -0.600000
vn -0.017336 0.707719 0.706281
vn 0.000000 1.000000 0.000000
vn 0.017357 0.706708 -0.707292
vn 0.013615 0.831884 0.554783
vn -0.019806 0.800482 -0.599029
vn -0.050110 -0.000254 0.998744
vn 0.058740 -0.001267 -0.998272
vn 0.058743 -0.001267 0.998272
vn -0.011616 0.000663 0.999932
vn 0.023580 -0.001346 -0.999721
vn 0.031730 -0.002387 0.999494
vn -0.008345 0.000487 -0.999965
vn 0.070386 0.706902 -0.703801
vn 0.082835 0.554203 0.828250
vn -0.030568 0.001746 0.999531
vn -0.050388 0.005876 -0.998712
vn -0.259011 -0.661095 0.704178
vn -0.342023 -0.939691 0.000001
vn -0.150013 -0.532459 -0.833057
vn -0.271361 -0.785442 0.556278
vn -0.342027 -0.939690 0.000001
vn -0.259008 -0.661096 -0.704179
vn -0.070669 0.705646 0.705032
vn -0.111300 0.545835 -0.830468
vn 0.141053 0.703733 -0.696322
vn 0.141053 0.703733 0.696322
vn 0.216110 -0.007756 -0.976338
vn 0.216111 -0.007755 0.976338
vn -0.173978 -0.683543 -0.708873
vn -0.172147 -0.679505 0.713188
vn -0.342022 -0.939692 -0.000003
vn 0.000000 1.000000 0.000000
vn 0.000000 1.000000 0.000000
vn -0.109427 0.007954 0.993963
vn -0.107951 0.008086 -0.994123
vn 0.204910 -0.011055 -0.978718
vn 0.211605 -0.013292 0.977265
vn 0.205012 -0.017782 -0.978598
vn -0.102365 0.005528 0.994732
vn 0.213019 0.703556 -0.677961
vn 0.213019 0.703556 0.677961
vn -0.298778 -0.653457 0.695504
vn -0.309623 -0.647439 -0.696388
vn -0.175074 -0.811277 -0.557833
vn -0.098971 -0.694089 0.713053
vn -0.342018 -0.939694 0.000003
vn -0.139585 0.711117 0.689078
vn -0.142134 0.698383 -0.701469
vn 0.283206 0.700474 -0.655081
vn 0.283208 0.700474 0.655080
vn -0.188225 0.007091 0.982100
vn -0.027035 -0.714101 -0.699520
vn -0.025051 -0.711263 0.702479
vn 0.414186 -0.016323 -0.910046
vn 0.414185 -0.016323 0.910046
vn -0.213691 0.010629 0.976843
vn -0.212745 0.016147 -0.976974
vn 0.384450 -0.019720 -0.922935
vn 0.420182 -0.022741 0.907155
vn -0.194851 0.010010 0.980782
vn -0.170605 0.011853 -0.985268
vn 0.452612 -0.036528 -0.890959
vn 0.413498 0.544276 -0.729920
vn 0.413495 0.544276 0.729922
vn -0.329760 -0.401790 0.854297
vn -0.387619 -0.636364 -0.666928
vn 0.000000 1.000000 0.000000
vn 0.023773 -0.723113 -0.690320
vn -0.051700 -0.808693 0.585955
vn 0.325776 0.827815 -0.456719
vn 0.262162 0.892294 0.367536
vn -0.233411 0.562877 0.792899
vn -0.164378 0.834763 -0.525501
vn 0.122247 -0.745423 -0.655287
vn 0.125010 -0.742405 0.658185
vn 0.630255 -0.019013 -0.776155
vn 0.596052 -0.022688 0.802625
vn -0.317422 0.014227 0.948178
vn -0.279220 0.005440 -0.960212
vn -0.342025 -0.939691 -0.000002
vn 0.000000 1.000000 0.000000
vn 0.588821 -0.027343 -0.807801
vn 0.582453 -0.028244 0.812374
vn -0.304887 0.014086 0.952284
vn -0.304631 0.014163 -0.952365
vn -0.291523 0.013919 0.956463
vn -0.320729 0.017672 -0.947006
vn 0.471817 0.702492 -0.532817
vn 0.558594 0.541120 0.628619
vn 0.039382 -0.879837 -0.473642
vn 0.171583 -0.751530 0.636994
vn -0.442681 -0.487847 0.752355
vn -0.441739 -0.626322 -0.642330
vn -0.342025 -0.939691 0.000003
vn 0.610680 0.562499 -0.557373
vn 0.528912 0.696394 0.485064
vn 0.358174 -0.620272 -0.697836
vn 0.392761 -0.673130 0.626606
vn 0.775725 -0.022690 0.630662
vn -0.267215 0.713341 0.647874
vn -0.330851 0.556969 -0.761789
vn 0.749701 -0.039061 -0.660623
vn 0.739943 -0.030619 0.671972
vn -0.415788 0.016728 0.909308
vn -0.342024 -0.939691 0.000003
vn -0.404766 0.016887 0.914264
vn -0.405406 0.016842 -0.913982
vn 0.360303 0.893405 -0.268345
vn 0.448033 0.829417 0.333667
vn 0.304790 -0.779087 -0.547839
vn 0.305009 -0.801357 0.514584
vn 0.000000 1.000000 0.000000
vn -0.403048 0.017061 0.915020
vn -0.486114 -0.731645 0.477901
vn -0.493041 -0.697621 -0.519841
vn 0.482563 0.826632 -0.289504
vn 0.603585 0.710916 0.360948
vn 0.838163 -0.024279 -0.544879
vn 0.552369 -0.626167 -0.550276
vn 0.186538 -0.912810 0.363292
vn -0.342024 -0.939691 0.000001
vn 0.873861 -0.036721 -0.484787
vn 0.860494 -0.041407 0.507775
vn 0.761862 0.538144 -0.360510
vn 0.643773 0.701558 0.305569
vn 0.000000 1.000000 0.000000
vn 0.861358 -0.057659 0.504716
vn 0.225617 -0.921425 -0.316344
vn 0.225636 -0.921427 0.316325
vn -0.393200 0.565702 0.724828
vn -0.344101 0.714018 -0.609731
vn -0.510023 0.018069 0.859971
vn -0.483704 0.014850 -0.875106
vn 0.529131 0.826444 -0.192383
vn 0.529131 0.826444 0.192384
vn 0.944231 -0.030177 -0.327899
vn 0.926680 -0.025889 0.374958
vn -0.500520 0.018516 0.865527
vn -0.500350 0.018599 -0.865624
vn 0.470231 -0.813663 -0.341812
vn 0.466287 -0.816521 0.340398
vn -0.342020 -0.939693 -0.000011
vn -0.342010 -0.939696 -0.000002
vn 0.693865 0.696711 -0.182056
vn 0.815616 0.537563 0.214002
vn 0.938724 -0.035733 -0.342813
vn 0.937775 -0.033358 0.345637
vn -0.506337 0.018730 0.862132
vn -0.527583 0.037555 -0.848673
vn 0.556568 0.826644 -0.083018
vn 0.556568 0.826644 0.083018
vn -0.561979 -0.473988 0.677876
vn -0.559869 -0.605886 -0.565199
vn 0.333852 -0.908315 -0.252004
vn 0.264505 -0.941842 0.207295
vn 0.986385 -0.032438 -0.161223
vn 0.988130 -0.032787 0.150078
vn 0.717983 0.694908 -0.040034
vn 0.563515 0.826106 0.000000
vn 0.719342 0.694656 0.000000
vn 0.563515 0.826106 0.000000
vn 0.563515 0.826106 0.000000
vn 0.563515 0.826106 0.000000
vn 0.719342 0.694656 0.000000
vn 0.563515 0.826106 0.000000
vn 0.563515 0.826106 0.000000
vn 0.563515 0.826106 0.000000
vn 0.719342 0.694656 0.000000
vn 0.563515 0.826106 0.000000
vn 0.563515 0.826106 0.000000
vn 0.563515 0.826106 0.000000
vn 0.719342 0.694656 0.000000
vn 0.563515 0.826106 0.000000
vn 0.563515 0.826106 0.000000
vn 0.563515 0.826106 0.000000
vn 0.719342 0.694656 0.000000
vn 0.563515 0.826106 0.000000
vn 0.563515 0.826106 0.000000
vn 0.563515 0.826106 0.000000
vn 0.719342 0.694656 0.000000
vn 0.563515 0.826106 0.000000
vn 0.563515 0.826106 0.000000
vn 0.563515 0.826106 0.000000
vn 0.719342 0.694656 0.000000
vn 0.563515 0.826106 0.000000
vn 0.563515 0.826106 0.000000
vn 0.563515 0.826106 0.000000
vn 0.813254 0.581908 0.000000
vn 0.563515 0.826106 0.000000
vn 0.608719 0.792660 0.033941
vn 0.998838 -0.034886 0.033238
vn 0.984577 -0.035831 -0.171243
vn 0.984577 -0.035831 0.171243
vn 0.723189 -0.647910 -0.239186
vn 0.795517 -0.534458 0.285495
vn 0.999013 -0.034944 -0.027412
vn 0.999391 -0.034905 0.000000
vn 0.999391 -0.034905 0.000000
vn 0.999391 -0.034905 0.000000
vn 0.999391 -0.034905 0.000000
vn 0.999391 -0.034905 0.000000
vn 0.999391 -0.034905 0.000000
vn 0.999391 -0.034905 0.000000
vn 0.998913 -0.034947 0.030839
vn -0.342025 -0.939691 -0.000006
vn 0.310815 -0.946018 -0.091889
vn 0.310799 -0.946025 0.091877
vn 0.000000 1.000000 0.000000
vn 0.557297 -0.829050 -0.045773
vn 0.319107 -0.947719 0.000000
vn 0.559190 -0.829039 0.000000
vn 0.319107 -0.947719 0.000000
vn 0.319107 -0.947719 0.000000
vn 0.319107 -0.947719 0.000000
vn 0.559190 -0.829039 0.000000
vn 0.319107 -0.947719 0.000000
vn 0.319107 -0.947719 0.000000
vn 0.319107 -0.947719 0.000000
vn 0.559190 -0.829039 0.000000
vn 0.319107 -0.947719 0.000000
vn 0.319107 -0.947719 0.000000
vn 0.319107 -0.947719 0.000000
vn 0.559190 -0.829039 0.000000
vn 0.319107 -0.947719 0.000000
vn 0.319107 -0.947719 0.000000
vn 0.319107 -0.947719 0.000000
vn 0.559190 -0.829039 0.000000
vn 0.319107 -0.947719 0.000000
vn 0.319107 -0.947719 0.000000
vn 0.319107 -0.947719 0.000000
vn 0.559190 -0.829039 0.000000
vn 0.319107 -0.947719 0.000000
vn 0.319107 -0.947719 0.000000
vn 0.319107 -0.947719 0.000000
vn 0.559190 -0.829039 0.000000
vn 0.319107 -0.947719 0.000000
vn 0.319107 -0.947719 0.000000
vn 0.319107 -0.947719 0.000000
vn 0.559190 -0.829039 0.000000
vn 0.319107 -0.947719 0.000000
vn 0.387105 -0.921232 0.038494
vn -0.396947 0.714263 0.576421
vn -0.336893 0.804472 -0.489212
vn -0.598342 0.018242 0.801033
vn -0.612512 0.014053 -0.790336
vn -0.342023 -0.939691 -0.000004
vn -0.342018 -0.939694 -0.000012
vn 0.000000 1.000000 0.000000
vn -0.590254 0.018948 0.806995
vn -0.592322 0.006326 -0.805676
vn -0.596438 0.019145 0.802431
vn -0.625552 -0.467665 0.624479
vn -0.615967 -0.579982 -0.533109
vn 0.000000 1.000000 0.000000
vn -0.342015 -0.939694 -0.000005
vn 0.000000 1.000000 0.000000
vn 0.000000 1.000000 0.000000
vn 0.000000 1.000000 0.000000
vn 0.000000 1.000000 0.000000
vn 0.000000 1.000000 0.000000
vn -0.589699 0.460494 0.663476
vn -0.552004 0.556533 -0.620937
vn -0.342029 -0.939690 0.000008
vn -0.674760 0.017678 0.737825
vn -0.672388 0.018252 0.739974
vn -0.671930 0.012837 -0.740504
vn -0.342018 -0.939693 -0.000013
vn -0.678524 0.018419 0.734348
vn -0.342017 -0.939694 -0.000004
vn -0.648964 -0.591994 0.477901
vn -0.656965 -0.568831 -0.494802
vn -0.618775 0.564028 0.546800
vn -0.618775 0.564028 -0.546800
vn -0.740082 0.016463 0.672315
vn -0.725948 0.012674 -0.687633
vn -0.745751 0.016591 0.666018
vn -0.753874 0.016063 -0.656822
vn -0.751449 0.016718 0.659579
vn -0.715021 0.018856 -0.698849
vn -0.731133 -0.459140 0.504613
vn -0.635482 -0.698703 -0.328598
vn -0.570553 0.712108 0.409110
vn -0.441582 0.834774 -0.328875
vn -0.804688 0.014116 0.593530
vn -0.808577 0.013659 -0.588231
vn -0.802548 0.014820 0.596404
vn -0.809614 0.014205 -0.586790
vn -0.825482 0.018009 0.564142
vn -0.808108 0.014924 -0.588845
vn -0.723097 -0.582255 0.371630
vn -0.765920 -0.493432 -0.412179
vn -0.516928 0.802526 0.297890
vn -0.764124 0.455716 -0.456549
vn -0.859689 0.011330 0.510692
vn -0.865137 0.010674 -0.501423
vn -0.859849 0.008710 0.510473
vn -0.863673 0.011385 -0.503923
vn -0.859524 0.012533 -0.510941
vn -0.758691 -0.572467 0.310918
vn -0.816617 -0.455550 -0.354417
vn -0.342019 -0.939693 0.000007
vn -0.754797 0.559338 0.342671
vn -0.641144 0.710078 -0.291073
vn -0.905016 0.008412 0.425294
vn -0.905016 0.008412 -0.425294
vn -0.907980 0.008442 0.418929
vn -0.903331 0.009028 -0.428849
vn -0.902322 0.012937 0.430869
vn -0.915210 0.011966 -0.402799
vn -0.776686 -0.576928 0.252809
vn -0.698570 -0.686993 -0.200103
vn -0.662339 0.709447 0.240815
vn -0.662339 0.709447 -0.240816
vn -0.947115 0.001495 0.320892
vn -0.947114 0.001495 -0.320892
vn -0.939360 0.006167 0.342878
vn -0.940444 0.003059 -0.339935
vn -0.950450 0.009112 0.310745
vn -0.734012 -0.655361 0.178121
vn -0.796985 -0.569197 -0.202062
vn -0.687668 0.703268 0.180350
vn -0.687668 0.703268 -0.180351
vn -0.968920 0.003568 0.247348
vn -0.968603 0.007091 -0.248510
vn -0.973913 0.012085 -0.226600
vn -0.877408 -0.445762 0.177345
vn -0.805008 -0.574679 -0.147332
vn -0.698084 0.707784 0.108264
vn -0.821602 0.555639 -0.127420
vn -0.982833 -0.002042 0.184486
vn -0.982833 -0.002042 -0.184486
vn -0.988042 0.001210 0.154183
vn -0.986622 -0.006388 -0.162902
vn -0.982107 0.006423 0.188214
vn -0.884443 -0.454609 0.105318
vn -0.825143 -0.556118 -0.099359
vn -0.552351 0.832337 0.046081
vn -0.552351 0.832337 -0.046081
vn -0.996590 0.000473 0.082514
vn -0.996590 0.000473 -0.082514
vn -0.996003 0.000567 0.089321
vn -0.995736 -0.004115 -0.092154
vn -0.996390 0.000609 0.084889
vn -0.666246 -0.745089 0.030974
vn -0.762628 -0.644398 -0.056120
vn -0.599669 0.800080 0.016419
vn -0.554700 0.832050 0.000000
vn -0.707107 0.707107 0.000000
vn -0.554700 0.832050 0.000000
vn -0.554700 0.832050 0.000000
vn -0.554700 0.832050 0.000000
vn -0.707107 0.707107 0.000000
vn -0.554700 0.832050 0.000000
vn -0.554700 0.832050 0.000000
vn -0.554700 0.832050 0.000000
vn -0.707107 0.707107 0.000000
vn -0.554700 0.832050 0.000000
vn -0.554700 0.832050 0.000000
vn -0.554700 0.832050 0.000000
vn -0.707107 0.707107 0.000000
vn -0.554700 0.832050 0.000000
vn -0.554700 0.832050 0.000000
vn -0.554700 0.832050 0.000000
vn -0.707107 0.707107 0.000000
vn -0.554700 0.832050 0.000000
vn -0.554700 0.832050 0.000000
vn -0.554700 0.832050 0.000000
vn -0.707107 0.707107 0.000000
vn -0.554700 0.832050 0.000000
vn -0.554700 0.832050 0.000000
vn -0.554700 0.832050 0.000000
vn -0.707107 0.707107 0.000000
vn -0.554700 0.832050 0.000000
vn -0.554700 0.832050 0.000000
vn -0.554700 0.832050 0.000000
vn -0.707107 0.707107 0.000000
vn -0.554700 0.832050 0.000000
vn -0.706733 0.707215 -0.019350
vn -0.999872 0.000070 0.015998
vn -1.000000 0.000000 0.000000
vn -1.000000 0.000000 0.000000
vn -1.000000 0.000000 0.000000
vn -1.000000 0.000000 0.000000
vn -1.000000 0.000000 0.000000
vn -1.000000 0.000000 0.000000
vn -1.000000 0.000000 0.000000
vn -0.999910 0.000039 -0.013429
vn -0.890584 -0.454429 0.018831
vn -0.667341 -0.744752 0.000000
vn -0.819152 -0.573576 0.000000
vn -0.731688 -0.681640 0.000000
vn -0.731688 -0.681640 0.000000
vn -0.731688 -0.681640 0.000000
vn -0.819152 -0.573576 0.000000
vn -0.731688 -0.681640 0.000000
vn -0.731688 -0.681640 0.000000
vn -0.731688 -0.681640 0.000000
vn -0.819152 -0.573576 0.000000
vn -0.731688 -0.681640 0.000000
vn -0.731688 -0.681640 0.000000
vn -0.731688 -0.681640 0.000000
vn -0.819152 -0.573576 0.000000
vn -0.731688 -0.681640 0.000000
vn -0.731688 -0.681640 0.000000
vn -0.731688 -0.681640 0.000000
vn -0.819152 -0.573576 0.000000
vn -0.731688 -0.681640 0.000000
vn -0.731688 -0.681640 0.000000
vn -0.731688 -0.681640 0.000000
vn -0.819152 -0.573576 0.000000
vn -0.731688 -0.681640 0.000000
vn -0.731688 -0.681640 0.000000
vn -0.731688 -0.681640 0.000000
vn -0.819152 -0.573576 0.000000
vn -0.731688 -0.681640 0.000000
vn -0.731688 -0.681640 0.000000
vn -0.731688 -0.681640 0.000000
vn -0.819152 -0.573576 0.000000
vn -0.731688 -0.681640 0.000000
vn -0.890580 -0.454429 -0.019045

f 324//324 325//325 122//122
f 322//322 323//323 120//120
f 321//321 322//322 119//119
f 323//323 324//324 121//121
f 319//319 320//320 117//117
f 318//318 319//319 116//116
f 316//316 317//317 114//114
f 315//315 316//316 113//113
f 317//317 318//318 115//115
f 320//320 321//321 118//118
f 313//313 314//314 111//111
f 311//311 312//312 109//109
f 310//310 311//311 108//108
f 312//312 313//313 110//110
f 308//308 309//309 106//106
f 307//307 308//308 105//105
f 305//305 306//306 103//103
f 304//304 305//305 102//102
f 306//306 307//307 104//104
f 309//309 310//310 107//107
f 314//314 315//315 112//112
f 302//302 303//303 100//100
f 300//300 301//301 98//98
f 299//299 300//300 97//97
f 301//301 302//302 99//99
f 297//297 298//298 95//95
f 296//296 297//297 94//94
f 295//295 155//155 294//294
f 294//294 155//155 257//257
f 295//295 296//296 93//93
f 298//298 299//299 96//96
f 263//263 331//331 327//327
f 275//275 344//344 337//337
f 348//348 344//344 275//275
f 337//337 331//331 263//263
f 242//242 355//355 366//366
f 355//355 380//380 366//366
f 382//382 398//398 387//387
f 382//382 400//400 398//398
f 387//387 380//380 355//355
f 356//356 348//348 282//282
f 327//327 294//294 257//257
f 303//303 304//304 101//101
f 404//404 414//414 410//410
f 425//425 422//422 416//416
f 433//433 425//425 424//424
f 422//422 414//414 404//404
f 449//449 441//441 440//440
f 453//453 449//449 448//448
f 469//469 461//461 460//460
f 477//477 469//469 468//468
f 461//461 453//453 452//452
f 441//441 433//433 432//432
f 356//356 242//242 366//366
f 275//275 263//263 142//142
f 242//242 356//356 282//282
f 282//282 275//275 151//151
f 263//263 257//257 131//131
f 395//395 400//400 382//382
f 382//382 387//387 355//355
f 496//496 488//488 487//487
f 512//512 504//504 503//503
f 488//488 477//477 476//476
f 382//382 339//339 395//395
f 404//404 395//395 363//363
f 395//395 404//404 410//410
f 504//504 496//496 495//495
f 278//278 382//382 355//355
f 275//275 337//337 263//263
f 263//263 327//327 257//257
f 528//528 520//520 519//519
f 544//544 536//536 535//535
f 544//544 564//564 565//565
f 536//536 528//528 527//527
f 575//575 564//564 590//590
f 590//590 626//626 598//598
f 614//614 640//640 620//620
f 620//620 640//640 636//636
f 626//626 614//614 598//598
f 564//564 575//575 565//565
f 688//688 643//643 636//636
f 665//665 656//656 751//751
f 643//643 688//688 656//656
f 640//640 688//688 636//636
f 674//674 792//792 686//686
f 686//686 792//792 700//700
f 740//740 700//700 813//813
f 700//700 865//865 813//813
f 792//792 674//674 751//751
f 752//752 740//740 813//813
f 751//751 674//674 665//665
f 751//751 688//688 836//836
f 520//520 512//512 511//511
f 404//404 416//416 422//422
f 325//325 326//326 123//123
f 815//815 755//755 752//752
f 757//757 756//756 935//935
f 758//758 757//757 936//936
f 755//755 847//847 756//756
f 760//760 759//759 938//938
f 761//761 760//760 939//939
f 763//763 762//762 941//941
f 764//764 763//763 942//942
f 762//762 761//761 940//940
f 759//759 758//758 937//937
f 766//766 765//765 944//944
f 768//768 767//767 946//946
f 769//769 768//768 947//947
f 767//767 766//766 945//945
f 771//771 770//770 949//949
f 773//773 772//772 951//951
f 775//775 774//774 953//953
f 776//776 775//775 954//954
f 774//774 773//773 952//952
f 770//770 769//769 948//948
f 765//765 764//764 943//943
f 778//778 777//777 956//956
f 780//780 779//779 958//958
f 781//781 780//780 959//959
f 779//779 778//778 957//957
f 783//783 782//782 961//961
f 784//784 783//783 962//962
f 786//786 785//785 964//964
f 787//787 786//786 965//965
f 785//785 784//784 963//963
f 782//782 781//781 960//960
f 891//891 809//809 753//753
f 809//809 701//701 741//741
f 801//801 687//687 701//701
f 741//741 753//753 809//809
f 793//793 666//666 675//675
f 689//689 657//657 666//666
f 667//667 637//637 644//644
f 651//651 621//621 637//637
f 644//644 657//657 689//689
f 675//675 687//687 801//801
f 891//891 753//753 787//787
f 777//777 776//776 955//955
f 592//592 599//599 615//615
f 576//576 591//591 592//592
f 577//577 566//566 576//576
f 591//591 599//599 592//592
f 537//537 545//545 546//546
f 529//529 537//537 538//538
f 513//513 521//521 522//522
f 505//505 513//513 514//514
f 521//521 529//529 530//530
f 567//567 545//545 566//566
f 651//651 615//615 621//621
f 667//667 817//817 651//651
f 793//793 689//689 666//666
f 866//866 801//801 809//809
f 793//793 801//801 857//857
f 667//667 651//651 637//637
f 667//667 689//689 827//827
f 489//489 497//497 498//498
f 478//478 489//489 490//490
f 577//577 592//592 612//612
f 615//615 651//651 661//661
f 497//497 505//505 506//506
f 592//592 615//615 661//661
f 470//470 478//478 479//479
f 837//837 689//689 793//793
f 801//801 701//701 809//809
f 462//462 470//470 471//471
f 450//450 454//454 455//455
f 442//442 450//450 451//451
f 454//454 462//462 463//463
f 426//426 434//434 435//435
f 426//426 409//409 423//423
f 415//415 409//409 394//394
f 411//411 396//396 401//401
f 409//409 415//415 423//423
f 434//434 442//442 443//443
f 399//399 383//383 388//388
f 381//381 243//243 367//367
f 367//367 243//243 357//357
f 383//383 381//381 388//388
f 349//349 243//243 345//345
f 345//345 195//195 338//338
f 332//332 195//195 328//328
f 328//328 258//258 326//326
f 195//195 332//332 338//338
f 243//243 349//349 357//357
f 399//399 401//401 383//383
f 567//567 566//566 577//577
f 772//772 771//771 950//950
f 752//752 813//813 815//815
f 242//242 225//225 355//355
f 142//142 151//151 275//275
f 865//865 700//700 792//792
f 815//815 890//890 847//847
f 813//813 865//865 872//872
f 564//564 588//588 626//626
f 626//626 660//660 640//640
f 626//626 640//640 614//614
f 626//626 590//590 564//564
f 295//295 92//92 155//155
f 155//155 92//92 91//91
f 124//124 131//131 257//257
f 131//131 136//136 263//263
f 155//155 91//91 124//124
f 242//242 193//193 210//210
f 242//242 210//210 225//225
f 254//254 278//278 355//355
f 278//278 339//339 382//382
f 384//384 402//402 404//404
f 225//225 254//254 355//355
f 402//402 416//416 404//404
f 563//563 564//564 543//543
f 564//564 563//563 588//588
f 626//626 611//611 638//638
f 626//626 638//638 660//660
f 626//626 588//588 611//611
f 640//640 698//698 798//798
f 816//816 826//826 688//688
f 751//751 836//836 845//845
f 640//640 798//798 816//816
f 792//792 845//845 856//856
f 792//792 856//856 865//865
f 813//813 881//881 890//890
f 872//872 881//881 813//813
f 640//640 660//660 698//698
f 934//934 847//847 890//890
f 567//567 546//546 545//545
f 409//409 385//385 394//394
f 152//152 345//345 243//243
f 383//383 396//396 340//340
f 255//255 381//381 383//383
f 364//364 396//396 394//394
f 381//381 255//255 243//243
f 152//152 195//195 345//345
f 328//328 195//195 258//258
f 132//132 258//258 195//195
f 966//966 891//891 787//787
f 882//882 873//873 809//809
f 873//873 866//866 809//809
f 891//891 882//882 809//809
f 857//857 801//801 866//866
f 934//934 935//935 847//847
f 837//837 827//827 689//689
f 846//846 837//837 793//793
f 799//799 699//699 651//651
f 699//699 661//661 651//651
f 639//639 612//612 592//592
f 661//661 639//639 592//592
f 567//567 589//589 568//568
f 567//567 568//568 546//546
f 426//426 427//427 409//409
f 409//409 427//427 417//417
f 409//409 403//403 385//385
f 394//394 385//385 364//364
f 409//409 417//417 403//403
f 383//383 340//340 279//279
f 383//383 279//279 255//255
f 243//243 226//226 211//211
f 243//243 211//211 194//194
f 243//243 255//255 226//226
f 195//195 152//152 143//143
f 195//195 143//143 137//137
f 258//258 132//132 125//125
f 258//258 125//125 123//123
f 195//195 137//137 132//132
f 243//243 194//194 152//152
f 688//688 640//640 816//816
f 186//186 31//31 32//32
f 184//184 29//29 30//30
f 183//183 28//28 29//29
f 185//185 30//30 31//31
f 181//181 26//26 27//27
f 180//180 25//25 26//26
f 178//178 23//23 24//24
f 177//177 22//22 23//23
f 179//179 24//24 25//25
f 182//182 27//27 28//28
f 175//175 20//20 21//21
f 173//173 18//18 19//19
f 172//172 17//17 18//18
f 174//174 19//19 20//20
f 170//170 15//15 16//16
f 169//169 14//14 15//15
f 167//167 12//12 13//13
f 166//166 11//11 12//12
f 168//168 13//13 14//14
f 171//171 16//16 17//17
f 176//176 21//21 22//22
f 164//164 9//9 10//10
f 162//162 7//7 8//8
f 161//161 6//6 7//7
f 163//163 8//8 9//9
f 159//159 4//4 5//5
f 158//158 3//3 4//4
f 157//157 156//156 52//52
f 156//156 128//128 52//52
f 157//157 2//2 3//3
f 160//160 5//5 6//6
f 133//133 190//190 196//196
f 138//138 200//200 207//207
f 153//153 207//207 212//212
f 200//200 138//138 133//133
f 228//228 206//206 192//192
f 247//247 218//218 206//206
f 230//230 261//261 271//271
f 256//256 271//271 287//287
f 261//261 230//230 218//218
f 219//219 192//192 153//153
f 190//190 128//128 156//156
f 165//165 10//10 11//11
f 293//293 333//333 351//351
f 358//358 351//351 361//361
f 269//269 287//287 333//333
f 293//293 259//259 223//223
f 377//377 376//376 358//358
f 377//377 419//419 376//376
f 429//429 428//428 418//418
f 445//445 444//444 436//436
f 457//457 456//456 444//444
f 437//437 436//436 428//428
f 358//358 293//293 351//351
f 153//153 138//138 207//207
f 138//138 45//45 38//38
f 192//192 72//72 53//53
f 206//206 79//79 72//72
f 153//153 53//53 49//49
f 376//376 375//375 353//353
f 271//271 256//256 230//230
f 230//230 256//256 145//145
f 230//230 145//145 126//126
f 358//358 353//353 289//289
f 269//269 256//256 287//287
f 218//218 126//126 79//79
f 419//419 418//418 376//376
f 133//133 38//38 36//36
f 133//133 128//128 190//190
f 465//465 464//464 456//456
f 473//473 472//472 464//464
f 500//500 499//499 491//491
f 508//508 507//507 499//499
f 481//481 480//480 472//472
f 524//524 523//523 515//515
f 532//532 531//531 523//523
f 540//540 549//549 548//548
f 549//549 559//559 548//548
f 540//540 539//539 531//531
f 516//516 515//515 507//507
f 578//578 559//559 571//571
f 627//627 586//586 595//595
f 571//571 586//586 578//578
f 578//578 586//586 627//627
f 548//548 559//559 578//578
f 627//627 609//609 616//616
f 616//616 634//634 658//658
f 658//658 641//641 654//654
f 641//641 658//658 634//634
f 662//662 838//838 654//654
f 627//627 595//595 609//609
f 627//627 646//646 578//578
f 492//492 491//491 480//480
f 223//223 204//204 269//269
f 187//187 32//32 33//33
f 800//800 662//662 670//670
f 690//690 802//802 680//680
f 696//696 803//803 690//690
f 680//680 800//800 670//670
f 705//705 893//893 892//892
f 706//706 894//894 893//893
f 708//708 896//896 895//895
f 709//709 897//897 896//896
f 707//707 895//895 894//894
f 805//805 696//696 704//704
f 711//711 899//899 898//898
f 713//713 901//901 900//900
f 714//714 902//902 901//901
f 712//712 900//900 899//899
f 716//716 904//904 903//903
f 717//717 905//905 904//904
f 719//719 907//907 906//906
f 721//721 909//909 908//908
f 718//718 906//906 905//905
f 715//715 903//903 902//902
f 710//710 898//898 897//897
f 723//723 911//911 910//910
f 725//725 913//913 912//912
f 726//726 914//914 913//913
f 724//724 912//912 911//911
f 728//728 916//916 915//915
f 729//729 917//917 916//916
f 731//731 919//919 918//918
f 732//732 920//920 919//919
f 730//730 918//918 917//917
f 727//727 915//915 914//914
f 734//734 922//922 921//921
f 736//736 924//924 923//923
f 736//736 806//806 924//924
f 735//735 923//923 922//922
f 804//804 697//697 691//691
f 804//804 691//691 681//681
f 663//663 754//754 794//794
f 663//663 655//655 754//754
f 794//794 681//681 671//671
f 697//697 806//806 736//736
f 733//733 921//921 920//920
f 722//722 910//910 909//909
f 635//635 617//617 672//672
f 610//610 596//596 613//613
f 596//596 587//587 613//613
f 613//613 617//617 610//610
f 579//579 587//587 572//572
f 579//579 572//572 560//560
f 541//541 542//542 551//551
f 533//533 534//534 542//542
f 550//550 579//579 560//560
f 579//579 613//613 587//587
f 672//672 642//642 635//635
f 672//672 655//655 642//642
f 681//681 794//794 804//804
f 804//804 875//875 884//884
f 525//525 526//526 534//534
f 697//697 804//804 806//806
f 517//517 518//518 526//526
f 509//509 510//510 518//518
f 501//501 502//502 510//510
f 482//482 483//483 494//494
f 474//474 475//475 483//483
f 493//493 494//494 502//502
f 466//466 467//467 475//475
f 720//720 908//908 907//907
f 458//458 459//459 467//467
f 438//438 439//439 447//447
f 430//430 431//431 439//439
f 446//446 447//447 459//459
f 378//378 379//379 421//421
f 362//362 354//354 378//378
f 352//352 334//334 268//268
f 334//334 288//288 270//270
f 268//268 362//362 352//352
f 420//420 421//421 431//431
f 272//272 262//262 231//231
f 248//248 229//229 231//231
f 229//229 220//220 86//86
f 231//231 262//262 248//248
f 213//213 208//208 154//154
f 208//208 201//201 144//144
f 191//191 37//37 197//197
f 188//188 33//33 35//35
f 144//144 201//201 197//197
f 154//154 220//220 213//213
f 270//270 288//288 272//272
f 551//551 579//579 550//550
f 838//838 662//662 800//800
f 658//658 627//627 616//616
f 848//848 838//838 800//800
f 548//548 578//578 569//569
f 654//654 828//828 658//658
f 803//803 874//874 802//802
f 803//803 805//805 883//883
f 892//892 883//883 805//805
f 157//157 52//52 2//2
f 52//52 34//34 1//1
f 34//34 128//128 36//36
f 45//45 138//138 49//49
f 52//52 1//1 2//2
f 259//259 293//293 289//289
f 375//375 376//376 418//418
f 540//540 548//548 539//539
f 548//548 547//547 539//539
f 569//569 578//578 593//593
f 593//593 578//578 618//618
f 676//676 627//627 788//788
f 627//627 658//658 788//788
f 646//646 627//627 676//676
f 548//548 569//569 547//547
f 658//658 818//818 807//807
f 848//848 800//800 858//858
f 658//658 828//828 818//818
f 858//858 800//800 867//867
f 658//658 807//807 788//788
f 754//754 839//839 849//849
f 789//789 617//617 613//613
f 672//672 819//819 829//829
f 672//672 617//617 789//789
f 655//655 672//672 754//754
f 86//86 231//231 229//229
f 270//270 231//231 205//205
f 144//144 154//154 208//208
f 270//270 272//272 231//231
f 220//220 154//154 86//86
f 231//231 86//86 127//127
f 224//224 268//268 270//270
f 50//50 54//54 154//154
f 579//579 619//619 613//613
f 875//875 804//804 868//868
f 804//804 794//794 868//868
f 794//794 859//859 868//868
f 794//794 849//849 859//859
f 754//754 829//829 839//839
f 672//672 789//789 808//808
f 613//613 677//677 789//789
f 613//613 619//619 647//647
f 619//619 579//579 594//594
f 613//613 647//647 677//677
f 672//672 808//808 819//819
f 570//570 579//579 551//551
f 594//594 579//579 570//570
f 362//362 268//268 354//354
f 268//268 260//260 290//290
f 268//268 224//224 260//260
f 268//268 290//290 354//354
f 231//231 146//146 205//205
f 231//231 127//127 146//146
f 86//86 73//73 80//80
f 86//86 54//54 73//73
f 86//86 80//80 127//127
f 144//144 46//46 50//50
f 144//144 39//39 46//46
f 37//37 191//191 35//35
f 270//270 205//205 224//224
f 197//197 39//39 144//144
f 803//803 696//696 805//805
f 407//407 378//378 420//420
f 407//407 420//420 430//430
f 446//446 454//454 438//438
f 458//458 462//462 446//446
f 438//438 450//450 430//430
f 474//474 478//478 466//466
f 482//482 489//489 474//474
f 509//509 513//513 501//501
f 517//517 521//521 509//509
f 501//501 505//505 493//493
f 466//466 470//470 458//458
f 533//533 537//537 525//525
f 537//537 533//533 557//557
f 554//554 541//541 550//550
f 554//554 550//550 560//560
f 541//541 557//557 533//533
f 574//574 572//572 587//587
f 601//601 587//587 596//596
f 623//623 610//610 617//617
f 645//645 635//635 642//642
f 635//635 623//623 617//617
f 610//610 601//601 596//596
f 572//572 574//574 560//560
f 525//525 529//529 517//517
f 645//645 655//655 663//663
f 683//683 663//663 671//671
f 683//683 681//681 691//691
f 703//703 691//691 697//697
f 681//681 683//683 671//671
f 737//737 736//736 735//735
f 737//737 735//735 734//734
f 749//749 733//733 732//732
f 749//749 732//732 731//731
f 733//733 749//749 734//734
f 736//736 737//737 703//703
f 748//748 730//730 729//729
f 748//748 729//729 728//728
f 748//748 727//727 726//726
f 747//747 726//726 725//725
f 727//727 748//748 728//728
f 747//747 724//724 723//723
f 747//747 723//723 722//722
f 746//746 721//721 720//720
f 746//746 719//719 718//718
f 719//719 746//746 720//720
f 721//721 746//746 722//722
f 724//724 747//747 725//725
f 730//730 749//749 731//731
f 655//655 645//645 642//642
f 623//623 629//629 601//601
f 610//610 623//623 601//601
f 574//574 587//587 601//601
f 623//623 635//635 645//645
f 574//574 583//583 554//554
f 557//557 541//541 554//554
f 407//407 430//430 442//442
f 605//605 583//583 574//574
f 493//493 497//497 482//482
f 623//623 645//645 649//649
f 747//747 748//748 726//726
f 683//683 645//645 663//663
f 703//703 683//683 691//691
f 703//703 739//739 683//683
f 737//737 750//750 703//703
f 734//734 750//750 737//737
f 669//669 645//645 683//683
f 745//745 717//717 716//716
f 554//554 560//560 574//574
f 605//605 615//615 583//583
f 629//629 637//637 605//605
f 645//645 669//669 649//649
f 673//673 649//649 669//669
f 673//673 669//669 693//693
f 683//683 693//693 669//669
f 649//649 644//644 629//629
f 750//750 787//787 739//739
f 785//785 750//750 749//749
f 750//750 734//734 749//749
f 747//747 722//722 746//746
f 747//747 777//777 748//748
f 718//718 717//717 745//745
f 745//745 768//768 769//769
f 746//746 773//773 747//747
f 746//746 718//718 745//745
f 748//748 780//780 781//781
f 749//749 730//730 748//748
f 739//739 753//753 741//741
f 583//583 576//576 557//557
f 715//715 745//745 716//716
f 714//714 745//745 715//715
f 744//744 714//714 713//713
f 744//744 712//712 711//711
f 744//744 711//711 710//710
f 712//712 744//744 713//713
f 743//743 709//709 708//708
f 743//743 708//708 707//707
f 742//742 706//706 705//705
f 742//742 705//705 704//704
f 706//706 743//743 707//707
f 709//709 743//743 710//710
f 702//702 704//704 696//696
f 744//744 710//710 743//743
f 742//742 743//743 706//706
f 702//702 696//696 690//690
f 704//704 702//702 742//742
f 742//742 757//757 743//743
f 738//738 752//752 755//755
f 743//743 761//761 744//744
f 702//702 682//682 738//738
f 682//682 690//690 680//680
f 682//682 680//680 670//670
f 682//682 664//664 692//692
f 702//702 690//690 682//682
f 648//648 664//664 622//622
f 668//668 686//686 700//700
f 670//670 664//664 682//682
f 662//662 664//664 670//670
f 692//692 740//740 738//738
f 714//714 744//744 745//745
f 744//744 764//764 765//765
f 654//654 664//664 662//662
f 641//641 664//664 654//654
f 622//622 634//634 616//616
f 622//622 616//616 609//609
f 634//634 622//622 641//641
f 600//600 595//595 586//586
f 573//573 586//586 571//571
f 553//553 559//559 549//549
f 553//553 549//549 540//540
f 559//559 573//573 571//571
f 595//595 600//600 609//609
f 556//556 532//532 524//524
f 556//556 524//524 516//516
f 508//508 485//485 516//516
f 556//556 553//553 540//540
f 516//516 485//485 556//556
f 485//485 481//481 473//473
f 485//485 465//465 457//457
f 485//485 457//457 445//445
f 429//429 419//419 406//406
f 445//445 437//437 406//406
f 492//492 485//485 500//500
f 556//556 540//540 532//532
f 377//377 365//365 406//406
f 365//365 377//377 361//361
f 365//365 351//351 333//333
f 341//341 333//333 287//287
f 351//351 365//365 361//361
f 277//277 271//271 261//261
f 277//277 261//261 247//247
f 251//251 228//228 219//219
f 227//227 219//219 212//212
f 228//228 251//251 247//247
f 271//271 341//341 287//287
f 227//227 207//207 200//200
f 227//227 200//200 196//196
f 156//156 233//233 190//190
f 156//156 157//157 233//233
f 244//244 196//196 190//190
f 158//158 159//159 234//234
f 159//159 160//160 234//234
f 161//161 162//162 234//234
f 163//163 164//164 235//235
f 235//235 162//162 163//163
f 234//234 160//160 161//161
f 233//233 157//157 158//158
f 207//207 227//227 212//212
f 406//406 419//419 377//377
f 165//165 166//166 235//235
f 166//166 167//167 236//236
f 168//168 169//169 236//236
f 169//169 170//170 236//236
f 236//236 167//167 168//168
f 173//173 237//237 172//172
f 174//174 237//237 173//173
f 176//176 238//238 175//175
f 177//177 238//238 176//176
f 174//174 175//175 238//238
f 237//237 170//170 171//171
f 485//485 473//473 465//465
f 277//277 341//341 271//271
f 553//553 573//573 559//559
f 251//251 277//277 247//247
f 485//485 492//492 481//481
f 573//573 582//582 604//604
f 553//553 556//556 582//582
f 365//365 333//333 341//341
f 600//600 604//604 628//628
f 341//341 368//368 365//365
f 179//179 239//239 178//178
f 180//180 239//239 179//179
f 178//178 238//238 177//177
f 346//346 368//368 341//341
f 171//171 172//172 237//237
f 181//181 239//239 180//180
f 251//251 285//285 277//277
f 235//235 164//164 165//165
f 251//251 219//219 227//227
f 227//227 266//266 251//251
f 573//573 600//600 586//586
f 600//600 622//622 609//609
f 182//182 183//183 240//240
f 183//183 184//184 240//240
f 185//185 186//186 240//240
f 186//186 187//187 241//241
f 240//240 184//184 185//185
f 188//188 209//209 241//241
f 209//209 188//188 191//191
f 217//217 197//197 201//201
f 217//217 201//201 208//208
f 197//197 209//209 191//191
f 241//241 187//187 188//188
f 217//217 213//213 220//220
f 220//220 229//229 286//286
f 286//286 229//229 248//248
f 217//217 208//208 213//213
f 217//217 250//250 245//245
f 347//347 248//248 262//262
f 217//217 209//209 197//197
f 262//262 272//272 347//347
f 272//272 288//288 369//369
f 334//334 352//352 390//390
f 362//362 378//378 407//407
f 390//390 352//352 362//362
f 369//369 288//288 334//334
f 220//220 267//267 217//217
f 181//181 182//182 239//239
f 227//227 196//196 249//249
f 664//664 641//641 622//622
f 664//664 648//648 668//668
f 434//434 407//407 442//442
f 537//537 557//557 545//545
f 576//576 583//583 591//591
f 545//545 557//557 566//566
f 615//615 605//605 621//621
f 637//637 629//629 644//644
f 673//673 657//657 644//644
f 649//649 673//673 644//644
f 591//591 583//583 599//599
f 628//628 608//608 643//643
f 673//673 693//693 741//741
f 747//747 774//774 775//775
f 622//622 628//628 648//648
f 673//673 675//675 666//666
f 673//673 687//687 675//675
f 666//666 657//657 673//673
f 628//628 643//643 656//656
f 582//582 584//584 608//608
f 584//584 582//582 556//556
f 504//504 512//512 485//485
f 584//584 598//598 614//614
f 584//584 556//556 565//565
f 608//608 628//628 604//604
f 536//536 556//556 528//528
f 673//673 701//701 687//687
f 673//673 741//741 701//701
f 787//787 750//750 786//786
f 786//786 750//750 785//785
f 784//784 749//749 783//783
f 783//783 749//749 782//782
f 779//779 748//748 778//778
f 780//780 748//748 779//779
f 782//782 749//749 781//781
f 785//785 749//749 784//784
f 434//434 426//426 407//407
f 777//777 747//747 776//776
f 776//776 747//747 775//775
f 773//773 746//746 772//772
f 772//772 746//746 771//771
f 774//774 747//747 773//773
f 770//770 746//746 769//769
f 767//767 745//745 766//766
f 766//766 745//745 765//765
f 768//768 745//745 767//767
f 771//771 746//746 770//770
f 764//764 744//744 763//763
f 763//763 744//744 762//762
f 761//761 743//743 760//760
f 760//760 743//743 759//759
f 762//762 744//744 761//761
f 757//757 742//742 756//756
f 740//740 692//692 700//700
f 756//756 742//742 755//755
f 759//759 743//743 758//758
f 686//686 668//668 674//674
f 674//674 668//668 665//665
f 648//648 656//656 665//665
f 668//668 648//648 665//665
f 608//608 620//620 636//636
f 608//608 614//614 620//620
f 584//584 590//590 598//598
f 584//584 575//575 590//590
f 608//608 636//636 643//643
f 556//556 544//544 565//565
f 556//556 536//536 544//544
f 520//520 485//485 512//512
f 485//485 520//520 556//556
f 485//485 496//496 504//504
f 485//485 488//488 496//496
f 485//485 469//469 477//477
f 453//453 406//406 449//449
f 485//485 453//453 461//461
f 485//485 477//477 488//488
f 485//485 508//508 500//500
f 584//584 565//565 575//575
f 449//449 406//406 441//441
f 422//422 389//389 393//393
f 393//393 389//389 368//368
f 389//389 422//422 425//425
f 429//429 406//406 437//437
f 398//398 393//393 372//372
f 453//453 485//485 406//406
f 368//368 346//346 393//393
f 372//372 346//346 285//285
f 329//329 285//285 266//266
f 283//283 329//329 249//249
f 372//372 285//285 329//329
f 372//372 329//329 366//366
f 227//227 249//249 266//266
f 406//406 433//433 441//441
f 406//406 425//425 433//433
f 393//393 410//410 414//414
f 393//393 400//400 410//410
f 393//393 414//414 422//422
f 372//372 387//387 398//398
f 372//372 380//380 387//387
f 329//329 356//356 366//366
f 329//329 344//344 348//348
f 329//329 348//348 356//356
f 372//372 366//366 380//380
f 393//393 398//398 400//400
f 344//344 329//329 283//283
f 274//274 244//244 233//233
f 233//233 234//234 296//296
f 158//158 234//234 233//233
f 166//166 236//236 235//235
f 235//235 236//236 304//304
f 236//236 237//237 308//308
f 170//170 237//237 236//236
f 300//300 234//234 235//235
f 162//162 235//235 234//234
f 178//178 239//239 238//238
f 239//239 240//240 320//320
f 240//240 241//241 324//324
f 182//182 240//240 239//239
f 276//276 241//241 245//245
f 250//250 284//284 245//245
f 276//276 326//326 241//241
f 186//186 241//241 240//240
f 316//316 238//238 239//239
f 174//174 238//238 237//237
f 267//267 330//330 250//250
f 276//276 284//284 332//332
f 283//283 274//274 327//327
f 296//296 274//274 233//233
f 344//344 283//283 337//337
f 312//312 237//237 238//238
f 274//274 283//283 244//244
f 330//330 349//349 284//284
f 248//248 347//347 286//286
f 373//373 286//286 347//347
f 373//373 347//347 369//369
f 272//272 369//369 347//347
f 390//390 411//411 369//369
f 330//330 373//373 367//367
f 362//362 407//407 390//390
f 407//407 426//426 390//390
f 373//373 369//369 411//411
f 330//330 286//286 373//373
f 330//330 267//267 286//286
f 334//334 390//390 369//369
f 337//337 283//283 331//331
f 220//220 286//286 267//267
f 283//283 249//249 244//244
f 217//217 267//267 250//250
f 196//196 244//244 249//249
f 283//283 327//327 331//331
f 274//274 294//294 327//327
f 274//274 296//296 295//295
f 234//234 297//297 296//296
f 274//274 295//295 294//294
f 234//234 299//299 298//298
f 234//234 300//300 299//299
f 235//235 302//302 301//301
f 235//235 303//303 302//302
f 235//235 301//301 300//300
f 234//234 298//298 297//297
f 236//236 305//305 304//304
f 236//236 306//306 305//305
f 236//236 308//308 307//307
f 237//237 309//309 308//308
f 236//236 307//307 306//306
f 237//237 311//311 310//310
f 237//237 312//312 311//311
f 238//238 314//314 313//313
f 238//238 316//316 315//315
f 238//238 315//315 314//314
f 238//238 313//313 312//312
f 237//237 310//310 309//309
f 235//235 304//304 303//303
f 239//239 318//318 317//317
f 239//239 319//319 318//318
f 240//240 321//321 320//320
f 240//240 322//322 321//321
f 239//239 320//320 319//319
f 240//240 324//324 323//323
f 241//241 325//325 324//324
f 276//276 328//328 326//326
f 276//276 332//332 328//328
f 241//241 326//326 325//325
f 240//240 323//323 322//322
f 284//284 345//345 338//338
f 330//330 367//367 357//357
f 373//373 381//381 367//367
f 330//330 357//357 349//349
f 373//373 399//399 388//388
f 373//373 401//401 399//399
f 390//390 415//415 411//411
f 390//390 423//423 415//415
f 373//373 411//411 401//401
f 373//373 388//388 381//381
f 284//284 338//338 332//332
f 239//239 317//317 316//316
f 485//485 461//461 469//469
f 42//42 35//35 33//33
f 44//44 37//37 35//35
f 46//46 39//39 48//48
f 56//56 54//54 50//50
f 50//50 46//46 51//51
f 39//39 37//37 48//48
f 76//76 80//80 73//73
f 146//146 127//127 203//203
f 127//127 80//80 76//76
f 273//273 224//224 205//205
f 290//290 260//260 273//273
f 260//260 224//224 273//273
f 205//205 146//146 222//222
f 73//73 54//54 76//76
f 379//379 354//354 360//360
f 408//408 431//431 421//421
f 421//421 379//379 386//386
f 408//408 447//447 439//439
f 467//467 459//459 486//486
f 447//447 486//486 459//459
f 439//439 431//431 408//408
f 486//486 483//483 475//475
f 486//486 502//502 494//494
f 494//494 483//483 486//486
f 486//486 518//518 510//510
f 534//534 526//526 558//558
f 518//518 558//558 526//526
f 510//510 502//502 486//486
f 467//467 486//486 475//475
f 354//354 290//290 336//336
f 558//558 551//551 542//542
f 570//570 551//551 581//581
f 625//625 619//619 594//594
f 679//679 677//677 647//647
f 647//647 619//619 625//625
f 594//594 570//570 625//625
f 791//791 808//808 789//789
f 829//829 819//819 831//831
f 819//819 808//808 821//821
f 851//851 849//849 839//839
f 861//861 868//868 859//859
f 859//859 849//849 861//861
f 839//839 829//829 831//831
f 789//789 677//677 679//679
f 884//884 875//875 886//886
f 933//933 923//923 924//924
f 924//924 884//884 886//886
f 932//932 921//921 922//922
f 932//932 919//919 920//920
f 920//920 921//921 932//932
f 922//922 923//923 933//933
f 931//931 917//917 918//918
f 931//931 915//915 916//916
f 916//916 917//917 931//931
f 930//930 913//913 914//914
f 930//930 911//911 912//912
f 912//912 913//913 930//930
f 914//914 915//915 931//931
f 918//918 919//919 932//932
f 875//875 868//868 877//877
f 534//534 558//558 542//542
f 51//51 48//48 71//71
f 44//44 48//48 37//37
f 51//51 56//56 50//50
f 44//44 42//42 68//68
f 83//83 42//42 65//65
f 44//44 68//68 48//48
f 85//85 71//71 68//68
f 42//42 83//83 68//68
f 65//65 42//42 33//33
f 127//127 76//76 203//203
f 56//56 88//88 76//76
f 76//76 54//54 56//56
f 360//360 336//336 371//371
f 336//336 273//273 343//343
f 408//408 421//421 386//386
f 386//386 360//360 392//392
f 486//486 558//558 518//518
f 51//51 75//75 56//56
f 75//75 71//71 130//130
f 647//647 625//625 679//679
f 56//56 78//78 88//88
f 78//78 140//140 148//148
f 76//76 135//135 150//150
f 215//215 150//150 135//135
f 135//135 88//88 199//199
f 76//76 88//88 135//135
f 265//265 222//222 203//203
f 273//273 253//253 281//281
f 292//292 281//281 253//253
f 222//222 265//265 292//292
f 205//205 253//253 273//273
f 203//203 150//150 215//215
f 76//76 150//150 203//203
f 413//413 371//371 343//343
f 392//392 413//413 408//408
f 392//392 371//371 413//413
f 506//506 486//486 498//498
f 625//625 581//581 603//603
f 607//607 603//603 581//581
f 581//581 558//558 562//562
f 570//570 581//581 625//625
f 408//408 435//435 443//443
f 408//408 486//486 447//447
f 343//343 281//281 292//292
f 273//273 281//281 343//343
f 140//140 78//78 75//75
f 631//631 625//625 603//603
f 791//791 821//821 808//808
f 791//791 679//679 796//796
f 831//831 841//841 839//839
f 831//831 821//821 833//833
f 812//812 821//821 791//791
f 831//831 833//833 843//843
f 633//633 653//653 631//631
f 853//853 851//851 841//841
f 841//841 851//851 839//839
f 861//861 851//851 863//863
f 653//653 679//679 625//625
f 653//653 625//625 631//631
f 930//930 914//914 931//931
f 929//929 908//908 909//909
f 909//909 910//910 929//929
f 933//933 924//924 886//886
f 861//861 870//870 877//877
f 929//929 906//906 907//907
f 929//929 907//907 908//908
f 886//886 877//877 888//888
f 868//868 861//861 877//877
f 685//685 679//679 653//653
f 695//695 796//796 685//685
f 821//821 812//812 823//823
f 825//825 823//823 812//812
f 812//812 796//796 825//825
f 791//791 796//796 812//812
f 844//844 843//843 833//833
f 855//855 863//863 853//853
f 843//843 844//844 855//855
f 833//833 823//823 835//835
f 877//877 870//870 879//879
f 871//871 879//879 870//870
f 933//933 888//888 966//966
f 888//888 879//879 871//871
f 932//932 931//931 918//918
f 960//960 931//931 932//932
f 910//910 930//930 929//929
f 929//929 930//930 952//952
f 930//930 931//931 956//956
f 911//911 930//930 910//910
f 932//932 933//933 964//964
f 933//933 932//932 922//922
f 870//870 863//863 871//871
f 861//861 863//863 870//870
f 685//685 653//653 695//695
f 928//928 906//906 929//929
f 603//603 607//607 633//633
f 42//42 44//44 35//35
f 928//928 904//904 905//905
f 928//928 903//903 904//904
f 927//927 901//901 902//902
f 927//927 899//899 900//900
f 900//900 901//901 927//927
f 902//902 903//903 928//928
f 926//926 897//897 898//898
f 926//926 895//895 896//896
f 896//896 897//897 926//926
f 925//925 893//893 894//894
f 885//885 883//883 892//892
f 892//892 893//893 925//925
f 894//894 895//895 926//926
f 898//898 899//899 927//927
f 876//876 867//867 874//874
f 860//860 848//848 858//858
f 858//858 867//867 860//860
f 828//828 838//838 840//840
f 807//807 818//818 820//820
f 818//818 828//828 830//830
f 838//838 848//848 850//850
f 676//676 788//788 678//678
f 624//624 618//618 646//646
f 646//646 676//676 650//650
f 597//597 569//569 593//593
f 552//552 539//539 547//547
f 547//547 569//569 552//552
f 593//593 618//618 597//597
f 788//788 807//807 790//790
f 874//874 883//883 885//885
f 555//555 523//523 531//531
f 555//555 484//484 515//515
f 499//499 507//507 484//484
f 480//480 484//484 472//472
f 484//484 480//480 491//491
f 515//515 484//484 507//507
f 484//484 444//444 456//456
f 436//436 444//444 405//405
f 444//444 484//484 405//405
f 418//418 405//405 375//375
f 359//359 353//353 375//375
f 375//375 405//405 359//359
f 436//436 405//405 428//428
f 456//456 464//464 484//484
f 335//335 259//259 289//289
f 204//204 223//223 216//216
f 223//223 259//259 246//246
f 189//189 126//126 145//145
f 89//89 72//72 79//79
f 79//79 126//126 89//89
f 145//145 204//204 216//216
f 69//69 49//49 53//53
f 47//47 38//38 45//45
f 45//45 49//49 55//55
f 34//34 36//36 41//41
f 40//40 2//2 1//1
f 1//1 34//34 40//40
f 36//36 38//38 47//47
f 53//53 72//72 69//69
f 289//289 353//353 335//335
f 531//531 539//539 555//555
f 246//246 259//259 335//335
f 216//216 252//252 221//221
f 189//189 145//145 216//216
f 860//860 850//850 848//848
f 876//876 885//885 887//887
f 246//246 335//335 342//342
f 359//359 391//391 370//370
f 860//860 876//876 869//869
f 876//876 860//860 867//867
f 353//353 359//359 335//335
f 216//216 246//246 252//252
f 89//89 69//69 72//72
f 89//89 141//141 149//149
f 41//41 40//40 34//34
f 41//41 43//43 66//66
f 49//49 69//69 55//55
f 69//69 87//87 77//77
f 134//134 69//69 89//89
f 55//55 74//74 47//47
f 55//55 47//47 45//45
f 202//202 141//141 189//189
f 43//43 36//36 47//47
f 141//141 126//126 189//189
f 67//67 43//43 47//47
f 842//842 840//840 852//852
f 926//926 898//898 927//927
f 830//830 840//840 842//842
f 894//894 926//926 925//925
f 850//850 840//840 838//838
f 892//892 925//925 885//885
f 926//926 927//927 940//940
f 860//860 862//862 850//850
f 889//889 887//887 925//925
f 925//925 926//926 936//936
f 927//927 928//928 944//944
f 820//820 830//830 832//832
f 810//810 820//820 822//822
f 678//678 790//790 795//795
f 790//790 810//810 811//811
f 618//618 624//624 597//597
f 650//650 678//678 684//684
f 539//539 552//552 555//555
f 602//602 597//597 630//630
f 552//552 597//597 580//580
f 552//552 569//569 597//597
f 650//650 652//652 624//624
f 646//646 650//650 624//624
f 472//472 484//484 464//464
f 927//927 902//902 928//928
f 41//41 66//66 57//57
f 3//3 58//58 4//4
f 5//5 58//58 6//6
f 58//58 5//5 4//4
f 7//7 59//59 8//8
f 9//9 59//59 10//10
f 59//59 9//9 8//8
f 58//58 7//7 6//6
f 11//11 60//60 12//12
f 13//13 60//60 14//14
f 60//60 13//13 12//12
f 15//15 61//61 16//16
f 17//17 61//61 18//18
f 61//61 17//17 16//16
f 60//60 15//15 14//14
f 59//59 11//11 10//10
f 19//19 62//62 20//20
f 21//21 62//62 22//22
f 62//62 21//21 20//20
f 63//63 24//24 23//23
f 23//23 22//22 62//62
f 24//24 63//63 25//25
f 26//26 25//25 63//63
f 18//18 61//61 19//19
f 26//26 63//63 27//27
f 28//28 64//64 29//29
f 64//64 28//28 27//27
f 30//30 64//64 31//31
f 32//32 65//65 33//33
f 65//65 32//32 31//31
f 64//64 30//30 29//29
f 40//40 57//57 2//2
f 57//57 3//3 2//2
f 928//928 905//905 906//906
f 928//928 929//929 948//948
f 137//137 130//130 85//85
f 85//85 130//130 71//71
f 83//83 125//125 85//85
f 83//83 123//123 125//125
f 85//85 132//132 137//137
f 85//85 125//125 132//132
f 123//123 83//83 65//65
f 143//143 130//130 137//137
f 140//140 152//152 148//148
f 265//265 215//215 255//255
f 292//292 265//265 279//279
f 199//199 148//148 211//211
f 292//292 385//385 343//343
f 385//385 413//413 343//343
f 140//140 143//143 152//152
f 215//215 199//199 211//211
f 143//143 140//140 130//130
f 215//215 265//265 203//203
f 148//148 152//152 194//194
f 215//215 211//211 226//226
f 265//265 255//255 279//279
f 292//292 340//340 364//364
f 292//292 279//279 340//340
f 215//215 226//226 255//255
f 413//413 385//385 403//403
f 413//413 417//417 427//427
f 413//413 403//403 417//417
f 408//408 443//443 451//451
f 455//455 463//463 486//486
f 408//408 451//451 455//455
f 427//427 435//435 408//408
f 292//292 364//364 385//385
f 486//486 463//463 471//471
f 880//880 869//869 878//878
f 869//869 864//864 862//862
f 860//860 869//869 862//862
f 871//871 863//863 855//855
f 880//880 872//872 864//864
f 880//880 878//878 889//889
f 695//695 653//653 633//633
f 880//880 864//864 869//869
f 854//854 842//842 852//852
f 822//822 832//832 834//834
f 834//834 832//832 842//842
f 864//864 865//865 854//854
f 811//811 822//822 824//824
f 795//795 811//811 814//814
f 834//834 842//842 854//854
f 854//854 852//852 864//864
f 889//889 881//881 880//880
f 408//408 455//455 486//486
f 825//825 796//796 695//695
f 607//607 612//612 633//633
f 479//479 490//490 486//486
f 479//479 486//486 471//471
f 498//498 486//486 490//490
f 486//486 514//514 522//522
f 486//486 506//506 514//514
f 661//661 695//695 633//633
f 834//834 854//854 845//845
f 954//954 930//930 955//955
f 824//824 834//834 836//836
f 871//871 855//855 866//866
f 825//825 695//695 817//817
f 871//871 891//891 888//888
f 846//846 855//855 844//844
f 835//835 825//825 837//837
f 835//835 837//837 844//844
f 814//814 824//824 826//826
f 522//522 530//530 558//558
f 589//589 607//607 562//562
f 581//581 562//562 607//607
f 83//83 85//85 68//68
f 530//530 538//538 558//558
f 538//538 546//546 558//558
f 558//558 546//546 562//562
f 562//562 568//568 589//589
f 562//562 546//546 568//568
f 558//558 486//486 522//522
f 633//633 612//612 639//639
f 695//695 661//661 699//699
f 633//633 639//639 661//661
f 825//825 817//817 827//827
f 695//695 699//699 799//799
f 607//607 589//589 612//612
f 855//855 846//846 857//857
f 871//871 866//866 873//873
f 855//855 857//857 866//866
f 871//871 882//882 891//891
f 966//966 965//965 933//933
f 871//871 873//873 882//882
f 964//964 963//963 932//932
f 962//962 961//961 932//932
f 963//963 962//962 932//932
f 960//960 959//959 931//931
f 958//958 957//957 931//931
f 959//959 958//958 931//931
f 961//961 960//960 932//932
f 965//965 964//964 933//933
f 844//844 837//837 846//846
f 954//954 953//953 930//930
f 951//951 950//950 929//929
f 950//950 949//949 929//929
f 952//952 951//951 929//929
f 947//947 946//946 928//928
f 946//946 945//945 928//928
f 943//943 942//942 927//927
f 942//942 941//941 927//927
f 944//944 943//943 927//927
f 948//948 947//947 928//928
f 939//939 938//938 926//926
f 938//938 937//937 926//926
f 934//934 925//925 935//935
f 889//889 934//934 890//890
f 936//936 935//935 925//925
f 880//880 881//881 872//872
f 854//854 865//865 856//856
f 864//864 872//872 865//865
f 834//834 845//845 836//836
f 854//854 856//856 845//845
f 889//889 890//890 881//881
f 940//940 939//939 926//926
f 957//957 956//956 931//931
f 797//797 814//814 816//816
f 652//652 684//684 694//694
f 632//632 630//630 659//659
f 694//694 797//797 798//798
f 580//580 602//602 606//606
f 630//630 632//632 602//602
f 797//797 694//694 684//684
f 552//552 580//580 555//555
f 555//555 580//580 585//585
f 468//468 484//484 476//476
f 405//405 424//424 412//412
f 503//503 484//484 511//511
f 543//543 535//535 555//555
f 397//397 370//370 412//412
f 246//246 342//342 280//280
f 342//342 374//374 280//280
f 370//370 397//397 342//342
f 335//335 370//370 342//342
f 597//597 602//602 580//580
f 632//632 638//638 611//611
f 585//585 606//606 611//611
f 659//659 694//694 698//698
f 659//659 638//638 632//632
f 632//632 611//611 606//606
f 659//659 660//660 638//638
f 543//543 555//555 561//561
f 397//397 402//402 374//374
f 350//350 374//374 384//384
f 563//563 543//543 561//561
f 416//416 397//397 412//412
f 440//440 405//405 448//448
f 588//588 563//563 561//561
f 339//339 291//291 350//350
f 280//280 350//350 252//252
f 264//264 221//221 291//291
f 149//149 202//202 232//232
f 221//221 264//264 202//202
f 69//69 134//134 87//87
f 147//147 87//87 198//198
f 55//55 77//77 74//74
f 77//77 139//139 74//74
f 139//139 77//77 147//147
f 198//198 134//134 214//214
f 89//89 149//149 134//134
f 70//70 90//90 67//67
f 81//81 57//57 82//82
f 66//66 67//67 84//84
f 59//59 58//58 97//97
f 59//59 7//7 58//58
f 61//61 60//60 105//105
f 61//61 15//15 60//60
f 11//11 59//59 60//60
f 60//60 59//59 101//101
f 3//3 57//57 58//58
f 58//58 57//57 93//93
f 74//74 129//129 70//70
f 47//47 74//74 70//70
f 147//147 151//151 139//139
f 147//147 198//198 193//193
f 254//254 232//232 264//264
f 210//210 198//198 214//214
f 214//214 232//232 254//254
f 291//291 278//278 264//264
f 139//139 142//142 129//129
f 63//63 62//62 113//113
f 63//63 23//23 62//62
f 64//64 121//121 31//31
f 121//121 65//65 31//31
f 27//27 63//63 64//64
f 64//64 63//63 117//117
f 129//129 142//142 90//90
f 82//82 124//124 81//81
f 62//62 19//19 61//61
f 82//82 84//84 131//131
f 57//57 81//81 92//92
f 90//90 136//136 84//84
f 62//62 61//61 109//109
f 527//527 555//555 535//535
f 519//519 555//555 527//527
f 519//519 511//511 484//484
f 484//484 555//555 519//519
f 484//484 495//495 487//487
f 484//484 491//491 499//499
f 495//495 484//484 503//503
f 484//484 468//468 460//460
f 448//448 405//405 452//452
f 452//452 484//484 460//460
f 405//405 484//484 452//452
f 405//405 432//432 424//424
f 405//405 418//418 428//428
f 440//440 432//432 405//405
f 484//484 487//487 476//476
f 397//397 416//416 402//402
f 350//350 384//384 363//363
f 374//374 402//402 384//384
f 291//291 339//339 278//278
f 264//264 278//278 254//254
f 350//350 363//363 339//339
f 198//198 210//210 193//193
f 139//139 151//151 142//142
f 147//147 193//193 151//151
f 84//84 136//136 131//131
f 81//81 124//124 91//91
f 90//90 142//142 136//136
f 214//214 225//225 210//210
f 412//412 424//424 416//416
f 58//58 94//94 95//95
f 58//58 93//93 94//94
f 59//59 98//98 99//99
f 59//59 97//97 98//98
f 58//58 95//95 96//96
f 60//60 102//102 103//103
f 60//60 101//101 102//102
f 61//61 106//106 107//107
f 61//61 105//105 106//106
f 60//60 103//103 104//104
f 59//59 99//99 100//100
f 62//62 110//110 111//111
f 62//62 109//109 110//110
f 63//63 114//114 115//115
f 63//63 113//113 114//114
f 62//62 111//111 112//112
f 64//64 118//118 119//119
f 64//64 117//117 118//118
f 64//64 120//120 121//121
f 65//65 122//122 123//123
f 65//65 121//121 122//122
f 64//64 119//119 120//120
f 63//63 115//115 116//116
f 61//61 107//107 108//108
f 81//81 91//91 92//92
f 324//324 122//122 121//121
f 322//322 120//120 119//119
f 321//321 119//119 118//118
f 323//323 121//121 120//120
f 319//319 117//117 116//116
f 318//318 116//116 115//115
f 316//316 114//114 113//113
f 315//315 113//113 112//112
f 317//317 115//115 114//114
f 320//320 118//118 117//117
f 313//313 111//111 110//110
f 311//311 109//109 108//108
f 310//310 108//108 107//107
f 312//312 110//110 109//109
f 308//308 106//106 105//105
f 307//307 105//105 104//104
f 305//305 103//103 102//102
f 304//304 102//102 101//101
f 306//306 104//104 103//103
f 309//309 107//107 106//106
f 314//314 112//112 111//111
f 302//302 100//100 99//99
f 300//300 98//98 97//97
f 299//299 97//97 96//96
f 301//301 99//99 98//98
f 297//297 95//95 94//94
f 296//296 94//94 93//93
f 155//155 124//124 257//257
f 295//295 93//93 92//92
f 298//298 96//96 95//95
f 348//348 275//275 282//282
f 303//303 101//101 100//100
f 425//425 416//416 424//424
f 433//433 424//424 432//432
f 449//449 440//440 448//448
f 453//453 448//448 452//452
f 469//469 460//460 468//468
f 477//477 468//468 476//476
f 461//461 452//452 460//460
f 441//441 432//432 440//440
f 263//263 136//136 142//142
f 242//242 282//282 193//193
f 282//282 151//151 193//193
f 496//496 487//487 495//495
f 512//512 503//503 511//511
f 488//488 476//476 487//487
f 339//339 363//363 395//395
f 404//404 363//363 384//384
f 395//395 410//410 400//400
f 504//504 495//495 503//503
f 528//528 519//519 527//527
f 544//544 535//535 543//543
f 536//536 527//527 535//535
f 656//656 688//688 751//751
f 688//688 826//826 836//836
f 520//520 511//511 519//519
f 325//325 123//123 122//122
f 757//757 935//935 936//936
f 758//758 936//936 937//937
f 847//847 935//935 756//756
f 760//760 938//938 939//939
f 761//761 939//939 940//940
f 763//763 941//941 942//942
f 764//764 942//942 943//943
f 762//762 940//940 941//941
f 759//759 937//937 938//938
f 766//766 944//944 945//945
f 768//768 946//946 947//947
f 769//769 947//947 948//948
f 767//767 945//945 946//946
f 771//771 949//949 950//950
f 773//773 951//951 952//952
f 775//775 953//953 954//954
f 776//776 954//954 955//955
f 774//774 952//952 953//953
f 770//770 948//948 949//949
f 765//765 943//943 944//944
f 778//778 956//956 957//957
f 780//780 958//958 959//959
f 781//781 959//959 960//960
f 779//779 957//957 958//958
f 783//783 961//961 962//962
f 784//784 962//962 963//963
f 786//786 964//964 965//965
f 787//787 965//965 966//966
f 785//785 963//963 964//964
f 782//782 960//960 961//961
f 644//644 689//689 667//667
f 675//675 801//801 793//793
f 777//777 955//955 956//956
f 576//576 592//592 577//577
f 537//537 546//546 538//538
f 529//529 538//538 530//530
f 513//513 522//522 514//514
f 505//505 514//514 506//506
f 521//521 530//530 522//522
f 817//817 799//799 651//651
f 793//793 857//857 846//846
f 667//667 827//827 817//817
f 489//489 498//498 490//490
f 478//478 490//490 479//479
f 577//577 612//612 589//589
f 497//497 506//506 498//498
f 470//470 479//479 471//471
f 462//462 471//471 463//463
f 450//450 455//455 451//451
f 442//442 451//451 443//443
f 454//454 463//463 455//455
f 426//426 435//435 427//427
f 415//415 394//394 411//411
f 434//434 443//443 435//435
f 401//401 396//396 383//383
f 567//567 577//577 589//589
f 772//772 950//950 951//951
f 815//815 847//847 755//755
f 564//564 544//544 543//543
f 751//751 845//845 792//792
f 813//813 890//890 815//815
f 396//396 364//364 340//340
f 396//396 411//411 394//394
f 258//258 123//123 326//326
f 186//186 32//32 187//187
f 184//184 30//30 185//185
f 183//183 29//29 184//184
f 185//185 31//31 186//186
f 181//181 27//27 182//182
f 180//180 26//26 181//181
f 178//178 24//24 179//179
f 177//177 23//23 178//178
f 179//179 25//25 180//180
f 182//182 28//28 183//183
f 175//175 21//21 176//176
f 173//173 19//19 174//174
f 172//172 18//18 173//173
f 174//174 20//20 175//175
f 170//170 16//16 171//171
f 169//169 15//15 170//170
f 167//167 13//13 168//168
f 166//166 12//12 167//167
f 168//168 14//14 169//169
f 171//171 17//17 172//172
f 176//176 22//22 177//177
f 164//164 10//10 165//165
f 162//162 8//8 163//163
f 161//161 7//7 162//162
f 163//163 9//9 164//164
f 159//159 5//5 160//160
f 158//158 4//4 159//159
f 128//128 34//34 52//52
f 157//157 3//3 158//158
f 160//160 6//6 161//161
f 200//200 133//133 196//196
f 228//228 192//192 219//219
f 247//247 206//206 228//228
f 261//261 218//218 247//247
f 219//219 153//153 212//212
f 165//165 11//11 166//166
f 269//269 333//333 293//293
f 293//293 223//223 269//269
f 377//377 358//358 361//361
f 429//429 418//418 419//419
f 445//445 436//436 437//437
f 457//457 444//444 445//445
f 437//437 428//428 429//429
f 138//138 38//38 133//133
f 192//192 53//53 153//153
f 206//206 72//72 192//192
f 153//153 49//49 138//138
f 376//376 353//353 358//358
f 256//256 204//204 145//145
f 230//230 126//126 218//218
f 358//358 289//289 293//293
f 218//218 79//79 206//206
f 133//133 36//36 128//128
f 465//465 456//456 457//457
f 473//473 464//464 465//465
f 500//500 491//491 492//492
f 508//508 499//499 500//500
f 481//481 472//472 473//473
f 524//524 515//515 516//516
f 532//532 523//523 524//524
f 540//540 531//531 532//532
f 516//516 507//507 508//508
f 838//838 828//828 654//654
f 646//646 618//618 578//578
f 492//492 480//480 481//481
f 204//204 256//256 269//269
f 187//187 33//33 188//188
f 802//802 800//800 680//680
f 803//803 802//802 690//690
f 705//705 892//892 704//704
f 706//706 893//893 705//705
f 708//708 895//895 707//707
f 709//709 896//896 708//708
f 707//707 894//894 706//706
f 711//711 898//898 710//710
f 713//713 900//900 712//712
f 714//714 901//901 713//713
f 712//712 899//899 711//711
f 716//716 903//903 715//715
f 717//717 904//904 716//716
f 719//719 906//906 718//718
f 721//721 908//908 720//720
f 718//718 905//905 717//717
f 715//715 902//902 714//714
f 710//710 897//897 709//709
f 723//723 910//910 722//722
f 725//725 912//912 724//724
f 726//726 913//913 725//725
f 724//724 911//911 723//723
f 728//728 915//915 727//727
f 729//729 916//916 728//728
f 731//731 918//918 730//730
f 732//732 919//919 731//731
f 730//730 917//917 729//729
f 727//727 914//914 726//726
f 734//734 921//921 733//733
f 736//736 923//923 735//735
f 806//806 884//884 924//924
f 735//735 922//922 734//734
f 663//663 794//794 671//671
f 733//733 920//920 732//732
f 722//722 909//909 721//721
f 541//541 551//551 550//550
f 533//533 542//542 541//541
f 804//804 884//884 806//806
f 525//525 534//534 533//533
f 517//517 526//526 525//525
f 509//509 518//518 517//517
f 501//501 510//510 509//509
f 482//482 494//494 493//493
f 474//474 483//483 482//482
f 493//493 502//502 501//501
f 466//466 475//475 474//474
f 720//720 907//907 719//719
f 458//458 467//467 466//466
f 438//438 447//447 446//446
f 430//430 439//439 438//438
f 446//446 459//459 458//458
f 378//378 421//421 420//420
f 354//354 379//379 378//378
f 420//420 431//431 430//430
f 37//37 39//39 197//197
f 188//188 35//35 191//191
f 874//874 867//867 802//802
f 803//803 883//883 874//874
f 892//892 805//805 704//704
f 800//800 802//802 867//867
f 754//754 849//849 794//794
f 672//672 829//829 754//754
f 154//154 54//54 86//86
f 268//268 334//334 270//270
f 50//50 154//154 144//144
f 454//454 450//450 438//438
f 462//462 454//454 446//446
f 450//450 442//442 430//430
f 478//478 470//470 466//466
f 489//489 478//478 474//474
f 513//513 505//505 501//501
f 521//521 513//513 509//509
f 505//505 497//497 493//493
f 470//470 462//462 458//458
f 537//537 529//529 525//525
f 529//529 521//521 517//517
f 736//736 703//703 697//697
f 629//629 605//605 601//601
f 583//583 557//557 554//554
f 605//605 574//574 601//601
f 497//497 489//489 482//482
f 623//623 649//649 629//629
f 739//739 693//693 683//683
f 750//750 739//739 703//703
f 615//615 599//599 583//583
f 637//637 621//621 605//605
f 787//787 753//753 739//739
f 777//777 778//778 748//748
f 745//745 769//769 746//746
f 748//748 781//781 749//749
f 739//739 741//741 693//693
f 576//576 566//566 557//557
f 702//702 738//738 742//742
f 757//757 758//758 743//743
f 738//738 755//755 742//742
f 682//682 692//692 738//738
f 664//664 668//668 692//692
f 668//668 700//700 692//692
f 740//740 752//752 738//738
f 744//744 765//765 745//745
f 485//485 445//445 406//406
f 365//365 389//389 406//406
f 233//233 244//244 190//190
f 573//573 604//604 600//600
f 553//553 582//582 573//573
f 600//600 628//628 622//622
f 368//368 389//389 365//365
f 346//346 341//341 277//277
f 285//285 346//346 277//277
f 266//266 285//285 251//251
f 209//209 245//245 241//241
f 217//217 245//245 209//209
f 628//628 656//656 648//648
f 582//582 608//608 604//604
f 584//584 614//614 608//608
f 520//520 528//528 556//556
f 389//389 425//425 406//406
f 346//346 372//372 393//393
f 329//329 266//266 249//249
f 284//284 276//276 245//245
f 330//330 284//284 250//250
f 349//349 345//345 284//284
f 426//426 423//423 390//390
f 46//46 48//48 51//51
f 146//146 203//203 222//222
f 290//290 273//273 336//336
f 205//205 222//222 253//253
f 379//379 360//360 386//386
f 354//354 336//336 360//360
f 551//551 558//558 581//581
f 819//819 821//821 831//831
f 849//849 851//851 861//861
f 789//789 679//679 791//791
f 875//875 877//877 886//886
f 51//51 71//71 75//75
f 68//68 71//71 48//48
f 360//360 371//371 392//392
f 336//336 343//343 371//371
f 386//386 392//392 408//408
f 75//75 78//78 56//56
f 78//78 148//148 88//88
f 215//215 135//135 199//199
f 88//88 148//148 199//199
f 222//222 292//292 253//253
f 413//413 427//427 408//408
f 140//140 75//75 130//130
f 679//679 685//685 796//796
f 821//821 823//823 833//833
f 831//831 843//843 841//841
f 853//853 841//841 843//843
f 851//851 853//853 863//863
f 933//933 886//886 888//888
f 877//877 879//879 888//888
f 844//844 833//833 835//835
f 843//843 855//855 853//853
f 823//823 825//825 835//835
f 888//888 891//891 966//966
f 930//930 953//953 952//952
f 930//930 956//956 955//955
f 603//603 633//633 631//631
f 828//828 840//840 830//830
f 807//807 820//820 810//810
f 818//818 830//830 820//820
f 788//788 790//790 678//678
f 676//676 678//678 650//650
f 807//807 810//810 790//790
f 874//874 885//885 876//876
f 555//555 515//515 523//523
f 405//405 391//391 359//359
f 223//223 246//246 216//216
f 126//126 141//141 89//89
f 36//36 43//43 41//41
f 216//216 221//221 189//189
f 876//876 887//887 878//878
f 359//359 370//370 335//335
f 876//876 878//878 869//869
f 246//246 280//280 252//252
f 141//141 202//202 149//149
f 43//43 67//67 66//66
f 69//69 77//77 55//55
f 202//202 189//189 221//221
f 67//67 47//47 70//70
f 840//840 850//850 852//852
f 830//830 842//842 832//832
f 925//925 887//887 885//885
f 927//927 941//941 940//940
f 862//862 852//852 850//850
f 889//889 925//925 934//934
f 926//926 937//937 936//936
f 928//928 945//945 944//944
f 820//820 832//832 822//822
f 810//810 822//822 811//811
f 678//678 795//795 684//684
f 790//790 811//811 795//795
f 650//650 684//684 652//652
f 597//597 624//624 630//630
f 652//652 630//630 624//624
f 41//41 57//57 40//40
f 929//929 949//949 948//948
f 148//148 194//194 211//211
f 878//878 887//887 889//889
f 822//822 834//834 824//824
f 811//811 824//824 814//814
f 795//795 814//814 797//797
f 852//852 862//862 864//864
f 824//824 836//836 826//826
f 695//695 799//799 817//817
f 825//825 827//827 837//837
f 814//814 826//826 816//816
f 797//797 816//816 798//798
f 652//652 694//694 659//659
f 630//630 652//652 659//659
f 694//694 798//798 698//698
f 580//580 606//606 585//585
f 632//632 606//606 602//602
f 797//797 684//684 795//795
f 555//555 585//585 561//561
f 405//405 412//412 391//391
f 370//370 391//391 412//412
f 374//374 350//350 280//280
f 397//397 374//374 342//342
f 585//585 611//611 588//588
f 659//659 698//698 660//660
f 588//588 561//561 585//585
f 350//350 291//291 252//252
f 221//221 252//252 291//291
f 149//149 232//232 214//214
f 264//264 232//232 202//202
f 87//87 134//134 198//198
f 139//139 129//129 74//74
f 77//77 87//87 147//147
f 134//134 149//149 214//214
f 90//90 84//84 67//67
f 57//57 66//66 82//82
f 66//66 84//84 82//82
f 58//58 96//96 97//97
f 60//60 104//104 105//105
f 59//59 100//100 101//101
f 57//57 92//92 93//93
f 129//129 90//90 70//70
f 214//214 254//254 225//225
f 62//62 112//112 113//113
f 63//63 116//116 117//117
f 82//82 131//131 124//124
f 61//61 108//108 109//109