# Rhino
v 4.228727 0.090790 -0.196589
v 4.228727 0.075000 -0.196589
v 4.203727 0.082895 -0.196589
v 4.178727 0.075000 -0.196589
v 4.178727 0.075000 -0.216589
v 4.195394 0.075000 -0.209922
v 4.212061 0.075000 -0.203256
v 4.228727 0.075000 -0.196589
v 4.228727 0.075000 -0.237330
v 4.178727 0.075000 -0.216589
v 4.178727 0.130000 -0.216589
v 4.212061 0.075000 -0.203256
v 4.195394 0.075000 -0.209922
v 4.203727 0.102500 -0.226959
v 4.228727 0.075000 -0.237330
v 4.228727 0.075000 -0.355848
v 4.178727 0.130000 -0.216589
v 4.178727 0.130000 -0.376589
v 4.203727 0.102500 -0.226959
v 4.203727 0.102500 -0.366219
v 4.228727 0.075000 -0.355848
v 4.228727 0.075000 -0.396589
v 4.178727 0.130000 -0.376589
v 4.178727 0.075000 -0.376589
v 4.203727 0.102500 -0.366219
v 4.195394 0.075000 -0.383256
v 4.212061 0.075000 -0.389922
v 4.228727 0.075000 -0.396589
v 4.228727 0.082895 -0.396589
v 4.228727 0.090790 -0.396589
v 4.203727 0.082895 -0.396589
v 4.178727 0.075000 -0.376589
v 4.178727 0.075000 -0.386589
v 4.178727 0.075000 -0.396589
v 4.212061 0.075000 -0.389922
v 4.195394 0.075000 -0.383256
v 4.228727 0.209211 -0.396589
v 4.228727 0.225000 -0.396589
v 4.203727 0.217105 -0.396589
v 4.178727 0.225000 -0.396589
v 4.178727 0.225000 -0.376589
v 4.195394 0.225000 -0.383256
v 4.212061 0.225000 -0.389922
v 4.228727 0.225000 -0.396589
v 4.228727 0.225000 -0.355848
v 4.178727 0.225000 -0.376589
v 4.178727 0.170000 -0.376589
v 4.212061 0.225000 -0.389922
v 4.195394 0.225000 -0.383256
v 4.203727 0.197500 -0.366219
v 4.228727 0.225000 -0.355848
v 4.228727 0.225000 -0.237330
v 4.203727 0.197500 -0.226959
v 4.178727 0.170000 -0.376589
v 4.178727 0.170000 -0.216589
v 4.203727 0.197500 -0.366219
v 4.228727 0.225000 -0.237330
v 4.228727 0.225000 -0.196589
v 4.178727 0.170000 -0.216589
v 4.178727 0.225000 -0.216589
v 4.203727 0.197500 -0.226959
v 4.203727 0.225000 -0.206589
v 4.228727 0.225000 -0.196589
v 4.228727 0.209211 -0.196589
v 4.178727 0.225000 -0.216589
v 4.178727 0.225000 -0.196589
v 4.203727 0.225000 -0.206589
v 1.109930 0.090790 -0.196589
v 1.109930 0.075000 -0.196589
v 1.134930 0.082895 -0.196589
v 1.159930 0.075000 -0.196589
v 1.159930 0.075000 -0.216589
v 1.143264 0.075000 -0.209922
v 1.126596 0.075000 -0.203256
v 1.109930 0.075000 -0.196589
v 1.109930 0.075000 -0.237330
v 1.159930 0.075000 -0.216589
v 1.159930 0.130000 -0.216589
v 1.126596 0.075000 -0.203256
v 1.143264 0.075000 -0.209922
v 1.134930 0.102500 -0.226959
v 1.109930 0.075000 -0.237330
v 1.109930 0.075000 -0.355848
v 1.159930 0.130000 -0.216589
v 1.159930 0.130000 -0.376589
v 1.134930 0.102500 -0.226959
v 1.134930 0.102500 -0.366219
v 1.109930 0.075000 -0.355848
v 1.109930 0.075000 -0.396589
v 1.159930 0.130000 -0.376589
v 1.159930 0.075000 -0.376589
v 1.134930 0.102500 -0.366219
v 1.143264 0.075000 -0.383256
v 1.126596 0.075000 -0.389922
v 1.109930 0.075000 -0.396589
v 1.109930 0.090790 -0.396589
v 1.134930 0.082895 -0.396589
v 1.159930 0.075000 -0.376589
v 1.159930 0.075000 -0.396589
v 1.126596 0.075000 -0.389922
v 1.143264 0.075000 -0.383256
v 1.109930 0.209211 -0.396589
v 1.109930 0.225000 -0.396589
v 1.159930 0.225000 -0.396589
v 1.159930 0.225000 -0.376589
v 1.134930 0.225000 -0.386589
v 1.109930 0.225000 -0.396589
v 1.109930 0.225000 -0.355848
v 1.159930 0.225000 -0.376589
v 1.159930 0.170000 -0.376589
v 1.134930 0.225000 -0.386589
v 1.134930 0.197500 -0.366219
v 1.109930 0.225000 -0.355848
v 1.109930 0.225000 -0.237330
v 1.159930 0.170000 -0.376589
v 1.159930 0.170000 -0.216589
v 1.134930 0.197500 -0.366219
v 1.134930 0.197500 -0.226959
v 1.109930 0.225000 -0.237330
v 1.109930 0.225000 -0.196589
v 1.159930 0.170000 -0.216589
v 1.159930 0.225000 -0.216589
v 1.134930 0.197500 -0.226959
v 1.134930 0.225000 -0.206589
v 1.109930 0.225000 -0.196589
v 1.109930 0.209211 -0.196589
v 1.159930 0.225000 -0.216589
v 1.159930 0.225000 -0.196589
v 1.134930 0.225000 -0.206589
v -0.050672 0.150000 0.381941
v -0.030671 0.170000 0.339645
v -0.023073 0.168500 0.339645
v -0.023402 0.131368 0.339645
v -0.030671 0.130000 0.339645
v -0.038269 0.131500 0.339645
v -0.044960 0.136006 0.339645
v -0.049303 0.142731 0.339645
v -0.050672 0.150000 0.339645
v -0.049172 0.157598 0.339645
v -0.044665 0.164289 0.339645
v -0.037940 0.168633 0.339645
v -0.030671 0.170000 0.339645
v -0.030671 0.170000 0.297349
v -0.023073 0.168500 0.297349
v -0.016382 0.163994 0.297349
v -0.012039 0.157269 0.297349
v -0.010671 0.150000 0.297349
v -0.012171 0.142402 0.297349
v -0.016677 0.135712 0.297349
v -0.023402 0.131368 0.297349
v -0.030671 0.130000 0.297349
v -0.038269 0.131500 0.297349
v -0.044960 0.136006 0.297349
v -0.049303 0.142731 0.297349
v -0.050672 0.150000 0.297349
v -0.049172 0.157598 0.297349
v -0.044665 0.164289 0.297349
v -0.037940 0.168633 0.297349
v -0.030671 0.170000 0.297349
v -0.030671 0.170000 0.255053
v -0.023073 0.168500 0.255053
v -0.016382 0.163994 0.255053
v -0.012039 0.157269 0.255053
v -0.010671 0.150000 0.255053
v -0.012171 0.142402 0.255053
v -0.016677 0.135712 0.255053
v -0.023402 0.131368 0.255053
v -0.030671 0.130000 0.255053
v -0.038269 0.131500 0.255053
v -0.044960 0.136006 0.255053
v -0.049303 0.142731 0.255053
v -0.050672 0.150000 0.255053
v -0.049172 0.157598 0.255053
v -0.044665 0.164289 0.255053
v -0.037940 0.168633 0.255053
v -0.030671 0.170000 0.255053
v -0.030671 0.170000 0.212757
v -0.023073 0.168500 0.212757
v -0.016382 0.163994 0.212757
v -0.012039 0.157269 0.212757
v -0.010671 0.150000 0.212757
v -0.012171 0.142402 0.212757
v -0.016677 0.135712 0.212757
v -0.023402 0.131368 0.212757
v -0.030671 0.130000 0.212757
v -0.038269 0.131500 0.212757
v -0.044960 0.136006 0.212757
v -0.049303 0.142731 0.212757
v -0.050672 0.150000 0.212757
v -0.049172 0.157598 0.212757
v -0.044665 0.164289 0.212757
v -0.037940 0.168633 0.212757
v -0.030671 0.170000 0.212757
v -0.030671 0.170000 0.170461
v -0.023073 0.168500 0.170461
v -0.016382 0.163994 0.170461
v -0.012039 0.157269 0.170461
v -0.010671 0.150000 0.170461
v -0.012171 0.142402 0.170461
v -0.016677 0.135712 0.170461
v -0.023402 0.131368 0.170461
v -0.030671 0.130000 0.170461
v -0.038269 0.131500 0.170461
v -0.044960 0.136006 0.170461
v -0.049303 0.142731 0.170461
v -0.050672 0.150000 0.170461
v -0.049172 0.157598 0.170461
v -0.044665 0.164289 0.170461
v -0.037940 0.168633 0.170461
v -0.030671 0.170000 0.170461
v -0.030671 0.170000 0.128165
v -0.023073 0.168500 0.128165
v -0.016382 0.163994 0.128165
v -0.012039 0.157269 0.128165
v -0.010671 0.150000 0.128165
v -0.012171 0.142402 0.128165
v -0.016677 0.135712 0.128165
v -0.023402 0.131368 0.128165
v -0.030671 0.130000 0.128165
v -0.038269 0.131500 0.128165
v -0.044960 0.136006 0.128165
v -0.049303 0.142731 0.128165
v -0.050672 0.150000 0.128165
v -0.049172 0.157598 0.128165
v -0.044665 0.164289 0.128165
v -0.037940 0.168633 0.128165
v -0.030671 0.170000 0.128165
v -0.030671 0.170000 0.085869
v -0.023073 0.168500 0.085869
v -0.016382 0.163994 0.085869
v -0.012039 0.157269 0.085869
v -0.010671 0.150000 0.085869
v -0.012171 0.142402 0.085869
v -0.016677 0.135712 0.085869
v -0.023402 0.131368 0.085869
v -0.030671 0.130000 0.085869
v -0.038269 0.131500 0.085869
v -0.044960 0.136006 0.085869
v -0.049303 0.142731 0.085869
v -0.050672 0.150000 0.085869
v -0.049172 0.157598 0.085869
v -0.044665 0.164289 0.085869
v -0.037940 0.168633 0.085869
v -0.030671 0.170000 0.085869
v -0.030671 0.170000 0.043573
v -0.010671 0.150000 0.043573
v -0.030671 0.130000 0.043573
v -0.050672 0.150000 0.043573
v -0.030671 0.170000 0.043573
v -0.023310 0.168596 0.043573
v -0.016529 0.164142 0.043573
v -0.012076 0.157362 0.043573
v -0.012076 0.142638 0.043573
v -0.016529 0.135858 0.043573
v -0.023310 0.131404 0.043573
v -0.038034 0.131404 0.043573
v -0.044813 0.135858 0.043573
v -0.049267 0.142638 0.043573
v -0.049267 0.157362 0.043573
v -0.044813 0.164142 0.043573
v -0.038034 0.168596 0.043573
v -0.023073 0.168500 0.064721
v -0.026913 0.169644 0.085869
v -0.030671 0.170000 0.064721
v -0.026913 0.169644 0.064721
v -0.016382 0.163994 0.064721
v -0.019531 0.166611 0.085869
v -0.019531 0.166611 0.064721
v -0.012039 0.157269 0.064721
v -0.013847 0.160815 0.085869
v -0.013847 0.160815 0.064721
v -0.010671 0.150000 0.064721
v -0.010997 0.153593 0.085869
v -0.010997 0.153593 0.064721
v -0.012171 0.142402 0.064721
v -0.011027 0.146242 0.085869
v -0.011027 0.146242 0.064721
v -0.016677 0.135712 0.064721
v -0.014061 0.138860 0.085869
v -0.014061 0.138860 0.064721
v -0.023402 0.131368 0.064721
v -0.019857 0.133176 0.085869
v -0.019857 0.133176 0.064721
v -0.030671 0.130000 0.064721
v -0.027079 0.130325 0.085869
v -0.027079 0.130325 0.064721
v -0.038269 0.131500 0.064721
v -0.034430 0.130356 0.085869
v -0.034430 0.130356 0.064721
v -0.044960 0.136006 0.064721
v -0.041811 0.133389 0.085869
v -0.041811 0.133389 0.064721
v -0.049303 0.142731 0.064721
v -0.047495 0.139185 0.085869
v -0.047495 0.139185 0.064721
v -0.049172 0.157598 0.064721
v -0.050315 0.153759 0.085869
v -0.050672 0.150000 0.064721
v -0.050315 0.153759 0.064721
v -0.044665 0.164289 0.064721
v -0.047281 0.161140 0.085869
v -0.047281 0.161140 0.064721
v -0.037940 0.168633 0.064721
v -0.041486 0.166824 0.085869
v -0.041486 0.166824 0.064721
v -0.030671 0.170000 0.064721
v -0.034264 0.169675 0.085869
v -0.034264 0.169675 0.064721
v -0.030671 0.170000 0.355376
v -0.042862 0.165752 0.371348
v -0.048368 0.159596 0.378799
v -0.050052 0.155263 0.381094
v -0.050052 0.144737 0.381094
v -0.048368 0.140404 0.378799
v -0.042862 0.134248 0.371348
v -0.030671 0.130000 0.355376
v -0.018270 0.134237 0.341003
v -0.012896 0.140392 0.334991
v -0.011268 0.144729 0.333185
v -0.010671 0.150000 0.332526
v -0.011268 0.155272 0.333185
v -0.012896 0.159608 0.334991
v -0.018270 0.165763 0.341003
v -0.030671 0.170000 0.355376
v -0.047281 0.161140 0.339645
v -0.044665 0.164289 0.360793
v -0.049172 0.157598 0.360793
v -0.047281 0.161140 0.360793
v -0.050315 0.153759 0.339645
v -0.050672 0.150000 0.360793
v -0.050315 0.153759 0.360793
v -0.050346 0.146408 0.339645
v -0.049303 0.142731 0.360793
v -0.050346 0.146408 0.360793
v -0.047495 0.139185 0.339645
v -0.044960 0.136006 0.360793
v -0.047495 0.139185 0.360793
v -0.014061 0.138860 0.297349
v -0.016677 0.135712 0.318497
v -0.012171 0.142402 0.318497
v -0.014061 0.138860 0.318497
v -0.013020 0.140597 0.318497
v -0.014061 0.138860 0.329071
v -0.012171 0.142402 0.329071
v -0.013020 0.140597 0.329071
v -0.011027 0.146242 0.297349
v -0.010671 0.150000 0.318497
v -0.011027 0.146242 0.318497
v -0.011496 0.144318 0.318497
v -0.011027 0.146242 0.329071
v -0.011496 0.144318 0.329071
v -0.010997 0.153593 0.297349
v -0.012039 0.157269 0.318497
v -0.010997 0.153593 0.318497
v -0.011423 0.155433 0.318497
v -0.010997 0.153593 0.329071
v -0.012039 0.157269 0.329071
v -0.011423 0.155433 0.329071
v -0.013847 0.160815 0.297349
v -0.016382 0.163994 0.318497
v -0.013847 0.160815 0.318497
v -0.012848 0.159073 0.318497
v -0.013847 0.160815 0.329071
v -0.012848 0.159073 0.329071
v -0.030671 0.170000 0.043573
v -0.010671 0.150000 0.043573
v -0.030671 0.130000 0.043573
v -0.050672 0.150000 0.043573
v -0.030671 0.170000 0.043573
v -0.025168 0.170000 0.020793
v -0.037883 0.136006 0.014283
v -0.041749 0.142731 0.012304
v -0.042966 0.150000 0.011681
v -0.041632 0.157598 0.012364
v -0.025168 0.170000 0.020793
v -0.009901 0.170000 0.003007
v 0.001791 0.150000 0.019234
v -0.009901 0.130000 0.003007
v -0.021593 0.150000 -0.013219
v -0.009901 0.170000 0.003007
v -0.038034 0.168596 0.043573
v -0.044813 0.164142 0.043573
v -0.049267 0.157362 0.043573
v -0.049267 0.142638 0.043573
v -0.044813 0.135858 0.043573
v -0.038034 0.131404 0.043573
v -0.023310 0.131404 0.043573
v -0.016529 0.135858 0.043573
v -0.012076 0.142638 0.043573
v -0.012076 0.157362 0.043573
v -0.016529 0.164142 0.043573
v -0.023310 0.168596 0.043573
v -0.042649 0.153759 0.011843
v -0.047277 0.157598 0.027512
v -0.048735 0.150000 0.027160
v -0.048389 0.153759 0.027244
v -0.040139 0.139185 0.013128
v -0.047405 0.142731 0.027481
v -0.043182 0.136006 0.028499
v -0.045647 0.139185 0.027905
v -0.005597 0.168596 0.008980
v -0.001634 0.164142 0.014481
v 0.000970 0.157362 0.018094
v 0.000970 0.142638 0.018094
v -0.001634 0.135858 0.014481
v -0.005597 0.131404 0.008980
v -0.014205 0.131404 -0.002966
v -0.018169 0.135858 -0.008467
v -0.020772 0.142638 -0.012080
v -0.020772 0.157362 -0.012080
v -0.018169 0.164142 -0.008467
v -0.014205 0.168596 -0.002966
v -0.032742 0.142731 -0.001160
v -0.029447 0.136006 0.001671
v -0.031370 0.139185 0.000019
v -0.032642 0.157598 -0.001074
v -0.033779 0.150000 -0.002051
v -0.033509 0.153759 -0.001819
v -0.012451 0.163994 0.027303
v -0.008586 0.157269 0.029282
v -0.007369 0.150000 0.029905
v -0.008703 0.142402 0.029222
v -0.012714 0.135712 0.027169
v -0.018699 0.131368 0.024105
v -0.025168 0.130000 0.020793
v -0.031929 0.131500 0.017331
v -0.031636 0.168633 0.017481
v -0.009901 0.170000 0.003007
v 0.001791 0.150000 0.019234
v -0.009901 0.130000 0.003007
v -0.021593 0.150000 -0.013219
v -0.009901 0.170000 0.003007
v 0.022946 0.170000 -0.020662
v 0.027388 0.168500 -0.014497
v 0.031299 0.163994 -0.009069
v 0.033839 0.157269 -0.005545
v 0.034638 0.150000 -0.004435
v 0.033762 0.142402 -0.005652
v 0.031128 0.135712 -0.009308
v 0.027196 0.131368 -0.014764
v 0.022946 0.130000 -0.020662
v 0.018505 0.131500 -0.026826
v 0.014593 0.136006 -0.032254
v 0.012054 0.142731 -0.035778
v 0.011254 0.150000 -0.036888
v 0.012132 0.157598 -0.035671
v 0.014766 0.164289 -0.032015
v 0.018697 0.168633 -0.026559
v 0.022946 0.170000 -0.020662
v 0.055795 0.170000 -0.044330
v 0.060237 0.168500 -0.038166
v 0.064148 0.163994 -0.032738
v 0.066686 0.157269 -0.029214
v 0.067487 0.150000 -0.028104
v 0.066610 0.142402 -0.029321
v 0.063975 0.135712 -0.032977
v 0.060044 0.131368 -0.038433
v 0.055795 0.130000 -0.044330
v 0.051352 0.131500 -0.050495
v 0.047441 0.136006 -0.055923
v 0.044902 0.142731 -0.059447
v 0.044103 0.150000 -0.060557
v 0.044979 0.157598 -0.059340
v 0.047614 0.164289 -0.055684
v 0.051545 0.168633 -0.050228
v 0.055795 0.170000 -0.044330
v 0.088642 0.170000 -0.067999
v 0.093084 0.168500 -0.061835
v 0.096995 0.163994 -0.056406
v 0.099535 0.157269 -0.052882
v 0.100334 0.150000 -0.051773
v 0.099458 0.142402 -0.052989
v 0.096824 0.135712 -0.056645
v 0.092892 0.131368 -0.062102
v 0.088642 0.130000 -0.067999
v 0.084201 0.131500 -0.074164
v 0.080289 0.136006 -0.079592
v 0.077750 0.142731 -0.083116
v 0.076950 0.150000 -0.084225
v 0.077827 0.157598 -0.083009
v 0.080461 0.164289 -0.079353
v 0.084393 0.168633 -0.073897
v 0.088642 0.170000 -0.067999
v 0.121490 0.170000 -0.091668
v 0.125933 0.168500 -0.085503
v 0.129844 0.163994 -0.080075
v 0.132383 0.157269 -0.076551
v 0.133182 0.150000 -0.075441
v 0.132306 0.142402 -0.076658
v 0.129671 0.135712 -0.080314
v 0.125740 0.131368 -0.085770
v 0.121490 0.130000 -0.091668
v 0.117048 0.131500 -0.097832
v 0.113137 0.136006 -0.103261
v 0.110597 0.142731 -0.106785
v 0.109798 0.150000 -0.107894
v 0.110675 0.157598 -0.106678
v 0.113310 0.164289 -0.103022
v 0.117241 0.168633 -0.097565
v 0.121490 0.170000 -0.091668
v 0.154339 0.170000 -0.115337
v 0.158780 0.168500 -0.109172
v 0.162691 0.163994 -0.103744
v 0.165231 0.157269 -0.100220
v 0.166030 0.150000 -0.099110
v 0.165153 0.142402 -0.100327
v 0.162519 0.135712 -0.103983
v 0.158587 0.131368 -0.109439
v 0.154339 0.130000 -0.115337
v 0.149896 0.131500 -0.121501
v 0.145985 0.136006 -0.126929
v 0.143446 0.142731 -0.130453
v 0.142647 0.150000 -0.131563
v 0.143523 0.157598 -0.130346
v 0.146157 0.164289 -0.126690
v 0.150089 0.168633 -0.121234
v 0.154339 0.170000 -0.115337
v 0.187186 0.170000 -0.139005
v 0.187186 0.130000 -0.139005
v 0.175494 0.150000 -0.155232
v 0.187186 0.170000 -0.139005
v -0.014205 0.168596 -0.002966
v -0.018169 0.164142 -0.008467
v -0.020772 0.157362 -0.012080
v -0.020772 0.142638 -0.012080
v -0.018169 0.135858 -0.008467
v -0.014205 0.131404 -0.002966
v -0.005597 0.131404 0.008980
v -0.001634 0.135858 0.014481
v 0.000970 0.142638 0.018094
v 0.000970 0.157362 0.018094
v -0.001634 0.164142 0.014481
v -0.005597 0.168596 0.008980
v 0.020846 0.169675 -0.023576
v 0.006523 0.170000 -0.008827
v 0.002273 0.168633 -0.014725
v 0.004422 0.169675 -0.011742
v 0.016624 0.166824 -0.029436
v -0.001659 0.164289 -0.020181
v 0.000200 0.166824 -0.017601
v 0.013236 0.161140 -0.034138
v -0.004293 0.157598 -0.023837
v -0.003188 0.161140 -0.022304
v 0.011463 0.153759 -0.036599
v -0.005169 0.150000 -0.025054
v -0.004961 0.153759 -0.024765
v 0.013111 0.139185 -0.034311
v -0.004370 0.142731 -0.023944
v -0.001830 0.136006 -0.020420
v -0.003312 0.139185 -0.022477
v 0.016435 0.133389 -0.029699
v 0.002081 0.131500 -0.014992
v 0.000010 0.133389 -0.017865
v 0.020750 0.130356 -0.023711
v 0.006523 0.130000 -0.008827
v 0.004326 0.130356 -0.011876
v 0.025047 0.130325 -0.017747
v 0.010772 0.131368 -0.002930
v 0.008623 0.130325 -0.005912
v 0.029269 0.133176 -0.011888
v 0.014704 0.135712 0.002526
v 0.012845 0.133176 -0.000053
v 0.032657 0.138860 -0.007185
v 0.017338 0.142402 0.006183
v 0.016233 0.138860 0.004649
v 0.034430 0.146242 -0.004724
v 0.018215 0.150000 0.007399
v 0.018006 0.146242 0.007110
v 0.034448 0.153593 -0.004699
v 0.017415 0.157269 0.006290
v 0.018024 0.153593 0.007135
v 0.032781 0.160815 -0.007012
v 0.014876 0.163994 0.002765
v 0.016358 0.160815 0.004822
v 0.029459 0.166611 -0.011624
v 0.010964 0.168500 -0.002663
v 0.013035 0.166611 0.000211
v 0.025143 0.169644 -0.017612
v 0.006523 0.170000 -0.008827
v 0.008719 0.169644 -0.005778
v 0.191490 0.168596 -0.133032
v 0.195454 0.164142 -0.127532
v 0.198057 0.157362 -0.123918
v 0.198878 0.150000 -0.122779
v 0.175204 0.168500 -0.121006
v 0.156535 0.169644 -0.112287
v 0.170762 0.170000 -0.127171
v 0.172959 0.169644 -0.124122
v 0.179115 0.163994 -0.115578
v 0.160850 0.166611 -0.106299
v 0.177275 0.166611 -0.118133
v 0.181655 0.157269 -0.112054
v 0.164174 0.160815 -0.101687
v 0.180597 0.160815 -0.113521
v 0.182454 0.150000 -0.110945
v 0.165840 0.153593 -0.099374
v 0.182264 0.153593 -0.111208
v 0.176315 0.157362 -0.154092
v 0.178919 0.164142 -0.150479
v 0.182882 0.168596 -0.144978
v 0.159947 0.157598 -0.142181
v 0.142855 0.153759 -0.131274
v 0.159070 0.150000 -0.143397
v 0.159279 0.153759 -0.143108
v 0.162581 0.164289 -0.138525
v 0.144627 0.161140 -0.128813
v 0.161052 0.161140 -0.140647
v 0.166512 0.168633 -0.133068
v 0.148016 0.166824 -0.124111
v 0.164440 0.166824 -0.135945
v 0.170762 0.170000 -0.127171
v 0.152238 0.169675 -0.118251
v 0.168662 0.169675 -0.130086
v 0.198057 0.142638 -0.123918
v 0.195454 0.135858 -0.127532
v 0.191490 0.131404 -0.133032
v 0.182882 0.131404 -0.144978
v 0.178919 0.135858 -0.150479
v 0.176315 0.142638 -0.154092
v 0.181578 0.142402 -0.112161
v 0.165822 0.146242 -0.099399
v 0.182246 0.146242 -0.111234
v 0.178943 0.135712 -0.115817
v 0.164049 0.138860 -0.101860
v 0.180472 0.138860 -0.113695
v 0.175011 0.131368 -0.121273
v 0.160661 0.133176 -0.106563
v 0.177085 0.133176 -0.118397
v 0.166321 0.131500 -0.133336
v 0.152141 0.130356 -0.118386
v 0.170762 0.130000 -0.127171
v 0.168565 0.130356 -0.130220
v 0.162409 0.136006 -0.138764
v 0.147826 0.133389 -0.124374
v 0.164250 0.133389 -0.136209
v 0.159870 0.142731 -0.142288
v 0.144502 0.139185 -0.128986
v 0.160927 0.139185 -0.140821
v 0.142836 0.146408 -0.131299
v 0.159261 0.146408 -0.143133
v 0.338833 0.150000 0.069199
v 0.233620 0.150000 -0.075469
v 0.128406 0.150000 -0.220137
v 0.347929 0.093014 0.062585
v 0.242715 0.093014 -0.082084
v 0.137502 0.093014 -0.226752
v 0.375262 0.042835 0.042706
v 0.270049 0.042835 -0.101963
v 0.164835 0.042835 -0.246631
v 0.416054 0.010258 0.013039
v 0.310840 0.010258 -0.131629
v 0.205626 0.010258 -0.276298
v 0.354930 0.000000 -0.163695
v 0.249717 0.000000 -0.308363
v 0.401017 0.011247 -0.197213
v 0.295804 0.011247 -0.341881
v 0.546812 0.045044 -0.082058
v 0.336385 0.045044 -0.371395
v 0.573158 0.095483 -0.101219
v 0.362731 0.095483 -0.390555
v 0.581454 0.150000 -0.107252
v 0.371027 0.150000 -0.396589
v 0.572358 0.206987 -0.100637
v 0.361932 0.206987 -0.389974
v 0.545025 0.257165 -0.080758
v 0.439812 0.257165 -0.225427
v 0.334597 0.257165 -0.370095
v 0.504233 0.289742 -0.051092
v 0.399020 0.289742 -0.195760
v 0.293807 0.289742 -0.340429
v 0.354930 0.300000 -0.163695
v 0.249717 0.300000 -0.308363
v 0.308843 0.288754 -0.130177
v 0.203629 0.288754 -0.274845
v 0.373475 0.254956 0.044005
v 0.268262 0.254956 -0.100663
v 0.163049 0.254956 -0.245332
v 0.347129 0.204517 0.063166
v 0.241916 0.204517 -0.081502
v 0.136702 0.204517 -0.226171
v 0.338833 0.150000 0.069199
v 0.233620 0.150000 -0.075469
v 0.128406 0.150000 -0.220137
v 0.198878 0.150000 -0.122779
v 0.198057 0.157362 -0.123918
v 0.195454 0.164142 -0.127532
v 0.191490 0.168596 -0.133032
v 0.187186 0.170000 -0.139005
v 0.189309 0.204517 -0.153837
v 0.235593 0.176944 -0.076904
v 0.182986 0.176944 -0.149238
v 0.207316 0.150000 -0.111636
v 0.209289 0.176944 -0.113071
v 0.234097 0.163306 -0.075817
v 0.207794 0.163306 -0.111984
v 0.286226 0.150000 -0.003135
v 0.294522 0.204517 -0.009168
v 0.288199 0.176944 -0.004570
v 0.190108 0.093014 -0.154418
v 0.235781 0.121813 -0.077041
v 0.183174 0.121813 -0.149375
v 0.207434 0.156602 -0.111722
v 0.209477 0.121813 -0.113208
v 0.207316 0.150000 -0.111636
v 0.234143 0.136084 -0.075849
v 0.207840 0.136084 -0.112017
v 0.295321 0.093014 -0.009750
v 0.286226 0.150000 -0.003135
v 0.288387 0.121813 -0.004706
v 0.154710 0.150000 -0.183970
v 0.156683 0.176944 -0.185405
v 0.155187 0.163306 -0.184318
v 0.196137 0.176944 -0.131155
v 0.208409 0.170094 -0.112431
v 0.185574 0.190746 -0.151121
v 0.215612 0.204517 -0.117669
v 0.238181 0.190746 -0.078786
v 0.211878 0.190746 -0.114953
v 0.215655 0.254956 -0.172998
v 0.252884 0.231109 -0.089479
v 0.200277 0.231109 -0.161814
v 0.182882 0.168596 -0.144978
v 0.178919 0.164142 -0.150479
v 0.176315 0.157362 -0.154092
v 0.175494 0.150000 -0.155232
v 0.168340 0.163306 -0.166235
v 0.155803 0.170094 -0.184765
v 0.169834 0.176944 -0.167322
v 0.168955 0.170094 -0.166682
v 0.163006 0.204517 -0.190004
v 0.159271 0.190746 -0.187288
v 0.167861 0.150000 -0.165887
v 0.154827 0.156602 -0.184056
v 0.167979 0.156602 -0.165972
v 0.156871 0.121813 -0.185542
v 0.154710 0.150000 -0.183970
v 0.155232 0.136084 -0.184351
v 0.425179 0.006365 0.006402
v 0.407536 0.000000 -0.091361
v 0.333139 0.002440 -0.147847
v 0.363446 0.010258 -0.059295
v 0.385746 0.002440 -0.075513
v 0.412049 0.002440 -0.039346
v 0.374584 0.005640 -0.067395
v 0.389749 0.010258 -0.023128
v 0.400887 0.005640 -0.031228
v 0.289334 0.023820 -0.115989
v 0.322656 0.042835 -0.029629
v 0.341941 0.023820 -0.043654
v 0.175494 0.150000 -0.155232
v 0.176315 0.142638 -0.154092
v 0.178919 0.135858 -0.150479
v 0.182882 0.131404 -0.144978
v 0.187186 0.130000 -0.139005
v 0.191490 0.131404 -0.133032
v 0.195454 0.135858 -0.127532
v 0.198057 0.142638 -0.123918
v 0.198878 0.150000 -0.122779
v 0.168384 0.136084 -0.166267
v 0.154838 0.143097 -0.184064
v 0.167861 0.150000 -0.165887
v 0.167990 0.143097 -0.165980
v 0.170022 0.121813 -0.167458
v 0.155907 0.128981 -0.184841
v 0.169058 0.128981 -0.166757
v 0.163805 0.093014 -0.190585
v 0.186012 0.107381 -0.151439
v 0.159709 0.107381 -0.187606
v 0.217442 0.042835 -0.174297
v 0.254179 0.066453 -0.090421
v 0.201572 0.066453 -0.162755
v 0.196325 0.121813 -0.131291
v 0.208513 0.128981 -0.112507
v 0.216411 0.093014 -0.118251
v 0.238619 0.107381 -0.079105
v 0.212315 0.107381 -0.115272
v 0.207445 0.143097 -0.111730
v 0.460143 0.300000 -0.019026
v 0.425179 0.293635 0.006402
v 0.407536 0.300000 -0.091361
v 0.376720 0.297560 -0.179543
v 0.451627 0.289742 -0.123426
v 0.429328 0.297560 -0.107208
v 0.361449 0.288754 -0.057843
v 0.332134 0.297328 -0.147116
v 0.384741 0.297328 -0.074782
v 0.460143 0.000000 -0.019026
v 0.495108 0.006365 -0.044455
v 0.453624 0.011247 -0.124878
v 0.377726 0.002672 -0.180274
v 0.430333 0.002672 -0.107939
v 0.495108 0.293635 -0.044455
v 0.455631 0.297560 -0.071041
v 0.440490 0.294360 -0.115326
v 0.477930 0.289742 -0.087259
v 0.466793 0.294360 -0.079159
v 0.420525 0.276180 -0.211401
v 0.492418 0.257165 -0.153092
v 0.473133 0.276180 -0.139067
v 0.467944 0.095483 -0.245887
v 0.476240 0.150000 -0.251920
v 0.467145 0.206987 -0.245306
v 0.128406 0.150000 -0.220137
v 0.137502 0.093014 -0.226752
v 0.164835 0.042835 -0.246631
v 0.205626 0.010258 -0.276298
v 0.249717 0.000000 -0.308363
v 0.295804 0.011247 -0.341881
v 0.336385 0.045044 -0.371395
v 0.362731 0.095483 -0.390555
v 0.371027 0.150000 -0.396589
v 0.361932 0.206987 -0.389974
v 0.334597 0.257165 -0.370095
v 0.293807 0.289742 -0.340429
v 0.249717 0.300000 -0.308363
v 0.203629 0.288754 -0.274845
v 0.163049 0.254956 -0.245332
v 0.136702 0.204517 -0.226171
v 0.330590 0.150000 -0.367180
v 0.325060 0.113655 -0.363158
v 0.307495 0.080030 -0.350384
v 0.280441 0.057498 -0.330708
v 0.249717 0.050000 -0.308363
v 0.220323 0.056839 -0.286986
v 0.193129 0.078557 -0.267209
v 0.174907 0.112009 -0.253956
v 0.168843 0.150000 -0.249546
v 0.174373 0.186345 -0.253568
v 0.191937 0.219971 -0.266342
v 0.218992 0.242502 -0.286018
v 0.249717 0.250000 -0.308363
v 0.279110 0.243162 -0.329740
v 0.306304 0.221444 -0.349518
v 0.324527 0.187991 -0.362770
v 0.872111 0.075000 -0.318639
v 0.872111 0.225000 -0.318639
v 0.985151 0.075000 -0.376630
v 0.985151 0.225000 -0.376630
v 1.109930 0.075000 -0.396589
v 1.109930 0.225000 -0.396589
v 1.109930 0.090790 -0.396589
v 1.047101 0.150000 -0.391626
v 1.078534 0.150000 -0.395357
v 1.047101 0.112500 -0.391626
v 1.078534 0.112500 -0.395357
v 1.109930 0.209211 -0.396589
v 1.047101 0.187500 -0.391626
v 1.078534 0.187500 -0.395357
v 1.109930 0.150000 -0.396589
v 1.109930 0.075000 -0.196589
v 1.109930 0.225000 -0.196589
v 1.046793 0.075000 -0.186331
v 1.046793 0.225000 -0.186331
v 0.989745 0.075000 -0.156892
v 0.989745 0.225000 -0.156892
v 1.109930 0.209211 -0.196589
v 1.109930 0.150000 -0.196589
v 1.109930 0.090790 -0.196589
v 1.078186 0.150000 -0.194038
v 1.078186 0.112500 -0.194038
v 1.094080 0.150000 -0.195956
v 1.094080 0.112500 -0.195956
v 1.078186 0.187500 -0.194038
v 1.094080 0.187500 -0.195956
v 0.165810 0.075000 0.442334
v 0.165810 0.225000 0.442334
v 0.094199 0.075000 0.529048
v 0.094199 0.225000 0.529048
v 0.069329 0.075000 0.639000
v 0.069329 0.225000 0.639000
v 0.069329 0.075000 0.639000
v 0.069329 0.225000 0.639000
v -0.130672 0.075000 0.639000
v -0.130672 0.225000 0.639000
v -0.130672 0.075000 0.639000
v -0.130672 0.225000 0.639000
v -0.083104 0.075000 0.436683
v -0.083104 0.225000 0.436683
v 0.048176 0.075000 0.280586
v 0.048176 0.225000 0.280586
v -0.030671 0.170000 0.355376
v -0.018270 0.165763 0.341003
v -0.012896 0.159608 0.334991
v -0.011268 0.155272 0.333185
v -0.010671 0.150000 0.332526
v -0.011268 0.144729 0.333185
v -0.012896 0.140392 0.334991
v -0.018270 0.134237 0.341003
v -0.030671 0.130000 0.355376
v -0.042862 0.134248 0.371348
v -0.048368 0.140404 0.378799
v -0.050052 0.144737 0.381094
v -0.050672 0.150000 0.381941
v -0.050052 0.155263 0.381094
v -0.048368 0.159596 0.378799
v -0.042862 0.165752 0.371348
v -0.083104 0.150000 0.436683
v -0.083104 0.187500 0.436683
v -0.056667 0.150000 0.390801
v -0.056667 0.187500 0.390801
v -0.118963 0.150000 0.536510
v 0.009914 0.150000 0.312073
v 0.009914 0.187500 0.312073
v 0.009914 0.168750 0.312073
v -0.008165 0.187500 0.329881
v -0.008165 0.150000 0.329881
v -0.008165 0.168750 0.329881
v 0.009914 0.112500 0.312073
v -0.008165 0.159375 0.329881
v -0.041574 0.187500 0.369331
v -0.056667 0.168750 0.390801
v -0.041574 0.168750 0.369331
v -0.083104 0.112500 0.436683
v -0.056667 0.112500 0.390801
v 0.009914 0.131250 0.312073
v -0.008165 0.112500 0.329881
v -0.008165 0.131250 0.329881
v -0.008165 0.140625 0.329881
v -0.056667 0.131250 0.390801
v -0.041574 0.112500 0.369331
v -0.041574 0.131250 0.369331
v -0.056667 0.140625 0.390801
v -0.049267 0.131250 0.379931
v -0.070542 0.150000 0.413293
v -0.083104 0.131250 0.436683
v -0.070542 0.112500 0.413293
v -0.070542 0.131250 0.413293
v -0.104019 0.150000 0.485658
v -0.118963 0.112500 0.536510
v -0.104019 0.112500 0.485658
v -0.049267 0.168750 0.379931
v -0.056667 0.159375 0.390801
v -0.070542 0.187500 0.413293
v -0.083104 0.168750 0.436683
v -0.070542 0.168750 0.413293
v -0.118963 0.187500 0.536510
v -0.104019 0.187500 0.485658
v 1.109930 0.075000 -0.396589
v 0.872111 0.075000 -0.318639
v 0.985151 0.075000 -0.376630
v 1.109930 0.075000 -0.355848
v 1.109930 0.075000 -0.196589
v 1.046793 0.075000 -0.186331
v 0.989745 0.075000 -0.156892
v 1.109930 0.075000 -0.237330
v 1.109930 0.225000 -0.396589
v 0.872111 0.225000 -0.318639
v 0.985151 0.225000 -0.376630
v 1.109930 0.225000 -0.355848
v 1.109930 0.225000 -0.196589
v 1.046793 0.225000 -0.186331
v 0.989745 0.225000 -0.156892
v 1.109930 0.225000 -0.237330
v 0.826036 0.150000 -0.161480
v 0.767219 0.150000 -0.242354
v 0.823005 0.168996 -0.159276
v 0.813893 0.185722 -0.152649
v 0.800296 0.196581 -0.142760
v 0.785600 0.200000 -0.132072
v 0.726783 0.200000 -0.212945
v 0.770237 0.196251 -0.120899
v 0.756710 0.184985 -0.111061
v 0.747928 0.168172 -0.104674
v 0.745163 0.150000 -0.102663
v 0.686346 0.150000 -0.183537
v 0.748195 0.131005 -0.104868
v 0.757306 0.114278 -0.111495
v 0.770902 0.103419 -0.121383
v 0.785600 0.100000 -0.132072
v 0.726783 0.100000 -0.212945
v 0.800961 0.103749 -0.143245
v 0.814489 0.115015 -0.153082
v 0.823271 0.131828 -0.159469
v 0.884853 0.150000 -0.080607
v 0.826036 0.150000 -0.161480
v 0.767219 0.150000 -0.242354
v 0.884853 0.150000 -0.080607
v 0.882014 0.168405 -0.078542
v 0.873010 0.185356 -0.071993
v 0.859301 0.196489 -0.062023
v 0.844416 0.200000 -0.051198
v 0.829532 0.196489 -0.040373
v 0.815823 0.185356 -0.030403
v 0.806819 0.168405 -0.023855
v 0.803980 0.150000 -0.021790
v 0.806819 0.131595 -0.023855
v 0.815823 0.114645 -0.030403
v 0.829532 0.103511 -0.040373
v 0.844416 0.100000 -0.051198
v 0.859301 0.103511 -0.062023
v 0.873010 0.114645 -0.071993
v 0.882014 0.131595 -0.078542
v 0.852413 0.168996 -0.118839
v 0.825316 0.159396 -0.160957
v 0.855445 0.150000 -0.121044
v 0.854725 0.159396 -0.120520
v 0.843302 0.185722 -0.112212
v 0.819183 0.177849 -0.156496
v 0.848592 0.177849 -0.116060
v 0.829705 0.196581 -0.102324
v 0.807464 0.192060 -0.147974
v 0.836873 0.192060 -0.107537
v 0.815008 0.200000 -0.091635
v 0.792863 0.199187 -0.137354
v 0.822271 0.199187 -0.096918
v 0.799645 0.196251 -0.080462
v 0.778001 0.199110 -0.126546
v 0.807409 0.199110 -0.086109
v 0.786118 0.184985 -0.070625
v 0.763077 0.191526 -0.115692
v 0.792485 0.191526 -0.075255
v 0.777337 0.168172 -0.064238
v 0.751584 0.177036 -0.107333
v 0.780992 0.177036 -0.066897
v 0.774571 0.150000 -0.062226
v 0.745820 0.158981 -0.103142
v 0.775229 0.158981 -0.062705
v 0.777603 0.131005 -0.064431
v 0.745883 0.140604 -0.103187
v 0.775291 0.140604 -0.062750
v 0.786714 0.114278 -0.071058
v 0.752016 0.122151 -0.107647
v 0.781424 0.122151 -0.067211
v 0.800311 0.103419 -0.080947
v 0.763734 0.107940 -0.116170
v 0.793143 0.107940 -0.075733
v 0.830371 0.103749 -0.102808
v 0.793198 0.100891 -0.137598
v 0.815008 0.100000 -0.091635
v 0.822607 0.100891 -0.097161
v 0.843898 0.115015 -0.112646
v 0.808122 0.108474 -0.148452
v 0.837531 0.108474 -0.108015
v 0.852679 0.131828 -0.119033
v 0.819615 0.122964 -0.156810
v 0.849024 0.122964 -0.116374
v 0.855445 0.150000 -0.121044
v 0.825378 0.141019 -0.161002
v 0.854787 0.141019 -0.120565
v 0.764380 0.131595 -0.240289
v 0.755376 0.114645 -0.233741
v 0.741667 0.103511 -0.223771
v 0.711898 0.103511 -0.202120
v 0.698189 0.114645 -0.192150
v 0.689185 0.131595 -0.185602
v 0.689185 0.168405 -0.185602
v 0.698189 0.185356 -0.192150
v 0.711898 0.196489 -0.202120
v 0.741667 0.196489 -0.223771
v 0.755376 0.185356 -0.233741
v 0.764380 0.168405 -0.240289
v 0.796628 0.150000 -0.201917
v 0.793862 0.131828 -0.199906
v 0.795970 0.141019 -0.201439
v 0.785080 0.115015 -0.193519
v 0.790206 0.122964 -0.197247
v 0.771553 0.103749 -0.183681
v 0.778713 0.108474 -0.188889
v 0.756191 0.100000 -0.172509
v 0.763790 0.100891 -0.178035
v 0.741494 0.103419 -0.161820
v 0.727898 0.114278 -0.151931
v 0.734325 0.107940 -0.156607
v 0.718786 0.131005 -0.145305
v 0.722607 0.122151 -0.148084
v 0.715754 0.150000 -0.143100
v 0.716474 0.140604 -0.143624
v 0.718519 0.168172 -0.145111
v 0.716411 0.158981 -0.143578
v 0.727301 0.184985 -0.151498
v 0.722175 0.177036 -0.147770
v 0.740828 0.196251 -0.161336
v 0.733668 0.191526 -0.156129
v 0.756191 0.200000 -0.172509
v 0.748592 0.199110 -0.166982
v 0.770887 0.196581 -0.183197
v 0.763454 0.199187 -0.177791
v 0.784485 0.185722 -0.193086
v 0.778056 0.192060 -0.188411
v 0.793596 0.168996 -0.199712
v 0.789775 0.177849 -0.196933
v 0.796628 0.150000 -0.201917
v 0.795907 0.159396 -0.201393
v 0.351576 0.150000 0.307232
v 0.292759 0.150000 0.226358
v 0.233941 0.150000 0.145484
v 0.289727 0.168996 0.228563
v 0.280616 0.185722 0.235189
v 0.267018 0.196581 0.245078
v 0.311139 0.200000 0.336640
v 0.252322 0.200000 0.255767
v 0.236959 0.196251 0.266939
v 0.223432 0.184985 0.276777
v 0.214650 0.168172 0.283164
v 0.270702 0.150000 0.366049
v 0.211885 0.150000 0.285175
v 0.214917 0.131005 0.282970
v 0.224027 0.114278 0.276344
v 0.237625 0.103419 0.266455
v 0.252322 0.100000 0.255767
v 0.267684 0.103749 0.244594
v 0.281211 0.115015 0.234756
v 0.289993 0.131828 0.228369
v 0.292759 0.150000 0.226358
v 0.348737 0.168405 0.309296
v 0.339732 0.185356 0.315845
v 0.326023 0.196489 0.325815
v 0.296254 0.196489 0.347465
v 0.282546 0.185356 0.357435
v 0.273541 0.168405 0.363984
v 0.273541 0.131595 0.363984
v 0.282546 0.114645 0.357435
v 0.296254 0.103511 0.347465
v 0.311139 0.100000 0.336640
v 0.326023 0.103511 0.325815
v 0.339732 0.114645 0.315845
v 0.348737 0.131595 0.309296
v 0.351576 0.150000 0.307232
v 0.319136 0.168996 0.269000
v 0.292038 0.159396 0.226882
v 0.322167 0.150000 0.266795
v 0.321446 0.159396 0.267319
v 0.310024 0.185722 0.275626
v 0.285906 0.177849 0.231342
v 0.315314 0.177849 0.271779
v 0.296427 0.196581 0.285515
v 0.274187 0.192060 0.239864
v 0.303595 0.192060 0.280301
v 0.281731 0.200000 0.296203
v 0.259585 0.199187 0.250484
v 0.288994 0.199187 0.290921
v 0.266368 0.196251 0.307376
v 0.244723 0.199110 0.261293
v 0.274132 0.199110 0.301730
v 0.252841 0.184985 0.317214
v 0.229799 0.191526 0.272147
v 0.259208 0.191526 0.312583
v 0.244058 0.168172 0.323601
v 0.218306 0.177036 0.280505
v 0.247715 0.177036 0.320942
v 0.241294 0.150000 0.325612
v 0.212542 0.158981 0.284697
v 0.241951 0.158981 0.325134
v 0.244325 0.131005 0.323407
v 0.212605 0.140604 0.284651
v 0.242014 0.140604 0.325088
v 0.253437 0.114278 0.316781
v 0.218738 0.122151 0.280191
v 0.248147 0.122151 0.320628
v 0.267033 0.103419 0.306892
v 0.230456 0.107940 0.271669
v 0.259865 0.107940 0.312105
v 0.281731 0.100000 0.296203
v 0.245058 0.100813 0.261049
v 0.274466 0.100813 0.301486
v 0.297092 0.103749 0.285031
v 0.259920 0.100891 0.250240
v 0.289329 0.100891 0.290677
v 0.310619 0.115015 0.275193
v 0.274844 0.108474 0.239386
v 0.304252 0.108474 0.279823
v 0.319402 0.131828 0.268806
v 0.286337 0.122964 0.231028
v 0.315745 0.122964 0.271465
v 0.322167 0.150000 0.266795
v 0.292101 0.141019 0.226836
v 0.321509 0.141019 0.267273
v 0.233941 0.150000 0.145484
v 0.231102 0.131595 0.147549
v 0.222097 0.114645 0.154098
v 0.208389 0.103511 0.164068
v 0.193504 0.100000 0.174893
v 0.178620 0.103511 0.185718
v 0.164911 0.114645 0.195688
v 0.155907 0.131595 0.202237
v 0.153067 0.150000 0.204301
v 0.155907 0.168405 0.202237
v 0.164911 0.185356 0.195688
v 0.178620 0.196489 0.185718
v 0.193504 0.200000 0.174893
v 0.208389 0.196489 0.164068
v 0.222097 0.185356 0.154098
v 0.231102 0.168405 0.147549
v 0.263349 0.150000 0.185921
v 0.260585 0.131828 0.187932
v 0.262692 0.141019 0.186399
v 0.251802 0.115015 0.194319
v 0.256928 0.122964 0.190591
v 0.238275 0.103749 0.204157
v 0.245436 0.108474 0.198950
v 0.222913 0.100000 0.215330
v 0.230512 0.100891 0.209803
v 0.208217 0.103419 0.226018
v 0.194619 0.114278 0.235907
v 0.201048 0.107940 0.231232
v 0.185508 0.131005 0.242533
v 0.189329 0.122151 0.239754
v 0.182476 0.150000 0.244738
v 0.183197 0.140604 0.244214
v 0.185242 0.168172 0.242727
v 0.183134 0.158981 0.244260
v 0.194024 0.184985 0.236340
v 0.188898 0.177036 0.240068
v 0.207551 0.196251 0.226502
v 0.200391 0.191526 0.231710
v 0.222913 0.200000 0.215330
v 0.215315 0.199110 0.220856
v 0.237610 0.196581 0.204641
v 0.230177 0.199187 0.210047
v 0.251207 0.185722 0.194752
v 0.244778 0.192060 0.199428
v 0.260318 0.168996 0.188126
v 0.256496 0.177849 0.190905
v 0.263349 0.150000 0.185921
v 0.262629 0.159396 0.186445
v 0.989745 0.225000 -0.156892
v 0.872111 0.225000 -0.318639
v 0.724944 0.262500 -0.087959
v 0.577778 0.300000 0.142721
v 0.460143 0.300000 -0.019026
v 0.495108 0.293635 -0.044455
v 0.695536 0.262500 -0.128396
v 0.621952 0.281250 -0.013056
v 0.592543 0.281250 -0.053493
v 0.577778 0.300000 0.142721
v 0.460143 0.300000 -0.019026
v 0.165810 0.225000 0.442334
v 0.048176 0.225000 0.280586
v 0.425179 0.293635 0.006402
v 0.283568 0.262500 0.171217
v 0.268864 0.262500 0.150998
v 0.386560 0.281250 0.096314
v 0.371856 0.281250 0.076095
v 0.165810 0.075000 0.442334
v 0.048176 0.075000 0.280586
v 0.577778 0.000000 0.142721
v 0.460143 0.000000 -0.019026
v 0.425179 0.006365 0.006402
v 0.283568 0.037500 0.171217
v 0.268864 0.037500 0.150998
v 0.386560 0.018750 0.096314
v 0.371856 0.018750 0.076095
v 0.577778 0.000000 0.142721
v 0.460143 0.000000 -0.019026
v 0.989745 0.075000 -0.156892
v 0.872111 0.075000 -0.318639
v 0.495108 0.006365 -0.044455
v 0.695536 0.037500 -0.128396
v 0.680832 0.037500 -0.148614
v 0.592543 0.018750 -0.053493
v 0.577840 0.018750 -0.073711
v 0.989745 0.075000 -0.156892
v 0.165810 0.225000 0.442334
v 0.884853 0.150000 -0.080607
v 0.882014 0.131595 -0.078542
v 0.873010 0.114645 -0.071993
v 0.859301 0.103511 -0.062023
v 0.844416 0.100000 -0.051198
v 0.829532 0.103511 -0.040373
v 0.815823 0.114645 -0.030403
v 0.806819 0.131595 -0.023855
v 0.803980 0.150000 -0.021790
v 0.806819 0.168405 -0.023855
v 0.815823 0.185356 -0.030403
v 0.829532 0.196489 -0.040373
v 0.844416 0.200000 -0.051198
v 0.859301 0.196489 -0.062023
v 0.873010 0.185356 -0.071993
v 0.882014 0.168405 -0.078542
v 0.351576 0.150000 0.307232
v 0.348737 0.131595 0.309296
v 0.339732 0.114645 0.315845
v 0.326023 0.103511 0.325815
v 0.311139 0.100000 0.336640
v 0.296254 0.103511 0.347465
v 0.282546 0.114645 0.357435
v 0.273541 0.131595 0.363984
v 0.270702 0.150000 0.366049
v 0.273541 0.168405 0.363984
v 0.282546 0.185356 0.357435
v 0.296254 0.196489 0.347465
v 0.311139 0.200000 0.336640
v 0.326023 0.196489 0.325815
v 0.339732 0.185356 0.315845
v 0.348737 0.168405 0.309296
v 0.989745 0.225000 -0.156892
v 0.577778 0.300000 0.142721
v 0.165810 0.075000 0.442334
v 0.577778 0.000000 0.142721
v 0.165810 0.075000 0.442334
v 0.094199 0.075000 0.529048
v 0.069329 0.075000 0.639000
v -0.130672 0.075000 0.639000
v -0.083104 0.075000 0.436683
v 0.048176 0.075000 0.280586
v 0.165810 0.225000 0.442334
v 0.094199 0.225000 0.529048
v 0.069329 0.225000 0.639000
v -0.130672 0.225000 0.639000
v -0.083104 0.225000 0.436683
v 0.048176 0.225000 0.280586
v 0.495108 0.293635 -0.044455
v 0.872111 0.075000 -0.318639
v 0.767219 0.150000 -0.242354
v 0.764380 0.131595 -0.240289
v 0.755376 0.114645 -0.233741
v 0.741667 0.103511 -0.223771
v 0.726783 0.100000 -0.212945
v 0.711898 0.103511 -0.202120
v 0.698189 0.114645 -0.192150
v 0.689185 0.131595 -0.185602
v 0.686346 0.150000 -0.183537
v 0.689185 0.168405 -0.185602
v 0.698189 0.185356 -0.192150
v 0.711898 0.196489 -0.202120
v 0.726783 0.200000 -0.212945
v 0.741667 0.196489 -0.223771
v 0.755376 0.185356 -0.233741
v 0.764380 0.168405 -0.240289
v 0.777860 0.150000 -0.250093
v 0.777860 0.078183 -0.250093
v 0.777860 0.114091 -0.250093
v 0.824985 0.150000 -0.284366
v 0.824985 0.078183 -0.284366
v 0.777860 0.221817 -0.250093
v 0.636484 0.150000 -0.147274
v 0.589358 0.221817 -0.113001
v 0.636484 0.221817 -0.147274
v 0.777860 0.185909 -0.250093
v 0.824985 0.221817 -0.284366
v 0.872111 0.225000 -0.318639
v 0.504233 0.289742 -0.051092
v 0.545025 0.257165 -0.080758
v 0.572358 0.206987 -0.100637
v 0.581454 0.150000 -0.107252
v 0.573158 0.095483 -0.101219
v 0.546812 0.045044 -0.082058
v 0.495108 0.006365 -0.044455
v 0.425179 0.293635 0.006402
v 0.425179 0.006365 0.006402
v 0.416054 0.010258 0.013039
v 0.375262 0.042835 0.042706
v 0.347929 0.093014 0.062585
v 0.338833 0.150000 0.069199
v 0.048176 0.225000 0.280586
v 0.233941 0.150000 0.145484
v 0.231102 0.131595 0.147549
v 0.222097 0.114645 0.154098
v 0.208389 0.103511 0.164068
v 0.193504 0.100000 0.174893
v 0.178620 0.103511 0.185718
v 0.164911 0.114645 0.195688
v 0.155907 0.131595 0.202237
v 0.153067 0.150000 0.204301
v 0.155907 0.168405 0.202237
v 0.164911 0.185356 0.195688
v 0.178620 0.196489 0.185718
v 0.193504 0.200000 0.174893
v 0.208389 0.196489 0.164068
v 0.222097 0.185356 0.154098
v 0.231102 0.168405 0.147549
v 0.048176 0.075000 0.280586
v 0.347129 0.204517 0.063166
v 0.373475 0.254956 0.044005
v 0.330590 0.150000 -0.367180
v 0.212956 0.150000 -0.528928
v 0.095322 0.150000 -0.690675
v -0.022313 0.150000 -0.852422
v -0.139947 0.150000 -1.014169
v -0.257582 0.150000 -1.175916
v 0.324527 0.187991 -0.362770
v 0.206892 0.187991 -0.524518
v 0.089258 0.187991 -0.686265
v -0.028377 0.187991 -0.848012
v -0.146011 0.187991 -1.009759
v -0.263645 0.187991 -1.171507
v 0.306304 0.221444 -0.349518
v 0.188670 0.221444 -0.511265
v 0.071035 0.221444 -0.673012
v -0.046599 0.221444 -0.834759
v -0.164233 0.221444 -0.996507
v -0.281867 0.221444 -1.158254
v 0.279110 0.243162 -0.329740
v 0.161476 0.243162 -0.491487
v 0.043841 0.243162 -0.653235
v -0.073793 0.243162 -0.814982
v -0.191427 0.243162 -0.976729
v -0.309061 0.243162 -1.138476
v 0.249717 0.250000 -0.308363
v 0.132082 0.250000 -0.470110
v 0.014448 0.250000 -0.631858
v -0.103187 0.250000 -0.793605
v -0.220821 0.250000 -0.955352
v -0.338455 0.250000 -1.117099
v 0.218992 0.242502 -0.286018
v 0.101357 0.242502 -0.447765
v -0.016277 0.242502 -0.609512
v -0.133911 0.242502 -0.771260
v -0.251545 0.242502 -0.933007
v -0.369180 0.242502 -1.094754
v 0.191937 0.219971 -0.266342
v 0.074303 0.219971 -0.428089
v -0.043331 0.219971 -0.589837
v -0.160965 0.219971 -0.751584
v -0.278600 0.219971 -0.913331
v -0.396234 0.219971 -1.075078
v 0.174373 0.186345 -0.253568
v 0.056740 0.186345 -0.415315
v -0.060895 0.186345 -0.577063
v -0.178530 0.186345 -0.738810
v -0.296164 0.186345 -0.900557
v -0.413798 0.186345 -1.062304
v 0.168843 0.150000 -0.249546
v 0.051208 0.150000 -0.411293
v -0.066425 0.150000 -0.573040
v -0.184060 0.150000 -0.734788
v -0.301694 0.150000 -0.896535
v -0.419329 0.150000 -1.058282
v 0.174907 0.112009 -0.253956
v 0.057272 0.112009 -0.415703
v -0.060362 0.112009 -0.577450
v -0.177997 0.112009 -0.739198
v -0.295631 0.112009 -0.900945
v -0.413265 0.112009 -1.062692
v 0.193129 0.078557 -0.267209
v 0.075495 0.078557 -0.428956
v -0.042140 0.078557 -0.590703
v -0.159774 0.078557 -0.752450
v -0.277409 0.078557 -0.914197
v -0.395043 0.078557 -1.075945
v 0.220323 0.056839 -0.286986
v 0.102689 0.056839 -0.448733
v -0.014945 0.056839 -0.610481
v -0.132580 0.056839 -0.772228
v -0.250215 0.056839 -0.933975
v -0.367849 0.056839 -1.095722
v 0.249717 0.050000 -0.308363
v 0.132082 0.050000 -0.470110
v 0.014448 0.050000 -0.631858
v -0.103187 0.050000 -0.793605
v -0.220821 0.050000 -0.955352
v -0.338455 0.050000 -1.117099
v 0.280441 0.057498 -0.330708
v 0.162807 0.057498 -0.492456
v 0.045173 0.057498 -0.654203
v -0.072461 0.057498 -0.815950
v -0.190096 0.057498 -0.977697
v -0.307731 0.057498 -1.139444
v 0.307495 0.080030 -0.350384
v 0.189861 0.080030 -0.512131
v 0.072226 0.080030 -0.673879
v -0.045407 0.080030 -0.835626
v -0.163042 0.080030 -0.997373
v -0.280676 0.080030 -1.159120
v 0.325060 0.113655 -0.363158
v 0.207425 0.113655 -0.524905
v 0.089791 0.113655 -0.686652
v -0.027844 0.113655 -0.848400
v -0.145477 0.113655 -1.010147
v -0.263112 0.113655 -1.171894
v 0.330590 0.150000 -0.367180
v 0.212956 0.150000 -0.528928
v 0.095322 0.150000 -0.690675
v -0.022313 0.150000 -0.852422
v -0.139947 0.150000 -1.014169
v -0.257582 0.150000 -1.175916
v 0.265710 0.187991 -0.443644
v 0.211515 0.168792 -0.527880
v 0.271773 0.150000 -0.448054
v 0.270332 0.168792 -0.447006
v 0.220293 0.243162 -0.410614
v 0.175813 0.234120 -0.501914
v 0.247487 0.221444 -0.430391
v 0.234629 0.234120 -0.421041
v 0.190900 0.250000 -0.389237
v 0.146609 0.248374 -0.480676
v 0.205427 0.248374 -0.399802
v 0.160174 0.242502 -0.366892
v 0.116885 0.248219 -0.459058
v 0.175702 0.248219 -0.378184
v 0.115557 0.186345 -0.334442
v 0.064051 0.204073 -0.420633
v 0.133120 0.219971 -0.347216
v 0.122868 0.204073 -0.339760
v 0.110026 0.150000 -0.330420
v 0.052524 0.167963 -0.412250
v 0.111341 0.167963 -0.331376
v 0.116090 0.112009 -0.334830
v 0.052649 0.131208 -0.412341
v 0.111466 0.131208 -0.331467
v 0.161506 0.056839 -0.367860
v 0.088352 0.065880 -0.438306
v 0.134312 0.078557 -0.348082
v 0.147169 0.065880 -0.357433
v 0.190900 0.050000 -0.389237
v 0.117555 0.051627 -0.459545
v 0.176372 0.051627 -0.378672
v 0.221624 0.057498 -0.411582
v 0.147280 0.051782 -0.481163
v 0.206097 0.051782 -0.400289
v 0.266243 0.113655 -0.444032
v 0.200113 0.095927 -0.519587
v 0.248678 0.080030 -0.431258
v 0.258930 0.095927 -0.438714
v 0.271773 0.150000 -0.448054
v 0.211640 0.132037 -0.527971
v 0.270457 0.132037 -0.447097
v -0.198764 0.150000 -1.095043
v -0.204295 0.113655 -1.091021
v -0.141262 0.132037 -1.013213
v -0.200080 0.132037 -1.094086
v -0.221859 0.080030 -1.078247
v -0.152790 0.095927 -1.004829
v -0.211607 0.095927 -1.085703
v -0.248913 0.057498 -1.058571
v -0.279638 0.050000 -1.036226
v -0.205624 0.051782 -0.966405
v -0.264441 0.051782 -1.047278
v -0.309032 0.056839 -1.014849
v -0.235348 0.051627 -0.944787
v -0.294165 0.051627 -1.025660
v -0.336226 0.078557 -0.995071
v -0.264551 0.065880 -0.923548
v -0.323368 0.065880 -1.004422
v -0.354448 0.112009 -0.981818
v -0.360512 0.150000 -0.977408
v -0.300254 0.131208 -0.897583
v -0.359071 0.131208 -0.978456
v -0.354981 0.186345 -0.981431
v -0.300379 0.167963 -0.897492
v -0.359196 0.167963 -0.978365
v -0.337417 0.219971 -0.994205
v -0.288852 0.204073 -0.905875
v -0.347669 0.204073 -0.986749
v -0.310363 0.242502 -1.013880
v -0.279638 0.250000 -1.036226
v -0.236018 0.248219 -0.944299
v -0.294835 0.248219 -1.025173
v -0.250244 0.243162 -1.057603
v -0.206293 0.248374 -0.965917
v -0.265111 0.248374 -1.046791
v -0.223050 0.221444 -1.077380
v -0.177090 0.234120 -0.987156
v -0.235908 0.234120 -1.068030
v -0.204828 0.187991 -1.090633
v -0.198764 0.150000 -1.095043
v -0.141388 0.168792 -1.013121
v -0.200205 0.168792 -1.093995
v -0.257582 0.150000 -1.175916
v -0.263645 0.187991 -1.171507
v -0.281867 0.221444 -1.158254
v -0.309061 0.243162 -1.138476
v -0.338455 0.250000 -1.117099
v -0.369180 0.242502 -1.094754
v -0.396234 0.219971 -1.075078
v -0.413798 0.186345 -1.062304
v -0.419329 0.150000 -1.058282
v -0.413265 0.112009 -1.062692
v -0.395043 0.078557 -1.075945
v -0.367849 0.056839 -1.095722
v -0.338455 0.050000 -1.117099
v -0.307731 0.057498 -1.139444
v -0.280676 0.080030 -1.159120
v -0.263112 0.113655 -1.171894
v 5.369329 0.150000 -0.396589
v 5.369329 0.150000 -0.596589
v 5.369329 0.150000 -0.796589
v 5.369329 0.150000 -0.996589
v 5.369329 0.150000 -1.196589
v 5.369329 0.150000 -1.396589
v 5.376827 0.112009 -0.596589
v 5.376827 0.112009 -0.796589
v 5.376827 0.112009 -0.996589
v 5.376827 0.112009 -1.196589
v 5.376827 0.112009 -1.396589
v 5.399358 0.078557 -0.596589
v 5.399358 0.078557 -0.796589
v 5.399358 0.078557 -0.996589
v 5.399358 0.078557 -1.196589
v 5.399358 0.078557 -1.396589
v 5.432984 0.056839 -0.596589
v 5.432984 0.056839 -0.796589
v 5.432984 0.056839 -0.996589
v 5.432984 0.056839 -1.196589
v 5.432984 0.056839 -1.396589
v 5.469329 0.050000 -0.396589
v 5.469329 0.050000 -0.596589
v 5.469329 0.050000 -0.796589
v 5.469329 0.050000 -0.996589
v 5.469329 0.050000 -1.196589
v 5.469329 0.050000 -1.396589
v 5.507320 0.057498 -0.596589
v 5.507320 0.057498 -0.796589
v 5.507320 0.057498 -0.996589
v 5.507320 0.057498 -1.196589
v 5.507320 0.057498 -1.396589
v 5.540772 0.080030 -0.596589
v 5.540772 0.080030 -0.796589
v 5.540772 0.080030 -0.996589
v 5.540772 0.080030 -1.196589
v 5.540772 0.080030 -1.396589
v 5.562490 0.113655 -0.596589
v 5.562490 0.113655 -0.796589
v 5.562490 0.113655 -0.996589
v 5.562490 0.113655 -1.196589
v 5.562490 0.113655 -1.396589
v 5.569329 0.150000 -0.396589
v 5.569329 0.150000 -0.596589
v 5.569329 0.150000 -0.796589
v 5.569329 0.150000 -0.996589
v 5.569329 0.150000 -1.196589
v 5.569329 0.150000 -1.396589
v 5.561831 0.187991 -0.596589
v 5.561831 0.187991 -0.796589
v 5.561831 0.187991 -0.996589
v 5.561831 0.187991 -1.196589
v 5.561831 0.187991 -1.396589
v 5.539299 0.221444 -0.596589
v 5.539299 0.221444 -0.796589
v 5.539299 0.221444 -0.996589
v 5.539299 0.221444 -1.196589
v 5.539299 0.221444 -1.396589
v 5.505674 0.243162 -0.596589
v 5.505674 0.243162 -0.796589
v 5.505674 0.243162 -0.996589
v 5.505674 0.243162 -1.196589
v 5.505674 0.243162 -1.396589
v 5.469329 0.250000 -0.396589
v 5.469329 0.250000 -0.596589
v 5.469329 0.250000 -0.796589
v 5.469329 0.250000 -0.996589
v 5.469329 0.250000 -1.196589
v 5.469329 0.250000 -1.396589
v 5.431338 0.242502 -0.596589
v 5.431338 0.242502 -0.796589
v 5.431338 0.242502 -0.996589
v 5.431338 0.242502 -1.196589
v 5.431338 0.242502 -1.396589
v 5.397885 0.219971 -0.596589
v 5.397885 0.219971 -0.796589
v 5.397885 0.219971 -0.996589
v 5.397885 0.219971 -1.196589
v 5.397885 0.219971 -1.396589
v 5.376167 0.186345 -0.596589
v 5.376167 0.186345 -0.796589
v 5.376167 0.186345 -0.996589
v 5.376167 0.186345 -1.196589
v 5.376167 0.186345 -1.396589
v 5.369329 0.150000 -0.396589
v 5.369329 0.150000 -0.596589
v 5.369329 0.150000 -0.796589
v 5.369329 0.150000 -0.996589
v 5.369329 0.150000 -1.196589
v 5.369329 0.150000 -1.396589
v 5.376350 0.113191 -0.396589
v 5.398618 0.079289 -0.396589
v 5.432519 0.057021 -0.396589
v 5.506138 0.057021 -0.396589
v 5.540039 0.079289 -0.396589
v 5.562308 0.113191 -0.396589
v 5.562308 0.186810 -0.396589
v 5.540039 0.220711 -0.396589
v 5.506138 0.242979 -0.396589
v 5.432519 0.242979 -0.396589
v 5.398618 0.220711 -0.396589
v 5.376350 0.186810 -0.396589
v 5.376827 0.112009 -0.496589
v 5.371110 0.131208 -0.596589
v 5.369329 0.150000 -0.496589
v 5.371110 0.131208 -0.496589
v 5.399358 0.078557 -0.496589
v 5.386277 0.094302 -0.596589
v 5.386277 0.094302 -0.496589
v 5.432984 0.056839 -0.496589
v 5.415256 0.065880 -0.596589
v 5.415256 0.065880 -0.496589
v 5.507320 0.057498 -0.496589
v 5.488120 0.051782 -0.596589
v 5.469329 0.050000 -0.496589
v 5.488120 0.051782 -0.496589
v 5.540772 0.080030 -0.496589
v 5.525027 0.066948 -0.596589
v 5.525027 0.066948 -0.496589
v 5.562490 0.113655 -0.496589
v 5.553449 0.095927 -0.596589
v 5.553449 0.095927 -0.496589
v 5.561831 0.187991 -0.496589
v 5.567547 0.168792 -0.596589
v 5.569329 0.150000 -0.496589
v 5.567547 0.168792 -0.496589
v 5.539299 0.221444 -0.496589
v 5.552381 0.205698 -0.596589
v 5.552381 0.205698 -0.496589
v 5.505674 0.243162 -0.496589
v 5.523402 0.234120 -0.596589
v 5.523402 0.234120 -0.496589
v 5.469329 0.250000 -0.496589
v 5.487292 0.248374 -0.596589
v 5.487292 0.248374 -0.496589
v 5.431338 0.242502 -0.496589
v 5.450537 0.248219 -0.596589
v 5.450537 0.248219 -0.496589
v 5.397885 0.219971 -0.496589
v 5.413630 0.233052 -0.596589
v 5.413630 0.233052 -0.496589
v 5.376167 0.186345 -0.496589
v 5.385209 0.204073 -0.596589
v 5.385209 0.204073 -0.496589
v 5.369329 0.150000 -0.496589
v 5.370955 0.167963 -0.596589
v 5.370955 0.167963 -0.496589
v 5.369329 0.150000 -1.296589
v 5.376167 0.186345 -1.296589
v 5.370955 0.167963 -1.196589
v 5.370955 0.167963 -1.296589
v 5.397885 0.219971 -1.296589
v 5.385209 0.204073 -1.196589
v 5.385209 0.204073 -1.296589
v 5.431338 0.242502 -1.296589
v 5.469329 0.250000 -1.296589
v 5.450537 0.248219 -1.196589
v 5.450537 0.248219 -1.296589
v 5.505674 0.243162 -1.296589
v 5.487292 0.248374 -1.196589
v 5.487292 0.248374 -1.296589
v 5.539299 0.221444 -1.296589
v 5.523402 0.234120 -1.196589
v 5.523402 0.234120 -1.296589
v 5.561831 0.187991 -1.296589
v 5.569329 0.150000 -1.296589
v 5.567547 0.168792 -1.196589
v 5.567547 0.168792 -1.296589
v 5.562490 0.113655 -1.296589
v 5.567702 0.132037 -1.196589
v 5.567702 0.132037 -1.296589
v 5.540772 0.080030 -1.296589
v 5.553449 0.095927 -1.196589
v 5.553449 0.095927 -1.296589
v 5.507320 0.057498 -1.296589
v 5.469329 0.050000 -1.296589
v 5.488120 0.051782 -1.196589
v 5.488120 0.051782 -1.296589
v 5.432984 0.056839 -1.296589
v 5.451366 0.051627 -1.196589
v 5.451366 0.051627 -1.296589
v 5.399358 0.078557 -1.296589
v 5.415256 0.065880 -1.196589
v 5.415256 0.065880 -1.296589
v 5.376827 0.112009 -1.296589
v 5.369329 0.150000 -1.296589
v 5.371110 0.131208 -1.196589
v 5.371110 0.131208 -1.296589
v 5.369329 0.150000 -0.396589
v 5.376350 0.113191 -0.396589
v 5.398618 0.079289 -0.396589
v 5.432519 0.057021 -0.396589
v 5.469329 0.050000 -0.396589
v 5.506138 0.057021 -0.396589
v 5.540039 0.079289 -0.396589
v 5.562308 0.113191 -0.396589
v 5.569329 0.150000 -0.396589
v 5.562308 0.186810 -0.396589
v 5.540039 0.220711 -0.396589
v 5.506138 0.242979 -0.396589
v 5.469329 0.250000 -0.396589
v 5.432519 0.242979 -0.396589
v 5.398618 0.220711 -0.396589
v 5.376350 0.186810 -0.396589
v 5.369329 0.150000 -1.396589
v 5.376827 0.112009 -1.396589
v 5.399358 0.078557 -1.396589
v 5.432984 0.056839 -1.396589
v 5.469329 0.050000 -1.396589
v 5.507320 0.057498 -1.396589
v 5.540772 0.080030 -1.396589
v 5.562490 0.113655 -1.396589
v 5.569329 0.150000 -1.396589
v 5.561831 0.187991 -1.396589
v 5.539299 0.221444 -1.396589
v 5.505674 0.243162 -1.396589
v 5.469329 0.250000 -1.396589
v 5.431338 0.242502 -1.396589
v 5.397885 0.219971 -1.396589
v 5.376167 0.186345 -1.396589
v 4.788125 0.225000 -0.196589
v 4.772741 0.225000 -0.194163
v 4.758960 0.225000 -0.187202
v 4.747673 0.225000 -0.175977
v 4.740572 0.225000 -0.162039
v 4.738125 0.225000 -0.146554
v 4.740602 0.225000 -0.131045
v 4.747767 0.225000 -0.117071
v 4.758716 0.225000 -0.106152
v 4.788125 0.150000 -0.196589
v 4.772741 0.150000 -0.194163
v 4.758960 0.150000 -0.187202
v 4.747673 0.150000 -0.175977
v 4.740572 0.150000 -0.162039
v 4.738125 0.150000 -0.146554
v 4.740602 0.150000 -0.131045
v 4.747767 0.150000 -0.117071
v 4.758716 0.150000 -0.106152
v 4.788125 0.075000 -0.196589
v 4.772741 0.075000 -0.194163
v 4.758960 0.075000 -0.187202
v 4.747673 0.075000 -0.175977
v 4.740572 0.075000 -0.162039
v 4.738125 0.075000 -0.146554
v 4.740602 0.075000 -0.131045
v 4.747767 0.075000 -0.117071
v 4.758716 0.075000 -0.106152
v 4.772741 0.112500 -0.194163
v 4.780710 0.150000 -0.196036
v 4.780710 0.112500 -0.196036
v 4.758960 0.112500 -0.187202
v 4.765804 0.150000 -0.191330
v 4.765804 0.112500 -0.191330
v 4.740572 0.112500 -0.162039
v 4.743596 0.150000 -0.169331
v 4.747673 0.112500 -0.175977
v 4.743596 0.112500 -0.169331
v 4.738125 0.112500 -0.146554
v 4.738730 0.150000 -0.154345
v 4.738730 0.112500 -0.154345
v 4.747767 0.112500 -0.117071
v 4.743752 0.150000 -0.123544
v 4.740602 0.112500 -0.131045
v 4.743752 0.112500 -0.123544
v 4.753081 0.150000 -0.110925
v 4.753081 0.112500 -0.110925
v 4.747767 0.187500 -0.117071
v 4.753081 0.187500 -0.110925
v 4.740602 0.187500 -0.131045
v 4.743752 0.187500 -0.123544
v 4.738125 0.187500 -0.146554
v 4.740572 0.187500 -0.162039
v 4.738730 0.187500 -0.154345
v 4.747673 0.187500 -0.175977
v 4.743596 0.187500 -0.169331
v 4.758960 0.187500 -0.187202
v 4.772741 0.187500 -0.194163
v 4.765804 0.187500 -0.191330
v 4.780710 0.187500 -0.196036
v 5.117586 0.075000 -0.196589
v 5.134878 0.075000 -0.193504
v 5.151192 0.075000 -0.183612
v 5.162228 0.075000 -0.169108
v 5.167337 0.075000 -0.151575
v 5.165805 0.075000 -0.133361
v 5.158024 0.075000 -0.117180
v 5.117586 0.150000 -0.196589
v 5.134878 0.150000 -0.193504
v 5.165805 0.150000 -0.133361
v 5.158024 0.150000 -0.117180
v 5.117586 0.225000 -0.196589
v 5.134878 0.225000 -0.193504
v 5.151192 0.225000 -0.183612
v 5.162228 0.225000 -0.169108
v 5.167337 0.225000 -0.151575
v 5.165805 0.225000 -0.133361
v 5.158024 0.225000 -0.117180
v 5.134878 0.187500 -0.193504
v 5.125985 0.150000 -0.195879
v 5.125985 0.187500 -0.195879
v 5.162469 0.150000 -0.124554
v 5.165805 0.187500 -0.133361
v 5.162469 0.187500 -0.124554
v 5.165805 0.112500 -0.133361
v 5.162469 0.112500 -0.124554
v 5.134878 0.112500 -0.193504
v 5.125985 0.112500 -0.195879
v 5.162228 0.150000 -0.169108
v 5.167337 0.150000 -0.151575
v 5.044047 0.075000 0.039537
v 5.029843 0.075000 0.052694
v 5.010894 0.075000 0.059595
v 4.990910 0.075000 0.058488
v 4.974202 0.075000 0.050565
v 5.044047 0.150000 0.039537
v 4.974202 0.150000 0.050565
v 5.044047 0.225000 0.039537
v 5.029843 0.225000 0.052694
v 5.010894 0.225000 0.059595
v 4.990910 0.225000 0.058488
v 4.974202 0.225000 0.050565
v 5.010894 0.150000 0.059595
v 4.990910 0.150000 0.058488
v 5.216823 0.075000 0.227016
v 5.203666 0.075000 0.212812
v 5.196765 0.075000 0.193863
v 5.197872 0.075000 0.173879
v 5.205795 0.075000 0.157171
v 5.216823 0.150000 0.227016
v 5.205795 0.150000 0.157171
v 5.216823 0.225000 0.227016
v 5.203666 0.225000 0.212812
v 5.196765 0.225000 0.193863
v 5.197872 0.225000 0.173879
v 5.205795 0.225000 0.157171
v 5.196765 0.150000 0.193863
v 5.197872 0.150000 0.173879
v 5.290481 0.225000 0.280586
v 5.290481 0.075000 0.280586
v 5.339425 0.225000 0.322335
v 5.339425 0.075000 0.322335
v 5.324756 0.189887 0.308370
v 5.319329 0.150000 0.303600
v 5.324756 0.110113 0.308370
v 5.269329 0.225000 0.639000
v 5.269329 0.075000 0.639000
v 5.243891 0.225000 0.527877
v 5.243891 0.075000 0.527877
v 5.172847 0.225000 0.442334
v 5.172847 0.075000 0.442334
v 5.172847 0.225000 0.442334
v 5.172847 0.075000 0.442334
v 4.348913 0.225000 -0.156892
v 4.348913 0.075000 -0.156892
v 4.348913 0.225000 -0.156892
v 4.348913 0.075000 -0.156892
v 4.291720 0.225000 -0.186379
v 4.291720 0.075000 -0.186379
v 4.228727 0.225000 -0.196589
v 4.228727 0.075000 -0.196589
v 4.228727 0.209211 -0.196589
v 4.228727 0.150000 -0.196589
v 4.228727 0.090790 -0.196589
v 4.260397 0.150000 -0.194050
v 4.244541 0.150000 -0.195959
v 4.260397 0.187500 -0.194050
v 4.244541 0.187500 -0.195959
v 4.260397 0.112500 -0.194050
v 4.244541 0.112500 -0.195959
v 5.369329 0.150000 -0.396589
v 5.369329 0.150000 -0.216819
v 5.369329 0.150000 -0.037049
v 5.369329 0.150000 0.142721
v 5.376827 0.112009 -0.216819
v 5.376827 0.112009 -0.037049
v 5.376827 0.112009 0.142721
v 5.399358 0.078557 -0.216819
v 5.399358 0.078557 -0.037049
v 5.399358 0.078557 0.142721
v 5.432984 0.056839 -0.216819
v 5.432984 0.056839 -0.037049
v 5.432984 0.056839 0.142721
v 5.469329 0.050000 -0.216819
v 5.469329 0.050000 -0.037049
v 5.469329 0.050000 0.142721
v 5.507320 0.057498 -0.216819
v 5.507320 0.057498 -0.037049
v 5.507320 0.057498 0.142721
v 5.540772 0.080030 -0.216819
v 5.540772 0.080030 -0.037049
v 5.540772 0.080030 0.142721
v 5.562490 0.113655 -0.216819
v 5.562490 0.113655 -0.037049
v 5.562490 0.113655 0.142721
v 5.569329 0.150000 -0.216819
v 5.569329 0.150000 -0.037049
v 5.569329 0.150000 0.142721
v 5.561831 0.187991 -0.216819
v 5.561831 0.187991 -0.037049
v 5.561831 0.187991 0.142721
v 5.539299 0.221444 -0.216819
v 5.539299 0.221444 -0.037049
v 5.539299 0.221444 0.142721
v 5.505674 0.243162 -0.216819
v 5.505674 0.243162 -0.037049
v 5.505674 0.243162 0.142721
v 5.469329 0.250000 -0.216819
v 5.469329 0.250000 -0.037049
v 5.469329 0.250000 0.142721
v 5.431338 0.242502 -0.216819
v 5.431338 0.242502 -0.037049
v 5.431338 0.242502 0.142721
v 5.397885 0.219971 -0.216819
v 5.397885 0.219971 -0.037049
v 5.397885 0.219971 0.142721
v 5.376167 0.186345 -0.216819
v 5.376167 0.186345 -0.037049
v 5.376167 0.186345 0.142721
v 5.369329 0.150000 -0.396589
v 5.369329 0.150000 -0.216819
v 5.369329 0.150000 -0.037049
v 5.369329 0.150000 0.142721
v 5.376350 0.113191 -0.396589
v 5.398618 0.079289 -0.396589
v 5.432519 0.057021 -0.396589
v 5.469329 0.050000 -0.396589
v 5.506138 0.057021 -0.396589
v 5.540039 0.079289 -0.396589
v 5.562308 0.113191 -0.396589
v 5.569329 0.150000 -0.396589
v 5.562308 0.186810 -0.396589
v 5.540039 0.220711 -0.396589
v 5.506138 0.242979 -0.396589
v 5.469329 0.250000 -0.396589
v 5.432519 0.242979 -0.396589
v 5.398618 0.220711 -0.396589
v 5.376350 0.186810 -0.396589
v 5.376827 0.112009 -0.306704
v 5.371110 0.131208 -0.216819
v 5.369329 0.150000 -0.306704
v 5.371110 0.131208 -0.306704
v 5.399358 0.078557 -0.306704
v 5.386277 0.094302 -0.216819
v 5.386277 0.094302 -0.306704
v 5.432984 0.056839 -0.306704
v 5.415256 0.065880 -0.216819
v 5.415256 0.065880 -0.306704
v 5.469329 0.050000 -0.306704
v 5.451366 0.051627 -0.216819
v 5.451366 0.051627 -0.306704
v 5.507320 0.057498 -0.306704
v 5.488120 0.051782 -0.216819
v 5.488120 0.051782 -0.306704
v 5.540772 0.080030 -0.306704
v 5.525027 0.066948 -0.216819
v 5.525027 0.066948 -0.306704
v 5.562490 0.113655 -0.306704
v 5.553449 0.095927 -0.216819
v 5.553449 0.095927 -0.306704
v 5.569329 0.150000 -0.306704
v 5.567702 0.132037 -0.216819
v 5.567702 0.132037 -0.306704
v 5.561831 0.187991 -0.306704
v 5.567547 0.168792 -0.216819
v 5.567547 0.168792 -0.306704
v 5.539299 0.221444 -0.306704
v 5.552381 0.205698 -0.216819
v 5.552381 0.205698 -0.306704
v 5.505674 0.243162 -0.306704
v 5.523402 0.234120 -0.216819
v 5.523402 0.234120 -0.306704
v 5.469329 0.250000 -0.306704
v 5.487292 0.248374 -0.216819
v 5.487292 0.248374 -0.306704
v 5.431338 0.242502 -0.306704
v 5.450537 0.248219 -0.216819
v 5.450537 0.248219 -0.306704
v 5.397885 0.219971 -0.306704
v 5.413630 0.233052 -0.216819
v 5.413630 0.233052 -0.306704
v 5.376167 0.186345 -0.306704
v 5.385209 0.204073 -0.216819
v 5.385209 0.204073 -0.306704
v 5.369329 0.150000 -0.306704
v 5.370955 0.167963 -0.216819
v 5.370955 0.167963 -0.306704
v 5.369329 0.150000 0.052836
v 5.376167 0.186345 0.052836
v 5.370955 0.167963 -0.037049
v 5.370955 0.167963 0.052836
v 5.397885 0.219971 0.052836
v 5.385209 0.204073 -0.037049
v 5.385209 0.204073 0.052836
v 5.431338 0.242502 0.052836
v 5.469329 0.250000 0.052836
v 5.450537 0.248219 -0.037049
v 5.450537 0.248219 0.052836
v 5.505674 0.243162 0.052836
v 5.487292 0.248374 -0.037049
v 5.487292 0.248374 0.052836
v 5.539299 0.221444 0.052836
v 5.523402 0.234120 -0.037049
v 5.523402 0.234120 0.052836
v 5.561831 0.187991 0.052836
v 5.569329 0.150000 0.052836
v 5.567547 0.168792 -0.037049
v 5.567547 0.168792 0.052836
v 5.562490 0.113655 0.052836
v 5.567702 0.132037 -0.037049
v 5.567702 0.132037 0.052836
v 5.540772 0.080030 0.052836
v 5.553449 0.095927 -0.037049
v 5.553449 0.095927 0.052836
v 5.507320 0.057498 0.052836
v 5.469329 0.050000 0.052836
v 5.488120 0.051782 -0.037049
v 5.488120 0.051782 0.052836
v 5.432984 0.056839 0.052836
v 5.451366 0.051627 -0.037049
v 5.451366 0.051627 0.052836
v 5.399358 0.078557 0.052836
v 5.415256 0.065880 -0.037049
v 5.415256 0.065880 0.052836
v 5.376827 0.112009 0.052836
v 5.369329 0.150000 0.052836
v 5.371110 0.131208 -0.037049
v 5.371110 0.131208 0.052836
v 5.369329 0.150000 0.142721
v 5.376827 0.112009 0.142721
v 5.399358 0.078557 0.142721
v 5.432984 0.056839 0.142721
v 5.469329 0.050000 0.142721
v 5.507320 0.057498 0.142721
v 5.540772 0.080030 0.142721
v 5.562490 0.113655 0.142721
v 5.569329 0.150000 0.142721
v 5.561831 0.187991 0.142721
v 5.539299 0.221444 0.142721
v 5.505674 0.243162 0.142721
v 5.469329 0.250000 0.142721
v 5.431338 0.242502 0.142721
v 5.397885 0.219971 0.142721
v 5.376167 0.186345 0.142721
v 5.269329 0.075000 0.639000
v 5.269329 0.225000 0.639000
v 5.339425 0.075000 0.639000
v 5.339425 0.225000 0.639000
v 5.414811 0.289742 0.639000
v 5.469329 0.300000 0.639000
v 5.526315 0.288754 0.639000
v 5.576494 0.254956 0.639000
v 5.609071 0.204517 0.639000
v 5.619329 0.150000 0.639000
v 5.608082 0.093014 0.639000
v 5.574284 0.042835 0.639000
v 5.523846 0.010258 0.639000
v 5.469329 0.000000 0.639000
v 5.412342 0.011247 0.639000
v 5.362164 0.045044 0.639000
v 5.216823 0.075000 0.227016
v 5.290481 0.225000 0.280586
v 5.290481 0.075000 0.280586
v 5.216823 0.150000 0.227016
v 5.216823 0.225000 0.227016
v 5.330575 0.206987 0.293804
v 5.364373 0.257165 0.293804
v 5.364373 0.257165 -0.051393
v 5.364373 0.257165 -0.396589
v 5.414811 0.289742 0.639000
v 5.414811 0.289742 0.293804
v 5.414811 0.289742 -0.051393
v 5.414811 0.289742 -0.396589
v 5.469329 0.300000 0.639000
v 5.469329 0.300000 0.293804
v 5.469329 0.300000 -0.051393
v 5.469329 0.300000 -0.396589
v 5.526315 0.288754 0.639000
v 5.526315 0.288754 0.293804
v 5.526315 0.288754 -0.051393
v 5.526315 0.288754 -0.396589
v 5.576494 0.254956 0.639000
v 5.576494 0.254956 0.293804
v 5.576494 0.254956 -0.051393
v 5.576494 0.254956 -0.396589
v 5.609071 0.204517 0.639000
v 5.609071 0.204517 0.293804
v 5.609071 0.204517 -0.051393
v 5.609071 0.204517 -0.396589
v 5.619329 0.150000 0.639000
v 5.619329 0.150000 0.293804
v 5.619329 0.150000 -0.051393
v 5.619329 0.150000 -0.396589
v 5.608082 0.093014 0.639000
v 5.608082 0.093014 0.293804
v 5.608082 0.093014 -0.051393
v 5.608082 0.093014 -0.396589
v 5.574284 0.042835 0.639000
v 5.574284 0.042835 0.293804
v 5.574284 0.042835 -0.051393
v 5.574284 0.042835 -0.396589
v 5.523846 0.010258 0.639000
v 5.523846 0.010258 0.293804
v 5.523846 0.010258 -0.051393
v 5.523846 0.010258 -0.396589
v 5.469329 0.000000 0.639000
v 5.469329 0.000000 0.293804
v 5.469329 0.000000 -0.051393
v 5.469329 0.000000 -0.396589
v 5.412342 0.011247 0.639000
v 5.412342 0.011247 0.293804
v 5.412342 0.011247 -0.051393
v 5.412342 0.011247 -0.396589
v 5.362164 0.045044 0.639000
v 5.362164 0.045044 0.293804
v 5.362164 0.045044 -0.051393
v 5.329587 0.095483 0.293804
v 5.319329 0.150000 0.303600
v 5.324756 0.189887 0.308370
v 5.339425 0.225000 0.322335
v 5.322001 0.178187 0.293804
v 5.330575 0.206987 0.121206
v 5.319329 0.150000 0.121206
v 5.322001 0.178187 0.121206
v 5.321769 0.123056 0.293804
v 5.325510 0.192619 0.293804
v 5.364373 0.257165 0.466402
v 5.344750 0.233548 0.293804
v 5.344750 0.233548 0.466402
v 5.344750 0.233548 0.380103
v 5.336942 0.220524 0.293804
v 5.364373 0.257165 0.121206
v 5.344750 0.233548 -0.051393
v 5.344750 0.233548 0.121206
v 5.339425 0.075000 0.322335
v 5.324756 0.110113 0.308370
v 5.319329 0.150000 0.303600
v 5.343149 0.068891 0.293804
v 5.362164 0.045044 0.466402
v 5.343149 0.068891 0.466402
v 5.335651 0.081954 0.293804
v 5.343149 0.068891 0.380103
v 5.329587 0.095483 0.121206
v 5.362164 0.045044 0.121206
v 5.343149 0.068891 0.121206
v 5.324969 0.109254 0.293804
v 5.319329 0.150000 0.121206
v 5.321769 0.123056 0.121206
v 5.339425 0.225000 0.480668
v 5.339425 0.225000 0.639000
v 5.339425 0.075000 0.639000
v 5.339425 0.075000 0.480668
v 5.469329 0.300000 0.466402
v 5.442385 0.297560 0.293804
v 5.414811 0.289742 0.466402
v 5.442385 0.297560 0.466402
v 5.526315 0.288754 0.466402
v 5.497516 0.297328 0.293804
v 5.497516 0.297328 0.466402
v 5.609071 0.204517 0.466402
v 5.595508 0.231109 0.293804
v 5.576494 0.254956 0.466402
v 5.595508 0.231109 0.466402
v 5.619329 0.150000 0.466402
v 5.616889 0.176944 0.293804
v 5.616889 0.176944 0.466402
v 5.608082 0.093014 0.466402
v 5.616656 0.121813 0.293804
v 5.616656 0.121813 0.466402
v 5.523846 0.010258 0.466402
v 5.550438 0.023820 0.293804
v 5.574284 0.042835 0.466402
v 5.550438 0.023820 0.466402
v 5.469329 0.000000 0.466402
v 5.496273 0.002440 0.293804
v 5.496273 0.002440 0.466402
v 5.412342 0.011247 0.466402
v 5.441141 0.002672 0.293804
v 5.441141 0.002672 0.466402
v 5.343149 0.068891 0.552701
v 5.352022 0.056518 0.466402
v 5.362164 0.045044 0.552701
v 5.352022 0.056518 0.552701
v 5.385781 0.025422 0.293804
v 5.385781 0.025422 0.466402
v 5.339425 0.075000 -0.396589
v 5.339425 0.225000 -0.396589
v 5.412342 0.011247 -0.223991
v 5.469329 0.000000 -0.223991
v 5.441141 0.002672 -0.051393
v 5.441141 0.002672 -0.223991
v 5.523846 0.010258 -0.223991
v 5.496273 0.002440 -0.051393
v 5.496273 0.002440 -0.223991
v 5.574284 0.042835 -0.223991
v 5.550438 0.023820 -0.051393
v 5.550438 0.023820 -0.223991
v 5.608082 0.093014 -0.223991
v 5.619329 0.150000 -0.223991
v 5.616656 0.121813 -0.051393
v 5.616656 0.121813 -0.223991
v 5.609071 0.204517 -0.223991
v 5.616889 0.176944 -0.051393
v 5.616889 0.176944 -0.223991
v 5.576494 0.254956 -0.223991
v 5.595508 0.231109 -0.051393
v 5.595508 0.231109 -0.223991
v 5.526315 0.288754 -0.223991
v 5.469329 0.300000 -0.223991
v 5.497516 0.297328 -0.051393
v 5.497516 0.297328 -0.223991
v 5.414811 0.289742 -0.223991
v 5.442385 0.297560 -0.051393
v 5.442385 0.297560 -0.223991
v 5.364373 0.257165 -0.223991
v 5.344750 0.233548 -0.223991
v 5.364373 0.257165 -0.310290
v 5.344750 0.233548 -0.310290
v 5.353933 0.245832 -0.223991
v 5.353933 0.245832 -0.310290
v 5.388220 0.276180 -0.051393
v 5.388220 0.276180 -0.223991
v 5.339425 0.225000 -0.026571
v 5.325008 0.190884 -0.006747
v 5.319329 0.150000 0.001062
v 5.319329 0.150000 0.001062
v 5.325008 0.109116 -0.006747
v 5.339425 0.075000 -0.026571
v 5.339425 0.225000 -0.211580
v 5.339425 0.075000 -0.211580
v 4.788125 0.225000 -0.196589
v 4.788125 0.075000 -0.196589
v 5.117586 0.075000 -0.196589
v 4.788125 0.150000 -0.196589
v 5.117586 0.150000 -0.196589
v 5.117586 0.225000 -0.196589
v 5.205795 0.225000 0.157171
v 5.205795 0.075000 0.157171
v 5.339425 0.075000 -0.026571
v 5.205795 0.150000 0.157171
v 5.319329 0.150000 0.001062
v 5.325008 0.190884 -0.006747
v 5.325008 0.109116 -0.006747
v 5.339425 0.225000 -0.026571
v 5.158024 0.075000 -0.117180
v 5.044047 0.225000 0.039537
v 5.158024 0.225000 -0.117180
v 5.158024 0.150000 -0.117180
v 5.044047 0.075000 0.039537
v 5.044047 0.150000 0.039537
v 4.758716 0.075000 -0.106152
v 4.974202 0.225000 0.050565
v 4.758716 0.150000 -0.106152
v 4.974202 0.150000 0.050565
v 4.758716 0.225000 -0.106152
v 4.974202 0.075000 0.050565
v 4.788125 0.225000 -0.196589
v 4.772741 0.225000 -0.194163
v 4.758960 0.225000 -0.187202
v 4.747673 0.225000 -0.175977
v 4.740572 0.225000 -0.162039
v 4.738125 0.225000 -0.146554
v 4.740602 0.225000 -0.131045
v 4.747767 0.225000 -0.117071
v 4.758716 0.225000 -0.106152
v 5.158024 0.225000 -0.117180
v 5.165805 0.225000 -0.133361
v 5.167337 0.225000 -0.151575
v 5.162228 0.225000 -0.169108
v 5.151192 0.225000 -0.183612
v 5.134878 0.225000 -0.193504
v 5.117586 0.225000 -0.196589
v 4.974202 0.225000 0.050565
v 4.990910 0.225000 0.058488
v 5.010894 0.225000 0.059595
v 5.029843 0.225000 0.052694
v 5.044047 0.225000 0.039537
v 5.205795 0.225000 0.157171
v 5.197872 0.225000 0.173879
v 5.196765 0.225000 0.193863
v 5.203666 0.225000 0.212812
v 5.216823 0.225000 0.227016
v 5.290481 0.225000 0.280586
v 5.269329 0.225000 0.639000
v 5.243891 0.225000 0.527877
v 5.172847 0.225000 0.442334
v 4.348913 0.225000 -0.156892
v 4.291720 0.225000 -0.186379
v 4.228727 0.225000 -0.196589
v 4.228727 0.225000 -0.237330
v 5.339425 0.225000 0.322335
v 5.339425 0.225000 0.480668
v 5.339425 0.225000 0.639000
v 4.228727 0.225000 -0.396589
v 5.339425 0.225000 -0.396589
v 5.339425 0.225000 -0.211580
v 5.339425 0.225000 -0.026571
v 4.228727 0.225000 -0.355848
v 4.758716 0.075000 -0.106152
v 4.747767 0.075000 -0.117071
v 4.740602 0.075000 -0.131045
v 4.738125 0.075000 -0.146554
v 4.740572 0.075000 -0.162039
v 4.747673 0.075000 -0.175977
v 4.758960 0.075000 -0.187202
v 4.772741 0.075000 -0.194163
v 4.788125 0.075000 -0.196589
v 5.117586 0.075000 -0.196589
v 5.134878 0.075000 -0.193504
v 5.151192 0.075000 -0.183612
v 5.162228 0.075000 -0.169108
v 5.167337 0.075000 -0.151575
v 5.165805 0.075000 -0.133361
v 5.158024 0.075000 -0.117180
v 5.044047 0.075000 0.039537
v 5.029843 0.075000 0.052694
v 5.010894 0.075000 0.059595
v 4.990910 0.075000 0.058488
v 4.974202 0.075000 0.050565
v 5.216823 0.075000 0.227016
v 5.203666 0.075000 0.212812
v 5.196765 0.075000 0.193863
v 5.197872 0.075000 0.173879
v 5.205795 0.075000 0.157171
v 5.339425 0.075000 -0.026571
v 5.339425 0.075000 0.322335
v 5.172847 0.075000 0.442334
v 5.243891 0.075000 0.527877
v 5.269329 0.075000 0.639000
v 4.348913 0.075000 -0.156892
v 4.228727 0.075000 -0.196589
v 4.291720 0.075000 -0.186379
v 4.228727 0.075000 -0.237330
v 5.339425 0.075000 0.639000
v 5.339425 0.075000 0.480668
v 5.339425 0.075000 -0.396589
v 4.228727 0.075000 -0.396589
v 5.339425 0.075000 -0.211580
v 5.290481 0.075000 0.280586
v 4.228727 0.075000 -0.355848
v 4.178727 0.225000 -0.196589
v 1.159930 0.225000 -0.196589
v 4.178727 0.225000 -0.216589
v 1.159930 0.225000 -0.216589
v 4.178727 0.225000 -0.216589
v 1.159930 0.225000 -0.216589
v 4.178727 0.170000 -0.216589
v 1.159930 0.170000 -0.216589
v 4.178727 0.170000 -0.216589
v 1.159930 0.170000 -0.216589
v 4.178727 0.170000 -0.376589
v 1.159930 0.170000 -0.376589
v 4.178727 0.170000 -0.376589
v 1.159930 0.170000 -0.376589
v 4.178727 0.225000 -0.376589
v 1.159930 0.225000 -0.376589
v 4.178727 0.225000 -0.376589
v 1.159930 0.225000 -0.376589
v 4.178727 0.225000 -0.396589
v 1.159930 0.225000 -0.396589
v 4.178727 0.075000 -0.396589
v 1.159930 0.075000 -0.396589
v 4.178727 0.075000 -0.376589
v 1.159930 0.075000 -0.376589
v 4.178727 0.075000 -0.386589
v 4.178727 0.075000 -0.376589
v 1.159930 0.075000 -0.376589
v 4.178727 0.130000 -0.376589
v 1.159930 0.130000 -0.376589
v 4.178727 0.130000 -0.376589
v 1.159930 0.130000 -0.376589
v 4.178727 0.130000 -0.216589
v 1.159930 0.130000 -0.216589
v 4.178727 0.130000 -0.216589
v 1.159930 0.130000 -0.216589
v 4.178727 0.075000 -0.216589
v 1.159930 0.075000 -0.216589
v 4.178727 0.075000 -0.216589
v 1.159930 0.075000 -0.216589
v 4.178727 0.075000 -0.196589
v 1.159930 0.075000 -0.196589
v 4.178727 0.075000 -0.196589
v 4.203727 0.082895 -0.196589
v 4.228727 0.090790 -0.196589
v 4.228727 0.209211 -0.196589
v 4.178727 0.225000 -0.196589
v 4.228727 0.150000 -0.196589
v 1.109930 0.090790 -0.196589
v 1.134930 0.082895 -0.196589
v 1.159930 0.075000 -0.196589
v 1.159930 0.225000 -0.196589
v 1.109930 0.209211 -0.196589
v 1.109930 0.150000 -0.196589
v 4.228727 0.090790 -0.396589
v 4.203727 0.082895 -0.396589
v 4.178727 0.075000 -0.396589
v 4.178727 0.225000 -0.396589
v 4.203727 0.217105 -0.396589
v 4.228727 0.209211 -0.396589
v 1.159930 0.075000 -0.396589
v 1.134930 0.082895 -0.396589
v 1.109930 0.090790 -0.396589
v 1.109930 0.209211 -0.396589
v 1.159930 0.225000 -0.396589
v 1.109930 0.150000 -0.396589
v 5.369329 0.150000 -0.396589
v 5.376350 0.113191 -0.396589
v 5.398618 0.079289 -0.396589
v 5.432519 0.057021 -0.396589
v 5.469329 0.050000 -0.396589
v 5.506138 0.057021 -0.396589
v 5.540039 0.079289 -0.396589
v 5.562308 0.113191 -0.396589
v 5.569329 0.150000 -0.396589
v 5.562308 0.186810 -0.396589
v 5.540039 0.220711 -0.396589
v 5.506138 0.242979 -0.396589
v 5.469329 0.250000 -0.396589
v 5.432519 0.242979 -0.396589
v 5.398618 0.220711 -0.396589
v 5.376350 0.186810 -0.396589
v 4.228727 0.225000 -0.396589
v 5.339425 0.225000 -0.396589
v 5.339425 0.075000 -0.396589
v 4.228727 0.075000 -0.396589
v 5.364373 0.257165 -0.396589
v 5.414811 0.289742 -0.396589
v 5.469329 0.300000 -0.396589
v 5.526315 0.288754 -0.396589
v 5.576494 0.254956 -0.396589
v 5.609071 0.204517 -0.396589
v 5.619329 0.150000 -0.396589
v 5.608082 0.093014 -0.396589
v 5.574284 0.042835 -0.396589
v 5.523846 0.010258 -0.396589
v 5.469329 0.000000 -0.396589
v 5.412342 0.011247 -0.396589
v 4.228727 0.082895 -0.396589
vt 0.41277912259101868 0.66984152793884277
vt 0.40901815891265869 0.66984152793884277
vt 0.41277912259101868 0.67490488290786743
vt 0.41277912259101868 0.67996823787689209
vt 0.40901815891265869 0.67996823787689209
vt 0.40901815891265869 0.67659264802932739
vt 0.40901815891265869 0.6732170581817627
vt 0.5543476939201355 0.66984152793884277
vt 0.54400503635406494 0.66984152793884277
vt 0.5543476939201355 0.68435317277908325
vt 0.54400503635406494 0.68435317277908325
vt 0.5543476939201355 0.6746787428855896
vt 0.5543476939201355 0.67951595783233643
vt 0.54400503635406494 0.67709732055664062
vt 0.8246886134147644 0.71994656324386597
vt 0.8246886134147644 0.74856948852539062
vt 0.83920031785964966 0.71994656324386597
vt 0.83920031785964966 0.74856948852539062
vt 0.83194446563720703 0.71994656324386597
vt 0.83194446563720703 0.74856948852539062
vt 0.63234138488769531 0.68721026182174683
vt 0.62199872732162476 0.68721026182174683
vt 0.63234138488769531 0.7017219066619873
vt 0.62199872732162476 0.7017219066619873
vt 0.63234138488769531 0.69446611404418945
vt 0.62199872732162476 0.69688469171524048
vt 0.62199872732162476 0.69204747676849365
vt 0.41277912259101868 0.68837642669677734
vt 0.41089865565299988 0.68837642669677734
vt 0.40901815891265869 0.68837642669677734
vt 0.40901815891265869 0.693439781665802
vt 0.41277912259101868 0.69850313663482666
vt 0.41089865565299988 0.69850313663482666
vt 0.40901815891265869 0.69850313663482666
vt 0.41277912259101868 0.69175201654434204
vt 0.41277912259101868 0.69512754678726196
vt 0.44139453768730164 0.68837642669677734
vt 0.43763357400894165 0.68837642669677734
vt 0.44139453768730164 0.693439781665802
vt 0.44139453768730164 0.69850313663482666
vt 0.43763357400894165 0.69850313663482666
vt 0.43763357400894165 0.69512754678726196
vt 0.43763357400894165 0.69175201654434204
vt 0.59334456920623779 0.68864071369171143
vt 0.58300191164016724 0.68864071369171143
vt 0.59334456920623779 0.7031523585319519
vt 0.58300191164016724 0.7031523585319519
vt 0.59334456920623779 0.69347792863845825
vt 0.59334456920623779 0.69831514358520508
vt 0.58300191164016724 0.69589656591415405
vt 0.91234433650970459 0.71994656324386597
vt 0.91234433650970459 0.74856948852539062
vt 0.91960012912750244 0.74856948852539062
vt 0.92685598134994507 0.71994656324386597
vt 0.92685598134994507 0.74856948852539062
vt 0.91960012912750244 0.71994656324386597
vt 0.6322292685508728 0.74398112297058105
vt 0.62188661098480225 0.74398112297058105
vt 0.6322292685508728 0.75849282741546631
vt 0.62188661098480225 0.75849282741546631
vt 0.6322292685508728 0.75123697519302368
vt 0.62188661098480225 0.75123697519302368
vt 0.44139453768730164 0.66984152793884277
vt 0.43763357400894165 0.66984152793884277
vt 0.44139453768730164 0.67996823787689209
vt 0.43763357400894165 0.67996823787689209
vt 0.44139453768730164 0.67490488290786743
vt 0.39847144484519958 0.66984152793884277
vt 0.39471045136451721 0.66984152793884277
vt 0.39847144484519958 0.67490488290786743
vt 0.39847144484519958 0.67996823787689209
vt 0.39471045136451721 0.67996823787689209
vt 0.39471045136451721 0.67659264802932739
vt 0.39471045136451721 0.6732170581817627
vt 0.59334456920623779 0.66984152793884277
vt 0.58300191164016724 0.66984152793884277
vt 0.59334456920623779 0.68435317277908325
vt 0.58300191164016724 0.68435317277908325
vt 0.59334456920623779 0.6746787428855896
vt 0.59334456920623779 0.67951595783233643
vt 0.58300191164016724 0.67709732055664062
vt 0.86851650476455688 0.71994656324386597
vt 0.86851650476455688 0.74856948852539062
vt 0.88302814960479736 0.71994656324386597
vt 0.88302814960479736 0.74856948852539062
vt 0.87577229738235474 0.71994656324386597
vt 0.87577229738235474 0.74856948852539062
vt 0.67689228057861328 0.68721026182174683
vt 0.66654962301254272 0.68721026182174683
vt 0.67689228057861328 0.7017219066619873
vt 0.66654962301254272 0.7017219066619873
vt 0.67689228057861328 0.69446611404418945
vt 0.66654962301254272 0.69688469171524048
vt 0.66654962301254272 0.69204747676849365
vt 0.39847144484519958 0.68837642669677734
vt 0.39471045136451721 0.68837642669677734
vt 0.39471045136451721 0.693439781665802
vt 0.39847144484519958 0.69850313663482666
vt 0.39471045136451721 0.69850313663482666
vt 0.39847144484519958 0.69175201654434204
vt 0.39847144484519958 0.69512754678726196
vt 0.42708683013916016 0.68837642669677734
vt 0.42332586646080017 0.68837642669677734
vt 0.42708683013916016 0.69850313663482666
vt 0.42332586646080017 0.69850313663482666
vt 0.42332586646080017 0.693439781665802
vt 0.5543476939201355 0.68864071369171143
vt 0.54400503635406494 0.68864071369171143
vt 0.5543476939201355 0.7031523585319519
vt 0.54400503635406494 0.7031523585319519
vt 0.5543476939201355 0.69589656591415405
vt 0.54400503635406494 0.69589656591415405
vt 0.95617216825485229 0.71994656324386597
vt 0.95617216825485229 0.74856948852539062
vt 0.97068381309509277 0.71994656324386597
vt 0.97068381309509277 0.74856948852539062
vt 0.96342796087265015 0.71994656324386597
vt 0.96342796087265015 0.74856948852539062
vt 0.67683625221252441 0.74398112297058105
vt 0.66649359464645386 0.74398112297058105
vt 0.67683625221252441 0.75849282741546631
vt 0.66649359464645386 0.75849282741546631
vt 0.67683625221252441 0.75123697519302368
vt 0.66649359464645386 0.75123697519302368
vt 0.42708683013916016 0.66984152793884277
vt 0.42332586646080017 0.66984152793884277
vt 0.42708683013916016 0.67996823787689209
vt 0.42332586646080017 0.67996823787689209
vt 0.42708683013916016 0.67490488290786743
vt 0.39471045136451721 0.76170474290847778
vt 0.40266415476799011 0.74398112297058105
vt 0.40266415476799011 0.74550545215606689
vt 0.40266415476799011 0.75433844327926636
vt 0.40266415476799011 0.75579684972763062
vt 0.40266415476799011 0.75732111930847168
vt 0.40266415476799011 0.75878793001174927
vt 0.40266415476799011 0.76024633646011353
vt 0.40266415476799011 0.76170474290847778
vt 0.40266415476799011 0.76322901248931885
vt 0.40266415476799011 0.76469576358795166
vt 0.40266415476799011 0.76615417003631592
vt 0.40266415476799011 0.76761257648468018
vt 0.41061782836914062 0.74398112297058105
vt 0.41061782836914062 0.74550545215606689
vt 0.41061782836914062 0.74697220325469971
vt 0.41061782836914062 0.74843060970306396
vt 0.41061782836914062 0.74988901615142822
vt 0.41061782836914062 0.75141328573226929
vt 0.41061782836914062 0.75288009643554688
vt 0.41061782836914062 0.75433844327926636
vt 0.41061782836914062 0.75579684972763062
vt 0.41061782836914062 0.75732111930847168
vt 0.41061782836914062 0.75878793001174927
vt 0.41061782836914062 0.76024633646011353
vt 0.41061782836914062 0.76170474290847778
vt 0.41061782836914062 0.76322901248931885
vt 0.41061782836914062 0.76469576358795166
vt 0.41061782836914062 0.76615417003631592
vt 0.41061782836914062 0.76761257648468018
vt 0.41857153177261353 0.74398112297058105
vt 0.41857153177261353 0.74550545215606689
vt 0.41857153177261353 0.74697220325469971
vt 0.41857153177261353 0.74843060970306396
vt 0.41857153177261353 0.74988901615142822
vt 0.41857153177261353 0.75141328573226929
vt 0.41857153177261353 0.75288009643554688
vt 0.41857153177261353 0.75433844327926636
vt 0.41857153177261353 0.75579684972763062
vt 0.41857153177261353 0.75732111930847168
vt 0.41857153177261353 0.75878793001174927
vt 0.41857153177261353 0.76024633646011353
vt 0.41857153177261353 0.76170474290847778
vt 0.41857153177261353 0.76322901248931885
vt 0.41857153177261353 0.76469576358795166
vt 0.41857153177261353 0.76615417003631592
vt 0.41857153177261353 0.76761257648468018
vt 0.42652520537376404 0.74398112297058105
vt 0.42652520537376404 0.74550545215606689
vt 0.42652520537376404 0.74697220325469971
vt 0.42652520537376404 0.74843060970306396
vt 0.42652520537376404 0.74988901615142822
vt 0.42652520537376404 0.75141328573226929
vt 0.42652520537376404 0.75288009643554688
vt 0.42652520537376404 0.75433844327926636
vt 0.42652520537376404 0.75579684972763062
vt 0.42652520537376404 0.75732111930847168
vt 0.42652520537376404 0.75878793001174927
vt 0.42652520537376404 0.76024633646011353
vt 0.42652520537376404 0.76170474290847778
vt 0.42652520537376404 0.76322901248931885
vt 0.42652520537376404 0.76469576358795166
vt 0.42652520537376404 0.76615417003631592
vt 0.42652520537376404 0.76761257648468018
vt 0.43447890877723694 0.74398112297058105
vt 0.43447890877723694 0.74550545215606689
vt 0.43447890877723694 0.74697220325469971
vt 0.43447890877723694 0.74843060970306396
vt 0.43447890877723694 0.74988901615142822
vt 0.43447890877723694 0.75141328573226929
vt 0.43447890877723694 0.75288009643554688
vt 0.43447890877723694 0.75433844327926636
vt 0.43447890877723694 0.75579684972763062
vt 0.43447890877723694 0.75732111930847168
vt 0.43447890877723694 0.75878793001174927
vt 0.43447890877723694 0.76024633646011353
vt 0.43447890877723694 0.76170474290847778
vt 0.43447890877723694 0.76322901248931885
vt 0.43447890877723694 0.76469576358795166
vt 0.43447890877723694 0.76615417003631592
vt 0.43447890877723694 0.76761257648468018
vt 0.44243258237838745 0.74398112297058105
vt 0.44243258237838745 0.74550545215606689
vt 0.44243258237838745 0.74697220325469971
vt 0.44243258237838745 0.74843060970306396
vt 0.44243258237838745 0.74988901615142822
vt 0.44243258237838745 0.75141328573226929
vt 0.44243258237838745 0.75288009643554688
vt 0.44243258237838745 0.75433844327926636
vt 0.44243258237838745 0.75579684972763062
vt 0.44243258237838745 0.75732111930847168
vt 0.44243258237838745 0.75878793001174927
vt 0.44243258237838745 0.76024633646011353
vt 0.44243258237838745 0.76170474290847778
vt 0.44243258237838745 0.76322901248931885
vt 0.44243258237838745 0.76469576358795166
vt 0.44243258237838745 0.76615417003631592
vt 0.44243258237838745 0.76761257648468018
vt 0.45038628578186035 0.74398112297058105
vt 0.45038628578186035 0.74550545215606689
vt 0.45038628578186035 0.74697220325469971
vt 0.45038628578186035 0.74843060970306396
vt 0.45038628578186035 0.74988901615142822
vt 0.45038628578186035 0.75141328573226929
vt 0.45038628578186035 0.75288009643554688
vt 0.45038628578186035 0.75433844327926636
vt 0.45038628578186035 0.75579684972763062
vt 0.45038628578186035 0.75732111930847168
vt 0.45038628578186035 0.75878793001174927
vt 0.45038628578186035 0.76024633646011353
vt 0.45038628578186035 0.76170474290847778
vt 0.45038628578186035 0.76322901248931885
vt 0.45038628578186035 0.76469576358795166
vt 0.45038628578186035 0.76615417003631592
vt 0.45038628578186035 0.76761257648468018
vt 0.45833995938301086 0.74398112297058105
vt 0.45833995938301086 0.74988901615142822
vt 0.45833995938301086 0.75579684972763062
vt 0.45833995938301086 0.76170474290847778
vt 0.45833995938301086 0.76761257648468018
vt 0.45833995938301086 0.74545812606811523
vt 0.45833995938301086 0.74693506956100464
vt 0.45833995938301086 0.74841207265853882
vt 0.45833995938301086 0.75136595964431763
vt 0.45833995938301086 0.75284296274185181
vt 0.45833995938301086 0.75431990623474121
vt 0.45833995938301086 0.75727385282516479
vt 0.45833995938301086 0.7587507963180542
vt 0.45833995938301086 0.7602277398109436
vt 0.45833995938301086 0.76318168640136719
vt 0.45833995938301086 0.76465862989425659
vt 0.45833995938301086 0.76613563299179077
vt 0.45436310768127441 0.74550545215606689
vt 0.45038628578186035 0.74474328756332397
vt 0.45436310768127441 0.74398112297058105
vt 0.45436310768127441 0.74474328756332397
vt 0.45436310768127441 0.74697220325469971
vt 0.45038628578186035 0.7462388277053833
vt 0.45436310768127441 0.7462388277053833
vt 0.45436310768127441 0.74843060970306396
vt 0.45038628578186035 0.74770140647888184
vt 0.45436310768127441 0.74770140647888184
vt 0.45436310768127441 0.74988901615142822
vt 0.45038628578186035 0.74915981292724609
vt 0.45436310768127441 0.74915981292724609
vt 0.45436310768127441 0.75141328573226929
vt 0.45038628578186035 0.75065112113952637
vt 0.45436310768127441 0.75065112113952637
vt 0.45436310768127441 0.75288009643554688
vt 0.45038628578186035 0.75214666128158569
vt 0.45436310768127441 0.75214666128158569
vt 0.45436310768127441 0.75433844327926636
vt 0.45038628578186035 0.753609299659729
vt 0.45436310768127441 0.753609299659729
vt 0.45436310768127441 0.75579684972763062
vt 0.45038628578186035 0.75506764650344849
vt 0.45436310768127441 0.75506764650344849
vt 0.45436310768127441 0.75732111930847168
vt 0.45038628578186035 0.75655901432037354
vt 0.45436310768127441 0.75655901432037354
vt 0.45436310768127441 0.75878793001174927
vt 0.45038628578186035 0.75805455446243286
vt 0.45436310768127441 0.75805455446243286
vt 0.45436310768127441 0.76024633646011353
vt 0.45038628578186035 0.7595171332359314
vt 0.45436310768127441 0.7595171332359314
vt 0.45436310768127441 0.76322901248931885
vt 0.45038628578186035 0.76246684789657593
vt 0.45436310768127441 0.76170474290847778
vt 0.45436310768127441 0.76246684789657593
vt 0.45436310768127441 0.76469576358795166
vt 0.45038628578186035 0.76396238803863525
vt 0.45436310768127441 0.76396238803863525
vt 0.45436310768127441 0.76615417003631592
vt 0.45038628578186035 0.76542496681213379
vt 0.45436310768127441 0.76542496681213379
vt 0.45436310768127441 0.76761257648468018
vt 0.45038628578186035 0.76688337326049805
vt 0.45436310768127441 0.76688337326049805
vt 0.39970600605010986 0.76761257648468018
vt 0.39671584963798523 0.76508611440658569
vt 0.39533290266990662 0.76358664035797119
vt 0.39489474892616272 0.7627454400062561
vt 0.39489474892616272 0.76066398620605469
vt 0.39533290266990662 0.7598227858543396
vt 0.39671584963798523 0.7583233118057251
vt 0.39970600605010986 0.75579684972763062
vt 0.40241917967796326 0.75328356027603149
vt 0.40352979302406311 0.75179356336593628
vt 0.40386736392974854 0.75094014406204224
vt 0.40400290489196777 0.74988901615142822
vt 0.40386736392974854 0.74883788824081421
vt 0.40352979302406311 0.74798440933227539
vt 0.40241917967796326 0.74649447202682495
vt 0.39970600605010986 0.74398112297058105
vt 0.40266415476799011 0.76396238803863525
vt 0.39868730306625366 0.76469576358795166
vt 0.39868730306625366 0.76322901248931885
vt 0.39868730306625366 0.76396238803863525
vt 0.40266415476799011 0.76246684789657593
vt 0.39868730306625366 0.76170474290847778
vt 0.39868730306625366 0.76246684789657593
vt 0.40266415476799011 0.76097553968429565
vt 0.39868730306625366 0.76024633646011353
vt 0.39868730306625366 0.76097553968429565
vt 0.40266415476799011 0.7595171332359314
vt 0.39868730306625366 0.75878793001174927
vt 0.39868730306625366 0.7595171332359314
vt 0.41061782836914062 0.75214666128158569
vt 0.40664100646972656 0.75288009643554688
vt 0.40664100646972656 0.75141328573226929
vt 0.40664100646972656 0.75214666128158569
vt 0.40664100646972656 0.75177997350692749
vt 0.40465256571769714 0.75214666128158569
vt 0.40465256571769714 0.75141328573226929
vt 0.40465256571769714 0.75177997350692749
vt 0.41061782836914062 0.75065112113952637
vt 0.40664100646972656 0.74988901615142822
vt 0.40664100646972656 0.75065112113952637
vt 0.40664100646972656 0.75103223323822021
vt 0.40465256571769714 0.75065112113952637
vt 0.40465256571769714 0.75103223323822021
vt 0.41061782836914062 0.74915981292724609
vt 0.40664100646972656 0.74843060970306396
vt 0.40664100646972656 0.74915981292724609
vt 0.40664100646972656 0.74879521131515503
vt 0.40465256571769714 0.74915981292724609
vt 0.40465256571769714 0.74843060970306396
vt 0.40465256571769714 0.74879521131515503
vt 0.41061782836914062 0.74770140647888184
vt 0.40664100646972656 0.74697220325469971
vt 0.40664100646972656 0.74770140647888184
vt 0.40664100646972656 0.7480660080909729
vt 0.40465256571769714 0.74770140647888184
vt 0.40465256571769714 0.7480660080909729
vt 0.6456301212310791 0.66984152793884277
vt 0.63972228765487671 0.66984152793884277
vt 0.63381439447402954 0.66984152793884277
vt 0.62790656089782715 0.66984152793884277
vt 0.62199872732162476 0.66984152793884277
vt 0.6456301212310791 0.6760706901550293
vt 0.63082337379455566 0.6760706901550293
vt 0.62936496734619141 0.6760706901550293
vt 0.62790656089782715 0.6760706901550293
vt 0.62638229131698608 0.6760706901550293
vt 0.62199872732162476 0.6760706901550293
vt 0.6456301212310791 0.68230092525482178
vt 0.63972228765487671 0.68230092525482178
vt 0.63381439447402954 0.68230092525482178
vt 0.62790656089782715 0.68230092525482178
vt 0.62199872732162476 0.68230092525482178
vt 0.62347567081451416 0.66984152793884277
vt 0.62495261430740356 0.66984152793884277
vt 0.62642961740493774 0.66984152793884277
vt 0.62938350439071655 0.66984152793884277
vt 0.63086050748825073 0.66984152793884277
vt 0.63233745098114014 0.66984152793884277
vt 0.63529139757156372 0.66984152793884277
vt 0.63676834106445312 0.66984152793884277
vt 0.63824528455734253 0.66984152793884277
vt 0.64119923114776611 0.66984152793884277
vt 0.64267617464065552 0.66984152793884277
vt 0.6441531777381897 0.66984152793884277
vt 0.62714439630508423 0.6760706901550293
vt 0.62638229131698608 0.67295610904693604
vt 0.62790656089782715 0.67295610904693604
vt 0.62714439630508423 0.67295610904693604
vt 0.63009417057037354 0.6760706901550293
vt 0.62936496734619141 0.67295610904693604
vt 0.63082337379455566 0.67295610904693604
vt 0.63009417057037354 0.67295610904693604
vt 0.6441531777381897 0.68230092525482178
vt 0.64267617464065552 0.68230092525482178
vt 0.64119923114776611 0.68230092525482178
vt 0.63824528455734253 0.68230092525482178
vt 0.63676834106445312 0.68230092525482178
vt 0.63529139757156372 0.68230092525482178
vt 0.63233745098114014 0.68230092525482178
vt 0.63086050748825073 0.68230092525482178
vt 0.62938350439071655 0.68230092525482178
vt 0.62642961740493774 0.68230092525482178
vt 0.62495261430740356 0.68230092525482178
vt 0.62347567081451416 0.68230092525482178
vt 0.62936496734619141 0.67918580770492554
vt 0.63082337379455566 0.67918580770492554
vt 0.63009417057037354 0.67918580770492554
vt 0.62638229131698608 0.67918580770492554
vt 0.62790656089782715 0.67918580770492554
vt 0.62714439630508423 0.67918580770492554
vt 0.64263904094696045 0.6760706901550293
vt 0.64118069410324097 0.6760706901550293
vt 0.63972228765487671 0.6760706901550293
vt 0.63819801807403564 0.6760706901550293
vt 0.63673120737075806 0.6760706901550293
vt 0.6352728009223938 0.6760706901550293
vt 0.63381439447402954 0.6760706901550293
vt 0.63229012489318848 0.6760706901550293
vt 0.62345707416534424 0.6760706901550293
vt 0.054328545928001404 0
vt 0.04842069000005722 0
vt 0.042512837797403336 0
vt 0.036604981869459152 0
vt 0.030697127804160118 0
vt 0.054328545928001404 0.007613510824739933
vt 0.052804265171289444 0.007613510824739933
vt 0.051337480545043945 0.007613510824739933
vt 0.049879085272550583 0.007613510824739933
vt 0.04842069000005722 0.007613510824739933
vt 0.046896412968635559 0.007613510824739933
vt 0.045429624617099762 0.007613510824739933
vt 0.0439712293446064 0.007613510824739933
vt 0.042512837797403336 0.007613510824739933
vt 0.040988557040691376 0.007613510824739933
vt 0.039521772414445877 0.007613510824739933
vt 0.038063377141952515 0.007613510824739933
vt 0.036604981869459152 0.007613510824739933
vt 0.035080704838037491 0.007613510824739933
vt 0.033613916486501694 0.007613510824739933
vt 0.032155521214008331 0.007613510824739933
vt 0.030697127804160118 0.007613510824739933
vt 0.054328545928001404 0.015227021649479866
vt 0.052804265171289444 0.015227021649479866
vt 0.051337480545043945 0.015227021649479866
vt 0.049879085272550583 0.015227021649479866
vt 0.04842069000005722 0.015227021649479866
vt 0.046896412968635559 0.015227021649479866
vt 0.045429624617099762 0.015227021649479866
vt 0.0439712293446064 0.015227021649479866
vt 0.042512837797403336 0.015227021649479866
vt 0.040988557040691376 0.015227021649479866
vt 0.039521772414445877 0.015227021649479866
vt 0.038063377141952515 0.015227021649479866
vt 0.036604981869459152 0.015227021649479866
vt 0.035080704838037491 0.015227021649479866
vt 0.033613916486501694 0.015227021649479866
vt 0.032155521214008331 0.015227021649479866
vt 0.030697127804160118 0.015227021649479866
vt 0.054328545928001404 0.022840531542897224
vt 0.052804265171289444 0.022840531542897224
vt 0.051337480545043945 0.022840531542897224
vt 0.049879085272550583 0.022840531542897224
vt 0.04842069000005722 0.022840531542897224
vt 0.046896412968635559 0.022840531542897224
vt 0.045429624617099762 0.022840531542897224
vt 0.0439712293446064 0.022840531542897224
vt 0.042512837797403336 0.022840531542897224
vt 0.040988557040691376 0.022840531542897224
vt 0.039521772414445877 0.022840531542897224
vt 0.038063377141952515 0.022840531542897224
vt 0.036604981869459152 0.022840531542897224
vt 0.035080704838037491 0.022840531542897224
vt 0.033613916486501694 0.022840531542897224
vt 0.032155521214008331 0.022840531542897224
vt 0.030697127804160118 0.022840531542897224
vt 0.054328545928001404 0.030454043298959732
vt 0.052804265171289444 0.030454043298959732
vt 0.051337480545043945 0.030454043298959732
vt 0.049879085272550583 0.030454043298959732
vt 0.04842069000005722 0.030454043298959732
vt 0.046896412968635559 0.030454043298959732
vt 0.045429624617099762 0.030454043298959732
vt 0.0439712293446064 0.030454043298959732
vt 0.042512837797403336 0.030454043298959732
vt 0.040988557040691376 0.030454043298959732
vt 0.039521772414445877 0.030454043298959732
vt 0.038063377141952515 0.030454043298959732
vt 0.036604981869459152 0.030454043298959732
vt 0.035080704838037491 0.030454043298959732
vt 0.033613916486501694 0.030454043298959732
vt 0.032155521214008331 0.030454043298959732
vt 0.030697127804160118 0.030454043298959732
vt 0.054328545928001404 0.038067549467086792
vt 0.052804265171289444 0.038067549467086792
vt 0.051337480545043945 0.038067549467086792
vt 0.049879085272550583 0.038067549467086792
vt 0.04842069000005722 0.038067549467086792
vt 0.046896412968635559 0.038067549467086792
vt 0.045429624617099762 0.038067549467086792
vt 0.0439712293446064 0.038067549467086792
vt 0.042512837797403336 0.038067549467086792
vt 0.040988557040691376 0.038067549467086792
vt 0.039521772414445877 0.038067549467086792
vt 0.038063377141952515 0.038067549467086792
vt 0.036604981869459152 0.038067549467086792
vt 0.035080704838037491 0.038067549467086792
vt 0.033613916486501694 0.038067549467086792
vt 0.032155521214008331 0.038067549467086792
vt 0.030697127804160118 0.038067549467086792
vt 0.054328545928001404 0.045681063085794449
vt 0.042512837797403336 0.045681063085794449
vt 0.036604981869459152 0.045681063085794449
vt 0.030697127804160118 0.045681063085794449
vt 0.032174091786146164 0
vt 0.033651053905487061 0
vt 0.035128019750118256 0
vt 0.038081947714090347 0
vt 0.039558909833431244 0
vt 0.041035871952772141 0
vt 0.043989799916744232 0
vt 0.045466765761375427 0
vt 0.046943727880716324 0
vt 0.049897655844688416 0
vt 0.051374617964029312 0
vt 0.052851583808660507 0
vt 0.031426325440406799 0.007613510824739933
vt 0.030697127804160118 0.0038067554123699665
vt 0.032155521214008331 0.0038067554123699665
vt 0.031426325440406799 0.0038067554123699665
vt 0.032884720712900162 0.007613510824739933
vt 0.033613916486501694 0.0038067554123699665
vt 0.032884720712900162 0.0038067554123699665
vt 0.034347310662269592 0.007613510824739933
vt 0.035080704838037491 0.0038067554123699665
vt 0.034347310662269592 0.0038067554123699665
vt 0.035842843353748322 0.007613510824739933
vt 0.036604981869459152 0.0038067554123699665
vt 0.035842843353748322 0.0038067554123699665
vt 0.038792572915554047 0.007613510824739933
vt 0.038063377141952515 0.0038067554123699665
vt 0.039521772414445877 0.0038067554123699665
vt 0.038792572915554047 0.0038067554123699665
vt 0.040255162864923477 0.007613510824739933
vt 0.040988557040691376 0.0038067554123699665
vt 0.040255162864923477 0.0038067554123699665
vt 0.041750695556402206 0.007613510824739933
vt 0.042512837797403336 0.0038067554123699665
vt 0.041750695556402206 0.0038067554123699665
vt 0.043242033571004868 0.007613510824739933
vt 0.0439712293446064 0.0038067554123699665
vt 0.043242033571004868 0.0038067554123699665
vt 0.04470042884349823 0.007613510824739933
vt 0.045429624617099762 0.0038067554123699665
vt 0.04470042884349823 0.0038067554123699665
vt 0.046163018792867661 0.007613510824739933
vt 0.046896412968635559 0.0038067554123699665
vt 0.046163018792867661 0.0038067554123699665
vt 0.04765855148434639 0.007613510824739933
vt 0.04842069000005722 0.0038067554123699665
vt 0.04765855148434639 0.0038067554123699665
vt 0.049149889498949051 0.007613510824739933
vt 0.049879085272550583 0.0038067554123699665
vt 0.049149889498949051 0.0038067554123699665
vt 0.050608281046152115 0.007613510824739933
vt 0.051337480545043945 0.0038067554123699665
vt 0.050608281046152115 0.0038067554123699665
vt 0.052070874720811844 0.007613510824739933
vt 0.052804265171289444 0.0038067554123699665
vt 0.052070874720811844 0.0038067554123699665
vt 0.053566407412290573 0.007613510824739933
vt 0.054328545928001404 0.0038067554123699665
vt 0.053566407412290573 0.0038067554123699665
vt 0.052851583808660507 0.045681063085794449
vt 0.051374617964029312 0.045681063085794449
vt 0.049897655844688416 0.045681063085794449
vt 0.04842069000005722 0.045681063085794449
vt 0.052804265171289444 0.04187430813908577
vt 0.053566407412290573 0.038067549467086792
vt 0.054328545928001404 0.04187430813908577
vt 0.053566407412290573 0.04187430813908577
vt 0.051337480545043945 0.04187430813908577
vt 0.052070874720811844 0.038067549467086792
vt 0.052070874720811844 0.04187430813908577
vt 0.049879085272550583 0.04187430813908577
vt 0.050608281046152115 0.038067549467086792
vt 0.050608281046152115 0.04187430813908577
vt 0.04842069000005722 0.04187430813908577
vt 0.049149889498949051 0.038067549467086792
vt 0.049149889498949051 0.04187430813908577
vt 0.035128019750118256 0.045681063085794449
vt 0.033651053905487061 0.045681063085794449
vt 0.032174091786146164 0.045681063085794449
vt 0.035080704838037491 0.04187430813908577
vt 0.035842843353748322 0.038067549467086792
vt 0.036604981869459152 0.04187430813908577
vt 0.035842843353748322 0.04187430813908577
vt 0.033613916486501694 0.04187430813908577
vt 0.034347310662269592 0.038067549467086792
vt 0.034347310662269592 0.04187430813908577
vt 0.032155521214008331 0.04187430813908577
vt 0.032884720712900162 0.038067549467086792
vt 0.032884720712900162 0.04187430813908577
vt 0.030697127804160118 0.04187430813908577
vt 0.031426325440406799 0.038067549467086792
vt 0.031426325440406799 0.04187430813908577
vt 0.046943727880716324 0.045681063085794449
vt 0.045466765761375427 0.045681063085794449
vt 0.043989799916744232 0.045681063085794449
vt 0.041035871952772141 0.045681063085794449
vt 0.039558909833431244 0.045681063085794449
vt 0.038081947714090347 0.045681063085794449
vt 0.046896412968635559 0.04187430813908577
vt 0.04765855148434639 0.038067549467086792
vt 0.04765855148434639 0.04187430813908577
vt 0.045429624617099762 0.04187430813908577
vt 0.046163018792867661 0.038067549467086792
vt 0.046163018792867661 0.04187430813908577
vt 0.0439712293446064 0.04187430813908577
vt 0.04470042884349823 0.038067549467086792
vt 0.04470042884349823 0.04187430813908577
vt 0.040988557040691376 0.04187430813908577
vt 0.041750695556402206 0.038067549467086792
vt 0.042512837797403336 0.04187430813908577
vt 0.041750695556402206 0.04187430813908577
vt 0.039521772414445877 0.04187430813908577
vt 0.040255162864923477 0.038067549467086792
vt 0.040255162864923477 0.04187430813908577
vt 0.038063377141952515 0.04187430813908577
vt 0.038792572915554047 0.038067549467086792
vt 0.038792572915554047 0.04187430813908577
vt 0.037334177643060684 0.038067549467086792
vt 0.037334177643060684 0.04187430813908577
vt 0.76181489229202271 0.4243493378162384
vt 0.72817635536193848 0.4243493378162384
vt 0.69453787803649902 0.4243493378162384
vt 0.76181489229202271 0.43578144907951355
vt 0.72817635536193848 0.43578144907951355
vt 0.69453787803649902 0.43578144907951355
vt 0.76181489229202271 0.44678235054016113
vt 0.72817635536193848 0.44678235054016113
vt 0.69453787803649902 0.44678235054016113
vt 0.76181489229202271 0.4577203094959259
vt 0.72817635536193848 0.4577203094959259
vt 0.69453787803649902 0.4577203094959259
vt 0.72817635536193848 0.46865823864936829
vt 0.69453787803649902 0.46865823864936829
vt 0.72817635536193848 0.48009034991264343
vt 0.69453787803649902 0.48009034991264343
vt 0.76181489229202271 0.49109125137329102
vt 0.69453787803649902 0.49109125137329102
vt 0.76181489229202271 0.5020291805267334
vt 0.69453787803649902 0.5020291805267334
vt 0.76181489229202271 0.51296716928482056
vt 0.69453787803649902 0.51296716928482056
vt 0.76181489229202271 0.5243992805480957
vt 0.69453787803649902 0.5243992805480957
vt 0.76181489229202271 0.5354001522064209
vt 0.72817635536193848 0.5354001522064209
vt 0.69453787803649902 0.5354001522064209
vt 0.76181489229202271 0.54633814096450806
vt 0.72817635536193848 0.54633814096450806
vt 0.69453787803649902 0.54633814096450806
vt 0.72817635536193848 0.55727607011795044
vt 0.69453787803649902 0.55727607011795044
vt 0.72817635536193848 0.56870818138122559
vt 0.69453787803649902 0.56870818138122559
vt 0.76181489229202271 0.57970905303955078
vt 0.72817635536193848 0.57970905303955078
vt 0.69453787803649902 0.57970905303955078
vt 0.76181489229202271 0.59064704179763794
vt 0.72817635536193848 0.59064704179763794
vt 0.69453787803649902 0.59064704179763794
vt 0.76181489229202271 0.60158497095108032
vt 0.72817635536193848 0.60158497095108032
vt 0.69453787803649902 0.60158497095108032
vt 0.71713882684707642 0.60158497095108032
vt 0.71701443195343018 0.60000860691070557
vt 0.71621841192245483 0.59828603267669678
vt 0.71477615833282471 0.59762364625930786
vt 0.71337789297103882 0.5975419282913208
vt 0.71135711669921875 0.59064704179763794
vt 0.72817635536193848 0.59611600637435913
vt 0.71135711669921875 0.59611600637435913
vt 0.71976673603057861 0.60158497095108032
vt 0.71976673603057861 0.59611600637435913
vt 0.72817635536193848 0.59885048866271973
vt 0.71976673603057861 0.59885048866271973
vt 0.74499565362930298 0.60158497095108032
vt 0.74499565362930298 0.59064704179763794
vt 0.74499565362930298 0.59611600637435913
vt 0.71135711669921875 0.43578144907951355
vt 0.72817635536193848 0.43006539344787598
vt 0.71135711669921875 0.43006539344787598
vt 0.71976673603057861 0.60021775960922241
vt 0.71976673603057861 0.43006539344787598
vt 0.71976673603057861 0.4243493378162384
vt 0.72817635536193848 0.42720738053321838
vt 0.71976673603057861 0.42720738053321838
vt 0.74499565362930298 0.43578144907951355
vt 0.74499565362930298 0.4243493378162384
vt 0.74499565362930298 0.43006539344787598
vt 0.70294749736785889 0.60158497095108032
vt 0.70294749736785889 0.59611600637435913
vt 0.70294749736785889 0.59885048866271973
vt 0.71556192636489868 0.59611600637435913
vt 0.71976673603057861 0.59748321771621704
vt 0.71135711669921875 0.59338152408599854
vt 0.71976673603057861 0.59064704179763794
vt 0.72817635536193848 0.59338152408599854
vt 0.71976673603057861 0.59338152408599854
vt 0.71135711669921875 0.57970905303955078
vt 0.72817635536193848 0.58517801761627197
vt 0.71135711669921875 0.58517801761627197
vt 0.71197974681854248 0.5976225733757019
vt 0.71053773164749146 0.59828448295593262
vt 0.70974159240722656 0.60000699758529663
vt 0.709617018699646 0.60158497095108032
vt 0.70715230703353882 0.59885048866271973
vt 0.70294749736785889 0.59748321771621704
vt 0.70715230703353882 0.59611600637435913
vt 0.70715230703353882 0.59748321771621704
vt 0.70294749736785889 0.59064704179763794
vt 0.70294749736785889 0.59338152408599854
vt 0.70715230703353882 0.60158497095108032
vt 0.70294749736785889 0.60021775960922241
vt 0.70715230703353882 0.60021775960922241
vt 0.70294749736785889 0.43006539344787598
vt 0.70294749736785889 0.4243493378162384
vt 0.70294749736785889 0.42720738053321838
vt 0.76181489229202271 0.45996260643005371
vt 0.74499565362930298 0.46865823864936829
vt 0.72817635536193848 0.46318927407264709
vt 0.74499565362930298 0.4577203094959259
vt 0.74499565362930298 0.46318927407264709
vt 0.75340527296066284 0.46318927407264709
vt 0.74499565362930298 0.4604547917842865
vt 0.75340527296066284 0.4577203094959259
vt 0.75340527296066284 0.4604547917842865
vt 0.72817635536193848 0.45225131511688232
vt 0.74499565362930298 0.44678235054016113
vt 0.74499565362930298 0.45225131511688232
vt 0.709617018699646 0.4243493378162384
vt 0.70974159240722656 0.42592731118202209
vt 0.71053773164749146 0.4276498556137085
vt 0.71197974681854248 0.42831176519393921
vt 0.71337789297103882 0.42839241027832031
vt 0.71477615833282471 0.42831063270568848
vt 0.71621841192245483 0.42764827609062195
vt 0.71701443195343018 0.42592573165893555
vt 0.71713882684707642 0.4243493378162384
vt 0.70715230703353882 0.42720738053321838
vt 0.70294749736785889 0.42577835917472839
vt 0.70715230703353882 0.4243493378162384
vt 0.70715230703353882 0.42577835917472839
vt 0.70715230703353882 0.43006539344787598
vt 0.70294749736785889 0.42863637208938599
vt 0.70715230703353882 0.42863637208938599
vt 0.70294749736785889 0.43578144907951355
vt 0.71135711669921875 0.43292340636253357
vt 0.70294749736785889 0.43292340636253357
vt 0.71135711669921875 0.44678235054016113
vt 0.72817635536193848 0.44128188490867615
vt 0.71135711669921875 0.44128188490867615
vt 0.71556192636489868 0.43006539344787598
vt 0.71976673603057861 0.42863637208938599
vt 0.71976673603057861 0.43578144907951355
vt 0.72817635536193848 0.43292340636253357
vt 0.71976673603057861 0.43292340636253357
vt 0.71976673603057861 0.42577835917472839
vt 0.76181489229202271 0.55727607011795044
vt 0.76181489229202271 0.5659717321395874
vt 0.74499565362930298 0.55727607011795044
vt 0.72817635536193848 0.55180710554122925
vt 0.74499565362930298 0.54633814096450806
vt 0.74499565362930298 0.55180710554122925
vt 0.74499565362930298 0.56870818138122559
vt 0.72817635536193848 0.56299209594726562
vt 0.74499565362930298 0.56299209594726562
vt 0.76181489229202271 0.46865823864936829
vt 0.76181489229202271 0.47735390067100525
vt 0.74499565362930298 0.48009034991264343
vt 0.72817635536193848 0.47437429428100586
vt 0.74499565362930298 0.47437429428100586
vt 0.76181489229202271 0.54858040809631348
vt 0.75340527296066284 0.55180710554122925
vt 0.74499565362930298 0.54907262325286865
vt 0.75340527296066284 0.54633814096450806
vt 0.75340527296066284 0.54907262325286865
vt 0.72817635536193848 0.54086911678314209
vt 0.74499565362930298 0.5354001522064209
vt 0.74499565362930298 0.54086911678314209
vt 0.72817635536193848 0.5020291805267334
vt 0.72817635536193848 0.51296716928482056
vt 0.72817635536193848 0.5243992805480957
vt 0.59447115659713745 0.028771398589015007
vt 0.59658604860305786 0.01805516891181469
vt 0.60294169187545776 0.0086191985756158829
vt 0.6124265193939209 0.0024931291118264198
vt 0.62267839908599854 0.00056414509890601039
vt 0.63339465856552124 0.0026790322735905647
vt 0.64283061027526855 0.009034682996571064
vt 0.64895665645599365 0.018519487231969833
vt 0.65088564157485962 0.028771398589015007
vt 0.64877074956893921 0.039487630128860474
vt 0.64241510629653931 0.04892360046505928
vt 0.63293033838272095 0.055049668997526169
vt 0.62267839908599854 0.056978650391101837
vt 0.61196219921112061 0.054863765835762024
vt 0.60252618789672852 0.048508115112781525
vt 0.59640014171600342 0.039023309946060181
vt 0.64148324728012085 0.028771398589015007
vt 0.6401972770690918 0.021936791017651558
vt 0.63611322641372681 0.015613587573170662
vt 0.62982255220413208 0.011376488022506237
vt 0.62267839908599854 0.0099665634334087372
vt 0.61584377288818359 0.011252552270889282
vt 0.60952061414718628 0.015336599200963974
vt 0.60528349876403809 0.021627245470881462
vt 0.60387355089187622 0.028771398589015007
vt 0.60515958070755005 0.035606008023023605
vt 0.60924363136291504 0.041929211467504501
vt 0.61553424596786499 0.046166311949491501
vt 0.62267839908599854 0.047576233744621277
vt 0.62951302528381348 0.046290244907140732
vt 0.63583624362945557 0.04220619797706604
vt 0.64007329940795898 0.035915553569793701
vt 0.85289591550827026 0.66984152793884277
vt 0.8246886134147644 0.66984152793884277
vt 0.85289591550827026 0.69374072551727295
vt 0.8246886134147644 0.69374072551727295
vt 0.85289591550827026 0.71769249439239502
vt 0.8246886134147644 0.71769249439239502
vt 0.84992671012878418 0.71769249439239502
vt 0.83879226446151733 0.70571660995483398
vt 0.83879226446151733 0.7117045521736145
vt 0.8458440899848938 0.70571660995483398
vt 0.8458440899848938 0.7117045521736145
vt 0.82765781879425049 0.71769249439239502
vt 0.83174043893814087 0.70571660995483398
vt 0.83174043893814087 0.7117045521736145
vt 0.83879226446151733 0.71769249439239502
vt 0.62656933069229126 0.70743989944458008
vt 0.62656933069229126 0.73564714193344116
vt 0.63873839378356934 0.70743989944458008
vt 0.63873839378356934 0.73564714193344116
vt 0.65076947212219238 0.70743989944458008
vt 0.65076947212219238 0.73564714193344116
vt 0.62656933069229126 0.73267799615859985
vt 0.62656933069229126 0.72154355049133301
vt 0.62656933069229126 0.71040910482406616
vt 0.63265383243560791 0.72154355049133301
vt 0.63265383243560791 0.71449172496795654
vt 0.6296115517616272 0.72154355049133301
vt 0.6296115517616272 0.71449172496795654
vt 0.63265383243560791 0.72859537601470947
vt 0.6296115517616272 0.72859537601470947
vt 0.054949663579463959 0.45449221134185791
vt 0.028207253664731979 0.45449221134185791
vt 0.054949663579463959 0.47618469595909119
vt 0.028207253664731979 0.47618469595909119
vt 0.054949663579463959 0.49723297357559204
vt 0.028207253664731979 0.49723297357559204
vt 0.39471045136451721 0.85152351856231689
vt 0.39471045136451721 0.87826591730117798
vt 0.43085530400276184 0.85152351856231689
vt 0.43085530400276184 0.87826591730117798
vt 0.36315786838531494 0.054662078619003296
vt 0.33641546964645386 0.054662078619003296
vt 0.36315786838531494 0.093758299946784973
vt 0.33641546964645386 0.093758299946784973
vt 0.36315786838531494 0.13281889259815216
vt 0.33641546964645386 0.13281889259815216
vt 0.34622102975845337 0.11172526329755783
vt 0.34697672724723816 0.11531008780002594
vt 0.34807929396629333 0.11681725084781647
vt 0.34884825348854065 0.11729279160499573
vt 0.3497866690158844 0.11747562140226364
vt 0.35072511434555054 0.11729279160499573
vt 0.35149407386779785 0.11681725084781647
vt 0.35259664058685303 0.11531008780002594
vt 0.35335233807563782 0.11172526329755783
vt 0.35259461402893066 0.10796090215444565
vt 0.35148996114730835 0.10626380145549774
vt 0.35072311758995056 0.10571988672018051
vt 0.3497866690158844 0.10550877451896667
vt 0.34885025024414062 0.10571988672018051
vt 0.34808340668678284 0.10626380145549774
vt 0.34697875380516052 0.10796090215444565
vt 0.3497866690158844 0.093758299946784973
vt 0.34310108423233032 0.093758299946784973
vt 0.3497866690158844 0.10352344810962677
vt 0.34310108423233032 0.10352344810962677
vt 0.3497866690158844 0.074210189282894135
vt 0.3497866690158844 0.12305373698472977
vt 0.34310108423233032 0.12305373698472977
vt 0.34644389152526855 0.12305373698472977
vt 0.34310108423233032 0.11817116290330887
vt 0.3497866690158844 0.11817116290330887
vt 0.34644389152526855 0.11817116290330887
vt 0.35647228360176086 0.12305373698472977
vt 0.34811526536941528 0.11817116290330887
vt 0.34310108423233032 0.10840602219104767
vt 0.34644389152526855 0.10352344810962677
vt 0.34644389152526855 0.10840602219104767
vt 0.35647228360176086 0.093758299946784973
vt 0.35647228360176086 0.10352344810962677
vt 0.35312947630882263 0.12305373698472977
vt 0.35647228360176086 0.11817116290330887
vt 0.35312947630882263 0.11817116290330887
vt 0.35145807266235352 0.11817116290330887
vt 0.35312947630882263 0.10352344810962677
vt 0.35647228360176086 0.10840602219104767
vt 0.35312947630882263 0.10840602219104767
vt 0.35145807266235352 0.10352344810962677
vt 0.35312947630882263 0.10596473515033722
vt 0.3497866690158844 0.098640874028205872
vt 0.35312947630882263 0.093758299946784973
vt 0.35647228360176086 0.098640874028205872
vt 0.35312947630882263 0.098640874028205872
vt 0.3497866690158844 0.083984240889549255
vt 0.35647228360176086 0.074210189282894135
vt 0.35647228360176086 0.083984240889549255
vt 0.34644389152526855 0.10596473515033722
vt 0.34811526536941528 0.10352344810962677
vt 0.34310108423233032 0.098640874028205872
vt 0.34644389152526855 0.093758299946784973
vt 0.34644389152526855 0.098640874028205872
vt 0.34310108423233032 0.074210189282894135
vt 0.34310108423233032 0.083984240889549255
vt 0.90027183294296265 0.77824157476425171
vt 0.85555028915405273 0.79242360591888428
vt 0.87680739164352417 0.78187274932861328
vt 0.90027183294296265 0.78565382957458496
vt 0.90027183294296265 0.81462901830673218
vt 0.88839906454086304 0.81649529933929443
vt 0.87767124176025391 0.82185143232345581
vt 0.90027183294296265 0.80721676349639893
vt 0.75582212209701538 0.77824157476425171
vt 0.71110057830810547 0.79242360591888428
vt 0.7323576807975769 0.78187274932861328
vt 0.75582212209701538 0.78565382957458496
vt 0.75582212209701538 0.81462901830673218
vt 0.74394935369491577 0.81649529933929443
vt 0.73322153091430664 0.82185143232345581
vt 0.75582212209701538 0.80721676349639893
vt 0.30559530854225159 0.054662078619003296
vt 0.28752291202545166 0.054662078619003296
vt 0.30559530854225159 0.058472778648138046
vt 0.30559530854225159 0.062139745801687241
vt 0.30559530854225159 0.065785728394985199
vt 0.30559530854225159 0.069431714713573456
vt 0.28752291202545166 0.069431714713573456
vt 0.30559530854225159 0.073242411017417908
vt 0.30559530854225159 0.076909385621547699
vt 0.30559530854225159 0.080555364489555359
vt 0.30559530854225159 0.084201350808143616
vt 0.28752291202545166 0.084201350808143616
vt 0.30559530854225159 0.088012047111988068
vt 0.30559530854225159 0.091679014265537262
vt 0.30559530854225159 0.095325008034706116
vt 0.30559530854225159 0.098970986902713776
vt 0.28752291202545166 0.098970986902713776
vt 0.30559530854225159 0.10278168320655823
vt 0.30559530854225159 0.10644865781068802
vt 0.30559530854225159 0.11009464412927628
vt 0.3236677348613739 0.11374062299728394
vt 0.30559530854225159 0.11374062299728394
vt 0.28752291202545166 0.11374062299728394
vt 0.3236677348613739 0.054662078619003296
vt 0.3236677348613739 0.058354489505290985
vt 0.3236677348613739 0.062046896666288376
vt 0.3236677348613739 0.065739303827285767
vt 0.3236677348613739 0.069431714713573456
vt 0.3236677348613739 0.073124125599861145
vt 0.3236677348613739 0.076816536486148834
vt 0.3236677348613739 0.080508939921855927
vt 0.3236677348613739 0.084201350808143616
vt 0.3236677348613739 0.087893761694431305
vt 0.3236677348613739 0.091586172580718994
vt 0.3236677348613739 0.095278576016426086
vt 0.3236677348613739 0.098970986902713776
vt 0.3236677348613739 0.10266339778900146
vt 0.3236677348613739 0.10635580867528915
vt 0.3236677348613739 0.11004821211099625
vt 0.31463152170181274 0.058472778648138046
vt 0.30559530854225159 0.056567426770925522
vt 0.31463152170181274 0.054662078619003296
vt 0.31463152170181274 0.056567426770925522
vt 0.31463152170181274 0.062139745801687241
vt 0.30559530854225159 0.060306262224912643
vt 0.31463152170181274 0.060306262224912643
vt 0.31463152170181274 0.065785728394985199
vt 0.30559530854225159 0.063962742686271667
vt 0.31463152170181274 0.063962742686271667
vt 0.31463152170181274 0.069431714713573456
vt 0.30559530854225159 0.067608721554279327
vt 0.31463152170181274 0.067608721554279327
vt 0.31463152170181274 0.073242411017417908
vt 0.30559530854225159 0.07133706659078598
vt 0.31463152170181274 0.07133706659078598
vt 0.31463152170181274 0.076909385621547699
vt 0.30559530854225159 0.075075894594192505
vt 0.31463152170181274 0.075075894594192505
vt 0.31463152170181274 0.080555364489555359
vt 0.30559530854225159 0.078732378780841827
vt 0.31463152170181274 0.078732378780841827
vt 0.31463152170181274 0.084201350808143616
vt 0.30559530854225159 0.082378357648849487
vt 0.31463152170181274 0.082378357648849487
vt 0.31463152170181274 0.088012047111988068
vt 0.30559530854225159 0.08610670268535614
vt 0.31463152170181274 0.08610670268535614
vt 0.31463152170181274 0.091679014265537262
vt 0.30559530854225159 0.089845538139343262
vt 0.31463152170181274 0.089845538139343262
vt 0.31463152170181274 0.095325008034706116
vt 0.30559530854225159 0.09350200742483139
vt 0.31463152170181274 0.09350200742483139
vt 0.31463152170181274 0.10278168320655823
vt 0.30559530854225159 0.1008763387799263
vt 0.31463152170181274 0.098970986902713776
vt 0.31463152170181274 0.1008763387799263
vt 0.31463152170181274 0.10644865781068802
vt 0.30559530854225159 0.10461517423391342
vt 0.31463152170181274 0.10461517423391342
vt 0.31463152170181274 0.11009464412927628
vt 0.30559530854225159 0.10827164351940155
vt 0.31463152170181274 0.10827164351940155
vt 0.31463152170181274 0.11374062299728394
vt 0.30559530854225159 0.11191762983798981
vt 0.31463152170181274 0.11191762983798981
vt 0.28752291202545166 0.11004821211099625
vt 0.28752291202545166 0.10635580867528915
vt 0.28752291202545166 0.10266339778900146
vt 0.28752291202545166 0.095278576016426086
vt 0.28752291202545166 0.091586172580718994
vt 0.28752291202545166 0.087893761694431305
vt 0.28752291202545166 0.080508939921855927
vt 0.28752291202545166 0.076816536486148834
vt 0.28752291202545166 0.073124125599861145
vt 0.28752291202545166 0.065739303827285767
vt 0.28752291202545166 0.062046896666288376
vt 0.28752291202545166 0.058354489505290985
vt 0.29655909538269043 0.11374062299728394
vt 0.29655909538269043 0.11009464412927628
vt 0.29655909538269043 0.11191762983798981
vt 0.29655909538269043 0.10644865781068802
vt 0.29655909538269043 0.10827164351940155
vt 0.29655909538269043 0.10278168320655823
vt 0.29655909538269043 0.10461517423391342
vt 0.29655909538269043 0.098970986902713776
vt 0.29655909538269043 0.1008763387799263
vt 0.29655909538269043 0.095325008034706116
vt 0.29655909538269043 0.091679014265537262
vt 0.29655909538269043 0.09350200742483139
vt 0.29655909538269043 0.088012047111988068
vt 0.29655909538269043 0.089845538139343262
vt 0.29655909538269043 0.084201350808143616
vt 0.29655909538269043 0.08610670268535614
vt 0.29655909538269043 0.080555364489555359
vt 0.29655909538269043 0.082378357648849487
vt 0.29655909538269043 0.076909385621547699
vt 0.29655909538269043 0.078732378780841827
vt 0.29655909538269043 0.073242411017417908
vt 0.29655909538269043 0.075075894594192505
vt 0.29655909538269043 0.069431714713573456
vt 0.29655909538269043 0.07133706659078598
vt 0.29655909538269043 0.065785728394985199
vt 0.29655909538269043 0.067608721554279327
vt 0.29655909538269043 0.062139745801687241
vt 0.29655909538269043 0.063962742686271667
vt 0.29655909538269043 0.058472778648138046
vt 0.29655909538269043 0.060306262224912643
vt 0.29655909538269043 0.054662078619003296
vt 0.29655909538269043 0.056567426770925522
vt 0.28752291202545166 0
vt 0.28752291202545166 0.01880483515560627
vt 0.28752291202545166 0.03760967031121254
vt 0.29133358597755432 0.01880483515560627
vt 0.29500055313110352 0.01880483515560627
vt 0.29864653944969177 0.01880483515560627
vt 0.30229252576828003 0
vt 0.30229252576828003 0.01880483515560627
vt 0.30610322952270508 0.01880483515560627
vt 0.30977019667625427 0.01880483515560627
vt 0.31341618299484253 0.01880483515560627
vt 0.31706216931343079 0
vt 0.31706216931343079 0.01880483515560627
vt 0.32087287306785583 0.01880483515560627
vt 0.32453984022140503 0.01880483515560627
vt 0.32818582653999329 0.01880483515560627
vt 0.33183181285858154 0.01880483515560627
vt 0.33564251661300659 0.01880483515560627
vt 0.33930948376655579 0.01880483515560627
vt 0.34295547008514404 0.01880483515560627
vt 0.3466014564037323 0.01880483515560627
vt 0.29121530055999756 0
vt 0.29490771889686584 0
vt 0.29860013723373413 0
vt 0.30598494410514832 0
vt 0.3096773624420166 0
vt 0.3133697509765625 0
vt 0.32075458765029907 0
vt 0.32444697618484497 0
vt 0.32813939452171326 0
vt 0.33183181285858154 0
vt 0.33552423119544983 0
vt 0.33921661972999573 0
vt 0.34290903806686401 0
vt 0.3466014564037323 0
vt 0.29133358597755432 0.0094024175778031349
vt 0.2894282341003418 0.01880483515560627
vt 0.28752291202545166 0.0094024175778031349
vt 0.2894282341003418 0.0094024175778031349
vt 0.29500055313110352 0.0094024175778031349
vt 0.29316708445549011 0.01880483515560627
vt 0.29316708445549011 0.0094024175778031349
vt 0.29864653944969177 0.0094024175778031349
vt 0.29682356119155884 0.01880483515560627
vt 0.29682356119155884 0.0094024175778031349
vt 0.30229252576828003 0.0094024175778031349
vt 0.30046954751014709 0.01880483515560627
vt 0.30046954751014709 0.0094024175778031349
vt 0.30610322952270508 0.0094024175778031349
vt 0.30419787764549255 0.01880483515560627
vt 0.30419787764549255 0.0094024175778031349
vt 0.30977019667625427 0.0094024175778031349
vt 0.30793672800064087 0.01880483515560627
vt 0.30793672800064087 0.0094024175778031349
vt 0.31341618299484253 0.0094024175778031349
vt 0.31159320473670959 0.01880483515560627
vt 0.31159320473670959 0.0094024175778031349
vt 0.31706216931343079 0.0094024175778031349
vt 0.31523919105529785 0.01880483515560627
vt 0.31523919105529785 0.0094024175778031349
vt 0.32087287306785583 0.0094024175778031349
vt 0.31896752119064331 0.01880483515560627
vt 0.31896752119064331 0.0094024175778031349
vt 0.32453984022140503 0.0094024175778031349
vt 0.32270634174346924 0.01880483515560627
vt 0.32270634174346924 0.0094024175778031349
vt 0.32818582653999329 0.0094024175778031349
vt 0.32636281847953796 0.01880483515560627
vt 0.32636281847953796 0.0094024175778031349
vt 0.33183181285858154 0.0094024175778031349
vt 0.33000880479812622 0.01880483515560627
vt 0.33000880479812622 0.0094024175778031349
vt 0.33564251661300659 0.0094024175778031349
vt 0.33373716473579407 0.01880483515560627
vt 0.33373716473579407 0.0094024175778031349
vt 0.33930948376655579 0.0094024175778031349
vt 0.33747598528862 0.01880483515560627
vt 0.33747598528862 0.0094024175778031349
vt 0.34295547008514404 0.0094024175778031349
vt 0.34113246202468872 0.01880483515560627
vt 0.34113246202468872 0.0094024175778031349
vt 0.3466014564037323 0.0094024175778031349
vt 0.34477844834327698 0.01880483515560627
vt 0.34477844834327698 0.0094024175778031349
vt 0.3466014564037323 0.03760967031121254
vt 0.34290903806686401 0.03760967031121254
vt 0.33921661972999573 0.03760967031121254
vt 0.33552423119544983 0.03760967031121254
vt 0.33183181285858154 0.03760967031121254
vt 0.32813939452171326 0.03760967031121254
vt 0.32444697618484497 0.03760967031121254
vt 0.32075458765029907 0.03760967031121254
vt 0.31706216931343079 0.03760967031121254
vt 0.3133697509765625 0.03760967031121254
vt 0.3096773624420166 0.03760967031121254
vt 0.30598494410514832 0.03760967031121254
vt 0.30229252576828003 0.03760967031121254
vt 0.29860013723373413 0.03760967031121254
vt 0.29490771889686584 0.03760967031121254
vt 0.29121530055999756 0.03760967031121254
vt 0.3466014564037323 0.028207253664731979
vt 0.34295547008514404 0.028207253664731979
vt 0.34477844834327698 0.028207253664731979
vt 0.33930948376655579 0.028207253664731979
vt 0.34113246202468872 0.028207253664731979
vt 0.33564251661300659 0.028207253664731979
vt 0.33747598528862 0.028207253664731979
vt 0.33183181285858154 0.028207253664731979
vt 0.33373716473579407 0.028207253664731979
vt 0.32818582653999329 0.028207253664731979
vt 0.32453984022140503 0.028207253664731979
vt 0.32636281847953796 0.028207253664731979
vt 0.32087287306785583 0.028207253664731979
vt 0.32270634174346924 0.028207253664731979
vt 0.31706216931343079 0.028207253664731979
vt 0.31896752119064331 0.028207253664731979
vt 0.31341618299484253 0.028207253664731979
vt 0.31523919105529785 0.028207253664731979
vt 0.30977019667625427 0.028207253664731979
vt 0.31159320473670959 0.028207253664731979
vt 0.30610322952270508 0.028207253664731979
vt 0.30793672800064087 0.028207253664731979
vt 0.30229252576828003 0.028207253664731979
vt 0.30419787764549255 0.028207253664731979
vt 0.29864653944969177 0.028207253664731979
vt 0.30046954751014709 0.028207253664731979
vt 0.29500055313110352 0.028207253664731979
vt 0.29682356119155884 0.028207253664731979
vt 0.29133358597755432 0.028207253664731979
vt 0.29316708445549011 0.028207253664731979
vt 0.28752291202545166 0.028207253664731979
vt 0.2894282341003418 0.028207253664731979
vt 0.57898688316345215 0
vt 0.54137724637985229 0
vt 0.56018203496932983 0.048411939293146133
vt 0.57898688316345215 0.096823878586292267
vt 0.54137724637985229 0.096823878586292267
vt 0.54137724637985229 0.088606387376785278
vt 0.55077964067459106 0.048411939293146133
vt 0.56018203496932983 0.072617910802364349
vt 0.55077964067459106 0.072617910802364349
vt 0.39471045136451721 0.1462741494178772
vt 0.39471045136451721 0.18388381600379944
vt 0.49153435230255127 0.1462741494178772
vt 0.49153435230255127 0.18388381600379944
vt 0.40292796492576599 0.18388381600379944
vt 0.44312241673469543 0.17448140680789948
vt 0.44312241673469543 0.17918261885643005
vt 0.41891643404960632 0.17448140680789948
vt 0.41891643404960632 0.17918261885643005
vt 0.54137724637985229 0.14707215130329132
vt 0.54137724637985229 0.18468181788921356
vt 0.63820111751556396 0.14707215130329132
vt 0.63820111751556396 0.18468181788921356
vt 0.62998360395431519 0.18468181788921356
vt 0.58978915214538574 0.1752794086933136
vt 0.58978915214538574 0.17998062074184418
vt 0.61399513483047485 0.1752794086933136
vt 0.61399513483047485 0.17998062074184418
vt 0.43232014775276184 0
vt 0.39471045136451721 0
vt 0.43232014775276184 0.096823878586292267
vt 0.39471045136451721 0.096823878586292267
vt 0.39471045136451721 0.0082174912095069885
vt 0.40411287546157837 0.048411939293146133
vt 0.39941167831420898 0.048411939293146133
vt 0.40411287546157837 0.024205969646573067
vt 0.39941167831420898 0.024205969646573067
vt 0.69453787803649902 0.65463924407958984
vt 0.8861202597618103 0.62716442346572876
vt 0.71892744302749634 0.64090186357498169
vt 0.71958762407302856 0.64427292346954346
vt 0.72168135643005371 0.64737772941589355
vt 0.72486889362335205 0.64941710233688354
vt 0.72832983732223511 0.65006011724472046
vt 0.73179084062576294 0.64941710233688354
vt 0.73497837781906128 0.64737772941589355
vt 0.73707211017608643 0.64427292346954346
vt 0.73773229122161865 0.64090186357498169
vt 0.73707211017608643 0.63753074407577515
vt 0.73497837781906128 0.63442593812942505
vt 0.73179084062576294 0.63238656520843506
vt 0.72832983732223511 0.63174355030059814
vt 0.72486889362335205 0.63238656520843506
vt 0.72168135643005371 0.63442593812942505
vt 0.71958762407302856 0.63753074407577515
vt 0.84292584657669067 0.64090186357498169
vt 0.8435860276222229 0.64427292346954346
vt 0.84567975997924805 0.64737772941589355
vt 0.84886729717254639 0.64941710233688354
vt 0.85232830047607422 0.65006011724472046
vt 0.85578930377960205 0.64941710233688354
vt 0.85897684097290039 0.64737772941589355
vt 0.86107057332992554 0.64427292346954346
vt 0.86173069477081299 0.64090186357498169
vt 0.86107057332992554 0.63753074407577515
vt 0.85897684097290039 0.63442593812942505
vt 0.85578930377960205 0.63238656520843506
vt 0.85232830047607422 0.63174355030059814
vt 0.84886729717254639 0.63238656520843506
vt 0.84567975997924805 0.63442593812942505
vt 0.8435860276222229 0.63753074407577515
vt 0.69453787803649902 0.62716442346572876
vt 0.79032909870147705 0.61342698335647583
vt 0.8861202597618103 0.65463924407958984
vt 0.79032909870147705 0.66837668418884277
vt 0.48422306776046753 0.12888996303081512
vt 0.46791648864746094 0.11542348563671112
vt 0.44724026322364807 0.11074674874544144
vt 0.44724026322364807 0.073137074708938599
vt 0.48528558015823364 0.082081928849220276
vt 0.51463937759399414 0.10676901042461395
vt 0.48422306776046753 0.055752884596586227
vt 0.46791648864746094 0.042286407202482224
vt 0.44724026322364807 0.03760967031121254
vt 0.44724026322364807 0
vt 0.48528558015823364 0.0089448532089591026
vt 0.51463937759399414 0.033631939440965652
vt 0.95670157670974731 0.51054584980010986
vt 0.9155876636505127 0.4243493378162384
vt 0.92969125509262085 0.4483313262462616
vt 0.92623031139373779 0.44898045063018799
vt 0.92304277420043945 0.45103922486305237
vt 0.92094904184341431 0.45417347550392151
vt 0.92028886079788208 0.45757663249969482
vt 0.92094904184341431 0.46097978949546814
vt 0.92304277420043945 0.46411404013633728
vt 0.92623031139373779 0.46617281436920166
vt 0.92969125509262085 0.46682193875312805
vt 0.93315225839614868 0.46617281436920166
vt 0.93633979558944702 0.46411404013633728
vt 0.93843352794647217 0.46097978949546814
vt 0.93909370899200439 0.45757663249969482
vt 0.93843352794647217 0.45417347550392151
vt 0.93633979558944702 0.45103922486305237
vt 0.93315225839614868 0.44898045063018799
vt 0.92969125509262085 0.44589847326278687
vt 0.91618615388870239 0.44589847326278687
vt 0.92293870449066162 0.44589847326278687
vt 0.92969125509262085 0.43512389063835144
vt 0.91618615388870239 0.43512389063835144
vt 0.94319641590118408 0.44589847326278687
vt 0.92969125509262085 0.47822216153144836
vt 0.94319641590118408 0.4889967143535614
vt 0.94319641590118408 0.47822216153144836
vt 0.93644386529922485 0.44589847326278687
vt 0.94319641590118408 0.43512389063835144
vt 0.94379490613937378 0.4243493378162384
vt 0.95596957206726074 0.50845921039581299
vt 0.94984346628189087 0.49913293123245239
vt 0.94040751457214355 0.49288347363471985
vt 0.92969125509262085 0.49080392718315125
vt 0.91943937540054321 0.49270066618919373
vt 0.90995454788208008 0.49872437119483948
vt 0.90268099308013916 0.51054584980010986
vt 0.85938256978988647 0.4243493378162384
vt 0.80536198616027832 0.4243493378162384
vt 0.80609399080276489 0.42643594741821289
vt 0.81222009658813477 0.43576225638389587
vt 0.82165604829788208 0.44201171398162842
vt 0.83237230777740479 0.44409126043319702
vt 0.84647589921951294 0.51054584980010986
vt 0.83237230777740479 0.46807324886322021
vt 0.82891130447387695 0.46872237324714661
vt 0.82572376728057861 0.4707811176776886
vt 0.82363003492355347 0.47391539812088013
vt 0.82296985387802124 0.47731855511665344
vt 0.82363003492355347 0.48072168231010437
vt 0.82572376728057861 0.4838559627532959
vt 0.82891130447387695 0.48591470718383789
vt 0.83237230777740479 0.48656386137008667
vt 0.83583325147628784 0.48591470718383789
vt 0.83902078866958618 0.4838559627532959
vt 0.84111452102661133 0.48072168231010437
vt 0.84177470207214355 0.47731855511665344
vt 0.84111452102661133 0.47391539812088013
vt 0.83902078866958618 0.4707811176776886
vt 0.83583325147628784 0.46872237324714661
vt 0.81826865673065186 0.51054584980010986
vt 0.84262418746948242 0.44219449162483215
vt 0.85210901498794556 0.4361707866191864
vt 0.58275884389877319 0.54709541797637939
vt 0.54514914751052856 0.54709541797637939
vt 0.50753945112228394 0.54709541797637939
vt 0.46992981433868408 0.54709541797637939
vt 0.43232014775276184 0.54709541797637939
vt 0.39471045136451721 0.54709541797637939
vt 0.58275884389877319 0.55471682548522949
vt 0.54514914751052856 0.55471682548522949
vt 0.50753945112228394 0.55471682548522949
vt 0.46992981433868408 0.55471682548522949
vt 0.43232014775276184 0.55471682548522949
vt 0.39471045136451721 0.55471682548522949
vt 0.58275884389877319 0.56205075979232788
vt 0.54514914751052856 0.56205075979232788
vt 0.50753945112228394 0.56205075979232788
vt 0.46992981433868408 0.56205075979232788
vt 0.43232014775276184 0.56205075979232788
vt 0.39471045136451721 0.56205075979232788
vt 0.58275884389877319 0.56934273242950439
vt 0.54514914751052856 0.56934273242950439
vt 0.50753945112228394 0.56934273242950439
vt 0.46992981433868408 0.56934273242950439
vt 0.43232014775276184 0.56934273242950439
vt 0.39471045136451721 0.56934273242950439
vt 0.58275884389877319 0.57663470506668091
vt 0.54514914751052856 0.57663470506668091
vt 0.50753945112228394 0.57663470506668091
vt 0.46992981433868408 0.57663470506668091
vt 0.43232014775276184 0.57663470506668091
vt 0.39471045136451721 0.57663470506668091
vt 0.58275884389877319 0.58425611257553101
vt 0.54514914751052856 0.58425611257553101
vt 0.50753945112228394 0.58425611257553101
vt 0.46992981433868408 0.58425611257553101
vt 0.43232014775276184 0.58425611257553101
vt 0.39471045136451721 0.58425611257553101
vt 0.58275884389877319 0.59159004688262939
vt 0.54514914751052856 0.59159004688262939
vt 0.50753945112228394 0.59159004688262939
vt 0.46992981433868408 0.59159004688262939
vt 0.43232014775276184 0.59159004688262939
vt 0.39471045136451721 0.59159004688262939
vt 0.58275884389877319 0.59888201951980591
vt 0.54514914751052856 0.59888201951980591
vt 0.50753945112228394 0.59888201951980591
vt 0.46992981433868408 0.59888201951980591
vt 0.43232014775276184 0.59888201951980591
vt 0.39471045136451721 0.59888201951980591
vt 0.58275884389877319 0.60617399215698242
vt 0.54514914751052856 0.60617399215698242
vt 0.50753945112228394 0.60617399215698242
vt 0.46992981433868408 0.60617399215698242
vt 0.43232014775276184 0.60617399215698242
vt 0.39471045136451721 0.60617399215698242
vt 0.58275884389877319 0.61379539966583252
vt 0.54514914751052856 0.61379539966583252
vt 0.50753945112228394 0.61379539966583252
vt 0.46992981433868408 0.61379539966583252
vt 0.43232014775276184 0.61379539966583252
vt 0.39471045136451721 0.61379539966583252
vt 0.58275884389877319 0.62112933397293091
vt 0.54514914751052856 0.62112933397293091
vt 0.50753945112228394 0.62112933397293091
vt 0.46992981433868408 0.62112933397293091
vt 0.43232014775276184 0.62112933397293091
vt 0.39471045136451721 0.62112933397293091
vt 0.58275884389877319 0.62842130661010742
vt 0.54514914751052856 0.62842130661010742
vt 0.50753945112228394 0.62842130661010742
vt 0.46992981433868408 0.62842130661010742
vt 0.43232014775276184 0.62842130661010742
vt 0.39471045136451721 0.62842130661010742
vt 0.58275884389877319 0.63571321964263916
vt 0.54514914751052856 0.63571321964263916
vt 0.50753945112228394 0.63571321964263916
vt 0.46992981433868408 0.63571321964263916
vt 0.43232014775276184 0.63571321964263916
vt 0.39471045136451721 0.63571321964263916
vt 0.58275884389877319 0.64333462715148926
vt 0.54514914751052856 0.64333462715148926
vt 0.50753945112228394 0.64333462715148926
vt 0.46992981433868408 0.64333462715148926
vt 0.43232014775276184 0.64333462715148926
vt 0.39471045136451721 0.64333462715148926
vt 0.58275884389877319 0.65066856145858765
vt 0.54514914751052856 0.65066856145858765
vt 0.50753945112228394 0.65066856145858765
vt 0.46992981433868408 0.65066856145858765
vt 0.43232014775276184 0.65066856145858765
vt 0.39471045136451721 0.65066856145858765
vt 0.58275884389877319 0.65796053409576416
vt 0.54514914751052856 0.65796053409576416
vt 0.50753945112228394 0.65796053409576416
vt 0.46992981433868408 0.65796053409576416
vt 0.43232014775276184 0.65796053409576416
vt 0.39471045136451721 0.65796053409576416
vt 0.58275884389877319 0.66525250673294067
vt 0.54514914751052856 0.66525250673294067
vt 0.50753945112228394 0.66525250673294067
vt 0.46992981433868408 0.66525250673294067
vt 0.43232014775276184 0.66525250673294067
vt 0.39471045136451721 0.66525250673294067
vt 0.56395399570465088 0.55471682548522949
vt 0.54514914751052856 0.55090612173080444
vt 0.56395399570465088 0.54709541797637939
vt 0.56395399570465088 0.55090612173080444
vt 0.56395399570465088 0.56934273242950439
vt 0.54514914751052856 0.56569677591323853
vt 0.56395399570465088 0.56205075979232788
vt 0.56395399570465088 0.56569677591323853
vt 0.56395399570465088 0.57663470506668091
vt 0.54514914751052856 0.57298868894577026
vt 0.56395399570465088 0.57298868894577026
vt 0.56395399570465088 0.58425611257553101
vt 0.54514914751052856 0.58044540882110596
vt 0.56395399570465088 0.58044540882110596
vt 0.56395399570465088 0.59888201951980591
vt 0.54514914751052856 0.59523600339889526
vt 0.56395399570465088 0.59159004688262939
vt 0.56395399570465088 0.59523600339889526
vt 0.56395399570465088 0.60617399215698242
vt 0.54514914751052856 0.60252797603607178
vt 0.56395399570465088 0.60252797603607178
vt 0.56395399570465088 0.61379539966583252
vt 0.54514914751052856 0.60998469591140747
vt 0.56395399570465088 0.60998469591140747
vt 0.56395399570465088 0.62842130661010742
vt 0.54514914751052856 0.62477529048919678
vt 0.56395399570465088 0.62112933397293091
vt 0.56395399570465088 0.62477529048919678
vt 0.56395399570465088 0.63571321964263916
vt 0.54514914751052856 0.63206726312637329
vt 0.56395399570465088 0.63206726312637329
vt 0.56395399570465088 0.64333462715148926
vt 0.54514914751052856 0.63952392339706421
vt 0.56395399570465088 0.63952392339706421
vt 0.56395399570465088 0.65796053409576416
vt 0.54514914751052856 0.65431457757949829
vt 0.56395399570465088 0.65066856145858765
vt 0.56395399570465088 0.65431457757949829
vt 0.56395399570465088 0.66525250673294067
vt 0.54514914751052856 0.6616065502166748
vt 0.56395399570465088 0.6616065502166748
vt 0.41351529955863953 0.66525250673294067
vt 0.41351529955863953 0.65796053409576416
vt 0.43232014775276184 0.6616065502166748
vt 0.41351529955863953 0.6616065502166748
vt 0.41351529955863953 0.65066856145858765
vt 0.43232014775276184 0.65431457757949829
vt 0.41351529955863953 0.65431457757949829
vt 0.41351529955863953 0.64333462715148926
vt 0.41351529955863953 0.63571321964263916
vt 0.43232014775276184 0.63952392339706421
vt 0.41351529955863953 0.63952392339706421
vt 0.41351529955863953 0.62842130661010742
vt 0.43232014775276184 0.63206726312637329
vt 0.41351529955863953 0.63206726312637329
vt 0.41351529955863953 0.62112933397293091
vt 0.43232014775276184 0.62477529048919678
vt 0.41351529955863953 0.62477529048919678
vt 0.41351529955863953 0.61379539966583252
vt 0.41351529955863953 0.60617399215698242
vt 0.43232014775276184 0.60998469591140747
vt 0.41351529955863953 0.60998469591140747
vt 0.41351529955863953 0.59888201951980591
vt 0.43232014775276184 0.60252797603607178
vt 0.41351529955863953 0.60252797603607178
vt 0.41351529955863953 0.59159004688262939
vt 0.43232014775276184 0.59523600339889526
vt 0.41351529955863953 0.59523600339889526
vt 0.41351529955863953 0.58425611257553101
vt 0.41351529955863953 0.57663470506668091
vt 0.43232014775276184 0.58044540882110596
vt 0.41351529955863953 0.58044540882110596
vt 0.41351529955863953 0.56934273242950439
vt 0.43232014775276184 0.57298868894577026
vt 0.41351529955863953 0.57298868894577026
vt 0.41351529955863953 0.56205075979232788
vt 0.43232014775276184 0.56569677591323853
vt 0.41351529955863953 0.56569677591323853
vt 0.41351529955863953 0.55471682548522949
vt 0.41351529955863953 0.54709541797637939
vt 0.43232014775276184 0.55090612173080444
vt 0.41351529955863953 0.55090612173080444
vt 0.72990542650222778 0.66984152793884277
vt 0.73704957962036133 0.67125141620635986
vt 0.74334019422531128 0.67548853158950806
vt 0.74742424488067627 0.68181174993515015
vt 0.7487102746963501 0.68864637613296509
vt 0.74730032682418823 0.69579052925109863
vt 0.74306321144104004 0.70208114385604858
vt 0.73673999309539795 0.70616519451141357
vt 0.72990542650222778 0.70745116472244263
vt 0.72276127338409424 0.70604127645492554
vt 0.71647059917449951 0.70180416107177734
vt 0.71238654851913452 0.69548094272613525
vt 0.71110057830810547 0.68864637613296509
vt 0.71251052618026733 0.68150222301483154
vt 0.71674758195877075 0.67521154880523682
vt 0.72307080030441284 0.67112749814987183
vt 0.58275884389877319 0.4243493378162384
vt 0.54514914751052856 0.4243493378162384
vt 0.50753945112228394 0.4243493378162384
vt 0.46992981433868408 0.4243493378162384
vt 0.43232014775276184 0.4243493378162384
vt 0.39471045136451721 0.4243493378162384
vt 0.54514914751052856 0.4319707453250885
vt 0.50753945112228394 0.4319707453250885
vt 0.46992981433868408 0.4319707453250885
vt 0.43232014775276184 0.4319707453250885
vt 0.39471045136451721 0.4319707453250885
vt 0.54514914751052856 0.43930467963218689
vt 0.50753945112228394 0.43930467963218689
vt 0.46992981433868408 0.43930467963218689
vt 0.43232014775276184 0.43930467963218689
vt 0.39471045136451721 0.43930467963218689
vt 0.54514914751052856 0.4465966522693634
vt 0.50753945112228394 0.4465966522693634
vt 0.46992981433868408 0.4465966522693634
vt 0.43232014775276184 0.4465966522693634
vt 0.39471045136451721 0.4465966522693634
vt 0.58275884389877319 0.45388862490653992
vt 0.54514914751052856 0.45388862490653992
vt 0.50753945112228394 0.45388862490653992
vt 0.46992981433868408 0.45388862490653992
vt 0.43232014775276184 0.45388862490653992
vt 0.39471045136451721 0.45388862490653992
vt 0.54514914751052856 0.46151000261306763
vt 0.50753945112228394 0.46151000261306763
vt 0.46992981433868408 0.46151000261306763
vt 0.43232014775276184 0.46151000261306763
vt 0.39471045136451721 0.46151000261306763
vt 0.54514914751052856 0.46884393692016602
vt 0.50753945112228394 0.46884393692016602
vt 0.46992981433868408 0.46884393692016602
vt 0.43232014775276184 0.46884393692016602
vt 0.39471045136451721 0.46884393692016602
vt 0.54514914751052856 0.47613590955734253
vt 0.50753945112228394 0.47613590955734253
vt 0.46992981433868408 0.47613590955734253
vt 0.43232014775276184 0.47613590955734253
vt 0.39471045136451721 0.47613590955734253
vt 0.58275884389877319 0.48342788219451904
vt 0.54514914751052856 0.48342788219451904
vt 0.50753945112228394 0.48342788219451904
vt 0.46992981433868408 0.48342788219451904
vt 0.43232014775276184 0.48342788219451904
vt 0.39471045136451721 0.48342788219451904
vt 0.54514914751052856 0.49104928970336914
vt 0.50753945112228394 0.49104928970336914
vt 0.46992981433868408 0.49104928970336914
vt 0.43232014775276184 0.49104928970336914
vt 0.39471045136451721 0.49104928970336914
vt 0.54514914751052856 0.49838322401046753
vt 0.50753945112228394 0.49838322401046753
vt 0.46992981433868408 0.49838322401046753
vt 0.43232014775276184 0.49838322401046753
vt 0.39471045136451721 0.49838322401046753
vt 0.54514914751052856 0.50567519664764404
vt 0.50753945112228394 0.50567519664764404
vt 0.46992981433868408 0.50567519664764404
vt 0.43232014775276184 0.50567519664764404
vt 0.39471045136451721 0.50567519664764404
vt 0.58275884389877319 0.51296716928482056
vt 0.54514914751052856 0.51296716928482056
vt 0.50753945112228394 0.51296716928482056
vt 0.46992981433868408 0.51296716928482056
vt 0.43232014775276184 0.51296716928482056
vt 0.39471045136451721 0.51296716928482056
vt 0.54514914751052856 0.52058857679367065
vt 0.50753945112228394 0.52058857679367065
vt 0.46992981433868408 0.52058857679367065
vt 0.43232014775276184 0.52058857679367065
vt 0.39471045136451721 0.52058857679367065
vt 0.54514914751052856 0.52792251110076904
vt 0.50753945112228394 0.52792251110076904
vt 0.46992981433868408 0.52792251110076904
vt 0.43232014775276184 0.52792251110076904
vt 0.39471045136451721 0.52792251110076904
vt 0.54514914751052856 0.53521448373794556
vt 0.50753945112228394 0.53521448373794556
vt 0.46992981433868408 0.53521448373794556
vt 0.43232014775276184 0.53521448373794556
vt 0.39471045136451721 0.53521448373794556
vt 0.58275884389877319 0.54250645637512207
vt 0.54514914751052856 0.54250645637512207
vt 0.50753945112228394 0.54250645637512207
vt 0.46992981433868408 0.54250645637512207
vt 0.43232014775276184 0.54250645637512207
vt 0.39471045136451721 0.54250645637512207
vt 0.58275884389877319 0.43173417448997498
vt 0.58275884389877319 0.43911898136138916
vt 0.58275884389877319 0.44650378823280334
vt 0.58275884389877319 0.4612734317779541
vt 0.58275884389877319 0.46865823864936829
vt 0.58275884389877319 0.47604307532310486
vt 0.58275884389877319 0.49081271886825562
vt 0.58275884389877319 0.4981975257396698
vt 0.58275884389877319 0.50558233261108398
vt 0.58275884389877319 0.52035200595855713
vt 0.58275884389877319 0.52773678302764893
vt 0.58275884389877319 0.5351216197013855
vt 0.56395399570465088 0.4319707453250885
vt 0.54514914751052856 0.42816004157066345
vt 0.56395399570465088 0.4243493378162384
vt 0.56395399570465088 0.42816004157066345
vt 0.56395399570465088 0.43930467963218689
vt 0.54514914751052856 0.4356377124786377
vt 0.56395399570465088 0.4356377124786377
vt 0.56395399570465088 0.4465966522693634
vt 0.54514914751052856 0.44295066595077515
vt 0.56395399570465088 0.44295066595077515
vt 0.56395399570465088 0.46151000261306763
vt 0.54514914751052856 0.45769929885864258
vt 0.56395399570465088 0.45388862490653992
vt 0.56395399570465088 0.45769929885864258
vt 0.56395399570465088 0.46884393692016602
vt 0.54514914751052856 0.46517696976661682
vt 0.56395399570465088 0.46517696976661682
vt 0.56395399570465088 0.47613590955734253
vt 0.54514914751052856 0.47248992323875427
vt 0.56395399570465088 0.47248992323875427
vt 0.56395399570465088 0.49104928970336914
vt 0.54514914751052856 0.48723858594894409
vt 0.56395399570465088 0.48342788219451904
vt 0.56395399570465088 0.48723858594894409
vt 0.56395399570465088 0.49838322401046753
vt 0.54514914751052856 0.49471625685691833
vt 0.56395399570465088 0.49471625685691833
vt 0.56395399570465088 0.50567519664764404
vt 0.54514914751052856 0.5020291805267334
vt 0.56395399570465088 0.5020291805267334
vt 0.56395399570465088 0.51296716928482056
vt 0.54514914751052856 0.50932115316390991
vt 0.56395399570465088 0.50932115316390991
vt 0.56395399570465088 0.52058857679367065
vt 0.54514914751052856 0.51677787303924561
vt 0.56395399570465088 0.51677787303924561
vt 0.56395399570465088 0.52792251110076904
vt 0.54514914751052856 0.52425551414489746
vt 0.56395399570465088 0.52425551414489746
vt 0.56395399570465088 0.53521448373794556
vt 0.54514914751052856 0.53156846761703491
vt 0.56395399570465088 0.53156846761703491
vt 0.56395399570465088 0.54250645637512207
vt 0.54514914751052856 0.53886044025421143
vt 0.56395399570465088 0.53886044025421143
vt 0.41351529955863953 0.54250645637512207
vt 0.41351529955863953 0.53521448373794556
vt 0.43232014775276184 0.53886044025421143
vt 0.41351529955863953 0.53886044025421143
vt 0.41351529955863953 0.52792251110076904
vt 0.43232014775276184 0.53156846761703491
vt 0.41351529955863953 0.53156846761703491
vt 0.41351529955863953 0.52058857679367065
vt 0.41351529955863953 0.51296716928482056
vt 0.43232014775276184 0.51677787303924561
vt 0.41351529955863953 0.51677787303924561
vt 0.41351529955863953 0.50567519664764404
vt 0.43232014775276184 0.50932115316390991
vt 0.41351529955863953 0.50932115316390991
vt 0.41351529955863953 0.49838322401046753
vt 0.43232014775276184 0.5020291805267334
vt 0.41351529955863953 0.5020291805267334
vt 0.41351529955863953 0.49104928970336914
vt 0.41351529955863953 0.48342788219451904
vt 0.43232014775276184 0.48723858594894409
vt 0.41351529955863953 0.48723858594894409
vt 0.41351529955863953 0.47613590955734253
vt 0.43232014775276184 0.47978189587593079
vt 0.41351529955863953 0.47978189587593079
vt 0.41351529955863953 0.46884393692016602
vt 0.43232014775276184 0.47248992323875427
vt 0.41351529955863953 0.47248992323875427
vt 0.41351529955863953 0.46151000261306763
vt 0.41351529955863953 0.45388862490653992
vt 0.43232014775276184 0.45769929885864258
vt 0.41351529955863953 0.45769929885864258
vt 0.41351529955863953 0.4465966522693634
vt 0.43232014775276184 0.45024263858795166
vt 0.41351529955863953 0.45024263858795166
vt 0.41351529955863953 0.43930467963218689
vt 0.43232014775276184 0.44295066595077515
vt 0.41351529955863953 0.44295066595077515
vt 0.41351529955863953 0.4319707453250885
vt 0.41351529955863953 0.4243493378162384
vt 0.43232014775276184 0.42816004157066345
vt 0.41351529955863953 0.42816004157066345
vt 0.54590821266174316 0.79339945316314697
vt 0.54458785057067871 0.80032140016555786
vt 0.54040038585662842 0.80669647455215454
vt 0.53402531147003174 0.81088393926620483
vt 0.52710336446762085 0.81220424175262451
vt 0.52018141746520996 0.81088393926620483
vt 0.51380634307861328 0.80669647455215454
vt 0.50961881875991821 0.80032140016555786
vt 0.50829851627349854 0.79339945316314697
vt 0.50961881875991821 0.78647744655609131
vt 0.51380634307861328 0.7801024317741394
vt 0.52018141746520996 0.77591490745544434
vt 0.52710336446762085 0.77459460496902466
vt 0.53402531147003174 0.77591490745544434
vt 0.54040038585662842 0.7801024317741394
vt 0.54458785057067871 0.78647744655609131
vt 0.43232014775276184 0.79339945316314697
vt 0.43091019988059998 0.80054360628128052
vt 0.42667311429977417 0.80683422088623047
vt 0.42034989595413208 0.81091827154159546
vt 0.41351529955863953 0.81220424175262451
vt 0.40637114644050598 0.81079435348510742
vt 0.40008050203323364 0.80655723810195923
vt 0.39599645137786865 0.80023401975631714
vt 0.39471045136451721 0.79339945316314697
vt 0.39612039923667908 0.78625530004501343
vt 0.40035748481750488 0.7799646258354187
vt 0.40668070316314697 0.77588057518005371
vt 0.41351529955863953 0.77459460496902466
vt 0.42065945267677307 0.77600449323654175
vt 0.42695009708404541 0.78024160861968994
vt 0.4310341477394104 0.78656482696533203
vt 0.56764209270477295 0.70743989944458008
vt 0.56412601470947266 0.70743989944458008
vt 0.56115800142288208 0.70743989944458008
vt 0.55839830636978149 0.70743989944458008
vt 0.55582153797149658 0.70743989944458008
vt 0.55323874950408936 0.70743989944458008
vt 0.55051702260971069 0.70743989944458008
vt 0.54749810695648193 0.70743989944458008
vt 0.54400503635406494 0.70743989944458008
vt 0.56764209270477295 0.72154355049133301
vt 0.56412601470947266 0.72154355049133301
vt 0.56115800142288208 0.72154355049133301
vt 0.55839830636978149 0.72154355049133301
vt 0.55582153797149658 0.72154355049133301
vt 0.55323874950408936 0.72154355049133301
vt 0.55051702260971069 0.72154355049133301
vt 0.54749810695648193 0.72154355049133301
vt 0.54400503635406494 0.72154355049133301
vt 0.56764209270477295 0.73564714193344116
vt 0.56412601470947266 0.73564714193344116
vt 0.56115800142288208 0.73564714193344116
vt 0.55839830636978149 0.73564714193344116
vt 0.55582153797149658 0.73564714193344116
vt 0.55323874950408936 0.73564714193344116
vt 0.55051702260971069 0.73564714193344116
vt 0.54749810695648193 0.73564714193344116
vt 0.54400503635406494 0.73564714193344116
vt 0.56412601470947266 0.72859537601470947
vt 0.5658840537071228 0.72154355049133301
vt 0.5658840537071228 0.72859537601470947
vt 0.56115800142288208 0.72859537601470947
vt 0.56264197826385498 0.72154355049133301
vt 0.56264197826385498 0.72859537601470947
vt 0.55582153797149658 0.72859537601470947
vt 0.55710989236831665 0.72154355049133301
vt 0.55839830636978149 0.72859537601470947
vt 0.55710989236831665 0.72859537601470947
vt 0.55323874950408936 0.72859537601470947
vt 0.55453014373779297 0.72154355049133301
vt 0.55453014373779297 0.72859537601470947
vt 0.54749810695648193 0.72859537601470947
vt 0.54900753498077393 0.72154355049133301
vt 0.55051702260971069 0.72859537601470947
vt 0.54900753498077393 0.72859537601470947
vt 0.54575157165527344 0.72154355049133301
vt 0.54575157165527344 0.72859537601470947
vt 0.54749810695648193 0.71449172496795654
vt 0.54575157165527344 0.71449172496795654
vt 0.55051702260971069 0.71449172496795654
vt 0.54900753498077393 0.71449172496795654
vt 0.55323874950408936 0.71449172496795654
vt 0.55582153797149658 0.71449172496795654
vt 0.55453014373779297 0.71449172496795654
vt 0.55839830636978149 0.71449172496795654
vt 0.55710989236831665 0.71449172496795654
vt 0.56115800142288208 0.71449172496795654
vt 0.56412601470947266 0.71449172496795654
vt 0.56264197826385498 0.71449172496795654
vt 0.5658840537071228 0.71449172496795654
vt 0 0.2058614194393158
vt 0 0.20959481596946716
vt 0 0.21310979127883911
vt 0 0.21623627841472626
vt 0 0.21937155723571777
vt 0 0.22273659706115723
vt 0 0.22654691338539124
vt 0.01410362683236599 0.2058614194393158
vt 0.01410362683236599 0.20959481596946716
vt 0.01410362683236599 0.22273659706115723
vt 0.01410362683236599 0.22654691338539124
vt 0.028207253664731979 0.2058614194393158
vt 0.028207253664731979 0.20959481596946716
vt 0.028207253664731979 0.21310979127883911
vt 0.028207253664731979 0.21623627841472626
vt 0.028207253664731979 0.21937155723571777
vt 0.028207253664731979 0.22273659706115723
vt 0.028207253664731979 0.22654691338539124
vt 0.021155441179871559 0.20959481596946716
vt 0.01410362683236599 0.20772811770439148
vt 0.021155441179871559 0.20772811770439148
vt 0.01410362683236599 0.22464175522327423
vt 0.021155441179871559 0.22273659706115723
vt 0.021155441179871559 0.22464175522327423
vt 0.0070518134161829948 0.22273659706115723
vt 0.0070518134161829948 0.22464175522327423
vt 0.0070518134161829948 0.20959481596946716
vt 0.0070518134161829948 0.20772811770439148
vt 0.01410362683236599 0.21623627841472626
vt 0.01410362683236599 0.21937155723571777
vt 0.63665622472763062 0.7825007438659668
vt 0.63284552097320557 0.7825007438659668
vt 0.62917858362197876 0.7825007438659668
vt 0.62553256750106812 0.7825007438659668
vt 0.62188661098480225 0.7825007438659668
vt 0.63665622472763062 0.79660439491271973
vt 0.62188661098480225 0.79660439491271973
vt 0.63665622472763062 0.81070804595947266
vt 0.63284552097320557 0.81070804595947266
vt 0.62917858362197876 0.81070804595947266
vt 0.62553256750106812 0.81070804595947266
vt 0.62188661098480225 0.81070804595947266
vt 0.62917858362197876 0.79660439491271973
vt 0.62553256750106812 0.79660439491271973
vt 0.68126320838928223 0.7825007438659668
vt 0.67745250463485718 0.7825007438659668
vt 0.67378556728363037 0.7825007438659668
vt 0.67013955116271973 0.7825007438659668
vt 0.66649359464645386 0.7825007438659668
vt 0.68126320838928223 0.79660439491271973
vt 0.66649359464645386 0.79660439491271973
vt 0.68126320838928223 0.81070804595947266
vt 0.67745250463485718 0.81070804595947266
vt 0.67378556728363037 0.81070804595947266
vt 0.67013955116271973 0.81070804595947266
vt 0.66649359464645386 0.81070804595947266
vt 0.67378556728363037 0.79660439491271973
vt 0.67013955116271973 0.79660439491271973
vt 0.65009385347366333 0.76497930288314819
vt 0.62188661098480225 0.76497930288314819
vt 0.65009385347366333 0.7770882248878479
vt 0.62188661098480225 0.7770882248878479
vt 0.64349097013473511 0.77333313226699829
vt 0.6359902024269104 0.77198284864425659
vt 0.62848949432373047 0.77333313226699829
vt 0.39471045136451721 0.70691132545471191
vt 0.39471045136451721 0.735118567943573
vt 0.41599768400192261 0.70691132545471191
vt 0.41599768400192261 0.735118567943573
vt 0.43745151162147522 0.70691132545471191
vt 0.43745151162147522 0.735118567943573
vt 0.083156920969486237 0
vt 0.056414507329463959 0
vt 0.083156920969486237 0.19158236682415009
vt 0.056414507329463959 0.19158236682415009
vt 0.45194125175476074 0.66984152793884277
vt 0.45194125175476074 0.69804877042770386
vt 0.46400082111358643 0.66984152793884277
vt 0.46400082111358643 0.69804877042770386
vt 0.47614145278930664 0.66984152793884277
vt 0.47614145278930664 0.69804877042770386
vt 0.47614145278930664 0.67281067371368408
vt 0.47614145278930664 0.68394511938095093
vt 0.47614145278930664 0.69507956504821777
vt 0.47007113695144653 0.68394511938095093
vt 0.47310629487037659 0.68394511938095093
vt 0.47007113695144653 0.67689335346221924
vt 0.47310629487037659 0.67689335346221924
vt 0.47007113695144653 0.69099694490432739
vt 0.47310629487037659 0.69099694490432739
vt 0.80536198616027832 0.51201069355010986
vt 0.80536198616027832 0.54532784223556519
vt 0.80536198616027832 0.57864499092102051
vt 0.80536198616027832 0.61196213960647583
vt 0.81298339366912842 0.54532784223556519
vt 0.81298339366912842 0.57864499092102051
vt 0.81298339366912842 0.61196213960647583
vt 0.82031732797622681 0.54532784223556519
vt 0.82031732797622681 0.57864499092102051
vt 0.82031732797622681 0.61196213960647583
vt 0.82760930061340332 0.54532784223556519
vt 0.82760930061340332 0.57864499092102051
vt 0.82760930061340332 0.61196213960647583
vt 0.83490127325057983 0.54532784223556519
vt 0.83490127325057983 0.57864499092102051
vt 0.83490127325057983 0.61196213960647583
vt 0.84252268075942993 0.54532784223556519
vt 0.84252268075942993 0.57864499092102051
vt 0.84252268075942993 0.61196213960647583
vt 0.84985661506652832 0.54532784223556519
vt 0.84985661506652832 0.57864499092102051
vt 0.84985661506652832 0.61196213960647583
vt 0.85714858770370483 0.54532784223556519
vt 0.85714858770370483 0.57864499092102051
vt 0.85714858770370483 0.61196213960647583
vt 0.86444056034088135 0.54532784223556519
vt 0.86444056034088135 0.57864499092102051
vt 0.86444056034088135 0.61196213960647583
vt 0.87206196784973145 0.54532784223556519
vt 0.87206196784973145 0.57864499092102051
vt 0.87206196784973145 0.61196213960647583
vt 0.87939590215682983 0.54532784223556519
vt 0.87939590215682983 0.57864499092102051
vt 0.87939590215682983 0.61196213960647583
vt 0.88668787479400635 0.54532784223556519
vt 0.88668787479400635 0.57864499092102051
vt 0.88668787479400635 0.61196213960647583
vt 0.89397984743118286 0.54532784223556519
vt 0.89397984743118286 0.57864499092102051
vt 0.89397984743118286 0.61196213960647583
vt 0.90160125494003296 0.54532784223556519
vt 0.90160125494003296 0.57864499092102051
vt 0.90160125494003296 0.61196213960647583
vt 0.90893518924713135 0.54532784223556519
vt 0.90893518924713135 0.57864499092102051
vt 0.90893518924713135 0.61196213960647583
vt 0.91622716188430786 0.54532784223556519
vt 0.91622716188430786 0.57864499092102051
vt 0.91622716188430786 0.61196213960647583
vt 0.92351913452148438 0.51201069355010986
vt 0.92351913452148438 0.54532784223556519
vt 0.92351913452148438 0.57864499092102051
vt 0.92351913452148438 0.61196213960647583
vt 0.81274682283401489 0.51201069355010986
vt 0.82013165950775146 0.51201069355010986
vt 0.82751649618148804 0.51201069355010986
vt 0.83490127325057983 0.51201069355010986
vt 0.84228610992431641 0.51201069355010986
vt 0.84967094659805298 0.51201069355010986
vt 0.85705572366714478 0.51201069355010986
vt 0.86444056034088135 0.51201069355010986
vt 0.87182539701461792 0.51201069355010986
vt 0.87921017408370972 0.51201069355010986
vt 0.88659501075744629 0.51201069355010986
vt 0.89397984743118286 0.51201069355010986
vt 0.90136462450027466 0.51201069355010986
vt 0.90874946117401123 0.51201069355010986
vt 0.9161342978477478 0.51201069355010986
vt 0.81298339366912842 0.52866923809051514
vt 0.80917268991470337 0.54532784223556519
vt 0.80536198616027832 0.52866923809051514
vt 0.80917268991470337 0.52866923809051514
vt 0.82031732797622681 0.52866923809051514
vt 0.816650390625 0.54532784223556519
vt 0.816650390625 0.52866923809051514
vt 0.82760930061340332 0.52866923809051514
vt 0.82396334409713745 0.54532784223556519
vt 0.82396334409713745 0.52866923809051514
vt 0.83490127325057983 0.52866923809051514
vt 0.83125531673431396 0.54532784223556519
vt 0.83125531673431396 0.52866923809051514
vt 0.84252268075942993 0.52866923809051514
vt 0.83871197700500488 0.54532784223556519
vt 0.83871197700500488 0.52866923809051514
vt 0.84985661506652832 0.52866923809051514
vt 0.84618967771530151 0.54532784223556519
vt 0.84618967771530151 0.52866923809051514
vt 0.85714858770370483 0.52866923809051514
vt 0.85350263118743896 0.54532784223556519
vt 0.85350263118743896 0.52866923809051514
vt 0.86444056034088135 0.52866923809051514
vt 0.86079460382461548 0.54532784223556519
vt 0.86079460382461548 0.52866923809051514
vt 0.87206196784973145 0.52866923809051514
vt 0.8682512640953064 0.54532784223556519
vt 0.8682512640953064 0.52866923809051514
vt 0.87939590215682983 0.52866923809051514
vt 0.87572890520095825 0.54532784223556519
vt 0.87572890520095825 0.52866923809051514
vt 0.88668787479400635 0.52866923809051514
vt 0.8830418586730957 0.54532784223556519
vt 0.8830418586730957 0.52866923809051514
vt 0.89397984743118286 0.52866923809051514
vt 0.89033383131027222 0.54532784223556519
vt 0.89033383131027222 0.52866923809051514
vt 0.90160125494003296 0.52866923809051514
vt 0.89779055118560791 0.54532784223556519
vt 0.89779055118560791 0.52866923809051514
vt 0.90893518924713135 0.52866923809051514
vt 0.90526819229125977 0.54532784223556519
vt 0.90526819229125977 0.52866923809051514
vt 0.91622716188430786 0.52866923809051514
vt 0.91258114576339722 0.54532784223556519
vt 0.91258114576339722 0.52866923809051514
vt 0.92351913452148438 0.52866923809051514
vt 0.91987311840057373 0.54532784223556519
vt 0.91987311840057373 0.52866923809051514
vt 0.92351913452148438 0.59530359506607056
vt 0.91622716188430786 0.59530359506607056
vt 0.91987311840057373 0.57864499092102051
vt 0.91987311840057373 0.59530359506607056
vt 0.90893518924713135 0.59530359506607056
vt 0.91258114576339722 0.57864499092102051
vt 0.91258114576339722 0.59530359506607056
vt 0.90160125494003296 0.59530359506607056
vt 0.89397984743118286 0.59530359506607056
vt 0.89779055118560791 0.57864499092102051
vt 0.89779055118560791 0.59530359506607056
vt 0.88668787479400635 0.59530359506607056
vt 0.89033383131027222 0.57864499092102051
vt 0.89033383131027222 0.59530359506607056
vt 0.87939590215682983 0.59530359506607056
vt 0.8830418586730957 0.57864499092102051
vt 0.8830418586730957 0.59530359506607056
vt 0.87206196784973145 0.59530359506607056
vt 0.86444056034088135 0.59530359506607056
vt 0.8682512640953064 0.57864499092102051
vt 0.8682512640953064 0.59530359506607056
vt 0.85714858770370483 0.59530359506607056
vt 0.86079460382461548 0.57864499092102051
vt 0.86079460382461548 0.59530359506607056
vt 0.84985661506652832 0.59530359506607056
vt 0.85350263118743896 0.57864499092102051
vt 0.85350263118743896 0.59530359506607056
vt 0.84252268075942993 0.59530359506607056
vt 0.83490127325057983 0.59530359506607056
vt 0.83871197700500488 0.57864499092102051
vt 0.83871197700500488 0.59530359506607056
vt 0.82760930061340332 0.59530359506607056
vt 0.83125531673431396 0.57864499092102051
vt 0.83125531673431396 0.59530359506607056
vt 0.82031732797622681 0.59530359506607056
vt 0.82396334409713745 0.57864499092102051
vt 0.82396334409713745 0.59530359506607056
vt 0.81298339366912842 0.59530359506607056
vt 0.80536198616027832 0.59530359506607056
vt 0.80917268991470337 0.57864499092102051
vt 0.80917268991470337 0.59530359506607056
vt 0.7487102746963501 0.72874277830123901
vt 0.74730032682418823 0.73588693141937256
vt 0.74306321144104004 0.74217754602432251
vt 0.73673999309539795 0.7462615966796875
vt 0.72990542650222778 0.74754756689071655
vt 0.72276127338409424 0.74613767862319946
vt 0.71647059917449951 0.74190056324005127
vt 0.71238654851913452 0.73557734489440918
vt 0.71110057830810547 0.72874277830123901
vt 0.71251052618026733 0.72159862518310547
vt 0.71674758195877075 0.71530795097351074
vt 0.72307080030441284 0.71122390031814575
vt 0.72990542650222778 0.7099379301071167
vt 0.73704957962036133 0.71134781837463379
vt 0.74334019422531128 0.71558493375778198
vt 0.74742424488067627 0.72190815210342407
vt 0.59390699863433838 0.11657503992319107
vt 0.59390699863433838 0.088367782533168793
vt 0.60708850622177124 0.11657503992319107
vt 0.60708850622177124 0.088367782533168793
vt 0.6212647557258606 0.076193138957023621
vt 0.63151669502258301 0.074264153838157654
vt 0.64223289489746094 0.076379045844078064
vt 0.65166890621185303 0.082734696567058563
vt 0.65779495239257812 0.09221949428319931
vt 0.65972393751144409 0.10247141122817993
vt 0.65760904550552368 0.11318764090538025
vt 0.65125340223312378 0.12262361496686935
vt 0.64176857471466064 0.12874968349933624
vt 0.63151669502258301 0.13067866861820221
vt 0.6208004355430603 0.1285637766122818
vt 0.61136448383331299 0.1222081258893013
vt 0 0
vt 0.028207253664731979 0.017127184197306633
vt 0 0.017127184197306633
vt 0.01410362683236599 0
vt 0.028207253664731979 0
vt 0.52453768253326416 0.20704290270805359
vt 0.52453768253326416 0.21804381906986237
vt 0.45962405204772949 0.21804381906986237
vt 0.39471045136451721 0.21804381906986237
vt 0.58945125341415405 0.22898177802562714
vt 0.52453768253326416 0.22898177802562714
vt 0.45962405204772949 0.22898177802562714
vt 0.39471045136451721 0.22898177802562714
vt 0.58945125341415405 0.23991972208023071
vt 0.52453768253326416 0.23991972208023071
vt 0.45962405204772949 0.23991972208023071
vt 0.39471045136451721 0.23991972208023071
vt 0.58945125341415405 0.25135183334350586
vt 0.52453768253326416 0.25135183334350586
vt 0.45962405204772949 0.25135183334350586
vt 0.39471045136451721 0.25135183334350586
vt 0.58945125341415405 0.26235273480415344
vt 0.52453768253326416 0.26235273480415344
vt 0.45962405204772949 0.26235273480415344
vt 0.39471045136451721 0.26235273480415344
vt 0.58945125341415405 0.27329066395759583
vt 0.52453768253326416 0.27329066395759583
vt 0.45962405204772949 0.27329066395759583
vt 0.39471045136451721 0.27329066395759583
vt 0.58945125341415405 0.2842286229133606
vt 0.52453768253326416 0.2842286229133606
vt 0.45962405204772949 0.2842286229133606
vt 0.39471045136451721 0.2842286229133606
vt 0.58945125341415405 0.29566073417663574
vt 0.52453768253326416 0.29566073417663574
vt 0.45962405204772949 0.29566073417663574
vt 0.39471045136451721 0.29566073417663574
vt 0.58945125341415405 0.30666163563728333
vt 0.52453768253326416 0.30666163563728333
vt 0.45962405204772949 0.30666163563728333
vt 0.39471045136451721 0.30666163563728333
vt 0.58945125341415405 0.3175995945930481
vt 0.52453768253326416 0.3175995945930481
vt 0.45962405204772949 0.3175995945930481
vt 0.39471045136451721 0.3175995945930481
vt 0.58945125341415405 0.32853755354881287
vt 0.52453768253326416 0.32853755354881287
vt 0.45962405204772949 0.32853755354881287
vt 0.39471045136451721 0.32853755354881287
vt 0.58945125341415405 0.33996963500976562
vt 0.52453768253326416 0.33996963500976562
vt 0.45962405204772949 0.33996963500976562
vt 0.39471045136451721 0.33996963500976562
vt 0.58945125341415405 0.35097053647041321
vt 0.52453768253326416 0.35097053647041321
vt 0.45962405204772949 0.35097053647041321
vt 0.52453768253326416 0.36190849542617798
vt 0.52637976408004761 0.19561082124710083
vt 0.52728158235549927 0.20364318788051605
vt 0.52990299463272095 0.21072375774383545
vt 0.52453768253326416 0.20132686197757721
vt 0.49208086729049683 0.20704290270805359
vt 0.49208086729049683 0.19561082124710083
vt 0.49208086729049683 0.20132686197757721
vt 0.52453768253326416 0.36737748980522156
vt 0.52453768253326416 0.204184889793396
vt 0.55699443817138672 0.21804381906986237
vt 0.52453768253326416 0.21254336833953857
vt 0.55699443817138672 0.21254336833953857
vt 0.54076606035232544 0.21254336833953857
vt 0.52453768253326416 0.20979313552379608
vt 0.49208086729049683 0.21804381906986237
vt 0.45962405204772949 0.21254336833953857
vt 0.49208086729049683 0.21254336833953857
vt 0.52990299463272095 0.35773351788520813
vt 0.52728158235549927 0.36481407284736633
vt 0.52637976408004761 0.37284645438194275
vt 0.52453768253326416 0.3564395010471344
vt 0.55699443817138672 0.35097053647041321
vt 0.55699443817138672 0.3564395010471344
vt 0.52453768253326416 0.35917401313781738
vt 0.54076606035232544 0.3564395010471344
vt 0.49208086729049683 0.36190849542617798
vt 0.49208086729049683 0.35097053647041321
vt 0.49208086729049683 0.3564395010471344
vt 0.52453768253326416 0.36464297771453857
vt 0.49208086729049683 0.37284645438194275
vt 0.49208086729049683 0.36737748980522156
vt 0.5596771240234375 0.21072375774383545
vt 0.58945125341415405 0.21072375774383545
vt 0.58945125341415405 0.35773351788520813
vt 0.5596771240234375 0.35773351788520813
vt 0.55699443817138672 0.23991972208023071
vt 0.52453768253326416 0.23445074260234833
vt 0.55699443817138672 0.22898177802562714
vt 0.55699443817138672 0.23445074260234833
vt 0.55699443817138672 0.25135183334350586
vt 0.52453768253326416 0.24563577771186829
vt 0.55699443817138672 0.24563577771186829
vt 0.55699443817138672 0.27329066395759583
vt 0.52453768253326416 0.26782169938087463
vt 0.55699443817138672 0.26235273480415344
vt 0.55699443817138672 0.26782169938087463
vt 0.55699443817138672 0.2842286229133606
vt 0.52453768253326416 0.2787596583366394
vt 0.55699443817138672 0.2787596583366394
vt 0.55699443817138672 0.29566073417663574
vt 0.52453768253326416 0.28994467854499817
vt 0.55699443817138672 0.28994467854499817
vt 0.55699443817138672 0.3175995945930481
vt 0.52453768253326416 0.31213060021400452
vt 0.55699443817138672 0.30666163563728333
vt 0.55699443817138672 0.31213060021400452
vt 0.55699443817138672 0.32853755354881287
vt 0.52453768253326416 0.32306855916976929
vt 0.55699443817138672 0.32306855916976929
vt 0.55699443817138672 0.33996963500976562
vt 0.52453768253326416 0.33425357937812805
vt 0.55699443817138672 0.33425357937812805
vt 0.57322287559509277 0.3564395010471344
vt 0.55699443817138672 0.3537050187587738
vt 0.57322287559509277 0.35097053647041321
vt 0.57322287559509277 0.3537050187587738
vt 0.52453768253326416 0.34547010064125061
vt 0.55699443817138672 0.34547010064125061
vt 0.39471045136451721 0.35769572854042053
vt 0.39471045136451721 0.21072375774383545
vt 0.42716726660728455 0.33996963500976562
vt 0.42716726660728455 0.32853755354881287
vt 0.45962405204772949 0.33425357937812805
vt 0.42716726660728455 0.33425357937812805
vt 0.42716726660728455 0.3175995945930481
vt 0.45962405204772949 0.32306855916976929
vt 0.42716726660728455 0.32306855916976929
vt 0.42716726660728455 0.30666163563728333
vt 0.45962405204772949 0.31213060021400452
vt 0.42716726660728455 0.31213060021400452
vt 0.42716726660728455 0.29566073417663574
vt 0.42716726660728455 0.2842286229133606
vt 0.45962405204772949 0.28994467854499817
vt 0.42716726660728455 0.28994467854499817
vt 0.42716726660728455 0.27329066395759583
vt 0.45962405204772949 0.2787596583366394
vt 0.42716726660728455 0.2787596583366394
vt 0.42716726660728455 0.26235273480415344
vt 0.45962405204772949 0.26782169938087463
vt 0.42716726660728455 0.26782169938087463
vt 0.42716726660728455 0.25135183334350586
vt 0.42716726660728455 0.23991972208023071
vt 0.45962405204772949 0.24563577771186829
vt 0.42716726660728455 0.24563577771186829
vt 0.42716726660728455 0.22898177802562714
vt 0.45962405204772949 0.23445074260234833
vt 0.42716726660728455 0.23445074260234833
vt 0.42716726660728455 0.21804381906986237
vt 0.42716726660728455 0.21254336833953857
vt 0.41093885898590088 0.21804381906986237
vt 0.41093885898590088 0.21254336833953857
vt 0.42716726660728455 0.21529358625411987
vt 0.41093885898590088 0.21529358625411987
vt 0.45962405204772949 0.22351279854774475
vt 0.42716726660728455 0.22351279854774475
vt 0.46429181098937988 0.21072375774383545
vt 0.468117356300354 0.20392350852489471
vt 0.46948802471160889 0.19561082124710083
vt 0.46948802471160889 0.37284645438194275
vt 0.468117356300354 0.36453375220298767
vt 0.46429181098937988 0.35773351788520813
vt 0.42950114607810974 0.21072375774383545
vt 0.42950114607810974 0.35771462321281433
vt 0.77305537462234497 0.75003433227539062
vt 0.77305537462234497 0.77677673101425171
vt 0.71110057830810547 0.77677673101425171
vt 0.77305537462234497 0.76340556144714355
vt 0.71110057830810547 0.76340556144714355
vt 0.71110057830810547 0.75003433227539062
vt 0 0.45449221134185791
vt 0.026742409914731979 0.45449221134185791
vt 0.026742409914731979 0.49721604585647583
vt 0.01337120495736599 0.45449221134185791
vt 0.01337120495736599 0.4907909631729126
vt 0.0060823084786534309 0.49260666966438293
vt 0.020660102367401123 0.49260666966438293
vt 0 0.49721604585647583
vt 0.39471045136451721 0.82331627607345581
vt 0.43085530400276184 0.85005867481231689
vt 0.39471045136451721 0.85005867481231689
vt 0.39471045136451721 0.83668744564056396
vt 0.43085530400276184 0.82331627607345581
vt 0.43085530400276184 0.83668744564056396
vt 0.91234433650970459 0.66984152793884277
vt 0.94055157899856567 0.71848171949386597
vt 0.92644792795181274 0.66984152793884277
vt 0.92644792795181274 0.71848171949386597
vt 0.94055157899856567 0.66984152793884277
vt 0.91234433650970459 0.71848171949386597
vt 0.85721123218536377 0.31536379456520081
vt 0.85721194744110107 0.31245541572570801
vt 0.8563230037689209 0.30971050262451172
vt 0.8545689582824707 0.30730146169662476
vt 0.85218840837478638 0.30558562278747559
vt 0.8493838906288147 0.30468323826789856
vt 0.84643036127090454 0.30468854308128357
vt 0.84362465143203735 0.30560329556465149
vt 0.84127539396286011 0.30730488896369934
vt 0.83161276578903198 0.38128426671028137
vt 0.83438998460769653 0.38319095969200134
vt 0.83772832155227661 0.384004145860672
vt 0.84113484621047974 0.38357236981391907
vt 0.84415251016616821 0.38195896148681641
vt 0.84646838903427124 0.37923780083656311
vt 0.84754860401153564 0.37613794207572937
vt 0.80584573745727539 0.34248992800712585
vt 0.80388402938842773 0.34534117579460144
vt 0.803092360496521 0.34899526834487915
vt 0.80381840467453003 0.35269170999526978
vt 0.80584573745727539 0.35569512844085693
vt 0.77925169467926025 0.38210558891296387
vt 0.77638059854507446 0.38015741109848022
vt 0.77270108461380005 0.37937122583389282
vt 0.76897901296615601 0.38009223341941833
vt 0.76595467329025269 0.38210558891296387
vt 0.75384390354156494 0.39413273334503174
vt 0.68788999319076538 0.37979164719581604
vt 0.70927667617797852 0.37833583354949951
vt 0.7272498607635498 0.3677222728729248
vt 0.86271905899047852 0.23318836092948914
vt 0.86987358331680298 0.2234971672296524
vt 0.87361752986907959 0.2121746689081192
vt 0.88118499517440796 0.21336129307746887
vt 0.74465370178222656 0.4019450843334198
vt 0.71524393558502197 0.39733350276947021
vt 0.68583416938781738 0.39272192120552063
vt 0.91076695919036865 0.21799987554550171
vt 0.87819188833236694 0.4228844940662384
vt 0.84382694959640503 0.41749590635299683
vt 0.80946201086044312 0.41210734844207764
vt 0.90319949388504028 0.21681326627731323
vt 0.84127539396286011 0.11557961255311966
vt 0.84362465143203735 0.1172812208533287
vt 0.84643036127090454 0.11819595098495483
vt 0.8493838906288147 0.11820125579833984
vt 0.85218840837478638 0.11729887127876282
vt 0.8545689582824707 0.11558303236961365
vt 0.8563230037689209 0.11317401379346848
vt 0.85721194744110107 0.11042910069227219
vt 0.85721123218536377 0.1075206995010376
vt 0.84754860401153564 0.046746555715799332
vt 0.84646838903427124 0.043646708130836487
vt 0.84415251016616821 0.040925528854131699
vt 0.84113484621047974 0.039312124252319336
vt 0.83772832155227661 0.0388803631067276
vt 0.83438998460769653 0.039693538099527359
vt 0.83161276578903198 0.041600242257118225
vt 0.80584573745727539 0.067189358174800873
vt 0.80381840467453003 0.070192798972129822
vt 0.803092360496521 0.073889218270778656
vt 0.80388402938842773 0.077543340623378754
vt 0.80584573745727539 0.080394580960273743
vt 0.76595467329025269 0.040778908878564835
vt 0.76897901296615601 0.042792268097400665
vt 0.77270108461380005 0.04351329430937767
vt 0.77638059854507446 0.042727097868919373
vt 0.77925169467926025 0.040778908878564835
vt 0.80946201086044312 0.010777164250612259
vt 0.74465370178222656 0.020939407870173454
vt 0.7272498607635498 0.055162224918603897
vt 0.70927667617797852 0.044548671692609787
vt 0.68788999319076538 0.043092865496873856
vt 0.86271905899047852 0.18969613313674927
vt 0.87361752986907959 0.2107098251581192
vt 0.86987358331680298 0.19938734173774719
vt 0.88118499517440796 0.20952321588993073
vt 0.68583416938781738 0.030162584036588669
vt 0.71524393558502197 0.025550996884703636
vt 0.87819188833236694 0
vt 0.91076695919036865 0.20488461852073669
vt 0.84382694959640503 0.0053885821253061295
vt 0.75384390354156494 0.02875177189707756
vt 0.90319949388504028 0.20607124269008636
vt 0.32889354228973389 0.054662078619003296
vt 0.32889354228973389 0.62234193086624146
vt 0.33265450596809387 0.054662078619003296
vt 0.33265450596809387 0.62234193086624146
vt 0.99853515625 0.8409457802772522
vt 0.43232014775276184 0.8409457802772522
vt 0.99853515625 0.85128843784332275
vt 0.43232014775276184 0.85128843784332275
vt 0.084621764719486237 0
vt 0.084621764719486237 0.56767988204956055
vt 0.11324465274810791 0
vt 0.11324465274810791 0.56767988204956055
vt 0.99853515625 0.8538740873336792
vt 0.43232014775276184 0.8538740873336792
vt 0.99853515625 0.86421674489974976
vt 0.43232014775276184 0.86421674489974976
vt 0.33265450596809387 0.054662078619003296
vt 0.33265450596809387 0.62234193086624146
vt 0.33641546964645386 0.054662078619003296
vt 0.33641546964645386 0.62234193086624146
vt 0.3251325786113739 0.054662078619003296
vt 0.3251325786113739 0.62234193086624146
vt 0.32889354228973389 0.054662078619003296
vt 0.32889354228973389 0.62234193086624146
vt 0.3270130455493927 0.054662078619003296
vt 0.99853515625 0.86680245399475098
vt 0.43232014775276184 0.86680245399475098
vt 0.99853515625 0.87714511156082153
vt 0.43232014775276184 0.87714511156082153
vt 0.36462271213531494 0
vt 0.36462271213531494 0.56767988204956055
vt 0.39324560761451721 0
vt 0.39324560761451721 0.56767988204956055
vt 0.99853515625 0.8280174732208252
vt 0.43232014775276184 0.8280174732208252
vt 0.99853515625 0.83836013078689575
vt 0.43232014775276184 0.83836013078689575
vt 0.99853515625 0.82331627607345581
vt 0.43232014775276184 0.82331627607345581
vt 0.99853515625 0.82707720994949341
vt 0.43232014775276184 0.82707720994949341
vt 0.20213210582733154 0.0088242786005139351
vt 0.2043040543794632 0.0044121393002569675
vt 0.20647601783275604 0
vt 0.22819557785987854 0.0034731125924736261
vt 0.2296435534954071 0.013223554007709026
vt 0.21733579039573669 0.0017365562962368131
vt 0.11615747213363647 0.57930785417556763
vt 0.11543348431587219 0.5744326114654541
vt 0.11470949649810791 0.56955742835998535
vt 0.14222094416618347 0.57395672798156738
vt 0.13787703216075897 0.58278095722198486
vt 0.12701724469661713 0.58104443550109863
vt 0.24773789942264557 0.58648473024368286
vt 0.24629184603691101 0.5817834734916687
vt 0.24484580755233765 0.57708227634429932
vt 0.27232062816619873 0.57708227634429932
vt 0.27087458968162537 0.5817834734916687
vt 0.269428551197052 0.58648473024368286
vt 0.24484580755233765 0.0094024175778031349
vt 0.24629184603691101 0.0047012087889015675
vt 0.24773789942264557 0
vt 0.269428551197052 0
vt 0.27232062816619873 0.0094024175778031349
vt 0.25858321785926819 0
vt 0.25858321785926819 0.80097293853759766
vt 0.25184100866317749 0.80229324102401733
vt 0.24563145637512207 0.80648070573806763
vt 0.24155271053314209 0.81285578012466431
vt 0.24026666581630707 0.81977778673171997
vt 0.24155271053314209 0.82669967412948608
vt 0.24563145637512207 0.83307474851608276
vt 0.25184100866317749 0.83726227283477783
vt 0.25858321785926819 0.83858257532119751
vt 0.26532545685768127 0.83726227283477783
vt 0.27153497934341431 0.83307474851608276
vt 0.27561375498771667 0.82669967412948608
vt 0.2768997848033905 0.81977778673171997
vt 0.27561375498771667 0.81285578012466431
vt 0.27153497934341431 0.80648070573806763
vt 0.26532545685768127 0.80229324102401733
vt 0.27232062816619873 0.58648473024368286
vt 0.27232062816619873 0.79534953832626343
vt 0.24484580755233765 0.79534953832626343
vt 0.24484580755233765 0.58648473024368286
vt 0.27821215987205505 0.8000410795211792
vt 0.28417915105819702 0.80952584743499756
vt 0.28605806827545166 0.81977778673171997
vt 0.28399807214736938 0.8304939866065979
vt 0.27780747413635254 0.83992993831634521
vt 0.26856893301010132 0.84605598449707031
vt 0.25858321785926819 0.84798502922058105
vt 0.24814525246620178 0.84587013721466064
vt 0.23895429074764252 0.83951443433761597
vt 0.23298728466033936 0.83002966642379761
vt 0.2311083972454071 0.81977778673171997
vt 0.23316836357116699 0.80906152725219727
vt 0.24629184603691101 0.58648473024368286
vn 0.000000 0.000000 1.000000
vn -0.371391 0.000000 0.928477
vn 0.240578 -0.761831 0.601445
vn 0.301131 -0.953583 0.000000
vn 0.000000 -1.000000 0.000000
vn -0.145308 -0.920283 0.363270
vn -0.320142 -0.506892 0.800356
vn 0.000000 -1.000000 0.000000
vn -0.739940 -0.672673 0.000000
vn 0.371391 0.000000 -0.928477
vn -0.383157 0.000000 -0.923683
vn 0.218387 -0.808842 -0.545968
vn 0.351205 -0.325190 -0.878013
vn -0.702854 -0.423406 -0.571598
vn -0.739940 -0.672673 0.000000
vn -0.739940 -0.672673 0.000000
vn -0.739940 -0.672673 0.000000
vn -0.739940 -0.672673 0.000000
vn -0.739940 -0.672673 0.000000
vn -0.739940 -0.672673 0.000000
vn -0.739940 -0.672673 0.000000
vn 0.000000 -1.000000 0.000000
vn -0.383157 0.000000 0.923683
vn 0.371391 0.000000 0.928477
vn -0.702854 -0.423406 0.571598
vn 0.351205 -0.325190 0.878013
vn 0.218387 -0.808842 0.545968
vn -0.371391 0.000000 -0.928477
vn -0.196116 0.000000 -0.980581
vn 0.000000 0.000000 -1.000000
vn 0.240578 -0.761831 -0.601445
vn 0.000000 -1.000000 0.000000
vn 0.155963 -0.987763 0.000000
vn 0.301131 -0.953583 0.000000
vn -0.320142 -0.506892 -0.800356
vn -0.145308 -0.920283 -0.363270
vn 0.000000 0.000000 -1.000000
vn -0.371391 0.000000 -0.928477
vn 0.240578 0.761831 -0.601445
vn 0.301131 0.953583 0.000000
vn 0.000000 1.000000 0.000000
vn -0.145308 0.920283 -0.363270
vn -0.320142 0.506892 -0.800356
vn 0.000000 1.000000 0.000000
vn -0.739940 0.672673 0.000000
vn 0.371391 0.000000 0.928477
vn -0.383157 0.000000 0.923683
vn 0.218387 0.808842 0.545968
vn 0.351205 0.325190 0.878013
vn -0.702854 0.423406 0.571598
vn -0.739940 0.672673 0.000000
vn -0.739940 0.672673 0.000000
vn -0.739940 0.672673 0.000000
vn -0.739940 0.672673 0.000000
vn -0.739940 0.672673 0.000000
vn -0.739940 0.672673 0.000000
vn -0.739940 0.672673 0.000000
vn 0.000000 1.000000 0.000000
vn -0.383157 0.000000 -0.923683
vn 0.371391 0.000000 -0.928477
vn -0.702854 0.423406 -0.571598
vn 0.306004 0.566675 -0.765011
vn -0.371391 0.000000 0.928477
vn 0.000000 0.000000 1.000000
vn 0.000000 1.000000 0.000000
vn 0.301131 0.953583 0.000000
vn -0.240578 0.761831 0.601445
vn 0.000000 0.000000 1.000000
vn 0.371391 0.000000 0.928477
vn -0.240578 -0.761831 0.601445
vn -0.301131 -0.953583 0.000000
vn 0.000000 -1.000000 0.000000
vn 0.145308 -0.920283 0.363270
vn 0.320142 -0.506892 0.800356
vn 0.000000 -1.000000 0.000000
vn 0.739940 -0.672673 0.000000
vn -0.371391 0.000000 -0.928477
vn 0.383157 0.000000 -0.923683
vn -0.218387 -0.808842 -0.545968
vn -0.351205 -0.325190 -0.878013
vn 0.702854 -0.423406 -0.571598
vn 0.739940 -0.672673 0.000000
vn 0.739940 -0.672673 0.000000
vn 0.739940 -0.672673 0.000000
vn 0.739940 -0.672673 0.000000
vn 0.739940 -0.672673 0.000000
vn 0.739940 -0.672673 0.000000
vn 0.739940 -0.672673 0.000000
vn 0.000000 -1.000000 0.000000
vn 0.383157 0.000000 0.923683
vn -0.371391 0.000000 0.928477
vn 0.702854 -0.423406 0.571598
vn -0.351205 -0.325190 0.878013
vn -0.218387 -0.808842 0.545968
vn 0.371391 0.000000 -0.928477
vn 0.000000 0.000000 -1.000000
vn -0.240578 -0.761831 -0.601445
vn 0.000000 -1.000000 0.000000
vn -0.301131 -0.953583 0.000000
vn 0.320142 -0.506892 -0.800356
vn 0.145308 -0.920283 -0.363270
vn 0.000000 0.000000 -1.000000
vn 0.371391 0.000000 -0.928477
vn -0.301131 0.953583 0.000000
vn 0.000000 1.000000 0.000000
vn 0.240578 0.761831 -0.601445
vn 0.000000 1.000000 0.000000
vn 0.739940 0.672673 0.000000
vn -0.371391 0.000000 0.928477
vn 0.383157 0.000000 0.923683
vn -0.306004 0.566675 0.765011
vn 0.702854 0.423406 0.571598
vn 0.739940 0.672673 0.000000
vn 0.739940 0.672673 0.000000
vn 0.739940 0.672673 0.000000
vn 0.739940 0.672673 0.000000
vn 0.739940 0.672673 0.000000
vn 0.739940 0.672673 0.000000
vn 0.739940 0.672673 0.000000
vn 0.000000 1.000000 0.000000
vn 0.383157 0.000000 -0.923683
vn -0.371391 0.000000 -0.928477
vn 0.702854 0.423406 -0.571598
vn -0.306004 0.566675 -0.765011
vn 0.371391 0.000000 0.928477
vn 0.000000 0.000000 1.000000
vn 0.000000 1.000000 0.000000
vn -0.301131 0.953583 0.000000
vn 0.240578 0.761831 0.601445
vn -1.000000 0.000000 0.000000
vn 0.000000 1.000000 0.000000
vn 0.379910 0.925023 0.000000
vn 0.363449 -0.931614 0.000000
vn 0.000000 -1.000000 0.000000
vn -0.379910 -0.925023 0.000000
vn -0.714433 -0.699704 0.000000
vn -0.931614 -0.363449 0.000000
vn -1.000000 0.000000 0.000000
vn -0.925023 0.379910 0.000000
vn -0.699704 0.714433 0.000000
vn -0.363449 0.931614 0.000000
vn 0.000000 1.000000 0.000000
vn 0.000000 1.000000 0.000000
vn 0.379910 0.925023 0.000000
vn 0.714433 0.699704 0.000000
vn 0.931614 0.363449 0.000000
vn 1.000000 0.000000 0.000000
vn 0.925023 -0.379910 0.000000
vn 0.699704 -0.714433 0.000000
vn 0.363449 -0.931614 0.000000
vn 0.000000 -1.000000 0.000000
vn -0.379910 -0.925023 0.000000
vn -0.714433 -0.699704 0.000000
vn -0.931614 -0.363449 0.000000
vn -1.000000 0.000000 0.000000
vn -0.925023 0.379910 0.000000
vn -0.699704 0.714433 0.000000
vn -0.363449 0.931614 0.000000
vn 0.000000 1.000000 0.000000
vn 0.000000 1.000000 0.000000
vn 0.379910 0.925023 0.000000
vn 0.714433 0.699704 0.000000
vn 0.931614 0.363449 0.000000
vn 1.000000 0.000000 0.000000
vn 0.925023 -0.379910 0.000000
vn 0.699704 -0.714433 0.000000
vn 0.363449 -0.931614 0.000000
vn 0.000000 -1.000000 0.000000
vn -0.379910 -0.925023 0.000000
vn -0.714433 -0.699704 0.000000
vn -0.931614 -0.363449 0.000000
vn -1.000000 0.000000 0.000000
vn -0.925023 0.379910 0.000000
vn -0.699704 0.714433 0.000000
vn -0.363449 0.931614 0.000000
vn 0.000000 1.000000 0.000000
vn 0.000000 1.000000 0.000000
vn 0.379910 0.925023 0.000000
vn 0.714433 0.699704 0.000000
vn 0.931614 0.363449 0.000000
vn 1.000000 0.000000 0.000000
vn 0.925023 -0.379910 0.000000
vn 0.699704 -0.714433 0.000000
vn 0.363449 -0.931614 0.000000
vn 0.000000 -1.000000 0.000000
vn -0.379910 -0.925023 0.000000
vn -0.714433 -0.699704 0.000000
vn -0.931614 -0.363449 0.000000
vn -1.000000 0.000000 0.000000
vn -0.925023 0.379910 0.000000
vn -0.699704 0.714433 0.000000
vn -0.363449 0.931614 0.000000
vn 0.000000 1.000000 0.000000
vn 0.000000 1.000000 0.000000
vn 0.379910 0.925023 0.000000
vn 0.714433 0.699704 0.000000
vn 0.931614 0.363449 0.000000
vn 1.000000 0.000000 0.000000
vn 0.925023 -0.379910 0.000000
vn 0.699704 -0.714433 0.000000
vn 0.363449 -0.931614 0.000000
vn 0.000000 -1.000000 0.000000
vn -0.379910 -0.925023 0.000000
vn -0.714433 -0.699704 0.000000
vn -0.931614 -0.363449 0.000000
vn -1.000000 0.000000 0.000000
vn -0.925023 0.379910 0.000000
vn -0.699704 0.714433 0.000000
vn -0.363449 0.931614 0.000000
vn 0.000000 1.000000 0.000000
vn 0.000000 1.000000 0.000000
vn 0.379910 0.925023 0.000000
vn 0.714433 0.699704 0.000000
vn 0.931614 0.363449 0.000000
vn 1.000000 0.000000 0.000000
vn 0.925023 -0.379910 0.000000
vn 0.699704 -0.714433 0.000000
vn 0.363449 -0.931614 0.000000
vn 0.000000 -1.000000 0.000000
vn -0.379910 -0.925023 0.000000
vn -0.714433 -0.699704 0.000000
vn -0.931614 -0.363449 0.000000
vn -1.000000 0.000000 0.000000
vn -0.925023 0.379910 0.000000
vn -0.699704 0.714433 0.000000
vn -0.363449 0.931614 0.000000
vn 0.000000 1.000000 0.000000
vn 0.000000 1.000000 0.000000
vn 0.379910 0.925023 0.000000
vn 0.714433 0.699704 0.000000
vn 0.931614 0.363449 0.000000
vn 1.000000 0.000000 0.000000
vn 0.925023 -0.379910 0.000000
vn 0.699704 -0.714433 0.000000
vn 0.363449 -0.931614 0.000000
vn 0.000000 -1.000000 0.000000
vn -0.379910 -0.925023 0.000000
vn -0.714433 -0.699704 0.000000
vn -0.931614 -0.363449 0.000000
vn -1.000000 0.000000 0.000000
vn -0.925023 0.379910 0.000000
vn -0.699704 0.714433 0.000000
vn -0.363449 0.931614 0.000000
vn 0.000000 1.000000 0.000000
vn 0.000000 1.000000 0.000000
vn 1.000000 0.000000 0.000000
vn 0.000000 -1.000000 0.000000
vn -1.000000 0.000000 0.000000
vn 0.000000 1.000000 0.000000
vn 0.368095 0.929788 0.000000
vn 0.707107 0.707107 0.000000
vn 0.929788 0.368095 0.000000
vn 0.929788 -0.368095 0.000000
vn 0.707107 -0.707107 0.000000
vn 0.368095 -0.929788 0.000000
vn -0.368095 -0.929788 0.000000
vn -0.707107 -0.707107 0.000000
vn -0.929788 -0.368095 0.000000
vn -0.929788 0.368095 0.000000
vn -0.707107 0.707107 0.000000
vn -0.368095 0.929788 0.000000
vn 0.379910 0.925023 0.000000
vn 0.187915 0.982185 0.000000
vn 0.000000 1.000000 0.000000
vn 0.187915 0.982185 0.000000
vn 0.714433 0.699704 0.000000
vn 0.556985 0.830523 0.000000
vn 0.556985 0.830523 0.000000
vn 0.931614 0.363449 0.000000
vn 0.841198 0.540727 0.000000
vn 0.841198 0.540727 0.000000
vn 1.000000 0.000000 0.000000
vn 0.983735 0.179628 0.000000
vn 0.983735 0.179628 0.000000
vn 0.925023 -0.379910 0.000000
vn 0.982185 -0.187915 0.000000
vn 0.982185 -0.187915 0.000000
vn 0.699704 -0.714433 0.000000
vn 0.830523 -0.556985 0.000000
vn 0.830523 -0.556985 0.000000
vn 0.363449 -0.931614 0.000000
vn 0.540727 -0.841198 0.000000
vn 0.540727 -0.841198 0.000000
vn 0.000000 -1.000000 0.000000
vn 0.179628 -0.983735 0.000000
vn 0.179628 -0.983735 0.000000
vn -0.379910 -0.925023 0.000000
vn -0.187915 -0.982185 0.000000
vn -0.187915 -0.982185 0.000000
vn -0.714433 -0.699704 0.000000
vn -0.556985 -0.830523 0.000000
vn -0.556985 -0.830523 0.000000
vn -0.931614 -0.363449 0.000000
vn -0.841198 -0.540727 0.000000
vn -0.841198 -0.540727 0.000000
vn -0.925023 0.379910 0.000000
vn -0.982185 0.187915 0.000000
vn -1.000000 0.000000 0.000000
vn -0.982185 0.187915 0.000000
vn -0.699704 0.714433 0.000000
vn -0.830523 0.556985 0.000000
vn -0.830523 0.556985 0.000000
vn -0.363449 0.931614 0.000000
vn -0.540727 0.841198 0.000000
vn -0.540727 0.841198 0.000000
vn 0.000000 1.000000 0.000000
vn -0.179628 0.983735 0.000000
vn -0.179628 0.983735 0.000000
vn 0.000000 1.000000 0.000000
vn -0.617577 0.786510 0.000000
vn -0.883747 0.467966 0.000000
vn -0.966085 0.258225 0.000000
vn -0.966085 -0.258225 0.000000
vn -0.883747 -0.467966 0.000000
vn -0.617577 -0.786510 0.000000
vn 0.000000 -1.000000 0.000000
vn 0.614679 -0.788777 0.000000
vn 0.880820 -0.473451 0.000000
vn 0.965379 -0.260852 0.000000
vn 1.000000 0.000000 0.000000
vn 0.965379 0.260852 0.000000
vn 0.880820 0.473451 0.000000
vn 0.614679 0.788777 0.000000
vn 0.000000 1.000000 0.000000
vn -0.830523 0.556985 0.000000
vn -0.699704 0.714433 0.000000
vn -0.925023 0.379910 0.000000
vn -0.830523 0.556985 0.000000
vn -0.982185 0.187915 0.000000
vn -1.000000 0.000000 0.000000
vn -0.982185 0.187915 0.000000
vn -0.983735 -0.179628 0.000000
vn -0.931614 -0.363449 0.000000
vn -0.983735 -0.179628 0.000000
vn -0.841198 -0.540727 0.000000
vn -0.714433 -0.699704 0.000000
vn -0.841198 -0.540727 0.000000
vn 0.830523 -0.556985 0.000000
vn 0.699704 -0.714433 0.000000
vn 0.925023 -0.379910 0.000000
vn 0.830523 -0.556985 0.000000
vn 0.882581 -0.470161 0.000000
vn 0.830523 -0.556985 0.000000
vn 0.925023 -0.379910 0.000000
vn 0.882581 -0.470161 0.000000
vn 0.982185 -0.187915 0.000000
vn 1.000000 0.000000 0.000000
vn 0.982185 -0.187915 0.000000
vn 0.958788 -0.284124 0.000000
vn 0.982185 -0.187915 0.000000
vn 0.958788 -0.284124 0.000000
vn 0.983735 0.179628 0.000000
vn 0.931614 0.363449 0.000000
vn 0.983735 0.179628 0.000000
vn 0.962399 0.271639 0.000000
vn 0.983735 0.179628 0.000000
vn 0.931614 0.363449 0.000000
vn 0.962399 0.271639 0.000000
vn 0.841198 0.540727 0.000000
vn 0.714433 0.699704 0.000000
vn 0.841198 0.540727 0.000000
vn 0.891184 0.453642 0.000000
vn 0.841198 0.540727 0.000000
vn 0.891184 0.453642 0.000000
vn 0.000000 1.000000 0.000000
vn 0.999974 0.000000 -0.007186
vn 0.000000 -1.000000 0.000000
vn -0.999974 0.000000 0.007186
vn 0.000000 1.000000 0.000000
vn 0.000000 1.000000 0.000000
vn -0.636010 -0.699621 -0.325608
vn -0.829283 -0.363377 -0.424555
vn -0.890130 0.000000 -0.455706
vn -0.823418 0.379836 -0.421553
vn 0.000000 1.000000 0.000000
vn 0.000000 1.000000 0.000000
vn 0.578756 0.000000 0.815500
vn 0.000000 -1.000000 0.000000
vn -0.578756 0.000000 -0.815500
vn 0.000000 1.000000 0.000000
vn -0.368093 0.929785 0.002645
vn -0.707098 0.707098 0.005081
vn -0.929768 0.368086 0.006682
vn -0.929768 -0.368086 0.006682
vn -0.707098 -0.707098 0.005081
vn -0.368093 -0.929785 0.002645
vn 0.368093 -0.929785 -0.002645
vn 0.707098 -0.707098 -0.005081
vn 0.929768 -0.368086 -0.006682
vn 0.929768 0.368086 -0.006682
vn 0.707098 0.707098 -0.005081
vn 0.368093 0.929785 -0.002645
vn -0.874280 0.187873 -0.447592
vn -0.898655 0.379978 -0.219169
vn -0.971524 0.000000 -0.236941
vn -0.954210 0.187953 -0.232718
vn -0.748826 -0.540639 -0.383365
vn -0.905060 -0.363515 -0.220731
vn -0.694018 -0.699778 -0.169261
vn -0.817194 -0.540807 -0.199302
vn 0.213042 0.929785 0.300188
vn 0.409248 0.707098 0.576653
vn 0.538123 0.368086 0.758245
vn 0.538123 -0.368086 0.758245
vn 0.409248 -0.707098 0.576653
vn 0.213042 -0.929785 0.300188
vn -0.213042 -0.929785 -0.300188
vn -0.409248 -0.707098 -0.576653
vn -0.538123 -0.368086 -0.758245
vn -0.538123 0.368086 -0.758245
vn -0.409248 0.707098 -0.576653
vn -0.213042 0.929785 -0.300188
vn -0.708207 -0.363515 -0.605227
vn -0.543067 -0.699778 -0.464100
vn -0.639452 -0.540807 -0.546469
vn -0.703195 0.379978 -0.600943
vn -0.760215 0.000000 -0.649672
vn -0.746666 0.187953 -0.638093
vn 0.636010 0.699621 0.325608
vn 0.829283 0.363377 0.424555
vn 0.890130 0.000000 0.455706
vn 0.823418 -0.379836 0.421553
vn 0.622900 -0.714353 0.318897
vn 0.323582 -0.931586 0.165659
vn 0.000000 -1.000000 0.000000
vn -0.338236 -0.924993 -0.173162
vn -0.323582 0.931586 -0.165659
vn 0.000000 1.000000 0.000000
vn 0.584602 0.000000 0.811320
vn 0.000000 -1.000000 0.000000
vn -0.584602 0.000000 -0.811320
vn 0.000000 1.000000 0.000000
vn 0.000000 1.000000 0.000000
vn 0.222096 0.925023 0.308229
vn 0.417659 0.699704 0.579634
vn 0.544623 0.363449 0.755837
vn 0.584602 0.000000 0.811320
vn 0.540770 -0.379910 0.750490
vn 0.409048 -0.714433 0.567684
vn 0.212473 -0.931614 0.294874
vn 0.000000 -1.000000 0.000000
vn -0.222096 -0.925023 -0.308229
vn -0.417659 -0.699704 -0.579634
vn -0.544623 -0.363449 -0.755837
vn -0.584602 0.000000 -0.811320
vn -0.540770 0.379910 -0.750490
vn -0.409048 0.714433 -0.567684
vn -0.212473 0.931614 -0.294874
vn 0.000000 1.000000 0.000000
vn 0.000000 1.000000 0.000000
vn 0.222096 0.925023 0.308229
vn 0.417659 0.699704 0.579634
vn 0.544623 0.363449 0.755837
vn 0.584602 0.000000 0.811320
vn 0.540770 -0.379910 0.750490
vn 0.409048 -0.714433 0.567684
vn 0.212473 -0.931614 0.294874
vn 0.000000 -1.000000 0.000000
vn -0.222096 -0.925023 -0.308229
vn -0.417659 -0.699704 -0.579634
vn -0.544623 -0.363449 -0.755837
vn -0.584602 0.000000 -0.811320
vn -0.540770 0.379910 -0.750490
vn -0.409048 0.714433 -0.567684
vn -0.212473 0.931614 -0.294874
vn 0.000000 1.000000 0.000000
vn 0.000000 1.000000 0.000000
vn 0.222096 0.925023 0.308229
vn 0.417659 0.699704 0.579634
vn 0.544623 0.363449 0.755837
vn 0.584602 0.000000 0.811320
vn 0.540770 -0.379910 0.750490
vn 0.409048 -0.714433 0.567684
vn 0.212473 -0.931614 0.294874
vn 0.000000 -1.000000 0.000000
vn -0.222096 -0.925023 -0.308229
vn -0.417659 -0.699704 -0.579634
vn -0.544623 -0.363449 -0.755837
vn -0.584602 0.000000 -0.811320
vn -0.540770 0.379910 -0.750490
vn -0.409048 0.714433 -0.567684
vn -0.212473 0.931614 -0.294874
vn 0.000000 1.000000 0.000000
vn 0.000000 1.000000 0.000000
vn 0.222096 0.925023 0.308229
vn 0.417659 0.699704 0.579634
vn 0.544623 0.363449 0.755837
vn 0.584602 0.000000 0.811320
vn 0.540770 -0.379910 0.750490
vn 0.409048 -0.714433 0.567684
vn 0.212473 -0.931614 0.294874
vn 0.000000 -1.000000 0.000000
vn -0.222096 -0.925023 -0.308229
vn -0.417659 -0.699704 -0.579634
vn -0.544623 -0.363449 -0.755837
vn -0.584602 0.000000 -0.811320
vn -0.540770 0.379910 -0.750490
vn -0.409048 0.714433 -0.567684
vn -0.212473 0.931614 -0.294874
vn 0.000000 1.000000 0.000000
vn 0.000000 1.000000 0.000000
vn 0.222096 0.925023 0.308229
vn 0.417659 0.699704 0.579634
vn 0.544623 0.363449 0.755837
vn 0.584602 0.000000 0.811320
vn 0.540770 -0.379910 0.750490
vn 0.409048 -0.714433 0.567684
vn 0.212473 -0.931614 0.294874
vn 0.000000 -1.000000 0.000000
vn -0.222096 -0.925023 -0.308229
vn -0.417659 -0.699704 -0.579634
vn -0.544623 -0.363449 -0.755837
vn -0.584602 0.000000 -0.811320
vn -0.540770 0.379910 -0.750490
vn -0.409048 0.714433 -0.567684
vn -0.212473 0.931614 -0.294874
vn 0.000000 1.000000 0.000000
vn 0.000000 1.000000 0.000000
vn 0.000000 -1.000000 0.000000
vn -0.584602 0.000000 -0.811320
vn 0.000000 1.000000 0.000000
vn -0.215189 0.929788 -0.298643
vn -0.413376 0.707107 -0.573690
vn -0.543556 0.368095 -0.754356
vn -0.543556 -0.368095 -0.754356
vn -0.413376 -0.707107 -0.573690
vn -0.215189 -0.929788 -0.298643
vn 0.215189 -0.929788 0.298643
vn 0.413376 -0.707107 0.573690
vn 0.543556 -0.368095 0.754356
vn 0.543556 0.368095 0.754356
vn 0.413376 0.707107 0.573690
vn 0.215189 0.929788 0.298643
vn -0.105011 0.983735 -0.145736
vn 0.000000 1.000000 0.000000
vn -0.212473 0.931614 -0.294874
vn -0.105011 0.983735 -0.145736
vn -0.316110 0.841198 -0.438703
vn -0.409048 0.714433 -0.567684
vn -0.316110 0.841198 -0.438703
vn -0.485525 0.556985 -0.673820
vn -0.540770 0.379910 -0.750490
vn -0.485525 0.556985 -0.673820
vn -0.574187 0.187915 -0.796867
vn -0.584602 0.000000 -0.811320
vn -0.574187 0.187915 -0.796867
vn -0.491766 -0.540727 -0.682481
vn -0.544623 -0.363449 -0.755837
vn -0.417659 -0.699704 -0.579634
vn -0.491766 -0.540727 -0.682481
vn -0.325614 -0.830523 -0.451893
vn -0.222096 -0.925023 -0.308229
vn -0.325614 -0.830523 -0.451893
vn -0.109855 -0.982185 -0.152459
vn 0.000000 -1.000000 0.000000
vn -0.109855 -0.982185 -0.152459
vn 0.105011 -0.983735 0.145736
vn 0.212473 -0.931614 0.294874
vn 0.105011 -0.983735 0.145736
vn 0.316110 -0.841198 0.438703
vn 0.409048 -0.714433 0.567684
vn 0.316110 -0.841198 0.438703
vn 0.485525 -0.556985 0.673820
vn 0.540770 -0.379910 0.750490
vn 0.485525 -0.556985 0.673820
vn 0.574187 -0.187915 0.796867
vn 0.584602 0.000000 0.811320
vn 0.574187 -0.187915 0.796867
vn 0.575093 0.179628 0.798124
vn 0.544623 0.363449 0.755837
vn 0.575093 0.179628 0.798124
vn 0.491766 0.540727 0.682481
vn 0.417659 0.699704 0.579634
vn 0.491766 0.540727 0.682481
vn 0.325614 0.830523 0.451893
vn 0.222096 0.925023 0.308229
vn 0.325614 0.830523 0.451893
vn 0.109855 0.982185 0.152459
vn 0.000000 1.000000 0.000000
vn 0.109855 0.982185 0.152459
vn 0.215189 0.929788 0.298643
vn 0.413376 0.707107 0.573690
vn 0.543556 0.368095 0.754356
vn 0.584602 0.000000 0.811320
vn 0.222096 0.925023 0.308229
vn 0.109855 0.982185 0.152459
vn 0.000000 1.000000 0.000000
vn 0.109855 0.982185 0.152459
vn 0.417659 0.699704 0.579634
vn 0.325614 0.830523 0.451893
vn 0.325614 0.830523 0.451893
vn 0.544623 0.363449 0.755837
vn 0.491766 0.540727 0.682481
vn 0.491766 0.540727 0.682481
vn 0.584602 0.000000 0.811320
vn 0.575093 0.179628 0.798124
vn 0.575093 0.179628 0.798124
vn -0.543556 0.368095 -0.754356
vn -0.413376 0.707107 -0.573690
vn -0.215189 0.929788 -0.298643
vn -0.540770 0.379910 -0.750490
vn -0.574187 0.187915 -0.796867
vn -0.584602 0.000000 -0.811320
vn -0.574187 0.187915 -0.796867
vn -0.409048 0.714433 -0.567684
vn -0.485525 0.556985 -0.673820
vn -0.485525 0.556985 -0.673820
vn -0.212473 0.931614 -0.294874
vn -0.316110 0.841198 -0.438703
vn -0.316110 0.841198 -0.438703
vn 0.000000 1.000000 0.000000
vn -0.105011 0.983735 -0.145736
vn -0.105011 0.983735 -0.145736
vn 0.543556 -0.368095 0.754356
vn 0.413376 -0.707107 0.573690
vn 0.215189 -0.929788 0.298643
vn -0.215189 -0.929788 -0.298643
vn -0.413376 -0.707107 -0.573690
vn -0.543556 -0.368095 -0.754356
vn 0.540770 -0.379910 0.750490
vn 0.574187 -0.187915 0.796867
vn 0.574187 -0.187915 0.796867
vn 0.409048 -0.714433 0.567684
vn 0.485525 -0.556985 0.673820
vn 0.485525 -0.556985 0.673820
vn 0.212473 -0.931614 0.294874
vn 0.316110 -0.841198 0.438703
vn 0.316110 -0.841198 0.438703
vn -0.222096 -0.925023 -0.308229
vn -0.109855 -0.982185 -0.152459
vn 0.000000 -1.000000 0.000000
vn -0.109855 -0.982185 -0.152459
vn -0.417659 -0.699704 -0.579634
vn -0.325614 -0.830523 -0.451893
vn -0.325614 -0.830523 -0.451893
vn -0.544623 -0.363449 -0.755837
vn -0.491766 -0.540727 -0.682481
vn -0.491766 -0.540727 -0.682481
vn -0.575093 -0.179628 -0.798124
vn -0.575093 -0.179628 -0.798124
vn -0.808736 0.000000 0.588172
vn -0.808736 0.000000 0.588172
vn -0.808736 0.000000 0.588172
vn -0.748100 -0.379910 0.544073
vn -0.748100 -0.379910 0.544073
vn -0.748100 -0.379910 0.544073
vn -0.565876 -0.714433 0.411546
vn -0.565876 -0.714433 0.411546
vn -0.565876 -0.714433 0.411546
vn -0.293935 -0.931614 0.213771
vn -0.293935 -0.931614 0.213771
vn -0.293935 -0.931614 0.213771
vn 0.000000 -1.000000 0.000000
vn 0.000000 -1.000000 0.000000
vn 0.307247 -0.925023 -0.223453
vn 0.307247 -0.925023 -0.223453
vn 0.577788 -0.699704 -0.420209
vn 0.577788 -0.699704 -0.420209
vn 0.753430 -0.363449 -0.547949
vn 0.753430 -0.363449 -0.547949
vn 0.808736 0.000000 -0.588172
vn 0.808736 0.000000 -0.588172
vn 0.748100 0.379910 -0.544073
vn 0.748100 0.379910 -0.544073
vn 0.565876 0.714433 -0.411546
vn 0.565876 0.714433 -0.411546
vn 0.565876 0.714433 -0.411546
vn 0.293935 0.931614 -0.213771
vn 0.293935 0.931614 -0.213771
vn 0.293935 0.931614 -0.213771
vn 0.000000 1.000000 0.000000
vn 0.000000 1.000000 0.000000
vn -0.307247 0.925023 0.223453
vn -0.307247 0.925023 0.223453
vn -0.577788 0.699704 0.420209
vn -0.577788 0.699704 0.420209
vn -0.577788 0.699704 0.420209
vn -0.753430 0.363449 0.547949
vn -0.753430 0.363449 0.547949
vn -0.753430 0.363449 0.547949
vn -0.808736 0.000000 0.588172
vn -0.808736 0.000000 0.588172
vn -0.808736 0.000000 0.588172
vn -0.808736 0.000000 0.588172
vn -0.807691 0.050811 0.587412
vn -0.804065 0.107329 0.584774
vn -0.801948 0.129288 0.583235
vn -0.801659 0.132006 0.583025
vn -0.753430 0.363449 0.547949
vn -0.795582 0.179628 0.578605
vn -0.795582 0.179628 0.578605
vn -0.808736 0.000000 0.588172
vn -0.795582 0.179628 0.578605
vn -0.805548 0.088708 0.585853
vn -0.805548 0.088708 0.585853
vn -0.808736 0.000000 0.588172
vn -0.753430 0.363449 0.547949
vn -0.795582 0.179628 0.578605
vn -0.748100 -0.379910 0.544073
vn -0.794329 -0.187915 0.577694
vn -0.794329 -0.187915 0.577694
vn -0.807952 0.044015 0.587602
vn -0.794329 -0.187915 0.577694
vn -0.808736 0.000000 0.588172
vn -0.805248 -0.092776 0.585635
vn -0.805248 -0.092776 0.585635
vn -0.748100 -0.379910 0.544073
vn -0.808736 0.000000 0.588172
vn -0.794329 -0.187915 0.577694
vn -0.808736 0.000000 0.588172
vn -0.795582 0.179628 0.578605
vn -0.805548 0.088708 0.585853
vn -0.795582 0.179628 0.578605
vn -0.801447 0.133958 0.582871
vn -0.778327 0.271639 0.566056
vn -0.753430 0.363449 0.547949
vn -0.778327 0.271639 0.566056
vn -0.778327 0.271639 0.566056
vn -0.577788 0.699704 0.420209
vn -0.680307 0.540727 0.494769
vn -0.680307 0.540727 0.494769
vn -0.801944 0.129326 0.583232
vn -0.804060 0.107381 0.584771
vn -0.807689 0.050863 0.587410
vn -0.808736 0.000000 0.588172
vn -0.805548 0.088708 0.585853
vn -0.801447 0.133958 0.582871
vn -0.795582 0.179628 0.578605
vn -0.801447 0.133958 0.582871
vn -0.753430 0.363449 0.547949
vn -0.778327 0.271639 0.566056
vn -0.808736 0.000000 0.588172
vn -0.807952 0.044015 0.587602
vn -0.807952 0.044015 0.587602
vn -0.794329 -0.187915 0.577694
vn -0.808736 0.000000 0.588172
vn -0.805248 -0.092776 0.585635
vn -0.233093 -0.957565 0.169522
vn 0.000000 -1.000000 0.000000
vn -0.145272 -0.983735 0.105652
vn -0.293935 -0.931614 0.213771
vn -0.145272 -0.983735 0.105652
vn -0.145272 -0.983735 0.105652
vn -0.219684 -0.962399 0.159770
vn -0.293935 -0.931614 0.213771
vn -0.219684 -0.962399 0.159770
vn -0.437305 -0.841198 0.318040
vn -0.565876 -0.714433 0.411546
vn -0.437305 -0.841198 0.318040
vn -0.808736 0.000000 0.588172
vn -0.807689 -0.050863 0.587410
vn -0.804060 -0.107381 0.584771
vn -0.801944 -0.129326 0.583232
vn -0.801659 -0.132006 0.583025
vn -0.801948 -0.129288 0.583235
vn -0.804065 -0.107329 0.584774
vn -0.807691 -0.050811 0.587412
vn -0.808736 0.000000 0.588172
vn -0.805248 -0.092776 0.585635
vn -0.807879 -0.046021 0.587549
vn -0.808736 0.000000 0.588172
vn -0.807879 -0.046021 0.587549
vn -0.794329 -0.187915 0.577694
vn -0.800757 -0.140126 0.582369
vn -0.800757 -0.140126 0.582369
vn -0.748100 -0.379910 0.544073
vn -0.775406 -0.284124 0.563932
vn -0.775406 -0.284124 0.563932
vn -0.565876 -0.714433 0.411546
vn -0.671674 -0.556985 0.488490
vn -0.671674 -0.556985 0.488490
vn -0.794329 -0.187915 0.577694
vn -0.800757 -0.140126 0.582369
vn -0.748100 -0.379910 0.544073
vn -0.775406 -0.284124 0.563932
vn -0.775406 -0.284124 0.563932
vn -0.807879 -0.046021 0.587549
vn 0.000000 1.000000 0.000000
vn -0.233093 0.957565 0.169522
vn 0.000000 1.000000 0.000000
vn 0.145272 0.983735 -0.105652
vn 0.293935 0.931614 -0.213771
vn 0.145272 0.983735 -0.105652
vn -0.307247 0.925023 0.223453
vn -0.151974 0.982185 0.110526
vn -0.151974 0.982185 0.110526
vn 0.000000 -1.000000 0.000000
vn 0.233093 -0.957565 -0.169522
vn 0.307247 -0.925023 -0.223453
vn 0.151974 -0.982185 -0.110526
vn 0.151974 -0.982185 -0.110526
vn 0.233093 0.957565 -0.169522
vn 0.145272 0.983735 -0.105652
vn 0.219684 0.962399 -0.159770
vn 0.293935 0.931614 -0.213771
vn 0.219684 0.962399 -0.159770
vn 0.437305 0.841198 -0.318040
vn 0.565876 0.714433 -0.411546
vn 0.437305 0.841198 -0.318040
vn 0.753430 -0.363449 -0.547949
vn 0.808736 0.000000 -0.588172
vn 0.748100 0.379910 -0.544073
vn -0.588172 0.000000 -0.808736
vn -0.588172 0.000000 -0.808736
vn -0.588172 0.000000 -0.808736
vn -0.588172 0.000000 -0.808736
vn -0.588172 0.000000 -0.808736
vn -0.588172 0.000000 -0.808736
vn -0.588172 0.000000 -0.808736
vn -0.588172 0.000000 -0.808736
vn -0.588172 0.000000 -0.808736
vn -0.588172 0.000000 -0.808736
vn -0.588172 0.000000 -0.808736
vn -0.588172 0.000000 -0.808736
vn -0.588172 0.000000 -0.808736
vn -0.588172 0.000000 -0.808736
vn -0.588172 0.000000 -0.808736
vn -0.588172 0.000000 -0.808736
vn -0.588172 0.000000 -0.808736
vn -0.588172 0.000000 -0.808736
vn -0.588172 0.000000 -0.808736
vn -0.588172 0.000000 -0.808736
vn -0.588172 0.000000 -0.808736
vn -0.588172 0.000000 -0.808736
vn -0.588172 0.000000 -0.808736
vn -0.588172 0.000000 -0.808736
vn -0.588172 0.000000 -0.808736
vn -0.588172 0.000000 -0.808736
vn -0.588172 0.000000 -0.808736
vn -0.588172 0.000000 -0.808736
vn -0.588172 0.000000 -0.808736
vn -0.588172 0.000000 -0.808736
vn -0.588172 0.000000 -0.808736
vn -0.588172 0.000000 -0.808736
vn -0.588172 0.000000 -0.808736
vn -0.588172 0.000000 -0.808736
vn -0.311797 0.000000 -0.950149
vn -0.311797 0.000000 -0.950149
vn 0.000000 0.000000 -1.000000
vn 0.000000 0.000000 -1.000000
vn 0.000000 0.000000 -1.000000
vn -0.157092 0.000000 -0.987584
vn -0.078419 0.000000 -0.996921
vn -0.157092 0.000000 -0.987584
vn -0.078419 0.000000 -0.996921
vn 0.000000 0.000000 -1.000000
vn -0.157092 0.000000 -0.987584
vn -0.078419 0.000000 -0.996921
vn 0.000000 0.000000 -1.000000
vn 0.000000 0.000000 1.000000
vn 0.000000 0.000000 1.000000
vn 0.315357 0.000000 0.948973
vn 0.315357 0.000000 0.948973
vn 0.588172 0.000000 0.808736
vn 0.588172 0.000000 0.808736
vn 0.000000 0.000000 1.000000
vn 0.000000 0.000000 1.000000
vn 0.000000 0.000000 1.000000
vn 0.159507 0.000000 0.987197
vn 0.159507 0.000000 0.987197
vn 0.079766 0.000000 0.996814
vn 0.079766 0.000000 0.996814
vn 0.159507 0.000000 0.987197
vn 0.079766 0.000000 0.996814
vn 0.588172 0.000000 0.808736
vn 0.588172 0.000000 0.808736
vn 0.900922 0.000000 0.433981
vn 0.900922 0.000000 0.433981
vn 1.000000 0.000000 0.000000
vn 1.000000 0.000000 0.000000
vn 0.000000 0.000000 1.000000
vn 0.000000 0.000000 1.000000
vn 0.000000 0.000000 1.000000
vn 0.000000 0.000000 1.000000
vn -1.000000 0.000000 0.000000
vn -1.000000 0.000000 0.000000
vn -0.894689 0.000000 -0.446690
vn -0.894689 0.000000 -0.446690
vn -0.588172 0.000000 -0.808736
vn -0.588172 0.000000 -0.808736
vn -0.775257 0.000000 -0.631646
vn -0.746637 0.000000 -0.665232
vn -0.734174 0.000000 -0.678961
vn -0.730191 0.000000 -0.683243
vn -0.728653 0.000000 -0.684883
vn -0.730191 0.000000 -0.683243
vn -0.734174 0.000000 -0.678961
vn -0.746637 0.000000 -0.665232
vn -0.775257 0.000000 -0.631646
vn -0.803689 0.000000 -0.595050
vn -0.815941 0.000000 -0.578135
vn -0.819792 0.000000 -0.572662
vn -0.821276 0.000000 -0.570530
vn -0.819792 0.000000 -0.572662
vn -0.815941 0.000000 -0.578135
vn -0.803689 0.000000 -0.595050
vn -0.894689 0.000000 -0.446690
vn -0.894689 0.000000 -0.446690
vn -0.834960 0.000000 -0.550311
vn -0.834960 0.000000 -0.550311
vn -0.974261 0.000000 -0.225423
vn -0.680076 0.000000 -0.733141
vn -0.680076 0.000000 -0.733141
vn -0.680076 0.000000 -0.733141
vn -0.722770 0.000000 -0.691089
vn -0.722770 0.000000 -0.691089
vn -0.722770 0.000000 -0.691089
vn -0.680076 0.000000 -0.733141
vn -0.722770 0.000000 -0.691089
vn -0.800416 0.000000 -0.599445
vn -0.834960 0.000000 -0.550311
vn -0.800416 0.000000 -0.599445
vn -0.894689 0.000000 -0.446690
vn -0.834960 0.000000 -0.550311
vn -0.680076 0.000000 -0.733141
vn -0.722770 0.000000 -0.691089
vn -0.722770 0.000000 -0.691089
vn -0.722770 0.000000 -0.691089
vn -0.834960 0.000000 -0.550311
vn -0.800416 0.000000 -0.599445
vn -0.800416 0.000000 -0.599445
vn -0.834960 0.000000 -0.550311
vn -0.818063 0.000000 -0.575128
vn -0.866427 0.000000 -0.499304
vn -0.894689 0.000000 -0.446690
vn -0.866427 0.000000 -0.499304
vn -0.866427 0.000000 -0.499304
vn -0.941279 0.000000 -0.337630
vn -0.974261 0.000000 -0.225423
vn -0.941279 0.000000 -0.337630
vn -0.818063 0.000000 -0.575128
vn -0.834960 0.000000 -0.550311
vn -0.866427 0.000000 -0.499304
vn -0.894689 0.000000 -0.446690
vn -0.866427 0.000000 -0.499304
vn -0.974261 0.000000 -0.225423
vn -0.941279 0.000000 -0.337630
vn 0.000000 -1.000000 0.000000
vn 0.000000 -1.000000 0.000000
vn 0.000000 -1.000000 0.000000
vn 0.000000 -1.000000 0.000000
vn 0.000000 -1.000000 0.000000
vn 0.000000 -1.000000 0.000000
vn 0.000000 -1.000000 0.000000
vn 0.000000 -1.000000 0.000000
vn 0.000000 1.000000 0.000000
vn 0.000000 1.000000 0.000000
vn 0.000000 1.000000 0.000000
vn 0.000000 1.000000 0.000000
vn 0.000000 1.000000 0.000000
vn 0.000000 1.000000 0.000000
vn 0.000000 1.000000 0.000000
vn 0.000000 1.000000 0.000000
vn -0.808736 0.000000 0.588172
vn -0.808736 0.000000 0.588172
vn -0.748100 -0.379910 0.544073
vn -0.565876 -0.714433 0.411546
vn -0.293935 -0.931614 0.213771
vn 0.000000 -1.000000 0.000000
vn 0.000000 -1.000000 0.000000
vn 0.307247 -0.925023 -0.223453
vn 0.577788 -0.699704 -0.420209
vn 0.753430 -0.363449 -0.547949
vn 0.808736 0.000000 -0.588172
vn 0.808736 0.000000 -0.588172
vn 0.748100 0.379910 -0.544073
vn 0.565876 0.714433 -0.411546
vn 0.293935 0.931614 -0.213771
vn 0.000000 1.000000 0.000000
vn 0.000000 1.000000 0.000000
vn -0.307247 0.925023 0.223453
vn -0.577788 0.699704 0.420209
vn -0.753430 0.363449 0.547949
vn -0.808736 0.000000 0.588172
vn -0.808736 0.000000 0.588172
vn -0.808736 0.000000 0.588172
vn -0.808736 0.000000 0.588172
vn -0.751953 -0.368095 0.546875
vn -0.571863 -0.707107 0.415900
vn -0.297691 -0.929788 0.216503
vn 0.000000 -1.000000 0.000000
vn 0.297691 -0.929788 -0.216503
vn 0.571863 -0.707107 -0.415900
vn 0.751953 -0.368095 -0.546875
vn 0.808736 0.000000 -0.588172
vn 0.751953 0.368095 -0.546875
vn 0.571863 0.707107 -0.415900
vn 0.297691 0.929788 -0.216503
vn 0.000000 1.000000 0.000000
vn -0.297691 0.929788 0.216503
vn -0.571863 0.707107 0.415900
vn -0.751953 0.368095 0.546875
vn -0.748100 -0.379910 0.544073
vn -0.794329 -0.187915 0.577694
vn -0.808736 0.000000 0.588172
vn -0.794329 -0.187915 0.577694
vn -0.565876 -0.714433 0.411546
vn -0.671674 -0.556985 0.488490
vn -0.671674 -0.556985 0.488490
vn -0.293935 -0.931614 0.213771
vn -0.437305 -0.841198 0.318040
vn -0.437305 -0.841198 0.318040
vn 0.000000 -1.000000 0.000000
vn -0.145272 -0.983735 0.105652
vn -0.145272 -0.983735 0.105652
vn 0.307247 -0.925023 -0.223453
vn 0.151974 -0.982185 -0.110526
vn 0.151974 -0.982185 -0.110526
vn 0.577788 -0.699704 -0.420209
vn 0.450454 -0.830523 -0.327603
vn 0.450454 -0.830523 -0.327603
vn 0.753430 -0.363449 -0.547949
vn 0.680307 -0.540727 -0.494769
vn 0.680307 -0.540727 -0.494769
vn 0.808736 0.000000 -0.588172
vn 0.795582 -0.179628 -0.578605
vn 0.795582 -0.179628 -0.578605
vn 0.748100 0.379910 -0.544073
vn 0.794329 0.187915 -0.577694
vn 0.794329 0.187915 -0.577694
vn 0.565876 0.714433 -0.411546
vn 0.671674 0.556985 -0.488490
vn 0.671674 0.556985 -0.488490
vn 0.293935 0.931614 -0.213771
vn 0.437305 0.841198 -0.318040
vn 0.437305 0.841198 -0.318040
vn -0.307247 0.925023 0.223453
vn -0.151974 0.982185 0.110526
vn 0.000000 1.000000 0.000000
vn -0.151974 0.982185 0.110526
vn -0.577788 0.699704 0.420209
vn -0.450454 0.830523 0.327603
vn -0.450454 0.830523 0.327603
vn -0.753430 0.363449 0.547949
vn -0.680307 0.540727 0.494769
vn -0.680307 0.540727 0.494769
vn -0.808736 0.000000 0.588172
vn -0.795582 0.179628 0.578605
vn -0.795582 0.179628 0.578605
vn -0.751953 0.368095 0.546875
vn -0.571863 0.707107 0.415900
vn -0.297691 0.929788 0.216503
vn 0.297691 0.929788 -0.216503
vn 0.571863 0.707107 -0.415900
vn 0.751953 0.368095 -0.546875
vn 0.751953 -0.368095 -0.546875
vn 0.571863 -0.707107 -0.415900
vn 0.297691 -0.929788 -0.216503
vn -0.297691 -0.929788 0.216503
vn -0.571863 -0.707107 0.415900
vn -0.751953 -0.368095 0.546875
vn -0.808736 0.000000 0.588172
vn -0.753430 0.363449 0.547949
vn -0.795582 0.179628 0.578605
vn -0.577788 0.699704 0.420209
vn -0.680307 0.540727 0.494769
vn -0.307247 0.925023 0.223453
vn -0.450454 0.830523 0.327603
vn 0.000000 1.000000 0.000000
vn -0.151974 0.982185 0.110526
vn 0.293935 0.931614 -0.213771
vn 0.565876 0.714433 -0.411546
vn 0.437305 0.841198 -0.318040
vn 0.748100 0.379910 -0.544073
vn 0.671674 0.556985 -0.488490
vn 0.808736 0.000000 -0.588172
vn 0.794329 0.187915 -0.577694
vn 0.753430 -0.363449 -0.547949
vn 0.795582 -0.179628 -0.578605
vn 0.577788 -0.699704 -0.420209
vn 0.680307 -0.540727 -0.494769
vn 0.307247 -0.925023 -0.223453
vn 0.450454 -0.830523 -0.327603
vn 0.000000 -1.000000 0.000000
vn 0.151974 -0.982185 -0.110526
vn -0.293935 -0.931614 0.213771
vn -0.145272 -0.983735 0.105652
vn -0.565876 -0.714433 0.411546
vn -0.437305 -0.841198 0.318040
vn -0.748100 -0.379910 0.544073
vn -0.671674 -0.556985 0.488490
vn -0.808736 0.000000 0.588172
vn -0.794329 -0.187915 0.577694
vn -0.808736 0.000000 0.588172
vn -0.808736 0.000000 0.588172
vn -0.808736 0.000000 0.588172
vn -0.748100 -0.379910 0.544073
vn -0.565876 -0.714433 0.411546
vn -0.293935 -0.931614 0.213771
vn 0.000000 -1.000000 0.000000
vn 0.000000 -1.000000 0.000000
vn 0.307247 -0.925023 -0.223453
vn 0.577788 -0.699704 -0.420209
vn 0.753430 -0.363449 -0.547949
vn 0.808736 0.000000 -0.588172
vn 0.808736 0.000000 -0.588172
vn 0.748100 0.379910 -0.544073
vn 0.565876 0.714433 -0.411546
vn 0.293935 0.931614 -0.213771
vn 0.000000 1.000000 0.000000
vn -0.307247 0.925023 0.223453
vn -0.577788 0.699704 0.420209
vn -0.753430 0.363449 0.547949
vn -0.808736 0.000000 0.588172
vn -0.751953 -0.368095 0.546875
vn -0.571863 -0.707107 0.415900
vn -0.297691 -0.929788 0.216503
vn 0.297691 -0.929788 -0.216503
vn 0.571863 -0.707107 -0.415900
vn 0.751953 -0.368095 -0.546875
vn 0.751953 0.368095 -0.546875
vn 0.571863 0.707107 -0.415900
vn 0.297691 0.929788 -0.216503
vn 0.000000 1.000000 0.000000
vn -0.297691 0.929788 0.216503
vn -0.571863 0.707107 0.415900
vn -0.751953 0.368095 0.546875
vn -0.808736 0.000000 0.588172
vn -0.748100 -0.379910 0.544073
vn -0.794329 -0.187915 0.577694
vn -0.808736 0.000000 0.588172
vn -0.794329 -0.187915 0.577694
vn -0.565876 -0.714433 0.411546
vn -0.671674 -0.556985 0.488490
vn -0.671674 -0.556985 0.488490
vn -0.293935 -0.931614 0.213771
vn -0.437305 -0.841198 0.318040
vn -0.437305 -0.841198 0.318040
vn 0.000000 -1.000000 0.000000
vn -0.145272 -0.983735 0.105652
vn -0.145272 -0.983735 0.105652
vn 0.307247 -0.925023 -0.223453
vn 0.151974 -0.982185 -0.110526
vn 0.151974 -0.982185 -0.110526
vn 0.577788 -0.699704 -0.420209
vn 0.450454 -0.830523 -0.327603
vn 0.450454 -0.830523 -0.327603
vn 0.753430 -0.363449 -0.547949
vn 0.680307 -0.540727 -0.494769
vn 0.680307 -0.540727 -0.494769
vn 0.808736 0.000000 -0.588172
vn 0.795582 -0.179628 -0.578605
vn 0.795582 -0.179628 -0.578605
vn 0.748100 0.379910 -0.544073
vn 0.794329 0.187915 -0.577694
vn 0.794329 0.187915 -0.577694
vn 0.565876 0.714433 -0.411546
vn 0.671674 0.556985 -0.488490
vn 0.671674 0.556985 -0.488490
vn 0.293935 0.931614 -0.213771
vn 0.437305 0.841198 -0.318040
vn 0.437305 0.841198 -0.318040
vn 0.000000 1.000000 0.000000
vn 0.145272 0.983735 -0.105652
vn 0.145272 0.983735 -0.105652
vn -0.307247 0.925023 0.223453
vn -0.151974 0.982185 0.110526
vn -0.151974 0.982185 0.110526
vn -0.577788 0.699704 0.420209
vn -0.450454 0.830523 0.327603
vn -0.450454 0.830523 0.327603
vn -0.753430 0.363449 0.547949
vn -0.680307 0.540727 0.494769
vn -0.680307 0.540727 0.494769
vn -0.808736 0.000000 0.588172
vn -0.795582 0.179628 0.578605
vn -0.795582 0.179628 0.578605
vn -0.808736 0.000000 0.588172
vn -0.751953 0.368095 0.546875
vn -0.571863 0.707107 0.415900
vn -0.297691 0.929788 0.216503
vn 0.000000 1.000000 0.000000
vn 0.297691 0.929788 -0.216503
vn 0.571863 0.707107 -0.415900
vn 0.751953 0.368095 -0.546875
vn 0.808736 0.000000 -0.588172
vn 0.751953 -0.368095 -0.546875
vn 0.571863 -0.707107 -0.415900
vn 0.297691 -0.929788 -0.216503
vn 0.000000 -1.000000 0.000000
vn -0.297691 -0.929788 0.216503
vn -0.571863 -0.707107 0.415900
vn -0.751953 -0.368095 0.546875
vn -0.808736 0.000000 0.588172
vn -0.753430 0.363449 0.547949
vn -0.795582 0.179628 0.578605
vn -0.577788 0.699704 0.420209
vn -0.680307 0.540727 0.494769
vn -0.307247 0.925023 0.223453
vn -0.450454 0.830523 0.327603
vn 0.000000 1.000000 0.000000
vn -0.151974 0.982185 0.110526
vn 0.293935 0.931614 -0.213771
vn 0.565876 0.714433 -0.411546
vn 0.437305 0.841198 -0.318040
vn 0.748100 0.379910 -0.544073
vn 0.671674 0.556985 -0.488490
vn 0.808736 0.000000 -0.588172
vn 0.794329 0.187915 -0.577694
vn 0.753430 -0.363449 -0.547949
vn 0.795582 -0.179628 -0.578605
vn 0.577788 -0.699704 -0.420209
vn 0.680307 -0.540727 -0.494769
vn 0.307247 -0.925023 -0.223453
vn 0.450454 -0.830523 -0.327603
vn 0.000000 -1.000000 0.000000
vn 0.151974 -0.982185 -0.110526
vn -0.293935 -0.931614 0.213771
vn -0.145272 -0.983735 0.105652
vn -0.565876 -0.714433 0.411546
vn -0.437305 -0.841198 0.318040
vn -0.748100 -0.379910 0.544073
vn -0.671674 -0.556985 0.488490
vn -0.808736 0.000000 0.588172
vn -0.794329 -0.187915 0.577694
vn 0.117803 0.989334 -0.085675
vn 0.117803 0.989334 -0.085675
vn 0.117803 0.989334 -0.085675
vn 0.117803 0.989334 -0.085675
vn 0.117803 0.989334 -0.085675
vn 0.117803 0.989334 -0.085675
vn 0.117803 0.989334 -0.085675
vn 0.117803 0.989334 -0.085675
vn 0.117803 0.989334 -0.085675
vn -0.117803 0.989334 0.085675
vn -0.117803 0.989334 0.085675
vn -0.117803 0.989334 0.085675
vn -0.117803 0.989334 0.085675
vn -0.117803 0.989334 0.085675
vn -0.117803 0.989334 0.085675
vn -0.117803 0.989334 0.085675
vn -0.117803 0.989334 0.085675
vn -0.117803 0.989334 0.085675
vn -0.117803 -0.989334 0.085675
vn -0.117803 -0.989334 0.085675
vn -0.117803 -0.989334 0.085675
vn -0.117803 -0.989334 0.085675
vn -0.117803 -0.989334 0.085675
vn -0.117803 -0.989334 0.085675
vn -0.117803 -0.989334 0.085675
vn -0.117803 -0.989334 0.085675
vn -0.117803 -0.989334 0.085675
vn 0.117803 -0.989334 -0.085675
vn 0.117803 -0.989334 -0.085675
vn 0.117803 -0.989334 -0.085675
vn 0.117803 -0.989334 -0.085675
vn 0.117803 -0.989334 -0.085675
vn 0.117803 -0.989334 -0.085675
vn 0.117803 -0.989334 -0.085675
vn 0.117803 -0.989334 -0.085675
vn 0.117803 -0.989334 -0.085675
vn 0.588172 0.000000 0.808736
vn 0.588172 0.000000 0.808736
vn 0.588172 0.000000 0.808736
vn 0.588172 0.000000 0.808736
vn 0.588172 0.000000 0.808736
vn 0.588172 0.000000 0.808736
vn 0.588172 0.000000 0.808736
vn 0.588172 0.000000 0.808736
vn 0.588172 0.000000 0.808736
vn 0.588172 0.000000 0.808736
vn 0.588172 0.000000 0.808736
vn 0.588172 0.000000 0.808736
vn 0.588172 0.000000 0.808736
vn 0.588172 0.000000 0.808736
vn 0.588172 0.000000 0.808736
vn 0.588172 0.000000 0.808736
vn 0.588172 0.000000 0.808736
vn 0.588172 0.000000 0.808736
vn 0.588172 0.000000 0.808736
vn 0.588172 0.000000 0.808736
vn 0.588172 0.000000 0.808736
vn 0.588172 0.000000 0.808736
vn 0.588172 0.000000 0.808736
vn 0.588172 0.000000 0.808736
vn 0.588172 0.000000 0.808736
vn 0.588172 0.000000 0.808736
vn 0.588172 0.000000 0.808736
vn 0.588172 0.000000 0.808736
vn 0.588172 0.000000 0.808736
vn 0.588172 0.000000 0.808736
vn 0.588172 0.000000 0.808736
vn 0.588172 0.000000 0.808736
vn 0.588172 0.000000 0.808736
vn 0.588172 0.000000 0.808736
vn 0.588172 0.000000 0.808736
vn 0.588172 0.000000 0.808736
vn 0.588172 0.000000 0.808736
vn 0.588172 0.000000 0.808736
vn 0.000000 -1.000000 0.000000
vn 0.000000 -1.000000 0.000000
vn 0.000000 -1.000000 0.000000
vn 0.000000 -1.000000 0.000000
vn 0.000000 -1.000000 0.000000
vn 0.000000 -1.000000 0.000000
vn 0.000000 1.000000 0.000000
vn 0.000000 1.000000 0.000000
vn 0.000000 1.000000 0.000000
vn 0.000000 1.000000 0.000000
vn 0.000000 1.000000 0.000000
vn 0.000000 1.000000 0.000000
vn -0.588172 0.000000 -0.808736
vn -0.588172 0.000000 -0.808736
vn -0.588172 0.000000 -0.808736
vn -0.588172 0.000000 -0.808736
vn -0.588172 0.000000 -0.808736
vn -0.588172 0.000000 -0.808736
vn -0.588172 0.000000 -0.808736
vn -0.588172 0.000000 -0.808736
vn -0.588172 0.000000 -0.808736
vn -0.588172 0.000000 -0.808736
vn -0.588172 0.000000 -0.808736
vn -0.588172 0.000000 -0.808736
vn -0.588172 0.000000 -0.808736
vn -0.588172 0.000000 -0.808736
vn -0.588172 0.000000 -0.808736
vn -0.588172 0.000000 -0.808736
vn -0.588172 0.000000 -0.808736
vn -0.588172 0.000000 -0.808736
vn -0.588172 0.000000 -0.808736
vn -0.588172 0.000000 -0.808736
vn -0.588172 0.000000 -0.808736
vn -0.588172 0.000000 -0.808736
vn -0.588172 0.000000 -0.808736
vn -0.588172 0.000000 -0.808736
vn -0.588172 0.000000 -0.808736
vn -0.588172 0.000000 -0.808736
vn -0.588172 0.000000 -0.808736
vn -0.588172 0.000000 -0.808736
vn -0.588172 0.000000 -0.808736
vn -0.588172 0.000000 -0.808736
vn -0.588172 0.000000 -0.808736
vn -0.588172 0.000000 -0.808736
vn -0.588172 0.000000 -0.808736
vn -0.588172 0.000000 -0.808736
vn -0.588172 0.000000 -0.808736
vn -0.588172 0.000000 -0.808736
vn -0.588172 0.000000 -0.808736
vn -0.588172 0.000000 -0.808736
vn -0.588172 0.000000 -0.808736
vn -0.588172 0.000000 -0.808736
vn -0.588172 0.000000 -0.808736
vn -0.588172 0.000000 -0.808736
vn -0.588172 0.000000 -0.808736
vn -0.588172 0.000000 -0.808736
vn -0.588172 0.000000 -0.808736
vn -0.588172 0.000000 -0.808736
vn -0.588172 0.000000 -0.808736
vn -0.588172 0.000000 -0.808736
vn -0.588172 0.000000 -0.808736
vn -0.588172 0.000000 -0.808736
vn -0.588172 0.000000 -0.808736
vn -0.588172 0.000000 -0.808736
vn -0.588172 0.000000 -0.808736
vn -0.588172 0.000000 -0.808736
vn -0.588172 0.000000 -0.808736
vn -0.588172 0.000000 -0.808736
vn -0.588172 0.000000 -0.808736
vn -0.588172 0.000000 -0.808736
vn -0.588172 0.000000 -0.808736
vn -0.588172 0.000000 -0.808736
vn -0.588172 0.000000 -0.808736
vn -0.588172 0.000000 -0.808736
vn -0.588172 0.000000 -0.808736
vn 0.808736 0.000000 -0.588172
vn 0.808736 0.000000 -0.588172
vn 0.808736 0.000000 -0.588172
vn 0.808736 0.000000 -0.588172
vn 0.808736 0.000000 -0.588172
vn 0.808736 0.000000 -0.588172
vn 0.748100 0.379910 -0.544073
vn 0.748100 0.379910 -0.544073
vn 0.748100 0.379910 -0.544073
vn 0.748100 0.379910 -0.544073
vn 0.748100 0.379910 -0.544073
vn 0.748100 0.379910 -0.544073
vn 0.565876 0.714433 -0.411546
vn 0.565876 0.714433 -0.411546
vn 0.565876 0.714433 -0.411546
vn 0.565876 0.714433 -0.411546
vn 0.565876 0.714433 -0.411546
vn 0.565876 0.714433 -0.411546
vn 0.293935 0.931614 -0.213771
vn 0.293935 0.931614 -0.213771
vn 0.293935 0.931614 -0.213771
vn 0.293935 0.931614 -0.213771
vn 0.293935 0.931614 -0.213771
vn 0.293935 0.931614 -0.213771
vn 0.000000 1.000000 0.000000
vn 0.000000 1.000000 0.000000
vn 0.000000 1.000000 0.000000
vn 0.000000 1.000000 0.000000
vn 0.000000 1.000000 0.000000
vn 0.000000 1.000000 0.000000
vn -0.307247 0.925023 0.223453
vn -0.307247 0.925023 0.223453
vn -0.307247 0.925023 0.223453
vn -0.307247 0.925023 0.223453
vn -0.307247 0.925023 0.223453
vn -0.307247 0.925023 0.223453
vn -0.577788 0.699704 0.420209
vn -0.577788 0.699704 0.420209
vn -0.577788 0.699704 0.420209
vn -0.577788 0.699704 0.420209
vn -0.577788 0.699704 0.420209
vn -0.577788 0.699704 0.420209
vn -0.753430 0.363449 0.547949
vn -0.753430 0.363449 0.547949
vn -0.753430 0.363449 0.547949
vn -0.753430 0.363449 0.547949
vn -0.753430 0.363449 0.547949
vn -0.753430 0.363449 0.547949
vn -0.808736 0.000000 0.588172
vn -0.808736 0.000000 0.588172
vn -0.808736 0.000000 0.588172
vn -0.808736 0.000000 0.588172
vn -0.808736 0.000000 0.588172
vn -0.808736 0.000000 0.588172
vn -0.748100 -0.379910 0.544073
vn -0.748100 -0.379910 0.544073
vn -0.748100 -0.379910 0.544073
vn -0.748100 -0.379910 0.544073
vn -0.748100 -0.379910 0.544073
vn -0.748100 -0.379910 0.544073
vn -0.565876 -0.714433 0.411546
vn -0.565876 -0.714433 0.411546
vn -0.565876 -0.714433 0.411546
vn -0.565876 -0.714433 0.411546
vn -0.565876 -0.714433 0.411546
vn -0.565876 -0.714433 0.411546
vn -0.293935 -0.931614 0.213771
vn -0.293935 -0.931614 0.213771
vn -0.293935 -0.931614 0.213771
vn -0.293935 -0.931614 0.213771
vn -0.293935 -0.931614 0.213771
vn -0.293935 -0.931614 0.213771
vn 0.000000 -1.000000 0.000000
vn 0.000000 -1.000000 0.000000
vn 0.000000 -1.000000 0.000000
vn 0.000000 -1.000000 0.000000
vn 0.000000 -1.000000 0.000000
vn 0.000000 -1.000000 0.000000
vn 0.307247 -0.925023 -0.223453
vn 0.307247 -0.925023 -0.223453
vn 0.307247 -0.925023 -0.223453
vn 0.307247 -0.925023 -0.223453
vn 0.307247 -0.925023 -0.223453
vn 0.307247 -0.925023 -0.223453
vn 0.577788 -0.699704 -0.420209
vn 0.577788 -0.699704 -0.420209
vn 0.577788 -0.699704 -0.420209
vn 0.577788 -0.699704 -0.420209
vn 0.577788 -0.699704 -0.420209
vn 0.577788 -0.699704 -0.420209
vn 0.753430 -0.363449 -0.547949
vn 0.753430 -0.363449 -0.547949
vn 0.753430 -0.363449 -0.547949
vn 0.753430 -0.363449 -0.547949
vn 0.753430 -0.363449 -0.547949
vn 0.753430 -0.363449 -0.547949
vn 0.808736 0.000000 -0.588172
vn 0.808736 0.000000 -0.588172
vn 0.808736 0.000000 -0.588172
vn 0.808736 0.000000 -0.588172
vn 0.808736 0.000000 -0.588172
vn 0.808736 0.000000 -0.588172
vn 0.748100 0.379910 -0.544073
vn 0.794329 0.187915 -0.577694
vn 0.808736 0.000000 -0.588172
vn 0.794329 0.187915 -0.577694
vn 0.293935 0.931614 -0.213771
vn 0.437305 0.841198 -0.318040
vn 0.565876 0.714433 -0.411546
vn 0.437305 0.841198 -0.318040
vn 0.000000 1.000000 0.000000
vn 0.145272 0.983735 -0.105652
vn 0.145272 0.983735 -0.105652
vn -0.307247 0.925023 0.223453
vn -0.151974 0.982185 0.110526
vn -0.151974 0.982185 0.110526
vn -0.753430 0.363449 0.547949
vn -0.680307 0.540727 0.494769
vn -0.577788 0.699704 0.420209
vn -0.680307 0.540727 0.494769
vn -0.808736 0.000000 0.588172
vn -0.795582 0.179628 0.578605
vn -0.795582 0.179628 0.578605
vn -0.748100 -0.379910 0.544073
vn -0.794329 -0.187915 0.577694
vn -0.794329 -0.187915 0.577694
vn -0.293935 -0.931614 0.213771
vn -0.437305 -0.841198 0.318040
vn -0.565876 -0.714433 0.411546
vn -0.437305 -0.841198 0.318040
vn 0.000000 -1.000000 0.000000
vn -0.145272 -0.983735 0.105652
vn -0.145272 -0.983735 0.105652
vn 0.307247 -0.925023 -0.223453
vn 0.151974 -0.982185 -0.110526
vn 0.151974 -0.982185 -0.110526
vn 0.753430 -0.363449 -0.547949
vn 0.680307 -0.540727 -0.494769
vn 0.577788 -0.699704 -0.420209
vn 0.680307 -0.540727 -0.494769
vn 0.808736 0.000000 -0.588172
vn 0.795582 -0.179628 -0.578605
vn 0.795582 -0.179628 -0.578605
vn 0.808736 0.000000 -0.588172
vn 0.753430 -0.363449 -0.547949
vn 0.795582 -0.179628 -0.578605
vn 0.795582 -0.179628 -0.578605
vn 0.577788 -0.699704 -0.420209
vn 0.680307 -0.540727 -0.494769
vn 0.680307 -0.540727 -0.494769
vn 0.307247 -0.925023 -0.223453
vn 0.000000 -1.000000 0.000000
vn 0.151974 -0.982185 -0.110526
vn 0.151974 -0.982185 -0.110526
vn -0.293935 -0.931614 0.213771
vn -0.145272 -0.983735 0.105652
vn -0.145272 -0.983735 0.105652
vn -0.565876 -0.714433 0.411546
vn -0.437305 -0.841198 0.318040
vn -0.437305 -0.841198 0.318040
vn -0.748100 -0.379910 0.544073
vn -0.808736 0.000000 0.588172
vn -0.794329 -0.187915 0.577694
vn -0.794329 -0.187915 0.577694
vn -0.753430 0.363449 0.547949
vn -0.795582 0.179628 0.578605
vn -0.795582 0.179628 0.578605
vn -0.577788 0.699704 0.420209
vn -0.680307 0.540727 0.494769
vn -0.680307 0.540727 0.494769
vn -0.307247 0.925023 0.223453
vn 0.000000 1.000000 0.000000
vn -0.151974 0.982185 0.110526
vn -0.151974 0.982185 0.110526
vn 0.293935 0.931614 -0.213771
vn 0.145272 0.983735 -0.105652
vn 0.145272 0.983735 -0.105652
vn 0.565876 0.714433 -0.411546
vn 0.437305 0.841198 -0.318040
vn 0.437305 0.841198 -0.318040
vn 0.748100 0.379910 -0.544073
vn 0.808736 0.000000 -0.588172
vn 0.794329 0.187915 -0.577694
vn 0.794329 0.187915 -0.577694
vn -0.588172 0.000000 -0.808736
vn -0.588172 0.000000 -0.808736
vn -0.588172 0.000000 -0.808736
vn -0.588172 0.000000 -0.808736
vn -0.588172 0.000000 -0.808736
vn -0.588172 0.000000 -0.808736
vn -0.588172 0.000000 -0.808736
vn -0.588172 0.000000 -0.808736
vn -0.588172 0.000000 -0.808736
vn -0.588172 0.000000 -0.808736
vn -0.588172 0.000000 -0.808736
vn -0.588172 0.000000 -0.808736
vn -0.588172 0.000000 -0.808736
vn -0.588172 0.000000 -0.808736
vn -0.588172 0.000000 -0.808736
vn -0.588172 0.000000 -0.808736
vn -1.000000 0.000000 0.000000
vn -1.000000 0.000000 0.000000
vn -1.000000 0.000000 0.000000
vn -1.000000 0.000000 0.000000
vn -1.000000 0.000000 0.000000
vn -1.000000 0.000000 0.000000
vn -0.925023 -0.379910 0.000000
vn -0.925023 -0.379910 0.000000
vn -0.925023 -0.379910 0.000000
vn -0.925023 -0.379910 0.000000
vn -0.925023 -0.379910 0.000000
vn -0.699704 -0.714433 0.000000
vn -0.699704 -0.714433 0.000000
vn -0.699704 -0.714433 0.000000
vn -0.699704 -0.714433 0.000000
vn -0.699704 -0.714433 0.000000
vn -0.363449 -0.931614 0.000000
vn -0.363449 -0.931614 0.000000
vn -0.363449 -0.931614 0.000000
vn -0.363449 -0.931614 0.000000
vn -0.363449 -0.931614 0.000000
vn 0.000000 -1.000000 0.000000
vn 0.000000 -1.000000 0.000000
vn 0.000000 -1.000000 0.000000
vn 0.000000 -1.000000 0.000000
vn 0.000000 -1.000000 0.000000
vn 0.000000 -1.000000 0.000000
vn 0.379910 -0.925023 0.000000
vn 0.379910 -0.925023 0.000000
vn 0.379910 -0.925023 0.000000
vn 0.379910 -0.925023 0.000000
vn 0.379910 -0.925023 0.000000
vn 0.714433 -0.699704 0.000000
vn 0.714433 -0.699704 0.000000
vn 0.714433 -0.699704 0.000000
vn 0.714433 -0.699704 0.000000
vn 0.714433 -0.699704 0.000000
vn 0.931614 -0.363449 0.000000
vn 0.931614 -0.363449 0.000000
vn 0.931614 -0.363449 0.000000
vn 0.931614 -0.363449 0.000000
vn 0.931614 -0.363449 0.000000
vn 1.000000 0.000000 0.000000
vn 1.000000 0.000000 0.000000
vn 1.000000 0.000000 0.000000
vn 1.000000 0.000000 0.000000
vn 1.000000 0.000000 0.000000
vn 1.000000 0.000000 0.000000
vn 0.925023 0.379910 0.000000
vn 0.925023 0.379910 0.000000
vn 0.925023 0.379910 0.000000
vn 0.925023 0.379910 0.000000
vn 0.925023 0.379910 0.000000
vn 0.699704 0.714433 0.000000
vn 0.699704 0.714433 0.000000
vn 0.699704 0.714433 0.000000
vn 0.699704 0.714433 0.000000
vn 0.699704 0.714433 0.000000
vn 0.363449 0.931614 0.000000
vn 0.363449 0.931614 0.000000
vn 0.363449 0.931614 0.000000
vn 0.363449 0.931614 0.000000
vn 0.363449 0.931614 0.000000
vn 0.000000 1.000000 0.000000
vn 0.000000 1.000000 0.000000
vn 0.000000 1.000000 0.000000
vn 0.000000 1.000000 0.000000
vn 0.000000 1.000000 0.000000
vn 0.000000 1.000000 0.000000
vn -0.379910 0.925023 0.000000
vn -0.379910 0.925023 0.000000
vn -0.379910 0.925023 0.000000
vn -0.379910 0.925023 0.000000
vn -0.379910 0.925023 0.000000
vn -0.714433 0.699704 0.000000
vn -0.714433 0.699704 0.000000
vn -0.714433 0.699704 0.000000
vn -0.714433 0.699704 0.000000
vn -0.714433 0.699704 0.000000
vn -0.931614 0.363449 0.000000
vn -0.931614 0.363449 0.000000
vn -0.931614 0.363449 0.000000
vn -0.931614 0.363449 0.000000
vn -0.931614 0.363449 0.000000
vn -1.000000 0.000000 0.000000
vn -1.000000 0.000000 0.000000
vn -1.000000 0.000000 0.000000
vn -1.000000 0.000000 0.000000
vn -1.000000 0.000000 0.000000
vn -1.000000 0.000000 0.000000
vn -0.929788 -0.368095 0.000000
vn -0.707107 -0.707107 0.000000
vn -0.368095 -0.929788 0.000000
vn 0.368095 -0.929788 0.000000
vn 0.707107 -0.707107 0.000000
vn 0.929788 -0.368095 0.000000
vn 0.929788 0.368095 0.000000
vn 0.707107 0.707107 0.000000
vn 0.368095 0.929788 0.000000
vn -0.368095 0.929788 0.000000
vn -0.707107 0.707107 0.000000
vn -0.929788 0.368095 0.000000
vn -0.925023 -0.379910 0.000000
vn -0.982185 -0.187915 0.000000
vn -1.000000 0.000000 0.000000
vn -0.982185 -0.187915 0.000000
vn -0.699704 -0.714433 0.000000
vn -0.830523 -0.556985 0.000000
vn -0.830523 -0.556985 0.000000
vn -0.363449 -0.931614 0.000000
vn -0.540727 -0.841198 0.000000
vn -0.540727 -0.841198 0.000000
vn 0.379910 -0.925023 0.000000
vn 0.187915 -0.982185 0.000000
vn 0.000000 -1.000000 0.000000
vn 0.187915 -0.982185 0.000000
vn 0.714433 -0.699704 0.000000
vn 0.556985 -0.830523 0.000000
vn 0.556985 -0.830523 0.000000
vn 0.931614 -0.363449 0.000000
vn 0.841198 -0.540727 0.000000
vn 0.841198 -0.540727 0.000000
vn 0.925023 0.379910 0.000000
vn 0.982185 0.187915 0.000000
vn 1.000000 0.000000 0.000000
vn 0.982185 0.187915 0.000000
vn 0.699704 0.714433 0.000000
vn 0.830523 0.556985 0.000000
vn 0.830523 0.556985 0.000000
vn 0.363449 0.931614 0.000000
vn 0.540727 0.841198 0.000000
vn 0.540727 0.841198 0.000000
vn 0.000000 1.000000 0.000000
vn 0.179628 0.983735 0.000000
vn 0.179628 0.983735 0.000000
vn -0.379910 0.925023 0.000000
vn -0.187915 0.982185 0.000000
vn -0.187915 0.982185 0.000000
vn -0.714433 0.699704 0.000000
vn -0.556985 0.830523 0.000000
vn -0.556985 0.830523 0.000000
vn -0.931614 0.363449 0.000000
vn -0.841198 0.540727 0.000000
vn -0.841198 0.540727 0.000000
vn -1.000000 0.000000 0.000000
vn -0.983735 0.179628 0.000000
vn -0.983735 0.179628 0.000000
vn -1.000000 0.000000 0.000000
vn -0.931614 0.363449 0.000000
vn -0.983735 0.179628 0.000000
vn -0.983735 0.179628 0.000000
vn -0.714433 0.699704 0.000000
vn -0.841198 0.540727 0.000000
vn -0.841198 0.540727 0.000000
vn -0.379910 0.925023 0.000000
vn 0.000000 1.000000 0.000000
vn -0.187915 0.982185 0.000000
vn -0.187915 0.982185 0.000000
vn 0.363449 0.931614 0.000000
vn 0.179628 0.983735 0.000000
vn 0.179628 0.983735 0.000000
vn 0.699704 0.714433 0.000000
vn 0.540727 0.841198 0.000000
vn 0.540727 0.841198 0.000000
vn 0.925023 0.379910 0.000000
vn 1.000000 0.000000 0.000000
vn 0.982185 0.187915 0.000000
vn 0.982185 0.187915 0.000000
vn 0.931614 -0.363449 0.000000
vn 0.983735 -0.179628 0.000000
vn 0.983735 -0.179628 0.000000
vn 0.714433 -0.699704 0.000000
vn 0.841198 -0.540727 0.000000
vn 0.841198 -0.540727 0.000000
vn 0.379910 -0.925023 0.000000
vn 0.000000 -1.000000 0.000000
vn 0.187915 -0.982185 0.000000
vn 0.187915 -0.982185 0.000000
vn -0.363449 -0.931614 0.000000
vn -0.179628 -0.983735 0.000000
vn -0.179628 -0.983735 0.000000
vn -0.699704 -0.714433 0.000000
vn -0.540727 -0.841198 0.000000
vn -0.540727 -0.841198 0.000000
vn -0.925023 -0.379910 0.000000
vn -1.000000 0.000000 0.000000
vn -0.982185 -0.187915 0.000000
vn -0.982185 -0.187915 0.000000
vn 0.000000 0.000000 1.000000
vn 0.000000 0.000000 1.000000
vn 0.000000 0.000000 1.000000
vn 0.000000 0.000000 1.000000
vn 0.000000 0.000000 1.000000
vn 0.000000 0.000000 1.000000
vn 0.000000 0.000000 1.000000
vn 0.000000 0.000000 1.000000
vn 0.000000 0.000000 1.000000
vn 0.000000 0.000000 1.000000
vn 0.000000 0.000000 1.000000
vn 0.000000 0.000000 1.000000
vn 0.000000 0.000000 1.000000
vn 0.000000 0.000000 1.000000
vn 0.000000 0.000000 1.000000
vn 0.000000 0.000000 1.000000
vn 0.000000 0.000000 -1.000000
vn 0.000000 0.000000 -1.000000
vn 0.000000 0.000000 -1.000000
vn 0.000000 0.000000 -1.000000
vn 0.000000 0.000000 -1.000000
vn 0.000000 0.000000 -1.000000
vn 0.000000 0.000000 -1.000000
vn 0.000000 0.000000 -1.000000
vn 0.000000 0.000000 -1.000000
vn 0.000000 0.000000 -1.000000
vn 0.000000 0.000000 -1.000000
vn 0.000000 0.000000 -1.000000
vn 0.000000 0.000000 -1.000000
vn 0.000000 0.000000 -1.000000
vn 0.000000 0.000000 -1.000000
vn 0.000000 0.000000 -1.000000
vn 0.000000 0.000000 1.000000
vn 0.307674 0.000000 0.951492
vn 0.583299 0.000000 0.812258
vn 0.809040 0.000000 0.587753
vn 0.951061 0.000000 0.309004
vn 1.000000 0.000000 -0.000692
vn 0.950448 0.000000 -0.310883
vn 0.807144 0.000000 -0.590355
vn 0.588172 0.000000 -0.808736
vn 0.000000 0.000000 1.000000
vn 0.307674 0.000000 0.951492
vn 0.583299 0.000000 0.812258
vn 0.809040 0.000000 0.587753
vn 0.951061 0.000000 0.309004
vn 1.000000 0.000000 -0.000692
vn 0.950448 0.000000 -0.310883
vn 0.807144 0.000000 -0.590355
vn 0.588172 0.000000 -0.808736
vn 0.000000 0.000000 1.000000
vn 0.307674 0.000000 0.951492
vn 0.583299 0.000000 0.812258
vn 0.809040 0.000000 0.587753
vn 0.951061 0.000000 0.309004
vn 1.000000 0.000000 -0.000692
vn 0.950448 0.000000 -0.310883
vn 0.807144 0.000000 -0.590355
vn 0.588172 0.000000 -0.808736
vn 0.307674 0.000000 0.951492
vn 0.148298 0.000000 0.988943
vn 0.148298 0.000000 0.988943
vn 0.583299 0.000000 0.812258
vn 0.446407 0.000000 0.894830
vn 0.446407 0.000000 0.894830
vn 0.951061 0.000000 0.309004
vn 0.890577 0.000000 0.454833
vn 0.809040 0.000000 0.587753
vn 0.890577 0.000000 0.454833
vn 1.000000 0.000000 -0.000692
vn 0.987896 0.000000 0.155115
vn 0.987896 0.000000 0.155115
vn 0.807144 0.000000 -0.590355
vn 0.887455 0.000000 -0.460894
vn 0.950448 0.000000 -0.310883
vn 0.887455 0.000000 -0.460894
vn 0.700872 0.000000 -0.713287
vn 0.700872 0.000000 -0.713287
vn 0.807144 0.000000 -0.590355
vn 0.700872 0.000000 -0.713287
vn 0.950448 0.000000 -0.310883
vn 0.887455 0.000000 -0.460894
vn 1.000000 0.000000 -0.000692
vn 0.951061 0.000000 0.309004
vn 0.987896 0.000000 0.155115
vn 0.809040 0.000000 0.587753
vn 0.890577 0.000000 0.454833
vn 0.583299 0.000000 0.812258
vn 0.307674 0.000000 0.951492
vn 0.446407 0.000000 0.894830
vn 0.148298 0.000000 0.988943
vn 0.000000 0.000000 1.000000
vn -0.345834 0.000000 0.938296
vn -0.672107 0.000000 0.740454
vn -0.892836 0.000000 0.450383
vn -0.995015 0.000000 0.099722
vn -0.964368 0.000000 -0.264564
vn -0.808736 0.000000 -0.588172
vn 0.000000 0.000000 1.000000
vn -0.345834 0.000000 0.938296
vn -0.964368 0.000000 -0.264564
vn -0.808736 0.000000 -0.588172
vn 0.000000 0.000000 1.000000
vn -0.345834 0.000000 0.938296
vn -0.672107 0.000000 0.740454
vn -0.892836 0.000000 0.450383
vn -0.995015 0.000000 0.099722
vn -0.964368 0.000000 -0.264564
vn -0.808736 0.000000 -0.588172
vn -0.345834 0.000000 0.938296
vn -0.167969 0.000000 0.985792
vn -0.167969 0.000000 0.985792
vn -0.897652 0.000000 -0.440705
vn -0.964368 0.000000 -0.264564
vn -0.897652 0.000000 -0.440705
vn -0.964368 0.000000 -0.264564
vn -0.897652 0.000000 -0.440705
vn -0.345834 0.000000 0.938296
vn -0.167969 0.000000 0.985792
vn -0.892836 0.000000 0.450383
vn -0.995015 0.000000 0.099722
vn -0.808736 0.000000 -0.588172
vn -0.524647 0.000000 -0.851320
vn -0.145666 0.000000 -0.989334
vn 0.254014 0.000000 -0.967200
vn 0.588172 0.000000 -0.808736
vn -0.808736 0.000000 -0.588172
vn 0.588172 0.000000 -0.808736
vn -0.808736 0.000000 -0.588172
vn -0.524647 0.000000 -0.851320
vn -0.145666 0.000000 -0.989334
vn 0.254014 0.000000 -0.967200
vn 0.588172 0.000000 -0.808736
vn -0.145666 0.000000 -0.989334
vn 0.254014 0.000000 -0.967200
vn 0.588172 0.000000 -0.808736
vn 0.851320 0.000000 -0.524647
vn 0.989334 0.000000 -0.145666
vn 0.967200 0.000000 0.254014
vn 0.808736 0.000000 0.588172
vn 0.588172 0.000000 -0.808736
vn 0.808736 0.000000 0.588172
vn 0.588172 0.000000 -0.808736
vn 0.851320 0.000000 -0.524647
vn 0.989334 0.000000 -0.145666
vn 0.967200 0.000000 0.254014
vn 0.808736 0.000000 0.588172
vn 0.989334 0.000000 -0.145666
vn 0.967200 0.000000 0.254014
vn 0.588172 0.000000 -0.808736
vn 0.588172 0.000000 -0.808736
vn 0.705359 0.000000 -0.708850
vn 0.705359 0.000000 -0.708850
vn 0.670532 0.000000 -0.741881
vn 0.657655 0.000000 -0.753319
vn 0.670532 0.000000 -0.741881
vn -1.000000 0.000000 0.000000
vn -1.000000 0.000000 0.000000
vn -0.898599 0.000000 0.438770
vn -0.898599 0.000000 0.438770
vn -0.588172 0.000000 0.808736
vn -0.588172 0.000000 0.808736
vn -0.588172 0.000000 0.808736
vn -0.588172 0.000000 0.808736
vn -0.588172 0.000000 0.808736
vn -0.588172 0.000000 0.808736
vn -0.588172 0.000000 0.808736
vn -0.588172 0.000000 0.808736
vn -0.314646 0.000000 0.949209
vn -0.314646 0.000000 0.949209
vn 0.000000 0.000000 1.000000
vn 0.000000 0.000000 1.000000
vn 0.000000 0.000000 1.000000
vn 0.000000 0.000000 1.000000
vn 0.000000 0.000000 1.000000
vn -0.159135 0.000000 0.987257
vn -0.079579 0.000000 0.996829
vn -0.159135 0.000000 0.987257
vn -0.079579 0.000000 0.996829
vn -0.159135 0.000000 0.987257
vn -0.079579 0.000000 0.996829
vn 1.000000 0.000000 0.000000
vn 1.000000 0.000000 0.000000
vn 1.000000 0.000000 0.000000
vn 1.000000 0.000000 0.000000
vn 0.925023 0.379910 0.000000
vn 0.925023 0.379910 0.000000
vn 0.925023 0.379910 0.000000
vn 0.699704 0.714433 0.000000
vn 0.699704 0.714433 0.000000
vn 0.699704 0.714433 0.000000
vn 0.363449 0.931614 0.000000
vn 0.363449 0.931614 0.000000
vn 0.363449 0.931614 0.000000
vn 0.000000 1.000000 0.000000
vn 0.000000 1.000000 0.000000
vn 0.000000 1.000000 0.000000
vn -0.379910 0.925023 0.000000
vn -0.379910 0.925023 0.000000
vn -0.379910 0.925023 0.000000
vn -0.714433 0.699704 0.000000
vn -0.714433 0.699704 0.000000
vn -0.714433 0.699704 0.000000
vn -0.931614 0.363449 0.000000
vn -0.931614 0.363449 0.000000
vn -0.931614 0.363449 0.000000
vn -1.000000 0.000000 0.000000
vn -1.000000 0.000000 0.000000
vn -1.000000 0.000000 0.000000
vn -0.925023 -0.379910 0.000000
vn -0.925023 -0.379910 0.000000
vn -0.925023 -0.379910 0.000000
vn -0.699704 -0.714433 0.000000
vn -0.699704 -0.714433 0.000000
vn -0.699704 -0.714433 0.000000
vn -0.363449 -0.931614 0.000000
vn -0.363449 -0.931614 0.000000
vn -0.363449 -0.931614 0.000000
vn 0.000000 -1.000000 0.000000
vn 0.000000 -1.000000 0.000000
vn 0.000000 -1.000000 0.000000
vn 0.379910 -0.925023 0.000000
vn 0.379910 -0.925023 0.000000
vn 0.379910 -0.925023 0.000000
vn 0.714433 -0.699704 0.000000
vn 0.714433 -0.699704 0.000000
vn 0.714433 -0.699704 0.000000
vn 0.931614 -0.363449 0.000000
vn 0.931614 -0.363449 0.000000
vn 0.931614 -0.363449 0.000000
vn 1.000000 0.000000 0.000000
vn 1.000000 0.000000 0.000000
vn 1.000000 0.000000 0.000000
vn 1.000000 0.000000 0.000000
vn 0.929788 0.368095 0.000000
vn 0.707107 0.707107 0.000000
vn 0.368095 0.929788 0.000000
vn 0.000000 1.000000 0.000000
vn -0.368095 0.929788 0.000000
vn -0.707107 0.707107 0.000000
vn -0.929788 0.368095 0.000000
vn -1.000000 0.000000 0.000000
vn -0.929788 -0.368095 0.000000
vn -0.707107 -0.707107 0.000000
vn -0.368095 -0.929788 0.000000
vn 0.000000 -1.000000 0.000000
vn 0.368095 -0.929788 0.000000
vn 0.707107 -0.707107 0.000000
vn 0.929788 -0.368095 0.000000
vn 0.925023 0.379910 0.000000
vn 0.982185 0.187915 0.000000
vn 1.000000 0.000000 0.000000
vn 0.982185 0.187915 0.000000
vn 0.699704 0.714433 0.000000
vn 0.830523 0.556985 0.000000
vn 0.830523 0.556985 0.000000
vn 0.363449 0.931614 0.000000
vn 0.540727 0.841198 0.000000
vn 0.540727 0.841198 0.000000
vn 0.000000 1.000000 0.000000
vn 0.179628 0.983735 0.000000
vn 0.179628 0.983735 0.000000
vn -0.379910 0.925023 0.000000
vn -0.187915 0.982185 0.000000
vn -0.187915 0.982185 0.000000
vn -0.714433 0.699704 0.000000
vn -0.556985 0.830523 0.000000
vn -0.556985 0.830523 0.000000
vn -0.931614 0.363449 0.000000
vn -0.841198 0.540727 0.000000
vn -0.841198 0.540727 0.000000
vn -1.000000 0.000000 0.000000
vn -0.983735 0.179628 0.000000
vn -0.983735 0.179628 0.000000
vn -0.925023 -0.379910 0.000000
vn -0.982185 -0.187915 0.000000
vn -0.982185 -0.187915 0.000000
vn -0.699704 -0.714433 0.000000
vn -0.830523 -0.556985 0.000000
vn -0.830523 -0.556985 0.000000
vn -0.363449 -0.931614 0.000000
vn -0.540727 -0.841198 0.000000
vn -0.540727 -0.841198 0.000000
vn 0.000000 -1.000000 0.000000
vn -0.179628 -0.983735 0.000000
vn -0.179628 -0.983735 0.000000
vn 0.379910 -0.925023 0.000000
vn 0.187915 -0.982185 0.000000
vn 0.187915 -0.982185 0.000000
vn 0.714433 -0.699704 0.000000
vn 0.556985 -0.830523 0.000000
vn 0.556985 -0.830523 0.000000
vn 0.931614 -0.363449 0.000000
vn 0.841198 -0.540727 0.000000
vn 0.841198 -0.540727 0.000000
vn 1.000000 0.000000 0.000000
vn 0.983735 -0.179628 0.000000
vn 0.983735 -0.179628 0.000000
vn 1.000000 0.000000 0.000000
vn 0.931614 -0.363449 0.000000
vn 0.983735 -0.179628 0.000000
vn 0.983735 -0.179628 0.000000
vn 0.714433 -0.699704 0.000000
vn 0.841198 -0.540727 0.000000
vn 0.841198 -0.540727 0.000000
vn 0.379910 -0.925023 0.000000
vn 0.000000 -1.000000 0.000000
vn 0.187915 -0.982185 0.000000
vn 0.187915 -0.982185 0.000000
vn -0.363449 -0.931614 0.000000
vn -0.179628 -0.983735 0.000000
vn -0.179628 -0.983735 0.000000
vn -0.699704 -0.714433 0.000000
vn -0.540727 -0.841198 0.000000
vn -0.540727 -0.841198 0.000000
vn -0.925023 -0.379910 0.000000
vn -1.000000 0.000000 0.000000
vn -0.982185 -0.187915 0.000000
vn -0.982185 -0.187915 0.000000
vn -0.931614 0.363449 0.000000
vn -0.983735 0.179628 0.000000
vn -0.983735 0.179628 0.000000
vn -0.714433 0.699704 0.000000
vn -0.841198 0.540727 0.000000
vn -0.841198 0.540727 0.000000
vn -0.379910 0.925023 0.000000
vn 0.000000 1.000000 0.000000
vn -0.187915 0.982185 0.000000
vn -0.187915 0.982185 0.000000
vn 0.363449 0.931614 0.000000
vn 0.179628 0.983735 0.000000
vn 0.179628 0.983735 0.000000
vn 0.699704 0.714433 0.000000
vn 0.540727 0.841198 0.000000
vn 0.540727 0.841198 0.000000
vn 0.925023 0.379910 0.000000
vn 1.000000 0.000000 0.000000
vn 0.982185 0.187915 0.000000
vn 0.982185 0.187915 0.000000
vn 0.000000 0.000000 -1.000000
vn 0.000000 0.000000 -1.000000
vn 0.000000 0.000000 -1.000000
vn 0.000000 0.000000 -1.000000
vn 0.000000 0.000000 -1.000000
vn 0.000000 0.000000 -1.000000
vn 0.000000 0.000000 -1.000000
vn 0.000000 0.000000 -1.000000
vn 0.000000 0.000000 -1.000000
vn 0.000000 0.000000 -1.000000
vn 0.000000 0.000000 -1.000000
vn 0.000000 0.000000 -1.000000
vn 0.000000 0.000000 -1.000000
vn 0.000000 0.000000 -1.000000
vn 0.000000 0.000000 -1.000000
vn 0.000000 0.000000 -1.000000
vn 0.000000 0.000000 1.000000
vn 0.000000 0.000000 1.000000
vn 0.000000 0.000000 1.000000
vn 0.000000 0.000000 1.000000
vn 0.000000 0.000000 1.000000
vn 0.000000 0.000000 1.000000
vn 0.000000 0.000000 1.000000
vn 0.000000 0.000000 1.000000
vn 0.000000 0.000000 1.000000
vn 0.000000 0.000000 1.000000
vn 0.000000 0.000000 1.000000
vn 0.000000 0.000000 1.000000
vn 0.000000 0.000000 1.000000
vn 0.000000 0.000000 1.000000
vn 0.000000 0.000000 1.000000
vn 0.000000 0.000000 1.000000
vn 0.588172 0.000000 -0.808736
vn 0.588172 0.000000 -0.808736
vn 0.588172 0.000000 -0.808736
vn 0.588172 0.000000 -0.808736
vn 0.588172 0.000000 -0.808736
vn -0.925023 0.379910 0.000000
vn -0.699704 0.714433 0.000000
vn -0.699704 0.714433 0.000000
vn -0.699704 0.714433 0.000000
vn -0.363449 0.931614 0.000000
vn -0.363449 0.931614 0.000000
vn -0.363449 0.931614 0.000000
vn -0.363449 0.931614 0.000000
vn 0.000000 1.000000 0.000000
vn 0.000000 1.000000 0.000000
vn 0.000000 1.000000 0.000000
vn 0.000000 1.000000 0.000000
vn 0.379910 0.925023 0.000000
vn 0.379910 0.925023 0.000000
vn 0.379910 0.925023 0.000000
vn 0.379910 0.925023 0.000000
vn 0.714433 0.699704 0.000000
vn 0.714433 0.699704 0.000000
vn 0.714433 0.699704 0.000000
vn 0.714433 0.699704 0.000000
vn 0.931614 0.363449 0.000000
vn 0.931614 0.363449 0.000000
vn 0.931614 0.363449 0.000000
vn 0.931614 0.363449 0.000000
vn 1.000000 0.000000 0.000000
vn 1.000000 0.000000 0.000000
vn 1.000000 0.000000 0.000000
vn 1.000000 0.000000 0.000000
vn 0.925023 -0.379910 0.000000
vn 0.925023 -0.379910 0.000000
vn 0.925023 -0.379910 0.000000
vn 0.925023 -0.379910 0.000000
vn 0.699704 -0.714433 0.000000
vn 0.699704 -0.714433 0.000000
vn 0.699704 -0.714433 0.000000
vn 0.699704 -0.714433 0.000000
vn 0.363449 -0.931614 0.000000
vn 0.363449 -0.931614 0.000000
vn 0.363449 -0.931614 0.000000
vn 0.363449 -0.931614 0.000000
vn 0.000000 -1.000000 0.000000
vn 0.000000 -1.000000 0.000000
vn 0.000000 -1.000000 0.000000
vn 0.000000 -1.000000 0.000000
vn -0.379910 -0.925023 0.000000
vn -0.379910 -0.925023 0.000000
vn -0.379910 -0.925023 0.000000
vn -0.379910 -0.925023 0.000000
vn -0.714433 -0.699704 0.000000
vn -0.714433 -0.699704 0.000000
vn -0.714433 -0.699704 0.000000
vn -0.931614 -0.363449 0.000000
vn -1.000000 0.000000 0.000000
vn -0.964008 0.265874 0.000000
vn -0.866025 0.500000 0.000000
vn -0.982185 0.187915 0.000000
vn -0.925023 0.379910 0.000000
vn -1.000000 0.000000 0.000000
vn -0.982185 0.187915 0.000000
vn -0.983735 -0.179628 0.000000
vn -0.958788 0.284124 0.000000
vn -0.699704 0.714433 0.000000
vn -0.830523 0.556985 0.000000
vn -0.830523 0.556985 0.000000
vn -0.830523 0.556985 0.000000
vn -0.882581 0.470161 0.000000
vn -0.699704 0.714433 0.000000
vn -0.830523 0.556985 0.000000
vn -0.830523 0.556985 0.000000
vn -0.866025 -0.500000 0.000000
vn -0.964008 -0.265874 0.000000
vn -1.000000 0.000000 0.000000
vn -0.841198 -0.540727 0.000000
vn -0.714433 -0.699704 0.000000
vn -0.841198 -0.540727 0.000000
vn -0.891184 -0.453642 0.000000
vn -0.841198 -0.540727 0.000000
vn -0.931614 -0.363449 0.000000
vn -0.714433 -0.699704 0.000000
vn -0.841198 -0.540727 0.000000
vn -0.962399 -0.271639 0.000000
vn -1.000000 0.000000 0.000000
vn -0.983735 -0.179628 0.000000
vn -0.866025 0.500000 0.000000
vn -0.866025 0.500000 0.000000
vn -0.866025 -0.500000 0.000000
vn -0.866025 -0.500000 0.000000
vn 0.000000 1.000000 0.000000
vn -0.179628 0.983735 0.000000
vn -0.363449 0.931614 0.000000
vn -0.179628 0.983735 0.000000
vn 0.379910 0.925023 0.000000
vn 0.187915 0.982185 0.000000
vn 0.187915 0.982185 0.000000
vn 0.931614 0.363449 0.000000
vn 0.841198 0.540727 0.000000
vn 0.714433 0.699704 0.000000
vn 0.841198 0.540727 0.000000
vn 1.000000 0.000000 0.000000
vn 0.983735 0.179628 0.000000
vn 0.983735 0.179628 0.000000
vn 0.925023 -0.379910 0.000000
vn 0.982185 -0.187915 0.000000
vn 0.982185 -0.187915 0.000000
vn 0.363449 -0.931614 0.000000
vn 0.540727 -0.841198 0.000000
vn 0.699704 -0.714433 0.000000
vn 0.540727 -0.841198 0.000000
vn 0.000000 -1.000000 0.000000
vn 0.179628 -0.983735 0.000000
vn 0.179628 -0.983735 0.000000
vn -0.379910 -0.925023 0.000000
vn -0.187915 -0.982185 0.000000
vn -0.187915 -0.982185 0.000000
vn -0.841198 -0.540727 0.000000
vn -0.782049 -0.623217 0.000000
vn -0.714433 -0.699704 0.000000
vn -0.782049 -0.623217 0.000000
vn -0.556985 -0.830523 0.000000
vn -0.556985 -0.830523 0.000000
vn -0.865330 -0.501202 0.000000
vn -0.866025 0.500000 0.000000
vn -0.379910 -0.925023 0.000000
vn 0.000000 -1.000000 0.000000
vn -0.187915 -0.982185 0.000000
vn -0.187915 -0.982185 0.000000
vn 0.363449 -0.931614 0.000000
vn 0.179628 -0.983735 0.000000
vn 0.179628 -0.983735 0.000000
vn 0.699704 -0.714433 0.000000
vn 0.540727 -0.841198 0.000000
vn 0.540727 -0.841198 0.000000
vn 0.925023 -0.379910 0.000000
vn 1.000000 0.000000 0.000000
vn 0.982185 -0.187915 0.000000
vn 0.982185 -0.187915 0.000000
vn 0.931614 0.363449 0.000000
vn 0.983735 0.179628 0.000000
vn 0.983735 0.179628 0.000000
vn 0.714433 0.699704 0.000000
vn 0.841198 0.540727 0.000000
vn 0.841198 0.540727 0.000000
vn 0.379910 0.925023 0.000000
vn 0.000000 1.000000 0.000000
vn 0.187915 0.982185 0.000000
vn 0.187915 0.982185 0.000000
vn -0.363449 0.931614 0.000000
vn -0.179628 0.983735 0.000000
vn -0.179628 0.983735 0.000000
vn -0.699704 0.714433 0.000000
vn -0.830523 0.556985 0.000000
vn -0.699704 0.714433 0.000000
vn -0.830523 0.556985 0.000000
vn -0.769308 0.638879 0.000000
vn -0.769308 0.638879 0.000000
vn -0.540727 0.841198 0.000000
vn -0.540727 0.841198 0.000000
vn -0.866025 0.500000 0.000000
vn -0.961353 0.275319 0.000000
vn -1.000000 0.000000 0.000000
vn -1.000000 0.000000 0.000000
vn -0.961353 -0.275319 0.000000
vn -0.866025 -0.500000 0.000000
vn -0.866025 0.500000 0.000000
vn -0.865678 -0.500601 0.000000
vn 0.000000 0.000000 1.000000
vn 0.000000 0.000000 1.000000
vn 0.000000 0.000000 1.000000
vn 0.000000 0.000000 1.000000
vn 0.000000 0.000000 1.000000
vn 0.000000 0.000000 1.000000
vn 0.808736 0.000000 0.588172
vn 0.808736 0.000000 0.588172
vn 0.808736 0.000000 0.588172
vn 0.808736 0.000000 0.588172
vn 0.808736 0.000000 0.588172
vn 0.808736 0.000000 0.588172
vn 0.808736 0.000000 0.588172
vn 0.808736 0.000000 0.588172
vn -0.808736 0.000000 -0.588172
vn -0.808736 0.000000 -0.588172
vn -0.808736 0.000000 -0.588172
vn -0.808736 0.000000 -0.588172
vn -0.808736 0.000000 -0.588172
vn -0.808736 0.000000 -0.588172
vn 0.588172 0.000000 -0.808736
vn 0.588172 0.000000 -0.808736
vn 0.588172 0.000000 -0.808736
vn 0.588172 0.000000 -0.808736
vn 0.588172 0.000000 -0.808736
vn 0.588172 0.000000 -0.808736
vn 0.000000 1.000000 0.000000
vn 0.000000 1.000000 0.000000
vn 0.000000 1.000000 0.000000
vn 0.000000 1.000000 0.000000
vn 0.000000 1.000000 0.000000
vn 0.000000 1.000000 0.000000
vn 0.000000 1.000000 0.000000
vn 0.000000 1.000000 0.000000
vn 0.000000 1.000000 0.000000
vn 0.000000 1.000000 0.000000
vn 0.000000 1.000000 0.000000
vn 0.000000 1.000000 0.000000
vn 0.000000 1.000000 0.000000
vn 0.000000 1.000000 0.000000
vn 0.000000 1.000000 0.000000
vn 0.000000 1.000000 0.000000
vn 0.000000 1.000000 0.000000
vn 0.000000 1.000000 0.000000
vn 0.000000 1.000000 0.000000
vn 0.000000 1.000000 0.000000
vn 0.000000 1.000000 0.000000
vn 0.000000 1.000000 0.000000
vn 0.000000 1.000000 0.000000
vn 0.000000 1.000000 0.000000
vn 0.000000 1.000000 0.000000
vn 0.000000 1.000000 0.000000
vn 0.000000 1.000000 0.000000
vn 0.000000 1.000000 0.000000
vn 0.000000 1.000000 0.000000
vn 0.000000 1.000000 0.000000
vn 0.000000 1.000000 0.000000
vn 0.000000 1.000000 0.000000
vn 0.000000 1.000000 0.000000
vn 0.000000 1.000000 0.000000
vn 0.000000 1.000000 0.000000
vn 0.000000 1.000000 0.000000
vn 0.000000 1.000000 0.000000
vn 0.000000 1.000000 0.000000
vn 0.000000 1.000000 0.000000
vn 0.000000 1.000000 0.000000
vn 0.000000 1.000000 0.000000
vn 0.000000 1.000000 0.000000
vn 0.000000 -1.000000 0.000000
vn 0.000000 -1.000000 0.000000
vn 0.000000 -1.000000 0.000000
vn 0.000000 -1.000000 0.000000
vn 0.000000 -1.000000 0.000000
vn 0.000000 -1.000000 0.000000
vn 0.000000 -1.000000 0.000000
vn 0.000000 -1.000000 0.000000
vn 0.000000 -1.000000 0.000000
vn 0.000000 -1.000000 0.000000
vn 0.000000 -1.000000 0.000000
vn 0.000000 -1.000000 0.000000
vn 0.000000 -1.000000 0.000000
vn 0.000000 -1.000000 0.000000
vn 0.000000 -1.000000 0.000000
vn 0.000000 -1.000000 0.000000
vn 0.000000 -1.000000 0.000000
vn 0.000000 -1.000000 0.000000
vn 0.000000 -1.000000 0.000000
vn 0.000000 -1.000000 0.000000
vn 0.000000 -1.000000 0.000000
vn 0.000000 -1.000000 0.000000
vn 0.000000 -1.000000 0.000000
vn 0.000000 -1.000000 0.000000
vn 0.000000 -1.000000 0.000000
vn 0.000000 -1.000000 0.000000
vn 0.000000 -1.000000 0.000000
vn 0.000000 -1.000000 0.000000
vn 0.000000 -1.000000 0.000000
vn 0.000000 -1.000000 0.000000
vn 0.000000 -1.000000 0.000000
vn 0.000000 -1.000000 0.000000
vn 0.000000 -1.000000 0.000000
vn 0.000000 -1.000000 0.000000
vn 0.000000 -1.000000 0.000000
vn 0.000000 -1.000000 0.000000
vn 0.000000 -1.000000 0.000000
vn 0.000000 -1.000000 0.000000
vn 0.000000 -1.000000 0.000000
vn 0.000000 -1.000000 0.000000
vn 0.000000 -1.000000 0.000000
vn 0.000000 -1.000000 0.000000
vn 0.000000 1.000000 0.000000
vn 0.000000 1.000000 0.000000
vn 0.000000 1.000000 0.000000
vn 0.000000 1.000000 0.000000
vn 0.000000 0.000000 -1.000000
vn 0.000000 0.000000 -1.000000
vn 0.000000 0.000000 -1.000000
vn 0.000000 0.000000 -1.000000
vn 0.000000 1.000000 0.000000
vn 0.000000 1.000000 0.000000
vn 0.000000 1.000000 0.000000
vn 0.000000 1.000000 0.000000
vn 0.000000 0.000000 1.000000
vn 0.000000 0.000000 1.000000
vn 0.000000 0.000000 1.000000
vn 0.000000 0.000000 1.000000
vn 0.000000 1.000000 0.000000
vn 0.000000 1.000000 0.000000
vn 0.000000 1.000000 0.000000
vn 0.000000 1.000000 0.000000
vn 0.000000 -1.000000 0.000000
vn 0.000000 -1.000000 0.000000
vn 0.000000 -1.000000 0.000000
vn 0.000000 -1.000000 0.000000
vn 0.000000 -1.000000 0.000000
vn 0.000000 0.000000 1.000000
vn 0.000000 0.000000 1.000000
vn 0.000000 0.000000 1.000000
vn 0.000000 0.000000 1.000000
vn 0.000000 -1.000000 0.000000
vn 0.000000 -1.000000 0.000000
vn 0.000000 -1.000000 0.000000
vn 0.000000 -1.000000 0.000000
vn 0.000000 0.000000 -1.000000
vn 0.000000 0.000000 -1.000000
vn 0.000000 0.000000 -1.000000
vn 0.000000 0.000000 -1.000000
vn 0.000000 -1.000000 0.000000
vn 0.000000 -1.000000 0.000000
vn 0.000000 -1.000000 0.000000
vn 0.000000 -1.000000 0.000000
vn 0.000000 0.000000 1.000000
vn 0.000000 0.000000 1.000000
vn 0.000000 0.000000 1.000000
vn 0.000000 0.000000 1.000000
vn 0.000000 0.000000 1.000000
vn 0.000000 0.000000 1.000000
vn 0.000000 0.000000 1.000000
vn 0.000000 0.000000 1.000000
vn 0.000000 0.000000 1.000000
vn 0.000000 0.000000 1.000000
vn 0.000000 0.000000 1.000000
vn 0.000000 0.000000 1.000000
vn 0.000000 0.000000 -1.000000
vn 0.000000 0.000000 -1.000000
vn 0.000000 0.000000 -1.000000
vn 0.000000 0.000000 -1.000000
vn 0.000000 0.000000 -1.000000
vn 0.000000 0.000000 -1.000000
vn 0.000000 0.000000 -1.000000
vn 0.000000 0.000000 -1.000000
vn 0.000000 0.000000 -1.000000
vn 0.000000 0.000000 -1.000000
vn 0.000000 0.000000 -1.000000
vn 0.000000 0.000000 -1.000000
vn 0.000000 0.000000 -1.000000
vn 0.000000 0.000000 -1.000000
vn 0.000000 0.000000 -1.000000
vn 0.000000 0.000000 -1.000000
vn 0.000000 0.000000 -1.000000
vn 0.000000 0.000000 -1.000000
vn 0.000000 0.000000 -1.000000
vn 0.000000 0.000000 -1.000000
vn 0.000000 0.000000 -1.000000
vn 0.000000 0.000000 -1.000000
vn 0.000000 0.000000 -1.000000
vn 0.000000 0.000000 -1.000000
vn 0.000000 0.000000 -1.000000
vn 0.000000 0.000000 -1.000000
vn 0.000000 0.000000 -1.000000
vn 0.000000 0.000000 -1.000000
vn 0.000000 0.000000 -1.000000
vn 0.000000 0.000000 -1.000000
vn 0.000000 0.000000 -1.000000
vn 0.000000 0.000000 -1.000000
vn 0.000000 0.000000 -1.000000
vn 0.000000 0.000000 -1.000000
vn 0.000000 0.000000 -1.000000
vn 0.000000 0.000000 -1.000000
vn 0.000000 0.000000 -1.000000
vn 0.000000 0.000000 -1.000000
vn 0.000000 0.000000 -1.000000
vn 0.000000 0.000000 -1.000000
vn 0.000000 0.000000 -1.000000
vn 0.000000 0.000000 -1.000000
vn 0.000000 0.000000 -1.000000
vn 0.000000 0.000000 -1.000000
vn 0.000000 0.000000 -1.000000
f 2/2/2 7/7/7 1/1/1
f 3/3/3 1/1/1 7/7/7
f 3/3/3 6/6/6 5/5/5 4/4/4
f 7/7/7 6/6/6 3/3/3
f 9/9/9 12/12/12 8/8/8
f 14/14/14 12/12/12 9/9/9
f 13/13/13 14/14/14 11/11/11 10/10/10
f 12/12/12 14/14/14 13/13/13
f 20/20/20 19/19/19 15/15/15 16/16/16
f 19/19/19 20/20/20 18/18/18 17/17/17
f 22/22/22 27/27/27 21/21/21
f 25/25/25 21/21/21 27/27/27
f 25/25/25 26/26/26 24/24/24 23/23/23
f 27/27/27 26/26/26 25/25/25
f 29/29/29 35/35/35 28/28/28
f 29/29/29 30/30/30 31/31/31
f 36/36/36 35/35/35 29/29/29
f 33/33/33 32/32/32 36/36/36
f 34/34/34 33/33/33 31/31/31
f 33/33/33 29/29/29 31/31/31
f 36/36/36 29/29/29 33/33/33
f 38/38/38 43/43/43 37/37/37
f 39/39/39 37/37/37 43/43/43
f 39/39/39 42/42/42 41/41/41 40/40/40
f 43/43/43 42/42/42 39/39/39
f 44/44/44 45/45/45 50/50/50 48/48/48
f 47/47/47 46/46/46 49/49/49
f 49/49/49 50/50/50 47/47/47
f 48/48/48 50/50/50 49/49/49
f 53/53/53 56/56/56 51/51/51 52/52/52
f 56/56/56 53/53/53 55/55/55 54/54/54
f 58/58/58 62/62/62 61/61/61 57/57/57
f 59/59/59 61/61/61 62/62/62 60/60/60
f 67/67/67 63/63/63 64/64/64
f 66/66/66 65/65/65 67/67/67
f 64/64/64 66/66/66 67/67/67
f 69/69/69 68/68/68 74/74/74
f 70/70/70 74/74/74 68/68/68
f 70/70/70 71/71/71 72/72/72 73/73/73
f 74/74/74 70/70/70 73/73/73
f 76/76/76 75/75/75 79/79/79
f 81/81/81 76/76/76 79/79/79
f 80/80/80 77/77/77 78/78/78 81/81/81
f 79/79/79 80/80/80 81/81/81
f 83/83/83 82/82/82 86/86/86 87/87/87
f 84/84/84 85/85/85 87/87/87 86/86/86
f 89/89/89 88/88/88 94/94/94
f 92/92/92 94/94/94 88/88/88
f 92/92/92 90/90/90 91/91/91 93/93/93
f 94/94/94 92/92/92 93/93/93
f 96/96/96 95/95/95 100/100/100
f 97/97/97 96/96/96 100/100/100
f 101/101/101 98/98/98 99/99/99 97/97/97
f 100/100/100 101/101/101 97/97/97
f 106/106/106 103/103/103 102/102/102
f 105/105/105 106/106/106 104/104/104
f 102/102/102 104/104/104 106/106/106
f 112/112/112 108/108/108 107/107/107 111/111/111
f 111/111/111 109/109/109 110/110/110 112/112/112
f 113/113/113 117/117/117 118/118/118 114/114/114
f 116/116/116 118/118/118 117/117/117 115/115/115
f 124/124/124 120/120/120 119/119/119 123/123/123
f 123/123/123 121/121/121 122/122/122 124/124/124
f 129/129/129 126/126/126 125/125/125
f 128/128/128 129/129/129 127/127/127
f 126/126/126 129/129/129 128/128/128
f 137/137/137 333/333/333 337/337/337 335/335/335
f 335/335/335 337/337/337 336/336/336 136/136/136
f 138/138/138 330/330/330 334/334/334 332/332/332
f 332/332/332 334/334/334 333/333/333 137/137/137
f 139/139/139 327/327/327 331/331/331 329/329/329
f 329/329/329 331/331/331 330/330/330 138/138/138
f 140/140/140 326/326/326 328/328/328 325/325/325
f 325/325/325 328/328/328 327/327/327 139/139/139
f 144/144/144 132/132/132 131/131/131 143/143/143
f 362/362/362 361/361/361 359/359/359
f 146/146/146 353/353/353 362/362/362
f 359/359/359 146/146/146 362/362/362
f 353/353/353 357/357/357 364/364/364 362/362/362
f 362/362/362 364/364/364 363/363/363 361/361/361
f 359/359/359 361/361/361 360/360/360 145/145/145
f 147/147/147 347/347/347 354/354/354 352/352/352
f 354/354/354 356/356/356 358/358/358 355/355/355
f 355/355/355 358/358/358 357/357/357 353/353/353
f 355/355/355 353/353/353 146/146/146
f 352/352/352 354/354/354 355/355/355
f 146/146/146 352/352/352 355/355/355
f 349/349/349 348/348/348 346/346/346
f 148/148/148 340/340/340 349/349/349
f 346/346/346 148/148/148 349/349/349
f 340/340/340 344/344/344 351/351/351 349/349/349
f 349/349/349 351/351/351 350/350/350 348/348/348
f 346/346/346 348/348/348 347/347/347 147/147/147
f 149/149/149 339/339/339 341/341/341 338/338/338
f 341/341/341 343/343/343 345/345/345 342/342/342
f 342/342/342 345/345/345 344/344/344 340/340/340
f 342/342/342 340/340/340 148/148/148
f 338/338/338 341/341/341 342/342/342
f 148/148/148 338/338/338 342/342/342
f 151/151/151 134/134/134 133/133/133 150/150/150
f 152/152/152 135/135/135 134/134/134 151/151/151
f 153/153/153 136/136/136 135/135/135 152/152/152
f 335/335/335 136/136/136 153/153/153
f 154/154/154 137/137/137 335/335/335
f 153/153/153 154/154/154 335/335/335
f 332/332/332 137/137/137 154/154/154
f 155/155/155 138/138/138 332/332/332
f 154/154/154 155/155/155 332/332/332
f 329/329/329 138/138/138 155/155/155
f 156/156/156 139/139/139 329/329/329
f 155/155/155 156/156/156 329/329/329
f 325/325/325 139/139/139 156/156/156
f 157/157/157 140/140/140 325/325/325
f 156/156/156 157/157/157 325/325/325
f 158/158/158 141/141/141 140/140/140 157/157/157
f 159/159/159 142/142/142 141/141/141 158/158/158
f 161/161/161 144/144/144 143/143/143 160/160/160
f 162/162/162 145/145/145 144/144/144 161/161/161
f 359/359/359 145/145/145 162/162/162
f 163/163/163 146/146/146 359/359/359
f 162/162/162 163/163/163 359/359/359
f 352/352/352 146/146/146 163/163/163
f 164/164/164 147/147/147 352/352/352
f 163/163/163 164/164/164 352/352/352
f 346/346/346 147/147/147 164/164/164
f 165/165/165 148/148/148 346/346/346
f 164/164/164 165/165/165 346/346/346
f 338/338/338 148/148/148 165/165/165
f 166/166/166 149/149/149 338/338/338
f 165/165/165 166/166/166 338/338/338
f 167/167/167 150/150/150 149/149/149 166/166/166
f 168/168/168 151/151/151 150/150/150 167/167/167
f 169/169/169 152/152/152 151/151/151 168/168/168
f 170/170/170 153/153/153 152/152/152 169/169/169
f 171/171/171 154/154/154 153/153/153 170/170/170
f 172/172/172 155/155/155 154/154/154 171/171/171
f 173/173/173 156/156/156 155/155/155 172/172/172
f 174/174/174 157/157/157 156/156/156 173/173/173
f 175/175/175 158/158/158 157/157/157 174/174/174
f 176/176/176 159/159/159 158/158/158 175/175/175
f 178/178/178 161/161/161 160/160/160 177/177/177
f 179/179/179 162/162/162 161/161/161 178/178/178
f 180/180/180 163/163/163 162/162/162 179/179/179
f 181/181/181 164/164/164 163/163/163 180/180/180
f 182/182/182 165/165/165 164/164/164 181/181/181
f 183/183/183 166/166/166 165/165/165 182/182/182
f 184/184/184 167/167/167 166/166/166 183/183/183
f 185/185/185 168/168/168 167/167/167 184/184/184
f 186/186/186 169/169/169 168/168/168 185/185/185
f 187/187/187 170/170/170 169/169/169 186/186/186
f 188/188/188 171/171/171 170/170/170 187/187/187
f 189/189/189 172/172/172 171/171/171 188/188/188
f 190/190/190 173/173/173 172/172/172 189/189/189
f 191/191/191 174/174/174 173/173/173 190/190/190
f 192/192/192 175/175/175 174/174/174 191/191/191
f 193/193/193 176/176/176 175/175/175 192/192/192
f 195/195/195 178/178/178 177/177/177 194/194/194
f 196/196/196 179/179/179 178/178/178 195/195/195
f 197/197/197 180/180/180 179/179/179 196/196/196
f 198/198/198 181/181/181 180/180/180 197/197/197
f 199/199/199 182/182/182 181/181/181 198/198/198
f 200/200/200 183/183/183 182/182/182 199/199/199
f 201/201/201 184/184/184 183/183/183 200/200/200
f 202/202/202 185/185/185 184/184/184 201/201/201
f 203/203/203 186/186/186 185/185/185 202/202/202
f 204/204/204 187/187/187 186/186/186 203/203/203
f 205/205/205 188/188/188 187/187/187 204/204/204
f 206/206/206 189/189/189 188/188/188 205/205/205
f 207/207/207 190/190/190 189/189/189 206/206/206
f 208/208/208 191/191/191 190/190/190 207/207/207
f 209/209/209 192/192/192 191/191/191 208/208/208
f 210/210/210 193/193/193 192/192/192 209/209/209
f 212/212/212 195/195/195 194/194/194 211/211/211
f 213/213/213 196/196/196 195/195/195 212/212/212
f 214/214/214 197/197/197 196/196/196 213/213/213
f 215/215/215 198/198/198 197/197/197 214/214/214
f 216/216/216 199/199/199 198/198/198 215/215/215
f 217/217/217 200/200/200 199/199/199 216/216/216
f 218/218/218 201/201/201 200/200/200 217/217/217
f 219/219/219 202/202/202 201/201/201 218/218/218
f 220/220/220 203/203/203 202/202/202 219/219/219
f 221/221/221 204/204/204 203/203/203 220/220/220
f 222/222/222 205/205/205 204/204/204 221/221/221
f 223/223/223 206/206/206 205/205/205 222/222/222
f 224/224/224 207/207/207 206/206/206 223/223/223
f 225/225/225 208/208/208 207/207/207 224/224/224
f 226/226/226 209/209/209 208/208/208 225/225/225
f 227/227/227 210/210/210 209/209/209 226/226/226
f 263/263/263 229/229/229 212/212/212
f 211/211/211 228/228/228 263/263/263
f 212/212/212 211/211/211 263/263/263
f 267/267/267 230/230/230 213/213/213
f 212/212/212 229/229/229 267/267/267
f 213/213/213 212/212/212 267/267/267
f 270/270/270 231/231/231 214/214/214
f 213/213/213 230/230/230 270/270/270
f 214/214/214 213/213/213 270/270/270
f 273/273/273 232/232/232 215/215/215
f 214/214/214 231/231/231 273/273/273
f 215/215/215 214/214/214 273/273/273
f 276/276/276 233/233/233 216/216/216
f 215/215/215 232/232/232 276/276/276
f 216/216/216 215/215/215 276/276/276
f 279/279/279 234/234/234 217/217/217
f 216/216/216 233/233/233 279/279/279
f 217/217/217 216/216/216 279/279/279
f 282/282/282 235/235/235 218/218/218
f 217/217/217 234/234/234 282/282/282
f 218/218/218 217/217/217 282/282/282
f 285/285/285 236/236/236 219/219/219
f 218/218/218 235/235/235 285/285/285
f 219/219/219 218/218/218 285/285/285
f 288/288/288 237/237/237 220/220/220
f 219/219/219 236/236/236 288/288/288
f 220/220/220 219/219/219 288/288/288
f 291/291/291 238/238/238 221/221/221
f 220/220/220 237/237/237 291/291/291
f 221/221/221 220/220/220 291/291/291
f 294/294/294 239/239/239 222/222/222
f 221/221/221 238/238/238 294/294/294
f 222/222/222 221/221/221 294/294/294
f 240/240/240 223/223/223 222/222/222 239/239/239
f 297/297/297 241/241/241 224/224/224
f 223/223/223 240/240/240 297/297/297
f 224/224/224 223/223/223 297/297/297
f 301/301/301 242/242/242 225/225/225
f 224/224/224 241/241/241 301/301/301
f 225/225/225 224/224/224 301/301/301
f 304/304/304 243/243/243 226/226/226
f 225/225/225 242/242/242 304/304/304
f 226/226/226 225/225/225 304/304/304
f 307/307/307 244/244/244 227/227/227
f 226/226/226 243/243/243 307/307/307
f 227/227/227 226/226/226 307/307/307
f 262/262/262 229/229/229 263/263/263 265/265/265
f 265/265/265 263/263/263 228/228/228 264/264/264
f 266/266/266 230/230/230 267/267/267 268/268/268
f 268/268/268 267/267/267 229/229/229 262/262/262
f 269/269/269 231/231/231 270/270/270 271/271/271
f 271/271/271 270/270/270 230/230/230 266/266/266
f 272/272/272 232/232/232 273/273/273 274/274/274
f 274/274/274 273/273/273 231/231/231 269/269/269
f 275/275/275 233/233/233 276/276/276 277/277/277
f 277/277/277 276/276/276 232/232/232 272/272/272
f 278/278/278 234/234/234 279/279/279 280/280/280
f 280/280/280 279/279/279 233/233/233 275/275/275
f 281/281/281 235/235/235 282/282/282 283/283/283
f 283/283/283 282/282/282 234/234/234 278/278/278
f 284/284/284 236/236/236 285/285/285 286/286/286
f 286/286/286 285/285/285 235/235/235 281/281/281
f 287/287/287 237/237/237 288/288/288 289/289/289
f 289/289/289 288/288/288 236/236/236 284/284/284
f 290/290/290 238/238/238 291/291/291 292/292/292
f 292/292/292 291/291/291 237/237/237 287/287/287
f 293/293/293 239/239/239 294/294/294 295/295/295
f 295/295/295 294/294/294 238/238/238 290/290/290
f 296/296/296 241/241/241 297/297/297 299/299/299
f 299/299/299 297/297/297 240/240/240 298/298/298
f 300/300/300 242/242/242 301/301/301 302/302/302
f 302/302/302 301/301/301 241/241/241 296/296/296
f 303/303/303 243/243/243 304/304/304 305/305/305
f 305/305/305 304/304/304 242/242/242 300/300/300
f 306/306/306 244/244/244 307/307/307 308/308/308
f 308/308/308 307/307/307 243/243/243 303/303/303
f 132/132/132 323/323/323 324/324/324
f 131/131/131 132/132/132 324/324/324
f 323/323/323 363/363/363 322/322/322
f 323/323/323 132/132/132 144/144/144
f 364/364/364 322/322/322 363/363/363
f 323/323/323 360/360/360 363/363/363
f 344/344/344 318/318/318 319/319/319
f 357/357/357 358/358/358 321/321/321
f 350/350/350 319/319/319 320/320/320
f 321/321/321 356/356/356 320/320/320
f 357/357/357 321/321/321 322/322/322
f 357/357/357 322/322/322 364/364/364
f 321/321/321 358/358/358 356/356/356
f 360/360/360 361/361/361 363/363/363
f 356/356/356 354/354/354 347/347/347 320/320/320
f 144/144/144 360/360/360 323/323/323
f 320/320/320 347/347/347 348/348/348 350/350/350
f 319/319/319 350/350/350 351/351/351
f 319/319/319 351/351/351 344/344/344
f 339/339/339 343/343/343 341/341/341
f 318/318/318 345/345/345 343/343/343
f 318/318/318 344/344/344 345/345/345
f 317/317/317 318/318/318 343/343/343
f 314/314/314 333/333/333 313/313/313
f 315/315/315 336/336/336 314/314/314
f 314/314/314 336/336/336 337/337/337
f 314/314/314 337/337/337 333/333/333
f 336/336/336 315/315/315 136/136/136
f 334/334/334 313/313/313 333/333/333
f 327/327/327 311/311/311 312/312/312
f 130/130/130 331/331/331 312/312/312
f 330/330/330 331/331/331 130/130/130
f 312/312/312 331/331/331 327/327/327
f 311/311/311 326/326/326 310/310/310
f 334/334/334 330/330/330 130/130/130
f 334/334/334 130/130/130 313/313/313
f 133/133/133 316/316/316 317/317/317
f 339/339/339 133/133/133 317/317/317
f 134/134/134 316/316/316 133/133/133
f 135/135/135 136/136/136 315/315/315
f 316/316/316 134/134/134 135/135/135
f 339/339/339 317/317/317 343/343/343
f 311/311/311 327/327/327 328/328/328
f 311/311/311 328/328/328 326/326/326
f 141/141/141 309/309/309 310/310/310
f 141/141/141 142/142/142 309/309/309
f 141/141/141 310/310/310 140/140/140
f 140/140/140 310/310/310 326/326/326
f 150/150/150 133/133/133 339/339/339
f 135/135/135 315/315/315 316/316/316
f 145/145/145 360/360/360 144/144/144
f 245/245/245 265/265/265 264/264/264
f 250/250/250 268/268/268 262/262/262
f 251/251/251 266/266/266 268/268/268
f 262/262/262 265/265/265 250/250/250
f 339/339/339 149/149/149 150/150/150
f 252/252/252 274/274/274 269/269/269
f 246/246/246 277/277/277 272/272/272
f 272/272/272 274/274/274 246/246/246
f 269/269/269 271/271/271 252/252/252
f 271/271/271 266/266/266 251/251/251
f 268/268/268 250/250/250 251/251/251
f 245/245/245 250/250/250 265/265/265
f 271/271/271 251/251/251 252/252/252
f 252/252/252 246/246/246 274/274/274
f 277/277/277 253/253/253 275/275/275
f 246/246/246 253/253/253 277/277/277
f 280/280/280 275/275/275 253/253/253
f 254/254/254 278/278/278 280/280/280
f 254/254/254 283/283/283 278/278/278
f 283/283/283 255/255/255 281/281/281
f 255/255/255 286/286/286 281/281/281
f 286/286/286 255/255/255 247/247/247
f 254/254/254 255/255/255 283/283/283
f 254/254/254 280/280/280 253/253/253
f 247/247/247 289/289/289 284/284/284
f 256/256/256 287/287/287 289/289/289
f 257/257/257 290/290/290 292/292/292
f 257/257/257 295/295/295 290/290/290
f 292/292/292 287/287/287 256/256/256
f 240/240/240 239/239/239 293/293/293 298/298/298
f 248/248/248 299/299/299 298/298/298
f 259/259/259 302/302/302 296/296/296
f 296/296/296 299/299/299 259/259/259
f 298/298/298 293/293/293 258/258/258 248/248/248
f 293/293/293 295/295/295 258/258/258
f 256/256/256 257/257/257 292/292/292
f 257/257/257 258/258/258 295/295/295
f 248/248/248 259/259/259 299/299/299
f 302/302/302 260/260/260 300/300/300
f 259/259/259 260/260/260 302/302/302
f 305/305/305 300/300/300 260/260/260
f 261/261/261 303/303/303 305/305/305
f 261/261/261 249/249/249 308/308/308 303/303/303
f 308/308/308 249/249/249 306/306/306
f 305/305/305 260/260/260 261/261/261
f 247/247/247 256/256/256 289/289/289
f 247/247/247 284/284/284 286/286/286
f 372/372/372 398/398/398 400/400/400 397/397/397
f 397/397/397 400/400/400 399/399/399 371/371/371
f 374/374/374 394/394/394 396/396/396 393/393/393
f 393/393/393 396/396/396 395/395/395 373/373/373
f 413/413/413 372/372/372 397/397/397 415/415/415
f 415/415/415 397/397/397 371/371/371 414/414/414
f 416/416/416 374/374/374 393/393/393 418/418/418
f 418/418/418 393/393/393 373/373/373 417/417/417
f 370/370/370 392/392/392 365/365/365
f 419/419/419 391/391/391 392/392/392
f 366/366/366 390/390/390 420/420/420 421/421/421
f 388/388/388 389/389/389 422/422/422 423/423/423
f 389/389/389 366/366/366 421/421/421 422/422/422
f 390/390/390 391/391/391 419/419/419 420/420/420
f 370/370/370 401/401/401 392/392/392
f 421/421/421 420/420/420 403/403/403 377/377/377
f 420/420/420 419/419/419 402/402/402 403/403/403
f 387/387/387 388/388/388 423/423/423 424/424/424
f 424/424/424 423/423/423 405/405/405 406/406/406
f 423/423/423 422/422/422 404/404/404 405/405/405
f 367/367/367 387/387/387 424/424/424 425/425/425
f 422/422/422 421/421/421 377/377/377 404/404/404
f 392/392/392 401/401/401 419/419/419
f 386/386/386 367/367/367 425/425/425 426/426/426
f 399/399/399 385/385/385 386/386/386
f 368/368/368 384/384/384 398/398/398 395/395/395
f 394/394/394 382/382/382 383/383/383
f 383/383/383 368/368/368 395/395/395 396/396/396
f 384/384/384 385/385/385 399/399/399 400/400/400
f 400/400/400 398/398/398 384/384/384
f 395/395/395 398/398/398 372/372/372 373/373/373
f 369/369/369 381/381/381 427/427/427 375/375/375
f 381/381/381 382/382/382 427/427/427
f 383/383/383 396/396/396 394/394/394
f 382/382/382 394/394/394 374/374/374
f 399/399/399 386/386/386 426/426/426
f 401/401/401 402/402/402 419/419/419
f 407/407/407 414/414/414 426/426/426
f 426/426/426 414/414/414 371/371/371
f 426/426/426 425/425/425 378/378/378 407/407/407
f 399/399/399 426/426/426 371/371/371
f 376/376/376 401/401/401 370/370/370
f 425/425/425 424/424/424 406/406/406 378/378/378
f 414/414/414 407/407/407 408/408/408
f 415/415/415 414/414/414 408/408/408
f 373/373/373 372/372/372 413/413/413 417/417/417
f 409/409/409 413/413/413 415/415/415
f 382/382/382 374/374/374 427/427/427
f 427/427/427 374/374/374 411/411/411 412/412/412
f 375/375/375 427/427/427 412/412/412 380/380/380
f 417/417/417 413/413/413 409/409/409 379/379/379
f 418/418/418 417/417/417 379/379/379
f 418/418/418 379/379/379 410/410/410
f 416/416/416 418/418/418 410/410/410
f 410/410/410 411/411/411 416/416/416
f 411/411/411 374/374/374 416/416/416
f 409/409/409 415/415/415 408/408/408
f 434/434/434 576/576/576 580/580/580 578/578/578
f 578/578/578 580/580/580 579/579/579 433/433/433
f 435/435/435 573/573/573 577/577/577 575/575/575
f 575/575/575 577/577/577 576/576/576 434/434/434
f 436/436/436 570/570/570 574/574/574 572/572/572
f 572/572/572 574/574/574 573/573/573 435/435/435
f 437/437/437 567/567/567 571/571/571 569/569/569
f 569/569/569 571/571/571 570/570/570 436/436/436
f 438/438/438 564/564/564 568/568/568 566/566/566
f 566/566/566 568/568/568 567/567/567 437/437/437
f 439/439/439 561/561/561 565/565/565 563/563/563
f 563/563/563 565/565/565 564/564/564 438/438/438
f 440/440/440 558/558/558 562/562/562 560/560/560
f 560/560/560 562/562/562 561/561/561 439/439/439
f 441/441/441 555/555/555 559/559/559 557/557/557
f 557/557/557 559/559/559 558/558/558 440/440/440
f 442/442/442 552/552/552 556/556/556 554/554/554
f 554/554/554 556/556/556 555/555/555 441/441/441
f 443/443/443 549/549/549 553/553/553 551/551/551
f 551/551/551 553/553/553 552/552/552 442/442/442
f 444/444/444 548/548/548 550/550/550 547/547/547
f 547/547/547 550/550/550 549/549/549 443/443/443
f 446/446/446 542/542/542 546/546/546 544/544/544
f 544/544/544 546/546/546 545/545/545 445/445/445
f 447/447/447 539/539/539 543/543/543 541/541/541
f 541/541/541 543/543/543 542/542/542 446/446/446
f 448/448/448 536/536/536 540/540/540 538/538/538
f 538/538/538 540/540/540 539/539/539 447/447/447
f 449/449/449 535/535/535 537/537/537 534/534/534
f 534/534/534 537/537/537 536/536/536 448/448/448
f 578/578/578 433/433/433 450/450/450
f 451/451/451 434/434/434 578/578/578
f 450/450/450 451/451/451 578/578/578
f 575/575/575 434/434/434 451/451/451
f 452/452/452 435/435/435 575/575/575
f 451/451/451 452/452/452 575/575/575
f 572/572/572 435/435/435 452/452/452
f 453/453/453 436/436/436 572/572/572
f 452/452/452 453/453/453 572/572/572
f 569/569/569 436/436/436 453/453/453
f 454/454/454 437/437/437 569/569/569
f 453/453/453 454/454/454 569/569/569
f 566/566/566 437/437/437 454/454/454
f 455/455/455 438/438/438 566/566/566
f 454/454/454 455/455/455 566/566/566
f 563/563/563 438/438/438 455/455/455
f 456/456/456 439/439/439 563/563/563
f 455/455/455 456/456/456 563/563/563
f 560/560/560 439/439/439 456/456/456
f 457/457/457 440/440/440 560/560/560
f 456/456/456 457/457/457 560/560/560
f 557/557/557 440/440/440 457/457/457
f 458/458/458 441/441/441 557/557/557
f 457/457/457 458/458/458 557/557/557
f 554/554/554 441/441/441 458/458/458
f 459/459/459 442/442/442 554/554/554
f 458/458/458 459/459/459 554/554/554
f 551/551/551 442/442/442 459/459/459
f 460/460/460 443/443/443 551/551/551
f 459/459/459 460/460/460 551/551/551
f 547/547/547 443/443/443 460/460/460
f 461/461/461 444/444/444 547/547/547
f 460/460/460 461/461/461 547/547/547
f 462/462/462 445/445/445 444/444/444 461/461/461
f 544/544/544 445/445/445 462/462/462
f 463/463/463 446/446/446 544/544/544
f 462/462/462 463/463/463 544/544/544
f 541/541/541 446/446/446 463/463/463
f 464/464/464 447/447/447 541/541/541
f 463/463/463 464/464/464 541/541/541
f 538/538/538 447/447/447 464/464/464
f 465/465/465 448/448/448 538/538/538
f 464/464/464 465/465/465 538/538/538
f 534/534/534 448/448/448 465/465/465
f 466/466/466 449/449/449 534/534/534
f 465/465/465 466/466/466 534/534/534
f 468/468/468 451/451/451 450/450/450 467/467/467
f 469/469/469 452/452/452 451/451/451 468/468/468
f 470/470/470 453/453/453 452/452/452 469/469/469
f 471/471/471 454/454/454 453/453/453 470/470/470
f 472/472/472 455/455/455 454/454/454 471/471/471
f 473/473/473 456/456/456 455/455/455 472/472/472
f 474/474/474 457/457/457 456/456/456 473/473/473
f 475/475/475 458/458/458 457/457/457 474/474/474
f 476/476/476 459/459/459 458/458/458 475/475/475
f 477/477/477 460/460/460 459/459/459 476/476/476
f 478/478/478 461/461/461 460/460/460 477/477/477
f 479/479/479 462/462/462 461/461/461 478/478/478
f 480/480/480 463/463/463 462/462/462 479/479/479
f 481/481/481 464/464/464 463/463/463 480/480/480
f 482/482/482 465/465/465 464/464/464 481/481/481
f 483/483/483 466/466/466 465/465/465 482/482/482
f 485/485/485 468/468/468 467/467/467 484/484/484
f 486/486/486 469/469/469 468/468/468 485/485/485
f 487/487/487 470/470/470 469/469/469 486/486/486
f 488/488/488 471/471/471 470/470/470 487/487/487
f 489/489/489 472/472/472 471/471/471 488/488/488
f 490/490/490 473/473/473 472/472/472 489/489/489
f 491/491/491 474/474/474 473/473/473 490/490/490
f 492/492/492 475/475/475 474/474/474 491/491/491
f 493/493/493 476/476/476 475/475/475 492/492/492
f 494/494/494 477/477/477 476/476/476 493/493/493
f 495/495/495 478/478/478 477/477/477 494/494/494
f 496/496/496 479/479/479 478/478/478 495/495/495
f 497/497/497 480/480/480 479/479/479 496/496/496
f 498/498/498 481/481/481 480/480/480 497/497/497
f 499/499/499 482/482/482 481/481/481 498/498/498
f 500/500/500 483/483/483 482/482/482 499/499/499
f 586/586/586 502/502/502 485/485/485
f 484/484/484 501/501/501 586/586/586
f 485/485/485 484/484/484 586/586/586
f 590/590/590 503/503/503 486/486/486
f 485/485/485 502/502/502 590/590/590
f 486/486/486 485/485/485 590/590/590
f 593/593/593 504/504/504 487/487/487
f 486/486/486 503/503/503 593/593/593
f 487/487/487 486/486/486 593/593/593
f 596/596/596 505/505/505 488/488/488
f 487/487/487 504/504/504 596/596/596
f 488/488/488 487/487/487 596/596/596
f 621/621/621 506/506/506 489/489/489
f 488/488/488 505/505/505 621/621/621
f 489/489/489 488/488/488 621/621/621
f 624/624/624 507/507/507 490/490/490
f 489/489/489 506/506/506 624/624/624
f 490/490/490 489/489/489 624/624/624
f 627/627/627 508/508/508 491/491/491
f 490/490/490 507/507/507 627/627/627
f 491/491/491 490/490/490 627/627/627
f 509/509/509 492/492/492 491/491/491 508/508/508
f 630/630/630 510/510/510 493/493/493
f 492/492/492 509/509/509 630/630/630
f 493/493/493 492/492/492 630/630/630
f 634/634/634 511/511/511 494/494/494
f 493/493/493 510/510/510 634/634/634
f 494/494/494 493/493/493 634/634/634
f 637/637/637 512/512/512 495/495/495
f 494/494/494 511/511/511 637/637/637
f 495/495/495 494/494/494 637/637/637
f 639/639/639 513/513/513 496/496/496
f 495/495/495 512/512/512 639/639/639
f 496/496/496 495/495/495 639/639/639
f 602/602/602 514/514/514 497/497/497
f 496/496/496 513/513/513 602/602/602
f 497/497/497 496/496/496 602/602/602
f 606/606/606 515/515/515 498/498/498
f 497/497/497 514/514/514 606/606/606
f 498/498/498 497/497/497 606/606/606
f 609/609/609 516/516/516 499/499/499
f 498/498/498 515/515/515 609/609/609
f 499/499/499 498/498/498 609/609/609
f 612/612/612 517/517/517 500/500/500
f 499/499/499 516/516/516 612/612/612
f 500/500/500 499/499/499 612/612/612
f 585/585/585 502/502/502 586/586/586 588/588/588
f 588/588/588 586/586/586 501/501/501 587/587/587
f 589/589/589 503/503/503 590/590/590 591/591/591
f 591/591/591 590/590/590 502/502/502 585/585/585
f 592/592/592 504/504/504 593/593/593 594/594/594
f 594/594/594 593/593/593 503/503/503 589/589/589
f 595/595/595 505/505/505 596/596/596 597/597/597
f 597/597/597 596/596/596 504/504/504 592/592/592
f 620/620/620 506/506/506 621/621/621 622/622/622
f 622/622/622 621/621/621 505/505/505 595/595/595
f 623/623/623 507/507/507 624/624/624 625/625/625
f 625/625/625 624/624/624 506/506/506 620/620/620
f 626/626/626 508/508/508 627/627/627 628/628/628
f 628/628/628 627/627/627 507/507/507 623/623/623
f 629/629/629 510/510/510 630/630/630 632/632/632
f 632/632/632 630/630/630 509/509/509 631/631/631
f 633/633/633 511/511/511 634/634/634 635/635/635
f 635/635/635 634/634/634 510/510/510 629/629/629
f 636/636/636 512/512/512 637/637/637 638/638/638
f 638/638/638 637/637/637 511/511/511 633/633/633
f 603/603/603 513/513/513 639/639/639 640/640/640
f 640/640/640 639/639/639 512/512/512 636/636/636
f 601/601/601 514/514/514 602/602/602 604/604/604
f 604/604/604 602/602/602 513/513/513 603/603/603
f 605/605/605 515/515/515 606/606/606 607/607/607
f 607/607/607 606/606/606 514/514/514 601/601/601
f 608/608/608 516/516/516 609/609/609 610/610/610
f 610/610/610 609/609/609 515/515/515 605/605/605
f 611/611/611 517/517/517 612/612/612 613/613/613
f 613/613/613 612/612/612 516/516/516 608/608/608
f 533/533/533 428/428/428 579/579/579 580/580/580
f 532/532/532 533/533/533 576/576/576 577/577/577
f 533/533/533 580/580/580 576/576/576
f 531/531/531 532/532/532 573/573/573 574/574/574
f 429/429/429 531/531/531 570/570/570 571/571/571
f 530/530/530 429/429/429 567/567/567 568/568/568
f 528/528/528 529/529/529 561/561/561 562/562/562
f 430/430/430 528/528/528 558/558/558 559/559/559
f 529/529/529 530/530/530 564/564/564 565/565/565
f 532/532/532 577/577/577 573/573/573
f 429/429/429 571/571/571 567/567/567
f 531/531/531 574/574/574 570/570/570
f 530/530/530 568/568/568 564/564/564
f 528/528/528 562/562/562 558/558/558
f 529/529/529 565/565/565 561/561/561
f 555/555/555 430/430/430 559/559/559
f 526/526/526 527/527/527 552/552/552 553/553/553
f 555/555/555 556/556/556 430/430/430
f 556/556/556 527/527/527 430/430/430
f 527/527/527 556/556/556 552/552/552
f 549/549/549 526/526/526 553/553/553
f 431/431/431 525/525/525 548/548/548 545/545/545
f 524/524/524 431/431/431 545/545/545 546/546/546
f 522/522/522 523/523/523 539/539/539 540/540/540
f 523/523/523 524/524/524 542/542/542 543/543/543
f 432/432/432 522/522/522 536/536/536 537/537/537
f 526/526/526 549/549/549 550/550/550
f 526/526/526 550/550/550 525/525/525
f 525/525/525 550/550/550 548/548/548
f 545/545/545 548/548/548 444/444/444 445/445/445
f 523/523/523 543/543/543 539/539/539
f 522/522/522 540/540/540 536/536/536
f 432/432/432 537/537/537 535/535/535
f 524/524/524 546/546/546 542/542/542
f 518/518/518 588/588/588 587/587/587
f 581/581/581 585/585/585 588/588/588
f 582/582/582 589/589/589 591/591/591
f 582/582/582 594/594/594 589/589/589
f 591/591/591 585/585/585 581/581/581
f 509/509/509 508/508/508 626/626/626 631/631/631
f 584/584/584 595/595/595 597/597/597
f 584/584/584 622/622/622 595/595/595
f 597/597/597 592/592/592 583/583/583
f 592/592/592 594/594/594 583/583/583
f 581/581/581 582/582/582 591/591/591
f 582/582/582 583/583/583 594/594/594
f 584/584/584 614/614/614 622/622/622
f 622/622/622 614/614/614 620/620/620
f 583/583/583 584/584/584 597/597/597
f 625/625/625 620/620/620 614/614/614
f 615/615/615 623/623/623 625/625/625
f 615/615/615 616/616/616 628/628/628 623/623/623
f 628/628/628 616/616/616 626/626/626
f 625/625/625 614/614/614 615/615/615
f 518/518/518 581/581/581 588/588/588
f 616/616/616 519/519/519 631/631/631 626/626/626
f 519/519/519 632/632/632 631/631/631
f 617/617/617 629/629/629 632/632/632
f 618/618/618 633/633/633 635/635/635
f 618/618/618 638/638/638 633/633/633
f 635/635/635 629/629/629 617/617/617
f 619/619/619 640/640/640 636/636/636
f 520/520/520 603/603/603 640/640/640
f 598/598/598 601/601/601 604/604/604
f 599/599/599 605/605/605 607/607/607
f 607/607/607 601/601/601 598/598/598
f 604/604/604 603/603/603 520/520/520
f 636/636/636 638/638/638 619/619/619
f 617/617/617 618/618/618 635/635/635
f 618/618/618 619/619/619 638/638/638
f 520/520/520 598/598/598 604/604/604
f 598/598/598 599/599/599 607/607/607
f 619/619/619 520/520/520 640/640/640
f 600/600/600 608/608/608 610/610/610
f 600/600/600 613/613/613 608/608/608
f 600/600/600 521/521/521 613/613/613
f 521/521/521 611/611/611 613/613/613
f 599/599/599 600/600/600 610/610/610 605/605/605
f 519/519/519 617/617/617 632/632/632
f 775/775/775 700/700/700 709/709/709
f 707/707/707 645/645/645 775/775/775
f 709/709/709 707/707/707 775/775/775
f 705/705/705 642/642/642 708/708/708
f 709/709/709 700/700/700 705/705/705
f 708/708/708 709/709/709 705/705/705
f 763/763/763 701/701/701 767/767/767
f 768/768/768 735/735/735 763/763/763
f 767/767/767 768/768/768 763/763/763
f 766/766/766 768/768/768 767/767/767 699/699/699
f 737/737/737 760/760/760 762/762/762 759/759/759
f 735/735/735 764/764/764 765/765/765 763/763/763
f 764/764/764 737/737/737 759/759/759 765/765/765
f 701/701/701 763/763/763 765/765/765
f 773/773/773 703/703/703 772/772/772
f 777/777/777 704/704/704 642/642/642
f 705/705/705 706/706/706 777/777/777
f 642/642/642 705/705/705 777/777/777
f 773/773/773 706/706/706 705/705/705
f 700/700/700 703/703/703 773/773/773
f 705/705/705 700/700/700 773/773/773
f 699/699/699 767/767/767 776/776/776 774/774/774
f 772/772/772 703/703/703 776/776/776
f 767/767/767 701/701/701 772/772/772
f 776/776/776 767/767/767 772/772/772
f 776/776/776 703/703/703 700/700/700 775/775/775
f 774/774/774 776/776/776 775/775/775 645/645/645
f 774/774/774 645/645/645 770/770/770
f 771/771/771 699/699/699 774/774/774
f 770/770/770 771/771/771 774/774/774
f 769/769/769 771/771/771 770/770/770 648/648/648
f 651/651/651 747/747/747 749/749/749 741/741/741
f 747/747/747 648/648/648 748/748/748 749/749/749
f 653/653/653 740/740/740 742/742/742 739/739/739
f 744/744/744 742/742/742 740/740/740
f 651/651/651 741/741/741 744/744/744
f 740/740/740 651/651/651 744/744/744
f 742/742/742 744/744/744 746/746/746 743/743/743
f 744/744/744 741/741/741 745/745/745 746/746/746
f 655/655/655 790/790/790 791/791/791 789/789/789
f 790/790/790 653/653/653 739/739/739 791/791/791
f 669/669/669 797/797/797 799/799/799 782/782/782
f 797/797/797 666/666/666 798/798/798 799/799/799
f 671/671/671 781/781/781 783/783/783 780/780/780
f 794/794/794 783/783/783 781/781/781
f 669/669/669 782/782/782 794/794/794
f 781/781/781 669/669/669 794/794/794
f 783/783/783 794/794/794 796/796/796 793/793/793
f 794/794/794 782/782/782 795/795/795 796/796/796
f 673/673/673 785/785/785 786/786/786 784/784/784
f 785/785/785 671/671/671 780/780/780 786/786/786
f 721/721/721 719/719/719 676/676/676 720/720/720
f 716/716/716 689/689/689 721/721/721
f 720/720/720 679/679/679 716/716/716
f 721/721/721 720/720/720 716/716/716
f 694/694/694 690/690/690 698/698/698
f 696/696/696 682/682/682 694/694/694
f 698/698/698 696/696/696 694/694/694
f 717/717/717 679/679/679 697/697/697
f 698/698/698 690/690/690 717/717/717
f 697/697/697 698/698/698 717/717/717
f 712/712/712 727/727/727 729/729/729 726/726/726
f 727/727/727 711/711/711 728/728/728 729/729/729
f 729/729/729 728/728/728 691/691/691
f 710/710/710 733/733/733 734/734/734 732/732/732
f 733/733/733 712/712/712 726/726/726 734/734/734
f 731/731/731 730/730/730 689/689/689 715/715/715
f 728/728/728 711/711/711 731/731/731
f 715/715/715 691/691/691 728/728/728
f 731/731/731 715/715/715 728/728/728
f 713/713/713 691/691/691 715/715/715
f 718/718/718 693/693/693 713/713/713
f 715/715/715 718/718/718 713/713/713
f 715/715/715 689/689/689 716/716/716 718/718/718
f 718/718/718 716/716/716 679/679/679 717/717/717
f 693/693/693 718/718/718 717/717/717 690/690/690
f 713/713/713 693/693/693 714/714/714
f 714/714/714 693/693/693 690/690/690
f 694/694/694 695/695/695 714/714/714
f 690/690/690 694/694/694 714/714/714
f 702/702/702 695/695/695 694/694/694
f 682/682/682 692/692/692 702/702/702
f 694/694/694 682/682/682 702/702/702
f 709/709/709 641/641/641 644/644/644
f 641/641/641 709/709/709 708/708/708
f 709/709/709 644/644/644 707/707/707
f 650/650/650 749/749/749 647/647/647
f 650/650/650 745/745/745 749/749/749
f 647/647/647 748/748/748 707/707/707 644/644/644
f 650/650/650 738/738/738 746/746/746 745/745/745
f 645/645/645 707/707/707 770/770/770
f 770/770/770 748/748/748 648/648/648
f 770/770/770 707/707/707 748/748/748
f 745/745/745 741/741/741 749/749/749
f 747/747/747 769/769/769 648/648/648
f 749/749/749 748/748/748 647/647/647
f 747/747/747 651/651/651 652/652/652
f 743/743/743 746/746/746 738/738/738
f 743/743/743 739/739/739 742/742/742
f 743/743/743 738/738/738 787/787/787
f 787/787/787 739/739/739 743/743/743
f 657/657/657 789/789/789 788/788/788
f 659/659/659 800/800/800 657/657/657
f 787/787/787 788/788/788 791/791/791 739/739/739
f 661/661/661 801/801/801 800/800/800 659/659/659
f 740/740/740 652/652/652 651/651/651
f 655/655/655 656/656/656 790/790/790
f 657/657/657 655/655/655 789/789/789
f 800/800/800 655/655/655 657/657/657
f 655/655/655 800/800/800 658/658/658 656/656/656
f 790/790/790 654/654/654 653/653/653
f 789/789/789 791/791/791 788/788/788
f 653/653/653 654/654/654 740/740/740
f 801/801/801 661/661/661 663/663/663 802/802/802
f 660/660/660 800/800/800 801/801/801 662/662/662
f 757/757/757 777/777/777 706/706/706
f 777/777/777 757/757/757 758/758/758
f 757/757/757 706/706/706 756/756/756
f 704/704/704 777/777/777 758/758/758
f 756/756/756 773/773/773 755/755/755
f 701/701/701 753/753/753 754/754/754
f 765/765/765 759/759/759 752/752/752
f 754/754/754 755/755/755 772/772/772
f 773/773/773 756/756/756 706/706/706
f 762/762/762 761/761/761 750/750/750
f 760/760/760 643/643/643 736/736/736
f 736/736/736 761/761/761 762/762/762 760/760/760
f 759/759/759 762/762/762 751/751/751
f 750/750/750 751/751/751 762/762/762
f 643/643/643 760/760/760 737/737/737
f 759/759/759 751/751/751 752/752/752
f 764/764/764 643/643/643 737/737/737
f 753/753/753 765/765/765 752/752/752
f 772/772/772 701/701/701 754/754/754
f 765/765/765 753/753/753 701/701/701
f 773/773/773 772/772/772 755/755/755
f 699/699/699 771/771/771 766/766/766
f 769/769/769 649/649/649 771/771/771
f 643/643/643 735/735/735 646/646/646
f 646/646/646 768/768/768 766/766/766
f 771/771/771 646/646/646 766/766/766
f 771/771/771 649/649/649 646/646/646
f 735/735/735 768/768/768 646/646/646
f 652/652/652 649/649/649 769/769/769
f 652/652/652 740/740/740 654/654/654
f 654/654/654 790/790/790 656/656/656
f 769/769/769 747/747/747 652/652/652
f 800/800/800 660/660/660 658/658/658
f 764/764/764 735/735/735 643/643/643
f 665/665/665 798/798/798 663/663/663
f 799/799/799 665/665/665 668/668/668
f 668/668/668 792/792/792 796/796/796 795/795/795
f 668/668/668 795/795/795 799/799/799
f 793/793/793 792/792/792 778/778/778
f 792/792/792 793/793/793 796/796/796
f 783/783/783 793/793/793 780/780/780
f 665/665/665 799/799/799 798/798/798
f 666/666/666 667/667/667 664/664/664 802/802/802
f 798/798/798 666/666/666 802/802/802
f 663/663/663 798/798/798 802/802/802
f 669/669/669 670/670/670 797/797/797
f 781/781/781 670/670/670 669/669/669
f 782/782/782 799/799/799 795/795/795
f 797/797/797 667/667/667 666/666/666
f 778/778/778 780/780/780 793/793/793
f 662/662/662 801/801/801 802/802/802 664/664/664
f 780/780/780 778/778/778 786/786/786
f 779/779/779 786/786/786 778/778/778
f 779/779/779 784/784/784 786/786/786
f 784/784/784 779/779/779 675/675/675
f 697/697/697 675/675/675 678/678/678
f 697/697/697 678/678/678 698/698/698
f 681/681/681 698/698/698 678/678/678
f 696/696/696 698/698/698 681/681/681
f 676/676/676 784/784/784 675/675/675
f 697/697/697 720/720/720 675/675/675
f 785/785/785 672/672/672 671/671/671
f 676/676/676 719/719/719 673/673/673
f 676/676/676 673/673/673 784/784/784
f 673/673/673 674/674/674 785/785/785
f 720/720/720 697/697/697 679/679/679
f 675/675/675 720/720/720 676/676/676
f 686/686/686 714/714/714 695/695/695
f 672/672/672 781/781/781 671/671/671
f 721/721/721 677/677/677 719/719/719
f 721/721/721 689/689/689 730/730/730
f 730/730/730 680/680/680 721/721/721
f 722/722/722 729/729/729 691/691/691
f 680/680/680 731/731/731 711/711/711
f 688/688/688 691/691/691 713/713/713
f 680/680/680 730/730/730 731/731/731
f 667/667/667 797/797/797 670/670/670
f 785/785/785 674/674/674 672/672/672
f 672/672/672 670/670/670 781/781/781
f 677/677/677 674/674/674 719/719/719
f 680/680/680 677/677/677 721/721/721
f 683/683/683 711/711/711 727/727/727
f 683/683/683 680/680/680 711/711/711
f 674/674/674 673/673/673 719/719/719
f 713/713/713 687/687/687 688/688/688
f 729/729/729 723/723/723 726/726/726
f 691/691/691 688/688/688 722/722/722
f 684/684/684 702/702/702 692/692/692
f 685/685/685 686/686/686 695/695/695
f 702/702/702 684/684/684 685/685/685
f 686/686/686 687/687/687 714/714/714
f 687/687/687 713/713/713 714/714/714
f 734/734/734 726/726/726 724/724/724
f 723/723/723 724/724/724 726/726/726
f 734/734/734 724/724/724 725/725/725
f 683/683/683 733/733/733 710/710/710
f 712/712/712 733/733/733 683/683/683
f 725/725/725 732/732/732 734/734/734
f 727/727/727 712/712/712 683/683/683
f 723/723/723 729/729/729 722/722/722
f 695/695/695 702/702/702 685/685/685
f 826/826/826 804/804/804 805/805/805
f 826/826/826 827/827/827 804/804/804
f 803/803/803 804/804/804 827/827/827
f 826/826/826 805/805/805 825/825/825
f 824/824/824 806/806/806 807/807/807
f 806/806/806 824/824/824 825/825/825
f 805/805/805 806/806/806 825/825/825
f 818/818/818 827/827/827 828/828/828
f 828/828/828 817/817/817 818/818/818
f 817/817/817 828/828/828 829/829/829
f 803/803/803 827/827/827 818/818/818
f 816/816/816 829/829/829 830/830/830
f 830/830/830 815/815/815 816/816/816
f 831/831/831 815/815/815 830/830/830
f 817/817/817 829/829/829 816/816/816
f 823/823/823 824/824/824 807/807/807
f 823/823/823 807/807/807 822/822/822
f 808/808/808 822/822/822 807/807/807
f 808/808/808 821/821/821 822/822/822
f 821/821/821 808/808/808 809/809/809
f 820/820/820 809/809/809 810/810/810
f 811/811/811 819/819/819 810/810/810
f 820/820/820 810/810/810 819/819/819
f 821/821/821 809/809/809 820/820/820
f 814/814/814 832/832/832 833/833/833
f 831/831/831 832/832/832 815/815/815
f 814/814/814 815/815/815 832/832/832
f 814/814/814 833/833/833 813/813/813
f 812/812/812 834/834/834 819/819/819
f 834/834/834 812/812/812 813/813/813
f 812/812/812 819/819/819 811/811/811
f 833/833/833 834/834/834 813/813/813
f 848/848/848 847/847/847 842/842/842 843/843/843
f 843/843/843 842/842/842 844/844/844 845/845/845
f 837/837/837 838/838/838 836/836/836 835/835/835
f 839/839/839 844/844/844 837/837/837
f 844/844/844 842/842/842 837/837/837
f 838/838/838 842/842/842 847/847/847
f 838/838/838 837/837/837 842/842/842
f 840/840/840 838/838/838 847/847/847
f 841/841/841 845/845/845 839/839/839
f 844/844/844 839/839/839 845/845/845
f 841/841/841 849/849/849 843/843/843 845/845/845
f 848/848/848 843/843/843 849/849/849
f 848/848/848 846/846/846 840/840/840
f 848/848/848 849/849/849 846/846/846
f 847/847/847 848/848/848 840/840/840
f 863/863/863 864/864/864 861/861/861 859/859/859
f 859/859/859 861/861/861 862/862/862 860/860/860
f 858/858/858 850/850/850 862/862/862
f 860/860/860 862/862/862 850/850/850
f 857/857/857 858/858/858 862/862/862 861/861/861
f 856/856/856 857/857/857 861/861/861 864/864/864
f 851/851/851 856/856/856 864/864/864
f 852/852/852 859/859/859 860/860/860
f 853/853/853 859/859/859 852/852/852
f 852/852/852 860/860/860 850/850/850
f 854/854/854 855/855/855 853/853/853 852/852/852
f 853/853/853 851/851/851 864/864/864 863/863/863
f 859/859/859 853/853/853 863/863/863
f 866/866/866 865/865/865 867/867/867 868/868/868
f 869/869/869 870/870/870 868/868/868 867/867/867
f 872/872/872 871/871/871 873/873/873 874/874/874
f 937/937/937 936/936/936 901/901/901 928/928/928
f 934/934/934 898/898/898 937/937/937
f 928/928/928 897/897/897 934/934/934
f 937/937/937 928/928/928 934/934/934
f 925/925/925 897/897/897 928/928/928
f 930/930/930 913/913/913 925/925/925
f 928/928/928 930/930/930 925/925/925
f 928/928/928 901/901/901 929/929/929 930/930/930
f 903/903/903 905/905/905 907/907/907 904/904/904
f 909/909/909 906/906/906 902/902/902
f 904/904/904 907/907/907 909/909/909
f 902/902/902 904/904/904 909/909/909
f 900/900/900 933/933/933 935/935/935 911/911/911
f 933/933/933 898/898/898 934/934/934 935/935/935
f 935/935/935 934/934/934 897/897/897 924/924/924
f 932/932/932 911/911/911 935/935/935
f 924/924/924 899/899/899 932/932/932
f 935/935/935 924/924/924 932/932/932
f 931/931/931 912/912/912 910/910/910
f 900/900/900 911/911/911 931/931/931
f 910/910/910 900/900/900 931/931/931
f 923/923/923 919/919/919 914/914/914
f 920/920/920 921/921/921 923/923/923
f 914/914/914 920/920/920 923/923/923
f 922/922/922 899/899/899 924/924/924
f 927/927/927 919/919/919 922/922/922
f 924/924/924 927/927/927 922/922/922
f 924/924/924 897/897/897 925/925/925 927/927/927
f 927/927/927 925/925/925 913/913/913 926/926/926
f 919/919/919 927/927/927 926/926/926 914/914/914
f 918/918/918 917/917/917 915/915/915
f 902/902/902 906/906/906 918/918/918
f 915/915/915 902/902/902 918/918/918
f 915/915/915 917/917/917 916/916/916 908/908/908
f 929/929/929 875/875/875 877/877/877
f 930/930/930 929/929/929 877/877/877
f 901/901/901 875/875/875 929/929/929
f 877/877/877 913/913/913 930/930/930
f 877/877/877 914/914/914 926/926/926
f 926/926/926 913/913/913 877/877/877
f 914/914/914 877/877/877 920/920/920
f 923/923/923 922/922/922 919/919/919
f 923/923/923 921/921/921 890/890/890
f 890/890/890 891/891/891 923/923/923
f 922/922/922 892/892/892 899/899/899
f 922/922/922 891/891/891 892/892/892
f 891/891/891 922/922/922 923/923/923
f 899/899/899 892/892/892 893/893/893
f 878/878/878 936/936/936 937/937/937
f 876/876/876 901/901/901 936/936/936
f 876/876/876 936/936/936 878/878/878
f 898/898/898 878/878/878 937/937/937
f 900/900/900 878/878/878 933/933/933
f 898/898/898 933/933/933 878/878/878
f 875/875/875 901/901/901 876/876/876
f 932/932/932 899/899/899 894/894/894
f 893/893/893 894/894/894 899/899/899
f 895/895/895 932/932/932 894/894/894
f 895/895/895 896/896/896 931/931/931
f 932/932/932 931/931/931 911/911/911
f 931/931/931 932/932/932 895/895/895
f 910/910/910 878/878/878 900/900/900
f 921/921/921 920/920/920 889/889/889
f 916/916/916 888/888/888 889/889/889
f 921/921/921 889/889/889 890/890/890
f 917/917/917 887/887/887 888/888/888
f 906/906/906 885/885/885 886/886/886
f 886/886/886 887/887/887 918/918/918
f 916/916/916 889/889/889 920/920/920
f 908/908/908 916/916/916 879/879/879
f 920/920/920 879/879/879 916/916/916
f 915/915/915 908/908/908 879/879/879
f 887/887/887 917/917/917 918/918/918
f 886/886/886 918/918/918 906/906/906
f 915/915/915 879/879/879 902/902/902
f 888/888/888 916/916/916 917/917/917
f 879/879/879 920/920/920 877/877/877
f 884/884/884 885/885/885 906/906/906
f 909/909/909 883/883/883 884/884/884
f 881/881/881 910/910/910 912/912/912
f 905/905/905 910/910/910 881/881/881
f 896/896/896 881/881/881 912/912/912
f 882/882/882 905/905/905 881/881/881
f 882/882/882 883/883/883 907/907/907
f 896/896/896 912/912/912 931/931/931
f 906/906/906 909/909/909 884/884/884
f 883/883/883 909/909/909 907/907/907
f 905/905/905 903/903/903 880/880/880
f 904/904/904 880/880/880 903/903/903
f 880/880/880 904/904/904 902/902/902
f 910/910/910 905/905/905 880/880/880
f 880/880/880 902/902/902 879/879/879
f 882/882/882 907/907/907 905/905/905
f 878/878/878 910/910/910 880/880/880
f 943/943/943 940/940/940 939/939/939
f 939/939/939 944/944/944 943/943/943
f 943/943/943 945/945/945 940/940/940
f 940/940/940 941/941/941 938/938/938
f 943/943/943 942/942/942 945/945/945
f 940/940/940 945/945/945 941/941/941
f 951/951/951 947/947/947 948/948/948
f 947/947/947 951/951/951 952/952/952
f 951/951/951 948/948/948 953/953/953
f 948/948/948 946/946/946 949/949/949
f 951/951/951 953/953/953 950/950/950
f 948/948/948 949/949/949 953/953/953
f 956/956/956 993/993/993 996/996/996 994/994/994
f 994/994/994 996/996/996 995/995/995 954/954/954
f 1083/1083/1083 994/994/994 954/954/954 1082/1082/1082
f 1080/1080/1080 956/956/956 994/994/994 1083/1083/1083
f 957/957/957 997/997/997 999/999/999 998/998/998
f 998/998/998 999/999/999 993/993/993 956/956/956
f 1081/1081/1081 998/998/998 956/956/956 1080/1080/1080
f 1078/1078/1078 957/957/957 998/998/998 1081/1081/1081
f 958/958/958 1000/1000/1000 1002/1002/1002 1001/1001/1001
f 1001/1001/1001 1002/1002/1002 997/997/997 957/957/957
f 1079/1079/1079 1001/1001/1001 957/957/957 1078/1078/1078
f 1076/1076/1076 958/958/958 1001/1001/1001 1079/1079/1079
f 959/959/959 1003/1003/1003 1005/1005/1005 1004/1004/1004
f 1004/1004/1004 1005/1005/1005 1000/1000/1000 958/958/958
f 1077/1077/1077 1004/1004/1004 958/958/958 1076/1076/1076
f 1074/1074/1074 959/959/959 1004/1004/1004 1077/1077/1077
f 961/961/961 1006/1006/1006 1008/1008/1008 1007/1007/1007
f 1007/1007/1007 1008/1008/1008 1003/1003/1003 959/959/959
f 1075/1075/1075 1007/1007/1007 959/959/959 1074/1074/1074
f 1072/1072/1072 961/961/961 1007/1007/1007 1075/1075/1075
f 962/962/962 1009/1009/1009 1011/1011/1011 1010/1010/1010
f 1010/1010/1010 1011/1011/1011 1006/1006/1006 961/961/961
f 1073/1073/1073 1010/1010/1010 961/961/961 1072/1072/1072
f 1070/1070/1070 962/962/962 1010/1010/1010 1073/1073/1073
f 963/963/963 1012/1012/1012 1014/1014/1014 1013/1013/1013
f 1013/1013/1013 1014/1014/1014 1009/1009/1009 962/962/962
f 1071/1071/1071 1013/1013/1013 962/962/962 1070/1070/1070
f 1068/1068/1068 963/963/963 1013/1013/1013 1071/1071/1071
f 964/964/964 1015/1015/1015 1017/1017/1017 1016/1016/1016
f 1016/1016/1016 1017/1017/1017 1012/1012/1012 963/963/963
f 1069/1069/1069 1016/1016/1016 963/963/963 1068/1068/1068
f 1066/1066/1066 964/964/964 1016/1016/1016 1069/1069/1069
f 966/966/966 1018/1018/1018 1020/1020/1020 1019/1019/1019
f 1019/1019/1019 1020/1020/1020 1015/1015/1015 964/964/964
f 1067/1067/1067 1019/1019/1019 964/964/964 1066/1066/1066
f 1064/1064/1064 966/966/966 1019/1019/1019 1067/1067/1067
f 967/967/967 1021/1021/1021 1023/1023/1023 1022/1022/1022
f 1022/1022/1022 1023/1023/1023 1018/1018/1018 966/966/966
f 1065/1065/1065 1022/1022/1022 966/966/966 1064/1064/1064
f 1062/1062/1062 967/967/967 1022/1022/1022 1065/1065/1065
f 968/968/968 1024/1024/1024 1026/1026/1026 1025/1025/1025
f 1025/1025/1025 1026/1026/1026 1021/1021/1021 967/967/967
f 1063/1063/1063 1025/1025/1025 967/967/967 1062/1062/1062
f 1061/1061/1061 968/968/968 1025/1025/1025 1063/1063/1063
f 971/971/971 1027/1027/1027 1030/1030/1030 1028/1028/1028
f 1028/1028/1028 1030/1030/1030 1029/1029/1029 969/969/969
f 1060/1060/1060 1028/1028/1028 969/969/969 1059/1059/1059
f 1057/1057/1057 971/971/971 1028/1028/1028 1060/1060/1060
f 972/972/972 1031/1031/1031 1033/1033/1033 1032/1032/1032
f 1032/1032/1032 1033/1033/1033 1027/1027/1027 971/971/971
f 1058/1058/1058 1032/1032/1032 971/971/971 1057/1057/1057
f 1055/1055/1055 972/972/972 1032/1032/1032 1058/1058/1058
f 973/973/973 1034/1034/1034 1036/1036/1036 1035/1035/1035
f 1035/1035/1035 1036/1036/1036 1031/1031/1031 972/972/972
f 1056/1056/1056 1035/1035/1035 972/972/972 1055/1055/1055
f 1053/1053/1053 973/973/973 1035/1035/1035 1056/1056/1056
f 975/975/975 1037/1037/1037 1039/1039/1039 1038/1038/1038
f 1038/1038/1038 1039/1039/1039 1034/1034/1034 973/973/973
f 1054/1054/1054 1038/1038/1038 973/973/973 1053/1053/1053
f 1052/1052/1052 975/975/975 1038/1038/1038 1054/1054/1054
f 995/995/995 996/996/996 977/977/977
f 978/978/978 977/977/977 996/996/996
f 993/993/993 978/978/978 996/996/996
f 978/978/978 993/993/993 999/999/999 979/979/979
f 979/979/979 997/997/997 1002/1002/1002 980/980/980
f 979/979/979 999/999/999 997/997/997
f 980/980/980 1002/1002/1002 1000/1000/1000
f 980/980/980 1000/1000/1000 1005/1005/1005
f 1005/1005/1005 981/981/981 980/980/980
f 1008/1008/1008 981/981/981 1003/1003/1003
f 981/981/981 1008/1008/1008 982/982/982
f 1005/1005/1005 1003/1003/1003 981/981/981
f 982/982/982 1006/1006/1006 1011/1011/1011 983/983/983
f 983/983/983 1009/1009/1009 1014/1014/1014 984/984/984
f 984/984/984 1012/1012/1012 1017/1017/1017 985/985/985
f 982/982/982 1008/1008/1008 1006/1006/1006
f 1012/1012/1012 984/984/984 1014/1014/1014
f 1009/1009/1009 983/983/983 1011/1011/1011
f 1017/1017/1017 1015/1015/1015 985/985/985
f 955/955/955 1083/1083/1083 1082/1082/1082
f 1051/1051/1051 1080/1080/1080 1083/1083/1083
f 1050/1050/1050 1078/1078/1078 1081/1081/1081
f 1050/1050/1050 1079/1079/1079 1078/1078/1078
f 1051/1051/1051 1081/1081/1081 1080/1080/1080
f 1051/1051/1051 1083/1083/1083 955/955/955
f 1050/1050/1050 1081/1081/1081 1051/1051/1051
f 1077/1077/1077 1076/1076/1076 1049/1049/1049
f 1079/1079/1079 1050/1050/1050 1049/1049/1049
f 960/960/960 1077/1077/1077 1049/1049/1049
f 1076/1076/1076 1079/1079/1079 1049/1049/1049
f 960/960/960 1075/1075/1075 1074/1074/1074
f 1048/1048/1048 1072/1072/1072 1075/1075/1075
f 1047/1047/1047 1070/1070/1070 1073/1073/1073
f 1048/1048/1048 1073/1073/1073 1072/1072/1072
f 1048/1048/1048 1075/1075/1075 960/960/960
f 1047/1047/1047 1073/1073/1073 1048/1048/1048
f 1046/1046/1046 1068/1068/1068 1071/1071/1071
f 965/965/965 1069/1069/1069 1068/1068/1068 1046/1046/1046
f 1046/1046/1046 1071/1071/1071 1070/1070/1070 1047/1047/1047
f 1077/1077/1077 960/960/960 1074/1074/1074
f 1015/1015/1015 1020/1020/1020 985/985/985
f 1018/1018/1018 986/986/986 1020/1020/1020
f 985/985/985 1020/1020/1020 986/986/986
f 986/986/986 1018/1018/1018 1023/1023/1023
f 987/987/987 986/986/986 1023/1023/1023
f 987/987/987 1021/1021/1021 1026/1026/1026 988/988/988
f 988/988/988 1024/1024/1024 1029/1029/1029 989/989/989
f 987/987/987 1023/1023/1023 1021/1021/1021
f 968/968/968 969/969/969 1029/1029/1029 1024/1024/1024
f 1024/1024/1024 988/988/988 1026/1026/1026
f 1029/1029/1029 1030/1030/1030 989/989/989
f 1027/1027/1027 990/990/990 1030/1030/1030
f 990/990/990 1027/1027/1027 1033/1033/1033
f 991/991/991 990/990/990 1033/1033/1033
f 991/991/991 1031/1031/1031 1036/1036/1036 992/992/992
f 992/992/992 1034/1034/1034 1039/1039/1039 974/974/974
f 991/991/991 1033/1033/1033 1031/1031/1031
f 992/992/992 1036/1036/1036 1034/1034/1034
f 974/974/974 1039/1039/1039 1037/1037/1037
f 990/990/990 989/989/989 1030/1030/1030
f 969/969/969 968/968/968 1061/1061/1061 1059/1059/1059
f 965/965/965 1067/1067/1067 1066/1066/1066
f 1045/1045/1045 1064/1064/1064 1067/1067/1067
f 1044/1044/1044 1062/1062/1062 1065/1065/1065
f 1044/1044/1044 1063/1063/1063 1062/1062/1062
f 1045/1045/1045 1065/1065/1065 1064/1064/1064
f 1045/1045/1045 1067/1067/1067 965/965/965
f 1044/1044/1044 1065/1065/1065 1045/1045/1045
f 970/970/970 1059/1059/1059 1061/1061/1061 1043/1043/1043
f 1063/1063/1063 1044/1044/1044 1043/1043/1043
f 1061/1061/1061 1063/1063/1063 1043/1043/1043
f 1069/1069/1069 965/965/965 1066/1066/1066
f 1042/1042/1042 1057/1057/1057 1060/1060/1060
f 1042/1042/1042 1058/1058/1058 1057/1057/1057
f 1041/1041/1041 1056/1056/1056 1055/1055/1055
f 1040/1040/1040 1053/1053/1053 1056/1056/1056
f 1041/1041/1041 1055/1055/1055 1058/1058/1058
f 1042/1042/1042 1060/1060/1060 1059/1059/1059 970/970/970
f 1041/1041/1041 1058/1058/1058 1042/1042/1042
f 976/976/976 1052/1052/1052 1054/1054/1054
f 976/976/976 1054/1054/1054 1053/1053/1053 1040/1040/1040
f 1056/1056/1056 1041/1041/1041 1040/1040/1040
f 1087/1087/1087 1119/1119/1119 1122/1122/1122 1120/1120/1120
f 1120/1120/1120 1122/1122/1122 1121/1121/1121 1085/1085/1085
f 1215/1215/1215 1120/1120/1120 1085/1085/1085 1214/1214/1214
f 1212/1212/1212 1087/1087/1087 1120/1120/1120 1215/1215/1215
f 1088/1088/1088 1123/1123/1123 1125/1125/1125 1124/1124/1124
f 1124/1124/1124 1125/1125/1125 1119/1119/1119 1087/1087/1087
f 1213/1213/1213 1124/1124/1124 1087/1087/1087 1212/1212/1212
f 1210/1210/1210 1088/1088/1088 1124/1124/1124 1213/1213/1213
f 1089/1089/1089 1126/1126/1126 1128/1128/1128 1127/1127/1127
f 1127/1127/1127 1128/1128/1128 1123/1123/1123 1088/1088/1088
f 1211/1211/1211 1127/1127/1127 1088/1088/1088 1210/1210/1210
f 1208/1208/1208 1089/1089/1089 1127/1127/1127 1211/1211/1211
f 1091/1091/1091 1129/1129/1129 1131/1131/1131 1130/1130/1130
f 1130/1130/1130 1131/1131/1131 1126/1126/1126 1089/1089/1089
f 1209/1209/1209 1130/1130/1130 1089/1089/1089 1208/1208/1208
f 1206/1206/1206 1091/1091/1091 1130/1130/1130 1209/1209/1209
f 1092/1092/1092 1132/1132/1132 1134/1134/1134 1133/1133/1133
f 1133/1133/1133 1134/1134/1134 1129/1129/1129 1091/1091/1091
f 1207/1207/1207 1133/1133/1133 1091/1091/1091 1206/1206/1206
f 1204/1204/1204 1092/1092/1092 1133/1133/1133 1207/1207/1207
f 1093/1093/1093 1135/1135/1135 1137/1137/1137 1136/1136/1136
f 1136/1136/1136 1137/1137/1137 1132/1132/1132 1092/1092/1092
f 1205/1205/1205 1136/1136/1136 1092/1092/1092 1204/1204/1204
f 1202/1202/1202 1093/1093/1093 1136/1136/1136 1205/1205/1205
f 1094/1094/1094 1138/1138/1138 1140/1140/1140 1139/1139/1139
f 1139/1139/1139 1140/1140/1140 1135/1135/1135 1093/1093/1093
f 1203/1203/1203 1139/1139/1139 1093/1093/1093 1202/1202/1202
f 1200/1200/1200 1094/1094/1094 1139/1139/1139 1203/1203/1203
f 1096/1096/1096 1141/1141/1141 1143/1143/1143 1142/1142/1142
f 1142/1142/1142 1143/1143/1143 1138/1138/1138 1094/1094/1094
f 1201/1201/1201 1142/1142/1142 1094/1094/1094 1200/1200/1200
f 1198/1198/1198 1096/1096/1096 1142/1142/1142 1201/1201/1201
f 1097/1097/1097 1144/1144/1144 1146/1146/1146 1145/1145/1145
f 1145/1145/1145 1146/1146/1146 1141/1141/1141 1096/1096/1096
f 1199/1199/1199 1145/1145/1145 1096/1096/1096 1198/1198/1198
f 1196/1196/1196 1097/1097/1097 1145/1145/1145 1199/1199/1199
f 1098/1098/1098 1147/1147/1147 1149/1149/1149 1148/1148/1148
f 1148/1148/1148 1149/1149/1149 1144/1144/1144 1097/1097/1097
f 1197/1197/1197 1148/1148/1148 1097/1097/1097 1196/1196/1196
f 1194/1194/1194 1098/1098/1098 1148/1148/1148 1197/1197/1197
f 1099/1099/1099 1150/1150/1150 1152/1152/1152 1151/1151/1151
f 1151/1151/1151 1152/1152/1152 1147/1147/1147 1098/1098/1098
f 1195/1195/1195 1151/1151/1151 1098/1098/1098 1194/1194/1194
f 1193/1193/1193 1099/1099/1099 1151/1151/1151 1195/1195/1195
f 1100/1100/1100 1153/1153/1153 1155/1155/1155 1154/1154/1154
f 1154/1154/1154 1155/1155/1155 1150/1150/1150 1099/1099/1099
f 1101/1101/1101 1156/1156/1156 1158/1158/1158 1157/1157/1157
f 1157/1157/1157 1158/1158/1158 1153/1153/1153 1100/1100/1100
f 1192/1192/1192 1157/1157/1157 1100/1100/1100 1191/1191/1191
f 1189/1189/1189 1101/1101/1101 1157/1157/1157 1192/1192/1192
f 1102/1102/1102 1159/1159/1159 1161/1161/1161 1160/1160/1160
f 1160/1160/1160 1161/1161/1161 1156/1156/1156 1101/1101/1101
f 1190/1190/1190 1160/1160/1160 1101/1101/1101 1189/1189/1189
f 1187/1187/1187 1102/1102/1102 1160/1160/1160 1190/1190/1190
f 1103/1103/1103 1162/1162/1162 1164/1164/1164 1163/1163/1163
f 1163/1163/1163 1164/1164/1164 1159/1159/1159 1102/1102/1102
f 1188/1188/1188 1163/1163/1163 1102/1102/1102 1187/1187/1187
f 1185/1185/1185 1103/1103/1103 1163/1163/1163 1188/1188/1188
f 1104/1104/1104 1165/1165/1165 1167/1167/1167 1166/1166/1166
f 1166/1166/1166 1167/1167/1167 1162/1162/1162 1103/1103/1103
f 1186/1186/1186 1166/1166/1166 1103/1103/1103 1185/1185/1185
f 1184/1184/1184 1104/1104/1104 1166/1166/1166 1186/1186/1186
f 1121/1121/1121 1122/1122/1122 1084/1084/1084
f 1105/1105/1105 1084/1084/1084 1122/1122/1122
f 1119/1119/1119 1105/1105/1105 1122/1122/1122
f 1105/1105/1105 1119/1119/1119 1125/1125/1125 1106/1106/1106
f 1106/1106/1106 1123/1123/1123 1128/1128/1128 1107/1107/1107
f 1106/1106/1106 1125/1125/1125 1123/1123/1123
f 1107/1107/1107 1128/1128/1128 1126/1126/1126
f 1107/1107/1107 1126/1126/1126 1131/1131/1131
f 1131/1131/1131 1090/1090/1090 1107/1107/1107
f 1134/1134/1134 1090/1090/1090 1129/1129/1129
f 1090/1090/1090 1134/1134/1134 1108/1108/1108
f 1131/1131/1131 1129/1129/1129 1090/1090/1090
f 1108/1108/1108 1132/1132/1132 1137/1137/1137 1109/1109/1109
f 1109/1109/1109 1135/1135/1135 1140/1140/1140 1110/1110/1110
f 1110/1110/1110 1138/1138/1138 1143/1143/1143 1095/1095/1095
f 1108/1108/1108 1134/1134/1134 1132/1132/1132
f 1138/1138/1138 1110/1110/1110 1140/1140/1140
f 1135/1135/1135 1109/1109/1109 1137/1137/1137
f 1143/1143/1143 1141/1141/1141 1095/1095/1095
f 1086/1086/1086 1215/1215/1215 1214/1214/1214
f 1183/1183/1183 1212/1212/1212 1215/1215/1215
f 1182/1182/1182 1210/1210/1210 1213/1213/1213
f 1182/1182/1182 1211/1211/1211 1210/1210/1210
f 1183/1183/1183 1213/1213/1213 1212/1212/1212
f 1183/1183/1183 1215/1215/1215 1086/1086/1086
f 1182/1182/1182 1213/1213/1213 1183/1183/1183
f 1181/1181/1181 1209/1209/1209 1208/1208/1208
f 1209/1209/1209 1181/1181/1181 1180/1180/1180
f 1180/1180/1180 1206/1206/1206 1209/1209/1209
f 1211/1211/1211 1182/1182/1182 1181/1181/1181
f 1208/1208/1208 1211/1211/1211 1181/1181/1181
f 1179/1179/1179 1207/1207/1207 1206/1206/1206 1180/1180/1180
f 1179/1179/1179 1204/1204/1204 1207/1207/1207
f 1178/1178/1178 1202/1202/1202 1205/1205/1205
f 1179/1179/1179 1205/1205/1205 1204/1204/1204
f 1179/1179/1179 1178/1178/1178 1205/1205/1205
f 1203/1203/1203 1202/1202/1202 1178/1178/1178
f 1177/1177/1177 1203/1203/1203 1178/1178/1178
f 1177/1177/1177 1201/1201/1201 1200/1200/1200
f 1198/1198/1198 1201/1201/1201 1176/1176/1176
f 1177/1177/1177 1176/1176/1176 1201/1201/1201
f 1203/1203/1203 1177/1177/1177 1200/1200/1200
f 1141/1141/1141 1146/1146/1146 1095/1095/1095
f 1144/1144/1144 1111/1111/1111 1146/1146/1146
f 1095/1095/1095 1146/1146/1146 1111/1111/1111
f 1111/1111/1111 1144/1144/1144 1149/1149/1149
f 1112/1112/1112 1111/1111/1111 1149/1149/1149
f 1112/1112/1112 1147/1147/1147 1152/1152/1152 1113/1113/1113
f 1113/1113/1113 1150/1150/1150 1155/1155/1155 1114/1114/1114
f 1112/1112/1112 1149/1149/1149 1147/1147/1147
f 1150/1150/1150 1113/1113/1113 1152/1152/1152
f 1155/1155/1155 1153/1153/1153 1114/1114/1114
f 1153/1153/1153 1158/1158/1158 1114/1114/1114
f 1115/1115/1115 1114/1114/1114 1158/1158/1158
f 1115/1115/1115 1158/1158/1158 1156/1156/1156
f 1115/1115/1115 1156/1156/1156 1161/1161/1161 1116/1116/1116
f 1116/1116/1116 1159/1159/1159 1164/1164/1164 1117/1117/1117
f 1117/1117/1117 1162/1162/1162 1167/1167/1167 1118/1118/1118
f 1116/1116/1116 1161/1161/1161 1159/1159/1159
f 1117/1117/1117 1164/1164/1164 1162/1162/1162
f 1118/1118/1118 1167/1167/1167 1165/1165/1165
f 1175/1175/1175 1196/1196/1196 1199/1199/1199
f 1175/1175/1175 1197/1197/1197 1196/1196/1196
f 1100/1100/1100 1154/1154/1154 1191/1191/1191
f 1099/1099/1099 1193/1193/1193 1154/1154/1154
f 1174/1174/1174 1194/1194/1194 1197/1197/1197
f 1175/1175/1175 1199/1199/1199 1198/1198/1198 1176/1176/1176
f 1174/1174/1174 1197/1197/1197 1175/1175/1175
f 1173/1173/1173 1193/1193/1193 1195/1195/1195
f 1193/1193/1193 1173/1173/1173 1172/1172/1172 1191/1191/1191
f 1191/1191/1191 1154/1154/1154 1193/1193/1193
f 1173/1173/1173 1195/1195/1195 1194/1194/1194 1174/1174/1174
f 1171/1171/1171 1189/1189/1189 1192/1192/1192
f 1171/1171/1171 1190/1190/1190 1189/1189/1189
f 1170/1170/1170 1188/1188/1188 1187/1187/1187
f 1169/1169/1169 1185/1185/1185 1188/1188/1188
f 1170/1170/1170 1187/1187/1187 1190/1190/1190
f 1171/1171/1171 1192/1192/1192 1191/1191/1191 1172/1172/1172
f 1170/1170/1170 1190/1190/1190 1171/1171/1171
f 1168/1168/1168 1184/1184/1184 1186/1186/1186
f 1168/1168/1168 1186/1186/1186 1185/1185/1185 1169/1169/1169
f 1188/1188/1188 1170/1170/1170 1169/1169/1169
f 1224/1224/1224 1222/1222/1222 1218/1218/1218 1223/1223/1223
f 1217/1217/1217 1216/1216/1216 1218/1218/1218
f 1219/1219/1219 1218/1218/1218 1216/1216/1216
f 1221/1221/1221 1217/1217/1217 1222/1222/1222
f 1218/1218/1218 1222/1222/1222 1217/1217/1217
f 1220/1220/1220 1223/1223/1223 1219/1219/1219
f 1218/1218/1218 1219/1219/1219 1223/1223/1223
f 1221/1221/1221 1224/1224/1224 1220/1220/1220
f 1223/1223/1223 1220/1220/1220 1224/1224/1224
f 1222/1222/1222 1224/1224/1224 1221/1221/1221
f 1231/1231/1231 1233/1233/1233 1232/1232/1232 1230/1230/1230
f 1226/1226/1226 1225/1225/1225 1232/1232/1232
f 1230/1230/1230 1232/1232/1232 1225/1225/1225
f 1226/1226/1226 1233/1233/1233 1229/1229/1229
f 1233/1233/1233 1226/1226/1226 1232/1232/1232
f 1228/1228/1228 1230/1230/1230 1227/1227/1227
f 1229/1229/1229 1231/1231/1231 1228/1228/1228
f 1230/1230/1230 1228/1228/1228 1231/1231/1231
f 1233/1233/1233 1231/1231/1231 1229/1229/1229
f 1227/1227/1227 1230/1230/1230 1225/1225/1225
f 1242/1242/1242 1240/1240/1240 1239/1239/1239 1241/1241/1241
f 1235/1235/1235 1234/1234/1234 1239/1239/1239
f 1236/1236/1236 1239/1239/1239 1234/1234/1234
f 1238/1238/1238 1235/1235/1235 1240/1240/1240
f 1239/1239/1239 1240/1240/1240 1235/1235/1235
f 1237/1237/1237 1241/1241/1241 1236/1236/1236
f 1239/1239/1239 1236/1236/1236 1241/1241/1241
f 1238/1238/1238 1242/1242/1242 1237/1237/1237
f 1241/1241/1241 1237/1237/1237 1242/1242/1242
f 1240/1240/1240 1242/1242/1242 1238/1238/1238
f 1249/1249/1249 1251/1251/1251 1250/1250/1250 1248/1248/1248
f 1244/1244/1244 1243/1243/1243 1250/1250/1250
f 1248/1248/1248 1250/1250/1250 1243/1243/1243
f 1244/1244/1244 1251/1251/1251 1247/1247/1247
f 1251/1251/1251 1244/1244/1244 1250/1250/1250
f 1246/1246/1246 1248/1248/1248 1245/1245/1245
f 1247/1247/1247 1249/1249/1249 1246/1246/1246
f 1248/1248/1248 1246/1246/1246 1249/1249/1249
f 1251/1251/1251 1249/1249/1249 1247/1247/1247
f 1245/1245/1245 1248/1248/1248 1243/1243/1243
f 1269/1269/1269 1268/1268/1268 1286/1286/1286
f 1267/1267/1267 1286/1286/1286 1268/1268/1268
f 1286/1286/1286 1254/1254/1254 1269/1269/1269
f 1252/1252/1252 1254/1254/1254 1286/1286/1286
f 1286/1286/1286 1267/1267/1267 1266/1266/1266
f 1264/1264/1264 1263/1263/1263 1284/1284/1284
f 1263/1263/1263 1262/1262/1262 1285/1285/1285
f 1265/1265/1265 1287/1287/1287 1266/1266/1266
f 1266/1266/1266 1287/1287/1287 1286/1286/1286
f 1252/1252/1252 1256/1256/1256 1255/1255/1255
f 1258/1258/1258 1257/1257/1257 1252/1252/1252
f 1256/1256/1256 1252/1252/1252 1257/1257/1257
f 1289/1289/1289 1258/1258/1258 1252/1252/1252
f 1254/1254/1254 1252/1252/1252 1255/1255/1255
f 1261/1261/1261 1260/1260/1260 1271/1271/1271
f 1289/1289/1289 1260/1260/1260 1259/1259/1259
f 1260/1260/1260 1289/1289/1289 1272/1272/1272
f 1258/1258/1258 1289/1289/1289 1259/1259/1259
f 1262/1262/1262 1261/1261/1261 1270/1270/1270
f 1287/1287/1287 1265/1265/1265 1264/1264/1264
f 1284/1284/1284 1283/1283/1283 1287/1287/1287
f 1282/1282/1282 1287/1287/1287 1283/1283/1283
f 1284/1284/1284 1263/1263/1263 1285/1285/1285
f 1262/1262/1262 1270/1270/1270 1285/1285/1285
f 1281/1281/1281 1253/1253/1253 1282/1282/1282
f 1287/1287/1287 1282/1282/1282 1253/1253/1253
f 1253/1253/1253 1281/1281/1281 1280/1280/1280
f 1253/1253/1253 1280/1280/1280 1279/1279/1279
f 1279/1279/1279 1278/1278/1278 1253/1253/1253
f 1270/1270/1270 1261/1261/1261 1271/1271/1271
f 1289/1289/1289 1274/1274/1274 1273/1273/1273
f 1272/1272/1272 1289/1289/1289 1273/1273/1273
f 1271/1271/1271 1260/1260/1260 1272/1272/1272
f 1288/1288/1288 1278/1278/1278 1277/1277/1277
f 1288/1288/1288 1276/1276/1276 1275/1275/1275
f 1277/1277/1277 1276/1276/1276 1288/1288/1288
f 1274/1274/1274 1288/1288/1288 1275/1275/1275
f 1288/1288/1288 1253/1253/1253 1278/1278/1278
f 1289/1289/1289 1288/1288/1288 1274/1274/1274
f 1284/1284/1284 1287/1287/1287 1264/1264/1264
f 1294/1294/1294 1293/1293/1293 1292/1292/1292
f 1295/1295/1295 1294/1294/1294 1291/1291/1291
f 1294/1294/1294 1292/1292/1292 1291/1291/1291
f 1295/1295/1295 1291/1291/1291 1290/1290/1290
f 1300/1300/1300 1298/1298/1298 1299/1299/1299
f 1301/1301/1301 1297/1297/1297 1300/1300/1300
f 1300/1300/1300 1297/1297/1297 1298/1298/1298
f 1301/1301/1301 1296/1296/1296 1297/1297/1297
f 1322/1322/1322 1321/1321/1321 1324/1324/1324
f 1323/1323/1323 1320/1320/1320 1322/1322/1322
f 1324/1324/1324 1323/1323/1323 1322/1322/1322
f 1329/1329/1329 1320/1320/1320 1323/1323/1323
f 1330/1330/1330 1325/1325/1325 1329/1329/1329
f 1323/1323/1323 1330/1330/1330 1329/1329/1329
f 1326/1326/1326 1328/1328/1328 1327/1327/1327
f 1323/1323/1323 1331/1331/1331 1330/1330/1330
f 1332/1332/1332 1325/1325/1325 1330/1330/1330
f 1332/1332/1332 1330/1330/1330 1331/1331/1331
f 1303/1303/1303 1331/1331/1331 1323/1323/1323
f 1329/1329/1329 1325/1325/1325 1318/1318/1318
f 1317/1317/1317 1318/1318/1318 1325/1325/1325
f 1320/1320/1320 1329/1329/1329 1319/1319/1319
f 1318/1318/1318 1319/1319/1319 1329/1329/1329
f 1319/1319/1319 1304/1304/1304 1320/1320/1320
f 1317/1317/1317 1325/1325/1325 1316/1316/1316
f 1321/1321/1321 1338/1338/1338 1324/1324/1324
f 1303/1303/1303 1324/1324/1324 1338/1338/1338
f 1321/1321/1321 1322/1322/1322 1306/1306/1306
f 1323/1323/1323 1324/1324/1324 1303/1303/1303
f 1320/1320/1320 1305/1305/1305 1322/1322/1322
f 1321/1321/1321 1307/1307/1307 1308/1308/1308
f 1321/1321/1321 1306/1306/1306 1307/1307/1307
f 1322/1322/1322 1305/1305/1305 1306/1306/1306
f 1304/1304/1304 1305/1305/1305 1320/1320/1320
f 1337/1337/1337 1321/1321/1321 1308/1308/1308
f 1315/1315/1315 1316/1316/1316 1328/1328/1328
f 1328/1328/1328 1316/1316/1316 1325/1325/1325
f 1328/1328/1328 1314/1314/1314 1315/1315/1315
f 1313/1313/1313 1314/1314/1314 1328/1328/1328
f 1332/1332/1332 1328/1328/1328 1325/1325/1325
f 1334/1334/1334 1327/1327/1327 1333/1333/1333
f 1333/1333/1333 1327/1327/1327 1328/1328/1328
f 1332/1332/1332 1333/1333/1333 1328/1328/1328
f 1332/1332/1332 1331/1331/1331 1302/1302/1302
f 1327/1327/1327 1334/1334/1334 1335/1335/1335
f 1326/1326/1326 1312/1312/1312 1313/1313/1313
f 1326/1326/1326 1310/1310/1310 1311/1311/1311
f 1337/1337/1337 1309/1309/1309 1310/1310/1310
f 1311/1311/1311 1312/1312/1312 1326/1326/1326
f 1336/1336/1336 1326/1326/1326 1335/1335/1335
f 1328/1328/1328 1326/1326/1326 1313/1313/1313
f 1337/1337/1337 1338/1338/1338 1321/1321/1321
f 1336/1336/1336 1337/1337/1337 1310/1310/1310
f 1326/1326/1326 1336/1336/1336 1310/1310/1310
f 1326/1326/1326 1327/1327/1327 1335/1335/1335
f 1309/1309/1309 1337/1337/1337 1308/1308/1308
f 1364/1364/1364 1359/1359/1359 1363/1363/1363
f 1359/1359/1359 1360/1360/1360 1363/1363/1363
f 1344/1344/1344 1363/1363/1363 1361/1361/1361
f 1360/1360/1360 1361/1361/1361 1363/1363/1363
f 1346/1346/1346 1344/1344/1344 1361/1361/1361
f 1345/1345/1345 1364/1364/1364 1339/1339/1339
f 1342/1342/1342 1362/1362/1362 1341/1341/1341
f 1362/1362/1362 1340/1340/1340 1341/1341/1341
f 1344/1344/1344 1347/1347/1347 1343/1343/1343
f 1349/1349/1349 1342/1342/1342 1343/1343/1343
f 1347/1347/1347 1348/1348/1348 1343/1343/1343
f 1346/1346/1346 1347/1347/1347 1344/1344/1344
f 1343/1343/1343 1348/1348/1348 1349/1349/1349
f 1364/1364/1364 1358/1358/1358 1359/1359/1359
f 1345/1345/1345 1357/1357/1357 1358/1358/1358
f 1355/1355/1355 1356/1356/1356 1345/1345/1345
f 1357/1357/1357 1345/1345/1345 1356/1356/1356
f 1354/1354/1354 1355/1355/1355 1345/1345/1345
f 1345/1345/1345 1358/1358/1358 1364/1364/1364
f 1362/1362/1362 1350/1350/1350 1351/1351/1351
f 1342/1342/1342 1349/1349/1349 1350/1350/1350
f 1362/1362/1362 1353/1353/1353 1354/1354/1354
f 1351/1351/1351 1352/1352/1352 1362/1362/1362
f 1353/1353/1353 1362/1362/1362 1352/1352/1352
f 1362/1362/1362 1354/1354/1354 1345/1345/1345
f 1342/1342/1342 1350/1350/1350 1362/1362/1362
f 1372/1372/1372 1468/1468/1468 1470/1470/1470 1467/1467/1467
f 1468/1468/1468 1366/1366/1366 1469/1469/1469 1470/1470/1470
f 1468/1468/1468 1372/1372/1372 1373/1373/1373
f 1367/1367/1367 1366/1366/1366 1468/1468/1468
f 1373/1373/1373 1367/1367/1367 1468/1468/1468
f 1374/1374/1374 1368/1368/1368 1367/1367/1367 1373/1373/1373
f 1547/1547/1547 1369/1369/1369 1368/1368/1368
f 1374/1374/1374 1375/1375/1375 1547/1547/1547
f 1368/1368/1368 1374/1374/1374 1547/1547/1547
f 1548/1548/1548 1546/1546/1546 1369/1369/1369 1547/1547/1547
f 1545/1545/1545 1548/1548/1548 1547/1547/1547 1375/1375/1375
f 1379/1379/1379 1373/1373/1373 1372/1372/1372 1378/1378/1378
f 1380/1380/1380 1374/1374/1374 1373/1373/1373 1379/1379/1379
f 1381/1381/1381 1375/1375/1375 1374/1374/1374 1380/1380/1380
f 1384/1384/1384 1472/1472/1472 1474/1474/1474 1471/1471/1471
f 1472/1472/1472 1378/1378/1378 1473/1473/1473 1474/1474/1474
f 1472/1472/1472 1384/1384/1384 1385/1385/1385
f 1379/1379/1379 1378/1378/1378 1472/1472/1472
f 1385/1385/1385 1379/1379/1379 1472/1472/1472
f 1386/1386/1386 1380/1380/1380 1379/1379/1379 1385/1385/1385
f 1543/1543/1543 1381/1381/1381 1380/1380/1380
f 1386/1386/1386 1387/1387/1387 1543/1543/1543
f 1380/1380/1380 1386/1386/1386 1543/1543/1543
f 1544/1544/1544 1542/1542/1542 1381/1381/1381 1543/1543/1543
f 1539/1539/1539 1544/1544/1544 1543/1543/1543 1387/1387/1387
f 1390/1390/1390 1476/1476/1476 1477/1477/1477 1475/1475/1475
f 1476/1476/1476 1384/1384/1384 1471/1471/1471 1477/1477/1477
f 1476/1476/1476 1390/1390/1390 1391/1391/1391
f 1385/1385/1385 1384/1384/1384 1476/1476/1476
f 1391/1391/1391 1385/1385/1385 1476/1476/1476
f 1392/1392/1392 1386/1386/1386 1385/1385/1385 1391/1391/1391
f 1540/1540/1540 1387/1387/1387 1386/1386/1386
f 1392/1392/1392 1393/1393/1393 1540/1540/1540
f 1386/1386/1386 1392/1392/1392 1540/1540/1540
f 1541/1541/1541 1539/1539/1539 1387/1387/1387 1540/1540/1540
f 1536/1536/1536 1541/1541/1541 1540/1540/1540 1393/1393/1393
f 1396/1396/1396 1479/1479/1479 1480/1480/1480 1478/1478/1478
f 1479/1479/1479 1390/1390/1390 1475/1475/1475 1480/1480/1480
f 1479/1479/1479 1396/1396/1396 1397/1397/1397
f 1391/1391/1391 1390/1390/1390 1479/1479/1479
f 1397/1397/1397 1391/1391/1391 1479/1479/1479
f 1398/1398/1398 1392/1392/1392 1391/1391/1391 1397/1397/1397
f 1537/1537/1537 1393/1393/1393 1392/1392/1392
f 1398/1398/1398 1399/1399/1399 1537/1537/1537
f 1392/1392/1392 1398/1398/1398 1537/1537/1537
f 1538/1538/1538 1536/1536/1536 1393/1393/1393 1537/1537/1537
f 1535/1535/1535 1538/1538/1538 1537/1537/1537 1399/1399/1399
f 1403/1403/1403 1397/1397/1397 1396/1396/1396 1402/1402/1402
f 1404/1404/1404 1398/1398/1398 1397/1397/1397 1403/1403/1403
f 1405/1405/1405 1399/1399/1399 1398/1398/1398 1404/1404/1404
f 1408/1408/1408 1482/1482/1482 1484/1484/1484 1481/1481/1481
f 1482/1482/1482 1402/1402/1402 1483/1483/1483 1484/1484/1484
f 1482/1482/1482 1408/1408/1408 1409/1409/1409
f 1403/1403/1403 1402/1402/1402 1482/1482/1482
f 1409/1409/1409 1403/1403/1403 1482/1482/1482
f 1410/1410/1410 1404/1404/1404 1403/1403/1403 1409/1409/1409
f 1533/1533/1533 1405/1405/1405 1404/1404/1404
f 1410/1410/1410 1411/1411/1411 1533/1533/1533
f 1404/1404/1404 1410/1410/1410 1533/1533/1533
f 1534/1534/1534 1532/1532/1532 1405/1405/1405 1533/1533/1533
f 1529/1529/1529 1534/1534/1534 1533/1533/1533 1411/1411/1411
f 1414/1414/1414 1486/1486/1486 1487/1487/1487 1485/1485/1485
f 1486/1486/1486 1408/1408/1408 1481/1481/1481 1487/1487/1487
f 1486/1486/1486 1414/1414/1414 1415/1415/1415
f 1409/1409/1409 1408/1408/1408 1486/1486/1486
f 1415/1415/1415 1409/1409/1409 1486/1486/1486
f 1416/1416/1416 1410/1410/1410 1409/1409/1409 1415/1415/1415
f 1530/1530/1530 1411/1411/1411 1410/1410/1410
f 1416/1416/1416 1417/1417/1417 1530/1530/1530
f 1410/1410/1410 1416/1416/1416 1530/1530/1530
f 1531/1531/1531 1529/1529/1529 1411/1411/1411 1530/1530/1530
f 1526/1526/1526 1531/1531/1531 1530/1530/1530 1417/1417/1417
f 1420/1420/1420 1489/1489/1489 1490/1490/1490 1488/1488/1488
f 1489/1489/1489 1414/1414/1414 1485/1485/1485 1490/1490/1490
f 1489/1489/1489 1420/1420/1420 1421/1421/1421
f 1415/1415/1415 1414/1414/1414 1489/1489/1489
f 1421/1421/1421 1415/1415/1415 1489/1489/1489
f 1422/1422/1422 1416/1416/1416 1415/1415/1415 1421/1421/1421
f 1527/1527/1527 1417/1417/1417 1416/1416/1416
f 1422/1422/1422 1423/1423/1423 1527/1527/1527
f 1416/1416/1416 1422/1422/1422 1527/1527/1527
f 1528/1528/1528 1526/1526/1526 1417/1417/1417 1527/1527/1527
f 1525/1525/1525 1528/1528/1528 1527/1527/1527 1423/1423/1423
f 1427/1427/1427 1421/1421/1421 1420/1420/1420 1426/1426/1426
f 1428/1428/1428 1422/1422/1422 1421/1421/1421 1427/1427/1427
f 1429/1429/1429 1423/1423/1423 1422/1422/1422 1428/1428/1428
f 1432/1432/1432 1492/1492/1492 1494/1494/1494 1491/1491/1491
f 1492/1492/1492 1426/1426/1426 1493/1493/1493 1494/1494/1494
f 1492/1492/1492 1432/1432/1432 1433/1433/1433
f 1427/1427/1427 1426/1426/1426 1492/1492/1492
f 1433/1433/1433 1427/1427/1427 1492/1492/1492
f 1434/1434/1434 1428/1428/1428 1427/1427/1427 1433/1433/1433
f 1523/1523/1523 1429/1429/1429 1428/1428/1428
f 1434/1434/1434 1435/1435/1435 1523/1523/1523
f 1428/1428/1428 1434/1434/1434 1523/1523/1523
f 1524/1524/1524 1522/1522/1522 1429/1429/1429 1523/1523/1523
f 1519/1519/1519 1524/1524/1524 1523/1523/1523 1435/1435/1435
f 1438/1438/1438 1496/1496/1496 1497/1497/1497 1495/1495/1495
f 1496/1496/1496 1432/1432/1432 1491/1491/1491 1497/1497/1497
f 1496/1496/1496 1438/1438/1438 1439/1439/1439
f 1433/1433/1433 1432/1432/1432 1496/1496/1496
f 1439/1439/1439 1433/1433/1433 1496/1496/1496
f 1440/1440/1440 1434/1434/1434 1433/1433/1433 1439/1439/1439
f 1520/1520/1520 1435/1435/1435 1434/1434/1434
f 1440/1440/1440 1441/1441/1441 1520/1520/1520
f 1434/1434/1434 1440/1440/1440 1520/1520/1520
f 1521/1521/1521 1519/1519/1519 1435/1435/1435 1520/1520/1520
f 1516/1516/1516 1521/1521/1521 1520/1520/1520 1441/1441/1441
f 1444/1444/1444 1499/1499/1499 1500/1500/1500 1498/1498/1498
f 1499/1499/1499 1438/1438/1438 1495/1495/1495 1500/1500/1500
f 1499/1499/1499 1444/1444/1444 1445/1445/1445
f 1439/1439/1439 1438/1438/1438 1499/1499/1499
f 1445/1445/1445 1439/1439/1439 1499/1499/1499
f 1446/1446/1446 1440/1440/1440 1439/1439/1439 1445/1445/1445
f 1517/1517/1517 1441/1441/1441 1440/1440/1440
f 1446/1446/1446 1447/1447/1447 1517/1517/1517
f 1440/1440/1440 1446/1446/1446 1517/1517/1517
f 1518/1518/1518 1516/1516/1516 1441/1441/1441 1517/1517/1517
f 1515/1515/1515 1518/1518/1518 1517/1517/1517 1447/1447/1447
f 1451/1451/1451 1445/1445/1445 1444/1444/1444 1450/1450/1450
f 1452/1452/1452 1446/1446/1446 1445/1445/1445 1451/1451/1451
f 1453/1453/1453 1447/1447/1447 1446/1446/1446 1452/1452/1452
f 1456/1456/1456 1502/1502/1502 1504/1504/1504 1501/1501/1501
f 1502/1502/1502 1450/1450/1450 1503/1503/1503 1504/1504/1504
f 1502/1502/1502 1456/1456/1456 1457/1457/1457
f 1451/1451/1451 1450/1450/1450 1502/1502/1502
f 1457/1457/1457 1451/1451/1451 1502/1502/1502
f 1458/1458/1458 1452/1452/1452 1451/1451/1451 1457/1457/1457
f 1513/1513/1513 1453/1453/1453 1452/1452/1452
f 1458/1458/1458 1459/1459/1459 1513/1513/1513
f 1452/1452/1452 1458/1458/1458 1513/1513/1513
f 1514/1514/1514 1512/1512/1512 1453/1453/1453 1513/1513/1513
f 1509/1509/1509 1514/1514/1514 1513/1513/1513 1459/1459/1459
f 1462/1462/1462 1506/1506/1506 1507/1507/1507 1505/1505/1505
f 1506/1506/1506 1456/1456/1456 1501/1501/1501 1507/1507/1507
f 1506/1506/1506 1462/1462/1462 1463/1463/1463
f 1457/1457/1457 1456/1456/1456 1506/1506/1506
f 1463/1463/1463 1457/1457/1457 1506/1506/1506
f 1464/1464/1464 1458/1458/1458 1457/1457/1457 1463/1463/1463
f 1510/1510/1510 1459/1459/1459 1458/1458/1458
f 1464/1464/1464 1465/1465/1465 1510/1510/1510
f 1458/1458/1458 1464/1464/1464 1510/1510/1510
f 1511/1511/1511 1509/1509/1509 1459/1459/1459 1510/1510/1510
f 1508/1508/1508 1511/1511/1511 1510/1510/1510 1465/1465/1465
f 1469/1469/1469 1365/1365/1365 1470/1470/1470
f 1371/1371/1371 1470/1470/1470 1365/1365/1365
f 1467/1467/1467 1470/1470/1470 1371/1371/1371
f 1377/1377/1377 1473/1473/1473 1467/1467/1467 1371/1371/1371
f 1383/1383/1383 1474/1474/1474 1377/1377/1377
f 1372/1372/1372 1467/1467/1467 1473/1473/1473 1378/1378/1378
f 1383/1383/1383 1471/1471/1471 1474/1474/1474
f 1477/1477/1477 1471/1471/1471 1383/1383/1383
f 1474/1474/1474 1473/1473/1473 1377/1377/1377
f 1477/1477/1477 1383/1383/1383 1389/1389/1389
f 1475/1475/1475 1389/1389/1389 1480/1480/1480
f 1395/1395/1395 1480/1480/1480 1389/1389/1389
f 1477/1477/1477 1389/1389/1389 1475/1475/1475
f 1478/1478/1478 1480/1480/1480 1395/1395/1395
f 1407/1407/1407 1484/1484/1484 1401/1401/1401
f 1401/1401/1401 1483/1483/1483 1478/1478/1478 1395/1395/1395
f 1413/1413/1413 1487/1487/1487 1407/1407/1407
f 1396/1396/1396 1478/1478/1478 1483/1483/1483 1402/1402/1402
f 1407/1407/1407 1481/1481/1481 1484/1484/1484
f 1413/1413/1413 1485/1485/1485 1487/1487/1487
f 1487/1487/1487 1481/1481/1481 1407/1407/1407
f 1484/1484/1484 1483/1483/1483 1401/1401/1401
f 1485/1485/1485 1413/1413/1413 1490/1490/1490
f 1370/1370/1370 1546/1546/1546 1548/1548/1548
f 1381/1381/1381 1542/1542/1542 1545/1545/1545 1375/1375/1375
f 1542/1542/1542 1382/1382/1382 1376/1376/1376 1545/1545/1545
f 1376/1376/1376 1548/1548/1548 1545/1545/1545
f 1376/1376/1376 1370/1370/1370 1548/1548/1548
f 1388/1388/1388 1544/1544/1544 1539/1539/1539
f 1394/1394/1394 1388/1388/1388 1541/1541/1541
f 1539/1539/1539 1541/1541/1541 1388/1388/1388
f 1382/1382/1382 1544/1544/1544 1388/1388/1388
f 1542/1542/1542 1544/1544/1544 1382/1382/1382
f 1394/1394/1394 1536/1536/1536 1538/1538/1538
f 1535/1535/1535 1399/1399/1399 1405/1405/1405 1532/1532/1532
f 1532/1532/1532 1406/1406/1406 1400/1400/1400 1535/1535/1535
f 1400/1400/1400 1538/1538/1538 1535/1535/1535
f 1400/1400/1400 1394/1394/1394 1538/1538/1538
f 1412/1412/1412 1534/1534/1534 1529/1529/1529
f 1418/1418/1418 1412/1412/1412 1531/1531/1531
f 1529/1529/1529 1531/1531/1531 1412/1412/1412
f 1406/1406/1406 1534/1534/1534 1412/1412/1412
f 1532/1532/1532 1534/1534/1534 1406/1406/1406
f 1541/1541/1541 1536/1536/1536 1394/1394/1394
f 1488/1488/1488 1490/1490/1490 1419/1419/1419
f 1413/1413/1413 1419/1419/1419 1490/1490/1490
f 1488/1488/1488 1419/1419/1419 1425/1425/1425 1493/1493/1493
f 1431/1431/1431 1494/1494/1494 1425/1425/1425
f 1437/1437/1437 1497/1497/1497 1431/1431/1431
f 1420/1420/1420 1488/1488/1488 1493/1493/1493 1426/1426/1426
f 1431/1431/1431 1491/1491/1491 1494/1494/1494
f 1497/1497/1497 1491/1491/1491 1431/1431/1431
f 1494/1494/1494 1493/1493/1493 1425/1425/1425
f 1495/1495/1495 1497/1497/1497 1437/1437/1437
f 1495/1495/1495 1437/1437/1437 1500/1500/1500
f 1443/1443/1443 1500/1500/1500 1437/1437/1437
f 1498/1498/1498 1500/1500/1500 1443/1443/1443
f 1449/1449/1449 1503/1503/1503 1498/1498/1498 1443/1443/1443
f 1461/1461/1461 1507/1507/1507 1455/1455/1455
f 1504/1504/1504 1449/1449/1449 1455/1455/1455
f 1503/1503/1503 1450/1450/1450 1444/1444/1444 1498/1498/1498
f 1455/1455/1455 1501/1501/1501 1504/1504/1504
f 1461/1461/1461 1505/1505/1505 1507/1507/1507
f 1507/1507/1507 1501/1501/1501 1455/1455/1455
f 1504/1504/1504 1503/1503/1503 1449/1449/1449
f 1418/1418/1418 1526/1526/1526 1528/1528/1528
f 1424/1424/1424 1528/1528/1528 1525/1525/1525
f 1430/1430/1430 1522/1522/1522 1524/1524/1524
f 1429/1429/1429 1522/1522/1522 1525/1525/1525 1423/1423/1423
f 1522/1522/1522 1430/1430/1430 1424/1424/1424 1525/1525/1525
f 1424/1424/1424 1418/1418/1418 1528/1528/1528
f 1436/1436/1436 1519/1519/1519 1521/1521/1521
f 1516/1516/1516 1442/1442/1442 1521/1521/1521
f 1436/1436/1436 1521/1521/1521 1442/1442/1442
f 1524/1524/1524 1436/1436/1436 1430/1430/1430
f 1519/1519/1519 1436/1436/1436 1524/1524/1524
f 1531/1531/1531 1526/1526/1526 1418/1418/1418
f 1515/1515/1515 1447/1447/1447 1453/1453/1453 1512/1512/1512
f 1448/1448/1448 1518/1518/1518 1515/1515/1515
f 1460/1460/1460 1514/1514/1514 1509/1509/1509
f 1454/1454/1454 1512/1512/1512 1514/1514/1514
f 1512/1512/1512 1454/1454/1454 1448/1448/1448 1515/1515/1515
f 1448/1448/1448 1442/1442/1442 1518/1518/1518
f 1466/1466/1466 1511/1511/1511 1508/1508/1508
f 1511/1511/1511 1466/1466/1466 1460/1460/1460
f 1514/1514/1514 1460/1460/1460 1454/1454/1454
f 1511/1511/1511 1460/1460/1460 1509/1509/1509
f 1516/1516/1516 1518/1518/1518 1442/1442/1442
f 1552/1552/1552 1549/1549/1549 1550/1550/1550
f 1550/1550/1550 1551/1551/1551 1552/1552/1552
f 1564/1564/1564 1549/1549/1549 1552/1552/1552
f 1560/1560/1560 1563/1563/1563 1564/1564/1564
f 1562/1562/1562 1560/1560/1560 1561/1561/1561
f 1560/1560/1560 1562/1562/1562 1563/1563/1563
f 1552/1552/1552 1560/1560/1560 1564/1564/1564
f 1560/1560/1560 1552/1552/1552 1554/1554/1554
f 1558/1558/1558 1554/1554/1554 1555/1555/1555
f 1555/1555/1555 1556/1556/1556 1557/1557/1557
f 1558/1558/1558 1559/1559/1559 1560/1560/1560
f 1554/1554/1554 1558/1558/1558 1560/1560/1560
f 1558/1558/1558 1555/1555/1555 1557/1557/1557
f 1553/1553/1553 1554/1554/1554 1552/1552/1552
f 1571/1571/1571 1668/1668/1668 1670/1670/1670 1667/1667/1667
f 1668/1668/1668 1566/1566/1566 1669/1669/1669 1670/1670/1670
f 1668/1668/1668 1571/1571/1571 1572/1572/1572
f 1567/1567/1567 1566/1566/1566 1668/1668/1668
f 1572/1572/1572 1567/1567/1567 1668/1668/1668
f 1573/1573/1573 1568/1568/1568 1567/1567/1567 1572/1572/1572
f 1751/1751/1751 1569/1569/1569 1568/1568/1568
f 1573/1573/1573 1574/1574/1574 1751/1751/1751
f 1568/1568/1568 1573/1573/1573 1751/1751/1751
f 1752/1752/1752 1750/1750/1750 1569/1569/1569 1751/1751/1751
f 1749/1749/1749 1752/1752/1752 1751/1751/1751 1574/1574/1574
f 1576/1576/1576 1672/1672/1672 1673/1673/1673 1671/1671/1671
f 1672/1672/1672 1571/1571/1571 1667/1667/1667 1673/1673/1673
f 1672/1672/1672 1576/1576/1576 1577/1577/1577
f 1572/1572/1572 1571/1571/1571 1672/1672/1672
f 1577/1577/1577 1572/1572/1572 1672/1672/1672
f 1578/1578/1578 1573/1573/1573 1572/1572/1572 1577/1577/1577
f 1579/1579/1579 1574/1574/1574 1573/1573/1573 1578/1578/1578
f 1581/1581/1581 1675/1675/1675 1676/1676/1676 1674/1674/1674
f 1675/1675/1675 1576/1576/1576 1671/1671/1671 1676/1676/1676
f 1675/1675/1675 1581/1581/1581 1582/1582/1582
f 1577/1577/1577 1576/1576/1576 1675/1675/1675
f 1582/1582/1582 1577/1577/1577 1675/1675/1675
f 1583/1583/1583 1578/1578/1578 1577/1577/1577 1582/1582/1582
f 1747/1747/1747 1579/1579/1579 1578/1578/1578
f 1583/1583/1583 1584/1584/1584 1747/1747/1747
f 1578/1578/1578 1583/1583/1583 1747/1747/1747
f 1748/1748/1748 1746/1746/1746 1579/1579/1579 1747/1747/1747
f 1743/1743/1743 1748/1748/1748 1747/1747/1747 1584/1584/1584
f 1588/1588/1588 1582/1582/1582 1581/1581/1581 1587/1587/1587
f 1589/1589/1589 1583/1583/1583 1582/1582/1582 1588/1588/1588
f 1744/1744/1744 1584/1584/1584 1583/1583/1583
f 1589/1589/1589 1590/1590/1590 1744/1744/1744
f 1583/1583/1583 1589/1589/1589 1744/1744/1744
f 1745/1745/1745 1743/1743/1743 1584/1584/1584 1744/1744/1744
f 1740/1740/1740 1745/1745/1745 1744/1744/1744 1590/1590/1590
f 1592/1592/1592 1678/1678/1678 1680/1680/1680 1677/1677/1677
f 1678/1678/1678 1587/1587/1587 1679/1679/1679 1680/1680/1680
f 1678/1678/1678 1592/1592/1592 1593/1593/1593
f 1588/1588/1588 1587/1587/1587 1678/1678/1678
f 1593/1593/1593 1588/1588/1588 1678/1678/1678
f 1594/1594/1594 1589/1589/1589 1588/1588/1588 1593/1593/1593
f 1741/1741/1741 1590/1590/1590 1589/1589/1589
f 1594/1594/1594 1595/1595/1595 1741/1741/1741
f 1589/1589/1589 1594/1594/1594 1741/1741/1741
f 1742/1742/1742 1740/1740/1740 1590/1590/1590 1741/1741/1741
f 1739/1739/1739 1742/1742/1742 1741/1741/1741 1595/1595/1595
f 1597/1597/1597 1682/1682/1682 1683/1683/1683 1681/1681/1681
f 1682/1682/1682 1592/1592/1592 1677/1677/1677 1683/1683/1683
f 1682/1682/1682 1597/1597/1597 1598/1598/1598
f 1593/1593/1593 1592/1592/1592 1682/1682/1682
f 1598/1598/1598 1593/1593/1593 1682/1682/1682
f 1599/1599/1599 1594/1594/1594 1593/1593/1593 1598/1598/1598
f 1600/1600/1600 1595/1595/1595 1594/1594/1594 1599/1599/1599
f 1602/1602/1602 1685/1685/1685 1686/1686/1686 1684/1684/1684
f 1685/1685/1685 1597/1597/1597 1681/1681/1681 1686/1686/1686
f 1685/1685/1685 1602/1602/1602 1603/1603/1603
f 1598/1598/1598 1597/1597/1597 1685/1685/1685
f 1603/1603/1603 1598/1598/1598 1685/1685/1685
f 1604/1604/1604 1599/1599/1599 1598/1598/1598 1603/1603/1603
f 1737/1737/1737 1600/1600/1600 1599/1599/1599
f 1604/1604/1604 1605/1605/1605 1737/1737/1737
f 1599/1599/1599 1604/1604/1604 1737/1737/1737
f 1738/1738/1738 1736/1736/1736 1600/1600/1600 1737/1737/1737
f 1733/1733/1733 1738/1738/1738 1737/1737/1737 1605/1605/1605
f 1609/1609/1609 1603/1603/1603 1602/1602/1602 1608/1608/1608
f 1610/1610/1610 1604/1604/1604 1603/1603/1603 1609/1609/1609
f 1734/1734/1734 1605/1605/1605 1604/1604/1604
f 1610/1610/1610 1611/1611/1611 1734/1734/1734
f 1604/1604/1604 1610/1610/1610 1734/1734/1734
f 1735/1735/1735 1733/1733/1733 1605/1605/1605 1734/1734/1734
f 1730/1730/1730 1735/1735/1735 1734/1734/1734 1611/1611/1611
f 1613/1613/1613 1688/1688/1688 1690/1690/1690 1687/1687/1687
f 1688/1688/1688 1608/1608/1608 1689/1689/1689 1690/1690/1690
f 1688/1688/1688 1613/1613/1613 1614/1614/1614
f 1609/1609/1609 1608/1608/1608 1688/1688/1688
f 1614/1614/1614 1609/1609/1609 1688/1688/1688
f 1615/1615/1615 1610/1610/1610 1609/1609/1609 1614/1614/1614
f 1731/1731/1731 1611/1611/1611 1610/1610/1610
f 1615/1615/1615 1616/1616/1616 1731/1731/1731
f 1610/1610/1610 1615/1615/1615 1731/1731/1731
f 1732/1732/1732 1730/1730/1730 1611/1611/1611 1731/1731/1731
f 1729/1729/1729 1732/1732/1732 1731/1731/1731 1616/1616/1616
f 1618/1618/1618 1692/1692/1692 1693/1693/1693 1691/1691/1691
f 1692/1692/1692 1613/1613/1613 1687/1687/1687 1693/1693/1693
f 1692/1692/1692 1618/1618/1618 1619/1619/1619
f 1614/1614/1614 1613/1613/1613 1692/1692/1692
f 1619/1619/1619 1614/1614/1614 1692/1692/1692
f 1620/1620/1620 1615/1615/1615 1614/1614/1614 1619/1619/1619
f 1621/1621/1621 1616/1616/1616 1615/1615/1615 1620/1620/1620
f 1623/1623/1623 1695/1695/1695 1696/1696/1696 1694/1694/1694
f 1695/1695/1695 1618/1618/1618 1691/1691/1691 1696/1696/1696
f 1695/1695/1695 1623/1623/1623 1624/1624/1624
f 1619/1619/1619 1618/1618/1618 1695/1695/1695
f 1624/1624/1624 1619/1619/1619 1695/1695/1695
f 1625/1625/1625 1620/1620/1620 1619/1619/1619 1624/1624/1624
f 1727/1727/1727 1621/1621/1621 1620/1620/1620
f 1625/1625/1625 1626/1626/1626 1727/1727/1727
f 1620/1620/1620 1625/1625/1625 1727/1727/1727
f 1728/1728/1728 1726/1726/1726 1621/1621/1621 1727/1727/1727
f 1723/1723/1723 1728/1728/1728 1727/1727/1727 1626/1626/1626
f 1629/1629/1629 1698/1698/1698 1699/1699/1699 1697/1697/1697
f 1698/1698/1698 1623/1623/1623 1694/1694/1694 1699/1699/1699
f 1698/1698/1698 1629/1629/1629 1630/1630/1630
f 1624/1624/1624 1623/1623/1623 1698/1698/1698
f 1630/1630/1630 1624/1624/1624 1698/1698/1698
f 1631/1631/1631 1625/1625/1625 1624/1624/1624 1630/1630/1630
f 1724/1724/1724 1626/1626/1626 1625/1625/1625
f 1631/1631/1631 1632/1632/1632 1724/1724/1724
f 1625/1625/1625 1631/1631/1631 1724/1724/1724
f 1725/1725/1725 1723/1723/1723 1626/1626/1626 1724/1724/1724
f 1720/1720/1720 1725/1725/1725 1724/1724/1724 1632/1632/1632
f 1634/1634/1634 1701/1701/1701 1702/1702/1702 1700/1700/1700
f 1701/1701/1701 1629/1629/1629 1697/1697/1697 1702/1702/1702
f 1701/1701/1701 1634/1634/1634 1635/1635/1635
f 1630/1630/1630 1629/1629/1629 1701/1701/1701
f 1635/1635/1635 1630/1630/1630 1701/1701/1701
f 1636/1636/1636 1631/1631/1631 1630/1630/1630 1635/1635/1635
f 1721/1721/1721 1632/1632/1632 1631/1631/1631
f 1636/1636/1636 1637/1637/1637 1721/1721/1721
f 1631/1631/1631 1636/1636/1636 1721/1721/1721
f 1722/1722/1722 1720/1720/1720 1632/1632/1632 1721/1721/1721
f 1719/1719/1719 1722/1722/1722 1721/1721/1721 1637/1637/1637
f 1639/1639/1639 1704/1704/1704 1705/1705/1705 1703/1703/1703
f 1704/1704/1704 1634/1634/1634 1700/1700/1700 1705/1705/1705
f 1704/1704/1704 1639/1639/1639 1640/1640/1640
f 1635/1635/1635 1634/1634/1634 1704/1704/1704
f 1640/1640/1640 1635/1635/1635 1704/1704/1704
f 1641/1641/1641 1636/1636/1636 1635/1635/1635 1640/1640/1640
f 1642/1642/1642 1637/1637/1637 1636/1636/1636 1641/1641/1641
f 1644/1644/1644 1707/1707/1707 1708/1708/1708 1706/1706/1706
f 1707/1707/1707 1639/1639/1639 1703/1703/1703 1708/1708/1708
f 1707/1707/1707 1644/1644/1644 1645/1645/1645
f 1640/1640/1640 1639/1639/1639 1707/1707/1707
f 1645/1645/1645 1640/1640/1640 1707/1707/1707
f 1646/1646/1646 1641/1641/1641 1640/1640/1640 1645/1645/1645
f 1717/1717/1717 1642/1642/1642 1641/1641/1641
f 1646/1646/1646 1647/1647/1647 1717/1717/1717
f 1641/1641/1641 1646/1646/1646 1717/1717/1717
f 1718/1718/1718 1716/1716/1716 1642/1642/1642 1717/1717/1717
f 1713/1713/1713 1718/1718/1718 1717/1717/1717 1647/1647/1647
f 1650/1650/1650 1710/1710/1710 1711/1711/1711 1709/1709/1709
f 1710/1710/1710 1644/1644/1644 1706/1706/1706 1711/1711/1711
f 1710/1710/1710 1650/1650/1650 1651/1651/1651
f 1645/1645/1645 1644/1644/1644 1710/1710/1710
f 1651/1651/1651 1645/1645/1645 1710/1710/1710
f 1652/1652/1652 1646/1646/1646 1645/1645/1645 1651/1651/1651
f 1714/1714/1714 1647/1647/1647 1646/1646/1646
f 1652/1652/1652 1653/1653/1653 1714/1714/1714
f 1646/1646/1646 1652/1652/1652 1714/1714/1714
f 1715/1715/1715 1713/1713/1713 1647/1647/1647 1714/1714/1714
f 1712/1712/1712 1715/1715/1715 1714/1714/1714 1653/1653/1653
f 1670/1670/1670 1669/1669/1669 1565/1565/1565
f 1565/1565/1565 1655/1655/1655 1670/1670/1670
f 1655/1655/1655 1656/1656/1656 1673/1673/1673 1667/1667/1667
f 1656/1656/1656 1657/1657/1657 1676/1676/1676 1671/1671/1671
f 1657/1657/1657 1586/1586/1586 1679/1679/1679 1674/1674/1674
f 1655/1655/1655 1667/1667/1667 1670/1670/1670
f 1581/1581/1581 1674/1674/1674 1679/1679/1679 1587/1587/1587
f 1674/1674/1674 1676/1676/1676 1657/1657/1657
f 1671/1671/1671 1673/1673/1673 1656/1656/1656
f 1679/1679/1679 1586/1586/1586 1680/1680/1680
f 1658/1658/1658 1680/1680/1680 1586/1586/1586
f 1658/1658/1658 1677/1677/1677 1680/1680/1680
f 1658/1658/1658 1659/1659/1659 1683/1683/1683 1677/1677/1677
f 1659/1659/1659 1660/1660/1660 1686/1686/1686 1681/1681/1681
f 1660/1660/1660 1607/1607/1607 1689/1689/1689 1684/1684/1684
f 1684/1684/1684 1686/1686/1686 1660/1660/1660
f 1681/1681/1681 1683/1683/1683 1659/1659/1659
f 1602/1602/1602 1684/1684/1684 1689/1689/1689 1608/1608/1608
f 1689/1689/1689 1607/1607/1607 1690/1690/1690
f 1570/1570/1570 1750/1750/1750 1752/1752/1752
f 1579/1579/1579 1746/1746/1746 1749/1749/1749 1574/1574/1574
f 1746/1746/1746 1580/1580/1580 1575/1575/1575 1749/1749/1749
f 1575/1575/1575 1752/1752/1752 1749/1749/1749
f 1575/1575/1575 1570/1570/1570 1752/1752/1752
f 1585/1585/1585 1748/1748/1748 1743/1743/1743
f 1591/1591/1591 1585/1585/1585 1745/1745/1745 1740/1740/1740
f 1743/1743/1743 1745/1745/1745 1585/1585/1585
f 1585/1585/1585 1580/1580/1580 1746/1746/1746 1748/1748/1748
f 1591/1591/1591 1740/1740/1740 1742/1742/1742
f 1739/1739/1739 1595/1595/1595 1600/1600/1600 1736/1736/1736
f 1736/1736/1736 1601/1601/1601 1596/1596/1596 1739/1739/1739
f 1596/1596/1596 1742/1742/1742 1739/1739/1739
f 1596/1596/1596 1591/1591/1591 1742/1742/1742
f 1606/1606/1606 1738/1738/1738 1733/1733/1733
f 1612/1612/1612 1606/1606/1606 1735/1735/1735
f 1733/1733/1733 1735/1735/1735 1606/1606/1606
f 1601/1601/1601 1738/1738/1738 1606/1606/1606
f 1736/1736/1736 1738/1738/1738 1601/1601/1601
f 1687/1687/1687 1690/1690/1690 1661/1661/1661
f 1661/1661/1661 1693/1693/1693 1687/1687/1687
f 1662/1662/1662 1693/1693/1693 1661/1661/1661
f 1662/1662/1662 1663/1663/1663 1696/1696/1696 1691/1691/1691
f 1663/1663/1663 1628/1628/1628 1699/1699/1699 1694/1694/1694
f 1694/1694/1694 1696/1696/1696 1663/1663/1663
f 1691/1691/1691 1693/1693/1693 1662/1662/1662
f 1697/1697/1697 1699/1699/1699 1628/1628/1628
f 1661/1661/1661 1690/1690/1690 1607/1607/1607
f 1697/1697/1697 1628/1628/1628 1702/1702/1702
f 1664/1664/1664 1702/1702/1702 1628/1628/1628
f 1664/1664/1664 1700/1700/1700 1702/1702/1702
f 1664/1664/1664 1665/1665/1665 1705/1705/1705 1700/1700/1700
f 1665/1665/1665 1666/1666/1666 1708/1708/1708 1703/1703/1703
f 1666/1666/1666 1649/1649/1649 1711/1711/1711 1706/1706/1706
f 1665/1665/1665 1703/1703/1703 1705/1705/1705
f 1666/1666/1666 1706/1706/1706 1708/1708/1708
f 1649/1649/1649 1709/1709/1709 1711/1711/1711
f 1612/1612/1612 1730/1730/1730 1732/1732/1732
f 1617/1617/1617 1732/1732/1732 1729/1729/1729
f 1622/1622/1622 1726/1726/1726 1728/1728/1728
f 1621/1621/1621 1726/1726/1726 1729/1729/1729 1616/1616/1616
f 1726/1726/1726 1622/1622/1622 1617/1617/1617 1729/1729/1729
f 1617/1617/1617 1612/1612/1612 1732/1732/1732
f 1627/1627/1627 1723/1723/1723 1725/1725/1725
f 1720/1720/1720 1633/1633/1633 1725/1725/1725
f 1627/1627/1627 1725/1725/1725 1633/1633/1633
f 1728/1728/1728 1627/1627/1627 1622/1622/1622
f 1723/1723/1723 1627/1627/1627 1728/1728/1728
f 1735/1735/1735 1730/1730/1730 1612/1612/1612
f 1719/1719/1719 1637/1637/1637 1642/1642/1642 1716/1716/1716
f 1638/1638/1638 1722/1722/1722 1719/1719/1719
f 1648/1648/1648 1718/1718/1718 1713/1713/1713
f 1643/1643/1643 1716/1716/1716 1718/1718/1718
f 1716/1716/1716 1643/1643/1643 1638/1638/1638 1719/1719/1719
f 1638/1638/1638 1633/1633/1633 1722/1722/1722
f 1654/1654/1654 1715/1715/1715 1712/1712/1712
f 1715/1715/1715 1654/1654/1654 1648/1648/1648
f 1718/1718/1718 1648/1648/1648 1643/1643/1643
f 1715/1715/1715 1648/1648/1648 1713/1713/1713
f 1720/1720/1720 1722/1722/1722 1633/1633/1633
f 1763/1763/1763 1762/1762/1762 1760/1760/1760
f 1760/1760/1760 1757/1757/1757 1763/1763/1763
f 1763/1763/1763 1756/1756/1756 1764/1764/1764
f 1760/1760/1760 1762/1762/1762 1761/1761/1761
f 1759/1759/1759 1758/1758/1758 1757/1757/1757
f 1757/1757/1757 1760/1760/1760 1759/1759/1759
f 1753/1753/1753 1765/1765/1765 1764/1764/1764
f 1768/1768/1768 1767/1767/1767 1766/1766/1766
f 1768/1768/1768 1765/1765/1765 1753/1753/1753
f 1753/1753/1753 1764/1764/1764 1756/1756/1756
f 1757/1757/1757 1756/1756/1756 1763/1763/1763
f 1753/1753/1753 1756/1756/1756 1755/1755/1755
f 1753/1753/1753 1755/1755/1755 1754/1754/1754
f 1768/1768/1768 1766/1766/1766 1765/1765/1765
f 1779/1779/1779 1777/1777/1777 1778/1778/1778
f 1780/1780/1780 1777/1777/1777 1779/1779/1779
f 1775/1775/1775 1780/1780/1780 1770/1770/1770
f 1775/1775/1775 1776/1776/1776 1777/1777/1777
f 1780/1780/1780 1775/1775/1775 1777/1777/1777
f 1774/1774/1774 1775/1775/1775 1773/1773/1773
f 1782/1782/1782 1780/1780/1780 1781/1781/1781
f 1784/1784/1784 1782/1782/1782 1783/1783/1783
f 1770/1770/1770 1782/1782/1782 1784/1784/1784
f 1769/1769/1769 1770/1770/1770 1784/1784/1784
f 1770/1770/1770 1772/1772/1772 1773/1773/1773
f 1772/1772/1772 1770/1770/1770 1771/1771/1771
f 1773/1773/1773 1775/1775/1775 1770/1770/1770
f 1782/1782/1782 1770/1770/1770 1780/1780/1780
f 1795/1795/1795 1841/1841/1841 1843/1843/1843 1813/1813/1813
f 1796/1796/1796 1840/1840/1840 1842/1842/1842 1816/1816/1816
f 1816/1816/1816 1842/1842/1842 1841/1841/1841 1795/1795/1795
f 1798/1798/1798 1836/1836/1836 1839/1839/1839 1819/1819/1819
f 1819/1819/1819 1839/1839/1839 1838/1838/1838 1797/1797/1797
f 1799/1799/1799 1835/1835/1835 1837/1837/1837 1823/1823/1823
f 1823/1823/1823 1837/1837/1837 1836/1836/1836 1798/1798/1798
f 1801/1801/1801 1831/1831/1831 1834/1834/1834 1826/1826/1826
f 1826/1826/1826 1834/1834/1834 1833/1833/1833 1800/1800/1800
f 1829/1829/1829 1832/1832/1832 1831/1831/1831 1801/1801/1801
f 1812/1812/1812 1795/1795/1795 1813/1813/1813 1814/1814/1814
f 1815/1815/1815 1796/1796/1796 1816/1816/1816 1817/1817/1817
f 1817/1817/1817 1816/1816/1816 1795/1795/1795 1812/1812/1812
f 1818/1818/1818 1798/1798/1798 1819/1819/1819 1821/1821/1821
f 1821/1821/1821 1819/1819/1819 1797/1797/1797 1820/1820/1820
f 1822/1822/1822 1799/1799/1799 1823/1823/1823 1824/1824/1824
f 1824/1824/1824 1823/1823/1823 1798/1798/1798 1818/1818/1818
f 1825/1825/1825 1801/1801/1801 1826/1826/1826 1828/1828/1828
f 1828/1828/1828 1826/1826/1826 1800/1800/1800 1827/1827/1827
f 1830/1830/1830 1829/1829/1829 1801/1801/1801 1825/1825/1825
f 1786/1786/1786 1785/1785/1785 1843/1843/1843
f 1794/1794/1794 1843/1843/1843 1785/1785/1785
f 1841/1841/1841 1786/1786/1786 1843/1843/1843
f 1788/1788/1788 1787/1787/1787 1840/1840/1840 1838/1838/1838
f 1787/1787/1787 1786/1786/1786 1842/1842/1842
f 1786/1786/1786 1841/1841/1841 1842/1842/1842
f 1794/1794/1794 1813/1813/1813 1843/1843/1843
f 1814/1814/1814 1813/1813/1813 1794/1794/1794
f 1838/1838/1838 1840/1840/1840 1796/1796/1796 1797/1797/1797
f 1797/1797/1797 1796/1796/1796 1815/1815/1815 1820/1820/1820
f 1787/1787/1787 1842/1842/1842 1840/1840/1840
f 1839/1839/1839 1788/1788/1788 1838/1838/1838
f 1837/1837/1837 1790/1790/1790 1789/1789/1789
f 1788/1788/1788 1839/1839/1839 1789/1789/1789
f 1791/1791/1791 1790/1790/1790 1835/1835/1835 1833/1833/1833
f 1791/1791/1791 1834/1834/1834 1792/1792/1792
f 1792/1792/1792 1832/1832/1832 1793/1793/1793
f 1836/1836/1836 1789/1789/1789 1839/1839/1839
f 1789/1789/1789 1836/1836/1836 1837/1837/1837
f 1790/1790/1790 1837/1837/1837 1835/1835/1835
f 1791/1791/1791 1833/1833/1833 1834/1834/1834
f 1792/1792/1792 1831/1831/1831 1832/1832/1832
f 1792/1792/1792 1834/1834/1834 1831/1831/1831
f 1833/1833/1833 1835/1835/1835 1799/1799/1799 1800/1800/1800
f 1802/1802/1802 1793/1793/1793 1832/1832/1832
f 1804/1804/1804 1812/1812/1812 1814/1814/1814
f 1804/1804/1804 1817/1817/1817 1812/1812/1812
f 1820/1820/1820 1815/1815/1815 1805/1805/1805 1806/1806/1806
f 1806/1806/1806 1821/1821/1821 1820/1820/1820
f 1815/1815/1815 1817/1817/1817 1805/1805/1805
f 1804/1804/1804 1805/1805/1805 1817/1817/1817
f 1807/1807/1807 1824/1824/1824 1818/1818/1818
f 1821/1821/1821 1807/1807/1807 1818/1818/1818
f 1821/1821/1821 1806/1806/1806 1807/1807/1807
f 1808/1808/1808 1824/1824/1824 1807/1807/1807
f 1803/1803/1803 1804/1804/1804 1814/1814/1814
f 1803/1803/1803 1814/1814/1814 1794/1794/1794
f 1800/1800/1800 1799/1799/1799 1822/1822/1822 1827/1827/1827
f 1830/1830/1830 1802/1802/1802 1829/1829/1829
f 1832/1832/1832 1829/1829/1829 1802/1802/1802
f 1827/1827/1827 1822/1822/1822 1808/1808/1808 1809/1809/1809
f 1828/1828/1828 1827/1827/1827 1809/1809/1809
f 1810/1810/1810 1828/1828/1828 1809/1809/1809
f 1810/1810/1810 1830/1830/1830 1825/1825/1825
f 1830/1830/1830 1810/1810/1810 1811/1811/1811
f 1810/1810/1810 1825/1825/1825 1828/1828/1828
f 1802/1802/1802 1830/1830/1830 1811/1811/1811
f 1808/1808/1808 1822/1822/1822 1824/1824/1824
f 1852/1852/1852 1870/1870/1870 1871/1871/1871 1863/1863/1863
f 1865/1865/1865 1869/1869/1869 1868/1868/1868 1853/1853/1853
f 1862/1862/1862 1852/1852/1852 1863/1863/1863 1864/1864/1864
f 1867/1867/1867 1865/1865/1865 1853/1853/1853 1866/1866/1866
f 1845/1845/1845 1844/1844/1844 1871/1871/1871
f 1851/1851/1851 1871/1871/1871 1844/1844/1844
f 1870/1870/1870 1845/1845/1845 1871/1871/1871
f 1864/1864/1864 1863/1863/1863 1851/1851/1851
f 1846/1846/1846 1870/1870/1870 1852/1852/1852
f 1851/1851/1851 1863/1863/1863 1871/1871/1871
f 1846/1846/1846 1845/1845/1845 1870/1870/1870
f 1872/1872/1872 1847/1847/1847 1846/1846/1846
f 1868/1868/1868 1849/1849/1849 1848/1848/1848
f 1848/1848/1848 1847/1847/1847 1872/1872/1872 1873/1873/1873
f 1868/1868/1868 1869/1869/1869 1849/1849/1849
f 1854/1854/1854 1850/1850/1850 1869/1869/1869
f 1869/1869/1869 1850/1850/1850 1849/1849/1849
f 1848/1848/1848 1873/1873/1873 1868/1868/1868
f 1872/1872/1872 1846/1846/1846 1852/1852/1852
f 1872/1872/1872 1852/1852/1852 1857/1857/1857
f 1852/1852/1852 1862/1862/1862 1857/1857/1857
f 1856/1856/1856 1862/1862/1862 1864/1864/1864
f 1872/1872/1872 1857/1857/1857 1858/1858/1858
f 1864/1864/1864 1855/1855/1855 1856/1856/1856
f 1873/1873/1873 1872/1872/1872 1858/1858/1858 1859/1859/1859
f 1862/1862/1862 1856/1856/1856 1857/1857/1857
f 1855/1855/1855 1864/1864/1864 1851/1851/1851
f 1866/1866/1866 1853/1853/1853 1873/1873/1873
f 1869/1869/1869 1865/1865/1865 1854/1854/1854
f 1865/1865/1865 1867/1867/1867 1854/1854/1854
f 1866/1866/1866 1860/1860/1860 1867/1867/1867
f 1854/1854/1854 1867/1867/1867 1861/1861/1861
f 1860/1860/1860 1861/1861/1861 1867/1867/1867
f 1859/1859/1859 1860/1860/1860 1866/1866/1866
f 1866/1866/1866 1873/1873/1873 1859/1859/1859
f 1868/1868/1868 1873/1873/1873 1853/1853/1853
f 1875/1875/1875 1874/1874/1874 1879/1879/1879
f 1875/1875/1875 1882/1882/1882 1883/1883/1883 1886/1886/1886
f 1877/1877/1877 1876/1876/1876 1886/1886/1886 1887/1887/1887
f 1878/1878/1878 1877/1877/1877 1887/1887/1887 1880/1880/1880
f 1886/1886/1886 1876/1876/1876 1875/1875/1875
f 1882/1882/1882 1875/1875/1875 1879/1879/1879 1881/1881/1881
f 1887/1887/1887 1886/1886/1886 1883/1883/1883 1884/1884/1884
f 1880/1880/1880 1887/1887/1887 1884/1884/1884 1885/1885/1885
f 1889/1889/1889 1888/1888/1888 1893/1893/1893
f 1889/1889/1889 1896/1896/1896 1900/1900/1900 1890/1890/1890
f 1891/1891/1891 1890/1890/1890 1900/1900/1900 1901/1901/1901
f 1892/1892/1892 1891/1891/1891 1901/1901/1901 1894/1894/1894
f 1896/1896/1896 1889/1889/1889 1893/1893/1893
f 1896/1896/1896 1897/1897/1897 1900/1900/1900
f 1901/1901/1901 1900/1900/1900 1897/1897/1897 1898/1898/1898
f 1894/1894/1894 1901/1901/1901 1898/1898/1898 1899/1899/1899
f 1895/1895/1895 1896/1896/1896 1893/1893/1893
f 1903/1903/1903 1907/1907/1907 1902/1902/1902
f 1906/1906/1906 1902/1902/1902 1907/1907/1907
f 1908/1908/1908 1907/1907/1907 1903/1903/1903
f 1902/1902/1902 1906/1906/1906 1904/1904/1904
f 1903/1903/1903 1905/1905/1905 1908/1908/1908
f 1910/1910/1910 1912/1912/1912 1911/1911/1911 1909/1909/1909
f 1913/1913/1913 1911/1911/1911 1912/1912/1912 1914/1914/1914
f 1916/1916/1916 1918/1918/1918 1917/1917/1917 1915/1915/1915
f 1933/1933/1933 1929/1929/1929 1928/1928/1928 1932/1932/1932
f 1929/1929/1929 1931/1931/1931 1930/1930/1930 1928/1928/1928
f 1921/1921/1921 1919/1919/1919 1920/1920/1920 1922/1922/1922
f 1923/1923/1923 1921/1921/1921 1930/1930/1930
f 1930/1930/1930 1921/1921/1921 1928/1928/1928
f 1922/1922/1922 1932/1932/1932 1928/1928/1928
f 1922/1922/1922 1928/1928/1928 1921/1921/1921
f 1924/1924/1924 1932/1932/1932 1922/1922/1922
f 1925/1925/1925 1923/1923/1923 1931/1931/1931
f 1930/1930/1930 1931/1931/1931 1923/1923/1923
f 1925/1925/1925 1931/1931/1931 1929/1929/1929 1926/1926/1926
f 1933/1933/1933 1926/1926/1926 1929/1929/1929
f 1933/1933/1933 1924/1924/1924 1927/1927/1927
f 1933/1933/1933 1927/1927/1927 1926/1926/1926
f 1932/1932/1932 1924/1924/1924 1933/1933/1933
f 1938/1938/1938 2003/2003/2003 2005/2005/2005 2002/2002/2002
f 2003/2003/2003 1935/1935/1935 2004/2004/2004 2005/2005/2005
f 2090/2090/2090 1936/1936/1936 1935/1935/1935 2003/2003/2003
f 2003/2003/2003 1938/1938/1938 1939/1939/1939 2090/2090/2090
f 2091/2091/2091 2089/2089/2089 1936/1936/1936 2090/2090/2090
f 2088/2088/2088 2091/2091/2091 2090/2090/2090 1939/1939/1939
f 1941/1941/1941 2007/2007/2007 2008/2008/2008 2006/2006/2006
f 2007/2007/2007 1938/1938/1938 2002/2002/2002 2008/2008/2008
f 2007/2007/2007 1941/1941/1941 1942/1942/1942
f 1939/1939/1939 1938/1938/1938 2007/2007/2007
f 1942/1942/1942 1939/1939/1939 2007/2007/2007
f 1944/1944/1944 2010/2010/2010 2011/2011/2011 2009/2009/2009
f 2010/2010/2010 1941/1941/1941 2006/2006/2006 2011/2011/2011
f 2086/2086/2086 1942/1942/1942 1941/1941/1941 2010/2010/2010
f 2010/2010/2010 1944/1944/1944 1945/1945/1945 2086/2086/2086
f 2087/2087/2087 2085/2085/2085 1942/1942/1942 2086/2086/2086
f 2082/2082/2082 2087/2087/2087 2086/2086/2086 1945/1945/1945
f 1947/1947/1947 2013/2013/2013 2014/2014/2014 2012/2012/2012
f 2013/2013/2013 1944/1944/1944 2009/2009/2009 2014/2014/2014
f 2083/2083/2083 1945/1945/1945 1944/1944/1944 2013/2013/2013
f 2013/2013/2013 1947/1947/1947 1948/1948/1948 2083/2083/2083
f 2084/2084/2084 2082/2082/2082 1945/1945/1945 2083/2083/2083
f 2079/2079/2079 2084/2084/2084 2083/2083/2083 1948/1948/1948
f 1950/1950/1950 2016/2016/2016 2017/2017/2017 2015/2015/2015
f 2016/2016/2016 1947/1947/1947 2012/2012/2012 2017/2017/2017
f 2080/2080/2080 1948/1948/1948 1947/1947/1947 2016/2016/2016
f 2016/2016/2016 1950/1950/1950 1951/1951/1951 2080/2080/2080
f 2081/2081/2081 2079/2079/2079 1948/1948/1948 2080/2080/2080
f 2078/2078/2078 2081/2081/2081 2080/2080/2080 1951/1951/1951
f 1953/1953/1953 2019/2019/2019 2020/2020/2020 2018/2018/2018
f 2019/2019/2019 1950/1950/1950 2015/2015/2015 2020/2020/2020
f 2019/2019/2019 1953/1953/1953 1954/1954/1954
f 1951/1951/1951 1950/1950/1950 2019/2019/2019
f 1954/1954/1954 1951/1951/1951 2019/2019/2019
f 1956/1956/1956 2022/2022/2022 2023/2023/2023 2021/2021/2021
f 2022/2022/2022 1953/1953/1953 2018/2018/2018 2023/2023/2023
f 2076/2076/2076 1954/1954/1954 1953/1953/1953 2022/2022/2022
f 2022/2022/2022 1956/1956/1956 1957/1957/1957 2076/2076/2076
f 2077/2077/2077 2075/2075/2075 1954/1954/1954 2076/2076/2076
f 2072/2072/2072 2077/2077/2077 2076/2076/2076 1957/1957/1957
f 1959/1959/1959 2025/2025/2025 2026/2026/2026 2024/2024/2024
f 2025/2025/2025 1956/1956/1956 2021/2021/2021 2026/2026/2026
f 2073/2073/2073 1957/1957/1957 1956/1956/1956 2025/2025/2025
f 2025/2025/2025 1959/1959/1959 1960/1960/1960 2073/2073/2073
f 2074/2074/2074 2072/2072/2072 1957/1957/1957 2073/2073/2073
f 2069/2069/2069 2074/2074/2074 2073/2073/2073 1960/1960/1960
f 1962/1962/1962 2028/2028/2028 2029/2029/2029 2027/2027/2027
f 2028/2028/2028 1959/1959/1959 2024/2024/2024 2029/2029/2029
f 2070/2070/2070 1960/1960/1960 1959/1959/1959 2028/2028/2028
f 2028/2028/2028 1962/1962/1962 1963/1963/1963 2070/2070/2070
f 2071/2071/2071 2069/2069/2069 1960/1960/1960 2070/2070/2070
f 2068/2068/2068 2071/2071/2071 2070/2070/2070 1963/1963/1963
f 1965/1965/1965 2031/2031/2031 2032/2032/2032 2030/2030/2030
f 2031/2031/2031 1962/1962/1962 2027/2027/2027 2032/2032/2032
f 2031/2031/2031 1965/1965/1965 1966/1966/1966
f 1963/1963/1963 1962/1962/1962 2031/2031/2031
f 1966/1966/1966 1963/1963/1963 2031/2031/2031
f 1968/1968/1968 2034/2034/2034 2035/2035/2035 2033/2033/2033
f 2034/2034/2034 1965/1965/1965 2030/2030/2030 2035/2035/2035
f 2066/2066/2066 1966/1966/1966 1965/1965/1965 2034/2034/2034
f 2034/2034/2034 1968/1968/1968 1969/1969/1969 2066/2066/2066
f 2067/2067/2067 2065/2065/2065 1966/1966/1966 2066/2066/2066
f 2062/2062/2062 2067/2067/2067 2066/2066/2066 1969/1969/1969
f 1971/1971/1971 2037/2037/2037 2038/2038/2038 2036/2036/2036
f 2037/2037/2037 1968/1968/1968 2033/2033/2033 2038/2038/2038
f 2063/2063/2063 1969/1969/1969 1968/1968/1968 2037/2037/2037
f 2037/2037/2037 1971/1971/1971 1972/1972/1972 2063/2063/2063
f 2064/2064/2064 2062/2062/2062 1969/1969/1969 2063/2063/2063
f 2059/2059/2059 2064/2064/2064 2063/2063/2063 1972/1972/1972
f 1974/1974/1974 2040/2040/2040 2041/2041/2041 2039/2039/2039
f 2040/2040/2040 1971/1971/1971 2036/2036/2036 2041/2041/2041
f 2060/2060/2060 1972/1972/1972 1971/1971/1971 2040/2040/2040
f 2040/2040/2040 1974/1974/1974 1975/1975/1975 2060/2060/2060
f 2061/2061/2061 2059/2059/2059 1972/1972/1972 2060/2060/2060
f 2058/2058/2058 2061/2061/2061 2060/2060/2060 1975/1975/1975
f 1977/1977/1977 2043/2043/2043 2044/2044/2044 2042/2042/2042
f 2043/2043/2043 1974/1974/1974 2039/2039/2039 2044/2044/2044
f 2043/2043/2043 1977/1977/1977 1978/1978/1978
f 1975/1975/1975 1974/1974/1974 2043/2043/2043
f 1978/1978/1978 1975/1975/1975 2043/2043/2043
f 1980/1980/1980 2046/2046/2046 2047/2047/2047 2045/2045/2045
f 2046/2046/2046 1977/1977/1977 2042/2042/2042 2047/2047/2047
f 2056/2056/2056 1978/1978/1978 1977/1977/1977 2046/2046/2046
f 2046/2046/2046 1980/1980/1980 1981/1981/1981 2056/2056/2056
f 2057/2057/2057 2055/2055/2055 1978/1978/1978 2056/2056/2056
f 2052/2052/2052 2057/2057/2057 2056/2056/2056 1981/1981/1981
f 1984/1984/1984 2049/2049/2049 2050/2050/2050 2048/2048/2048
f 2049/2049/2049 1980/1980/1980 2045/2045/2045 2050/2050/2050
f 2053/2053/2053 1981/1981/1981 1980/1980/1980 2049/2049/2049
f 2049/2049/2049 1984/1984/1984 1985/1985/1985 2053/2053/2053
f 2054/2054/2054 2052/2052/2052 1981/1981/1981 2053/2053/2053
f 2051/2051/2051 2054/2054/2054 2053/2053/2053 1985/1985/1985
f 2005/2005/2005 2004/2004/2004 1934/1934/1934
f 1934/1934/1934 1987/1987/1987 2005/2005/2005
f 1987/1987/1987 1988/1988/1988 2008/2008/2008 2002/2002/2002
f 1988/1988/1988 1989/1989/1989 2011/2011/2011 2006/2006/2006
f 1989/1989/1989 1990/1990/1990 2014/2014/2014 2009/2009/2009
f 1987/1987/1987 2002/2002/2002 2005/2005/2005
f 2009/2009/2009 2011/2011/2011 1989/1989/1989
f 2006/2006/2006 2008/2008/2008 1988/1988/1988
f 2014/2014/2014 1990/1990/1990 2012/2012/2012
f 2012/2012/2012 1990/1990/1990 2017/2017/2017
f 1991/1991/1991 2017/2017/2017 1990/1990/1990
f 1991/1991/1991 2015/2015/2015 2017/2017/2017
f 1991/1991/1991 1992/1992/1992 2020/2020/2020 2015/2015/2015
f 1992/1992/1992 1993/1993/1993 2023/2023/2023 2018/2018/2018
f 1993/1993/1993 1994/1994/1994 2026/2026/2026 2021/2021/2021
f 1992/1992/1992 2018/2018/2018 2020/2020/2020
f 1993/1993/1993 2021/2021/2021 2023/2023/2023
f 1994/1994/1994 2024/2024/2024 2026/2026/2026
f 2024/2024/2024 1994/1994/1994 2029/2029/2029
f 1937/1937/1937 2089/2089/2089 2091/2091/2091
f 1942/1942/1942 2085/2085/2085 2088/2088/2088 1939/1939/1939
f 2085/2085/2085 1943/1943/1943 1940/1940/1940 2088/2088/2088
f 1940/1940/1940 2091/2091/2091 2088/2088/2088
f 1940/1940/1940 1937/1937/1937 2091/2091/2091
f 1946/1946/1946 2087/2087/2087 2082/2082/2082
f 1949/1949/1949 1946/1946/1946 2082/2082/2082 2084/2084/2084
f 1943/1943/1943 2087/2087/2087 1946/1946/1946
f 2085/2085/2085 2087/2087/2087 1943/1943/1943
f 1949/1949/1949 2079/2079/2079 2081/2081/2081
f 1954/1954/1954 2075/2075/2075 2078/2078/2078 1951/1951/1951
f 2075/2075/2075 1955/1955/1955 1952/1952/1952 2078/2078/2078
f 1952/1952/1952 2081/2081/2081 2078/2078/2078
f 1952/1952/1952 1949/1949/1949 2081/2081/2081
f 1958/1958/1958 2077/2077/2077 2072/2072/2072
f 1961/1961/1961 1958/1958/1958 2072/2072/2072 2074/2074/2074
f 1955/1955/1955 2077/2077/2077 1958/1958/1958
f 2075/2075/2075 2077/2077/2077 1955/1955/1955
f 2084/2084/2084 2079/2079/2079 1949/1949/1949
f 2027/2027/2027 2029/2029/2029 1995/1995/1995
f 1994/1994/1994 1995/1995/1995 2029/2029/2029
f 1995/1995/1995 2032/2032/2032 2027/2027/2027
f 1996/1996/1996 2032/2032/2032 1995/1995/1995
f 1996/1996/1996 1997/1997/1997 2035/2035/2035 2030/2030/2030
f 1997/1997/1997 1998/1998/1998 2038/2038/2038 2033/2033/2033
f 1996/1996/1996 2030/2030/2030 2032/2032/2032
f 1997/1997/1997 2033/2033/2033 2035/2035/2035
f 1966/1966/1966 2065/2065/2065 2068/2068/2068 1963/1963/1963
f 2038/2038/2038 1998/1998/1998 2036/2036/2036
f 2036/2036/2036 1998/1998/1998 2041/2041/2041
f 1999/1999/1999 2041/2041/2041 1998/1998/1998
f 1999/1999/1999 2039/2039/2039 2041/2041/2041
f 1999/1999/1999 2000/2000/2000 2044/2044/2044 2039/2039/2039
f 2000/2000/2000 2001/2001/2001 2047/2047/2047 2042/2042/2042
f 2001/2001/2001 1983/1983/1983 2050/2050/2050 2045/2045/2045
f 2000/2000/2000 2042/2042/2042 2044/2044/2044
f 2001/2001/2001 2045/2045/2045 2047/2047/2047
f 1983/1983/1983 2048/2048/2048 2050/2050/2050
f 1961/1961/1961 2069/2069/2069 2071/2071/2071
f 1964/1964/1964 2071/2071/2071 2068/2068/2068
f 1967/1967/1967 2065/2065/2065 2067/2067/2067
f 1970/1970/1970 2067/2067/2067 2062/2062/2062
f 2065/2065/2065 1967/1967/1967 1964/1964/1964 2068/2068/2068
f 1964/1964/1964 1961/1961/1961 2071/2071/2071
f 1973/1973/1973 2064/2064/2064 2059/2059/2059
f 2064/2064/2064 1973/1973/1973 1970/1970/1970
f 1973/1973/1973 2059/2059/2059 2061/2061/2061
f 2067/2067/2067 1970/1970/1970 1967/1967/1967
f 2064/2064/2064 1970/1970/1970 2062/2062/2062
f 2074/2074/2074 2069/2069/2069 1961/1961/1961
f 2058/2058/2058 1975/1975/1975 1978/1978/1978 2055/2055/2055
f 1976/1976/1976 2061/2061/2061 2058/2058/2058
f 1979/1979/1979 2055/2055/2055 2057/2057/2057
f 2055/2055/2055 1979/1979/1979 1976/1976/1976 2058/2058/2058
f 1982/1982/1982 2057/2057/2057 2052/2052/2052
f 1979/1979/1979 2057/2057/2057 1982/1982/1982
f 1986/1986/1986 2054/2054/2054 2051/2051/2051
f 1986/1986/1986 1982/1982/1982 2052/2052/2052 2054/2054/2054
f 1973/1973/1973 2061/2061/2061 1976/1976/1976
f 2102/2102/2102 2100/2100/2100 2101/2101/2101
f 2102/2102/2102 2095/2095/2095 2098/2098/2098
f 2095/2095/2095 2102/2102/2102 2103/2103/2103
f 2098/2098/2098 2099/2099/2099 2100/2100/2100
f 2102/2102/2102 2098/2098/2098 2100/2100/2100
f 2097/2097/2097 2098/2098/2098 2096/2096/2096
f 2105/2105/2105 2103/2103/2103 2104/2104/2104
f 2107/2107/2107 2105/2105/2105 2106/2106/2106
f 2107/2107/2107 2092/2092/2092 2103/2103/2103
f 2095/2095/2095 2103/2103/2103 2092/2092/2092
f 2096/2096/2096 2098/2098/2098 2095/2095/2095
f 2095/2095/2095 2093/2093/2093 2094/2094/2094
f 2095/2095/2095 2092/2092/2092 2093/2093/2093
f 2107/2107/2107 2103/2103/2103 2105/2105/2105
f 2108/2108/2108 2109/2109/2109 2110/2110/2110
f 2111/2111/2111 2110/2110/2110 2109/2109/2109
f 2110/2110/2110 2119/2119/2119 2123/2123/2123
f 2110/2110/2110 2111/2111/2111 2117/2117/2117
f 2122/2122/2122 2120/2120/2120 2121/2121/2121
f 2123/2123/2123 2119/2119/2119 2122/2122/2122
f 2115/2115/2115 2111/2111/2111 2112/2112/2112
f 2112/2112/2112 2114/2114/2114 2115/2115/2115
f 2115/2115/2115 2116/2116/2116 2111/2111/2111
f 2111/2111/2111 2116/2116/2116 2117/2117/2117
f 2119/2119/2119 2120/2120/2120 2122/2122/2122
f 2118/2118/2118 2119/2119/2119 2110/2110/2110
f 2110/2110/2110 2117/2117/2117 2118/2118/2118
f 2113/2113/2113 2114/2114/2114 2112/2112/2112
f 2125/2125/2125 2128/2128/2128 2127/2127/2127
f 2124/2124/2124 2126/2126/2126 2127/2127/2127
f 2125/2125/2125 2127/2127/2127 2126/2126/2126
f 2189/2189/2189 2185/2185/2185 2129/2129/2129
f 2187/2187/2187 2189/2189/2189 2184/2184/2184
f 2185/2185/2185 2189/2189/2189 2187/2187/2187
f 2193/2193/2193 2190/2190/2190 2192/2192/2192
f 2130/2130/2130 2193/2193/2193 2191/2191/2191
f 2190/2190/2190 2193/2193/2193 2130/2130/2130
f 2131/2131/2131 2195/2195/2195 2197/2197/2197 2196/2196/2196
f 2194/2194/2194 2197/2197/2197 2191/2191/2191
f 2185/2185/2185 2194/2194/2194 2129/2129/2129
f 2197/2197/2197 2194/2194/2194 2185/2185/2185
f 2195/2195/2195 2130/2130/2130 2191/2191/2191 2197/2197/2197
f 2283/2283/2283 2282/2282/2282 2279/2279/2279 2281/2281/2281
f 2280/2280/2280 2278/2278/2278 2282/2282/2282 2283/2283/2283
f 2282/2282/2282 2196/2196/2196 2279/2279/2279
f 2131/2131/2131 2282/2282/2282 2278/2278/2278
f 2196/2196/2196 2282/2282/2282 2131/2131/2131
f 2284/2284/2284 2195/2195/2195 2131/2131/2131
f 2195/2195/2195 2134/2134/2134 2130/2130/2130
f 2134/2134/2134 2284/2284/2284 2135/2135/2135
f 2284/2284/2284 2134/2134/2134 2195/2195/2195
f 2285/2285/2285 2284/2284/2284 2131/2131/2131 2278/2278/2278
f 2275/2275/2275 2135/2135/2135 2284/2284/2284 2285/2285/2285
f 2138/2138/2138 2216/2216/2216 2219/2219/2219 2217/2217/2217
f 2217/2217/2217 2219/2219/2219 2218/2218/2218 2134/2134/2134
f 2276/2276/2276 2217/2217/2217 2134/2134/2134 2135/2135/2135
f 2217/2217/2217 2276/2276/2276 2139/2139/2139 2138/2138/2138
f 2277/2277/2277 2276/2276/2276 2135/2135/2135 2275/2275/2275
f 2272/2272/2272 2139/2139/2139 2276/2276/2276 2277/2277/2277
f 2142/2142/2142 2220/2220/2220 2222/2222/2222 2221/2221/2221
f 2221/2221/2221 2222/2222/2222 2216/2216/2216 2138/2138/2138
f 2273/2273/2273 2221/2221/2221 2138/2138/2138 2139/2139/2139
f 2221/2221/2221 2273/2273/2273 2143/2143/2143 2142/2142/2142
f 2274/2274/2274 2273/2273/2273 2139/2139/2139 2272/2272/2272
f 2271/2271/2271 2143/2143/2143 2273/2273/2273 2274/2274/2274
f 2147/2147/2147 2146/2146/2146 2142/2142/2142 2143/2143/2143
f 2150/2150/2150 2223/2223/2223 2226/2226/2226 2224/2224/2224
f 2224/2224/2224 2226/2226/2226 2225/2225/2225 2146/2146/2146
f 2269/2269/2269 2224/2224/2224 2146/2146/2146 2147/2147/2147
f 2224/2224/2224 2269/2269/2269 2151/2151/2151 2150/2150/2150
f 2270/2270/2270 2269/2269/2269 2147/2147/2147 2268/2268/2268
f 2265/2265/2265 2151/2151/2151 2269/2269/2269 2270/2270/2270
f 2154/2154/2154 2227/2227/2227 2229/2229/2229 2228/2228/2228
f 2228/2228/2228 2229/2229/2229 2223/2223/2223 2150/2150/2150
f 2266/2266/2266 2228/2228/2228 2150/2150/2150 2151/2151/2151
f 2228/2228/2228 2266/2266/2266 2155/2155/2155 2154/2154/2154
f 2267/2267/2267 2266/2266/2266 2151/2151/2151 2265/2265/2265
f 2262/2262/2262 2155/2155/2155 2266/2266/2266 2267/2267/2267
f 2158/2158/2158 2230/2230/2230 2232/2232/2232 2231/2231/2231
f 2231/2231/2231 2232/2232/2232 2227/2227/2227 2154/2154/2154
f 2263/2263/2263 2231/2231/2231 2154/2154/2154 2155/2155/2155
f 2231/2231/2231 2263/2263/2263 2159/2159/2159 2158/2158/2158
f 2264/2264/2264 2263/2263/2263 2155/2155/2155 2262/2262/2262
f 2261/2261/2261 2159/2159/2159 2263/2263/2263 2264/2264/2264
f 2163/2163/2163 2162/2162/2162 2158/2158/2158 2159/2159/2159
f 2166/2166/2166 2233/2233/2233 2236/2236/2236 2234/2234/2234
f 2234/2234/2234 2236/2236/2236 2235/2235/2235 2162/2162/2162
f 2259/2259/2259 2234/2234/2234 2162/2162/2162 2163/2163/2163
f 2234/2234/2234 2259/2259/2259 2167/2167/2167 2166/2166/2166
f 2260/2260/2260 2259/2259/2259 2163/2163/2163 2258/2258/2258
f 2255/2255/2255 2167/2167/2167 2259/2259/2259 2260/2260/2260
f 2170/2170/2170 2237/2237/2237 2239/2239/2239 2238/2238/2238
f 2238/2238/2238 2239/2239/2239 2233/2233/2233 2166/2166/2166
f 2256/2256/2256 2238/2238/2238 2166/2166/2166 2167/2167/2167
f 2238/2238/2238 2256/2256/2256 2171/2171/2171 2170/2170/2170
f 2257/2257/2257 2256/2256/2256 2167/2167/2167 2255/2255/2255
f 2252/2252/2252 2171/2171/2171 2256/2256/2256 2257/2257/2257
f 2174/2174/2174 2240/2240/2240 2242/2242/2242 2241/2241/2241
f 2241/2241/2241 2242/2242/2242 2237/2237/2237 2170/2170/2170
f 2253/2253/2253 2241/2241/2241 2170/2170/2170 2171/2171/2171
f 2241/2241/2241 2253/2253/2253 2175/2175/2175 2174/2174/2174
f 2254/2254/2254 2253/2253/2253 2171/2171/2171 2252/2252/2252
f 2251/2251/2251 2175/2175/2175 2253/2253/2253 2254/2254/2254
f 2178/2178/2178 2202/2202/2202 2248/2248/2248 2247/2247/2247
f 2247/2247/2247 2248/2248/2248 2240/2240/2240 2174/2174/2174
f 2247/2247/2247 2207/2207/2207 2178/2178/2178
f 2207/2207/2207 2175/2175/2175 2179/2179/2179
f 2175/2175/2175 2247/2247/2247 2174/2174/2174
f 2247/2247/2247 2175/2175/2175 2207/2207/2207
f 2244/2244/2244 2205/2205/2205 2203/2203/2203
f 2205/2205/2205 2178/2178/2178 2201/2201/2201
f 2178/2178/2178 2244/2244/2244 2202/2202/2202
f 2244/2244/2244 2178/2178/2178 2205/2205/2205
f 2203/2203/2203 2243/2243/2243 2246/2246/2246 2244/2244/2244
f 2244/2244/2244 2246/2246/2246 2245/2245/2245 2202/2202/2202
f 2179/2179/2179 2208/2208/2208 2207/2207/2207
f 2208/2208/2208 2201/2201/2201 2178/2178/2178 2207/2207/2207
f 2204/2204/2204 2206/2206/2206 2180/2180/2180
f 2208/2208/2208 2204/2204/2204 2201/2201/2201
f 2206/2206/2206 2204/2204/2204 2208/2208/2208
f 2209/2209/2209 2211/2211/2211 2188/2188/2188
f 2206/2206/2206 2209/2209/2209 2180/2180/2180
f 2211/2211/2211 2209/2209/2209 2206/2206/2206
f 2193/2193/2193 2212/2212/2212 2183/2183/2183
f 2129/2129/2129 2183/2183/2183 2182/2182/2182
f 2192/2192/2192 2213/2213/2213 2212/2212/2212
f 2181/2181/2181 2184/2184/2184 2182/2182/2182
f 2192/2192/2192 2190/2190/2190 2213/2213/2213
f 2213/2213/2213 2190/2190/2190 2218/2218/2218 2133/2133/2133
f 2191/2191/2191 2193/2193/2193 2183/2183/2183
f 2212/2212/2212 2193/2193/2193 2192/2192/2192
f 2130/2130/2130 2134/2134/2134 2218/2218/2218 2190/2190/2190
f 2186/2186/2186 2187/2187/2187 2184/2184/2184 2181/2181/2181
f 2182/2182/2182 2184/2184/2184 2189/2189/2189
f 2129/2129/2129 2182/2182/2182 2189/2189/2189
f 2191/2191/2191 2183/2183/2183 2194/2194/2194
f 2129/2129/2129 2194/2194/2194 2183/2183/2183
f 2218/2218/2218 2219/2219/2219 2133/2133/2133
f 2137/2137/2137 2133/2133/2133 2219/2219/2219
f 2137/2137/2137 2219/2219/2219 2216/2216/2216
f 2216/2216/2216 2222/2222/2222 2137/2137/2137
f 2220/2220/2220 2141/2141/2141 2222/2222/2222
f 2145/2145/2145 2225/2225/2225 2226/2226/2226 2149/2149/2149
f 2145/2145/2145 2141/2141/2141 2220/2220/2220 2225/2225/2225
f 2137/2137/2137 2222/2222/2222 2141/2141/2141
f 2142/2142/2142 2146/2146/2146 2225/2225/2225 2220/2220/2220
f 2149/2149/2149 2226/2226/2226 2223/2223/2223
f 2229/2229/2229 2149/2149/2149 2223/2223/2223
f 2229/2229/2229 2153/2153/2153 2149/2149/2149
f 2287/2287/2287 2185/2185/2185 2187/2187/2187
f 2187/2187/2187 2288/2288/2288 2287/2287/2287
f 2287/2287/2287 2286/2286/2286 2185/2185/2185
f 2186/2186/2186 2288/2288/2288 2187/2187/2187
f 2196/2196/2196 2197/2197/2197 2286/2286/2286
f 2185/2185/2185 2286/2286/2286 2197/2197/2197
f 2196/2196/2196 2286/2286/2286 2292/2292/2292 2279/2279/2279
f 2250/2250/2250 2281/2281/2281 2279/2279/2279 2292/2292/2292
f 2132/2132/2132 2283/2283/2283 2281/2281/2281 2250/2250/2250
f 2280/2280/2280 2285/2285/2285 2278/2278/2278
f 2283/2283/2283 2132/2132/2132 2280/2280/2280
f 2285/2285/2285 2280/2280/2280 2132/2132/2132
f 2132/2132/2132 2136/2136/2136 2285/2285/2285
f 2136/2136/2136 2277/2277/2277 2275/2275/2275
f 2140/2140/2140 2274/2274/2274 2272/2272/2272
f 2140/2140/2140 2272/2272/2272 2277/2277/2277
f 2147/2147/2147 2143/2143/2143 2271/2271/2271 2268/2268/2268
f 2268/2268/2268 2271/2271/2271 2144/2144/2144 2148/2148/2148
f 2144/2144/2144 2271/2271/2271 2274/2274/2274
f 2140/2140/2140 2277/2277/2277 2136/2136/2136
f 2140/2140/2140 2144/2144/2144 2274/2274/2274
f 2152/2152/2152 2265/2265/2265 2270/2270/2270
f 2156/2156/2156 2267/2267/2267 2152/2152/2152
f 2265/2265/2265 2152/2152/2152 2267/2267/2267
f 2152/2152/2152 2270/2270/2270 2268/2268/2268 2148/2148/2148
f 2285/2285/2285 2136/2136/2136 2275/2275/2275
f 2232/2232/2232 2157/2157/2157 2153/2153/2153
f 2153/2153/2153 2227/2227/2227 2232/2232/2232
f 2232/2232/2232 2230/2230/2230 2157/2157/2157
f 2229/2229/2229 2227/2227/2227 2153/2153/2153
f 2161/2161/2161 2157/2157/2157 2230/2230/2230 2235/2235/2235
f 2165/2165/2165 2233/2233/2233 2239/2239/2239 2169/2169/2169
f 2236/2236/2236 2165/2165/2165 2161/2161/2161
f 2161/2161/2161 2235/2235/2235 2236/2236/2236
f 2235/2235/2235 2230/2230/2230 2158/2158/2158 2162/2162/2162
f 2169/2169/2169 2237/2237/2237 2242/2242/2242
f 2237/2237/2237 2169/2169/2169 2239/2239/2239
f 2233/2233/2233 2165/2165/2165 2236/2236/2236
f 2242/2242/2242 2173/2173/2173 2169/2169/2169
f 2177/2177/2177 2173/2173/2173 2248/2248/2248
f 2248/2248/2248 2245/2245/2245 2177/2177/2177
f 2240/2240/2240 2248/2248/2248 2173/2173/2173
f 2245/2245/2245 2246/2246/2246 2177/2177/2177
f 2242/2242/2242 2240/2240/2240 2173/2173/2173
f 2243/2243/2243 2214/2214/2214 2246/2246/2246
f 2177/2177/2177 2246/2246/2246 2214/2214/2214
f 2214/2214/2214 2243/2243/2243 2215/2215/2215
f 2203/2203/2203 2215/2215/2215 2243/2243/2243
f 2245/2245/2245 2248/2248/2248 2202/2202/2202
f 2205/2205/2205 2215/2215/2215 2203/2203/2203
f 2204/2204/2204 2198/2198/2198 2201/2201/2201
f 2205/2205/2205 2198/2198/2198 2215/2215/2215
f 2200/2200/2200 2199/2199/2199 2188/2188/2188
f 2180/2180/2180 2199/2199/2199 2198/2198/2198
f 2205/2205/2205 2201/2201/2201 2198/2198/2198
f 2160/2160/2160 2261/2261/2261 2264/2264/2264
f 2261/2261/2261 2258/2258/2258 2163/2163/2163 2159/2159/2159
f 2156/2156/2156 2264/2264/2264 2262/2262/2262
f 2168/2168/2168 2255/2255/2255 2260/2260/2260
f 2164/2164/2164 2260/2260/2260 2258/2258/2258
f 2258/2258/2258 2261/2261/2261 2160/2160/2160 2164/2164/2164
f 2160/2160/2160 2264/2264/2264 2156/2156/2156
f 2168/2168/2168 2260/2260/2260 2164/2164/2164
f 2172/2172/2172 2252/2252/2252 2257/2257/2257
f 2176/2176/2176 2254/2254/2254 2252/2252/2252 2172/2172/2172
f 2172/2172/2172 2257/2257/2257 2255/2255/2255 2168/2168/2168
f 2267/2267/2267 2156/2156/2156 2262/2262/2262
f 2180/2180/2180 2198/2198/2198 2204/2204/2204
f 2291/2291/2291 2206/2206/2206 2208/2208/2208
f 2199/2199/2199 2209/2209/2209 2188/2188/2188
f 2289/2289/2289 2210/2210/2210 2211/2211/2211
f 2211/2211/2211 2210/2210/2210 2200/2200/2200 2188/2188/2188
f 2209/2209/2209 2199/2199/2199 2180/2180/2180
f 2290/2290/2290 2211/2211/2211 2206/2206/2206
f 2251/2251/2251 2179/2179/2179 2175/2175/2175
f 2254/2254/2254 2176/2176/2176 2251/2251/2251
f 2179/2179/2179 2251/2251/2251 2176/2176/2176
f 2176/2176/2176 2249/2249/2249 2179/2179/2179
f 2211/2211/2211 2290/2290/2290 2289/2289/2289
f 2249/2249/2249 2293/2293/2293 2179/2179/2179
f 2291/2291/2291 2179/2179/2179 2293/2293/2293
f 2291/2291/2291 2208/2208/2208 2179/2179/2179
f 2291/2291/2291 2290/2290/2290 2206/2206/2206
f 2294/2294/2294 2299/2299/2299 2298/2298/2298 2297/2297/2297
f 2296/2296/2296 2295/2295/2295 2297/2297/2297 2298/2298/2298
f 2304/2304/2304 2303/2303/2303 2305/2305/2305
f 2300/2300/2300 2305/2305/2305 2303/2303/2303
f 2300/2300/2300 2307/2307/2307 2305/2305/2305
f 2306/2306/2306 2301/2301/2301 2303/2303/2303
f 2301/2301/2301 2306/2306/2306 2302/2302/2302
f 2304/2304/2304 2306/2306/2306 2303/2303/2303
f 2311/2311/2311 2313/2313/2313 2312/2312/2312 2308/2308/2308
f 2313/2313/2313 2311/2311/2311 2310/2310/2310 2309/2309/2309
f 2316/2316/2316 2317/2317/2317 2315/2315/2315 2318/2318/2318
f 2314/2314/2314 2319/2319/2319 2317/2317/2317 2316/2316/2316
f 2350/2350/2350 2351/2351/2351 2361/2361/2361
f 2351/2351/2351 2352/2352/2352 2353/2353/2353
f 2361/2361/2361 2351/2351/2351 2353/2353/2353
f 2350/2350/2350 2361/2361/2361 2357/2357/2357
f 2350/2350/2350 2357/2357/2357 2322/2322/2322
f 2322/2322/2322 2357/2357/2357 2321/2321/2321
f 2350/2350/2350 2322/2322/2322 2323/2323/2323
f 2321/2321/2321 2357/2357/2357 2320/2320/2320
f 2324/2324/2324 2350/2350/2350 2323/2323/2323
f 2320/2320/2320 2357/2357/2357 2358/2358/2358
f 2350/2350/2350 2324/2324/2324 2325/2325/2325
f 2328/2328/2328 2336/2336/2336 2350/2350/2350
f 2350/2350/2350 2326/2326/2326 2327/2327/2327
f 2350/2350/2350 2325/2325/2325 2326/2326/2326
f 2349/2349/2349 2336/2336/2336 2337/2337/2337
f 2338/2338/2338 2344/2344/2344 2337/2337/2337
f 2338/2338/2338 2339/2339/2339 2343/2343/2343
f 2349/2349/2349 2337/2337/2337 2344/2344/2344
f 2342/2342/2342 2339/2339/2339 2340/2340/2340
f 2336/2336/2336 2349/2349/2349 2350/2350/2350
f 2327/2327/2327 2328/2328/2328 2350/2350/2350
f 2358/2358/2358 2334/2334/2334 2335/2335/2335
f 2360/2360/2360 2329/2329/2329 2330/2330/2330
f 2333/2333/2333 2334/2334/2334 2358/2358/2358
f 2329/2329/2329 2341/2341/2341 2340/2340/2340
f 2333/2333/2333 2359/2359/2359 2332/2332/2332
f 2332/2332/2332 2359/2359/2359 2331/2331/2331
f 2330/2330/2330 2359/2359/2359 2360/2360/2360
f 2331/2331/2331 2359/2359/2359 2330/2330/2330
f 2358/2358/2358 2359/2359/2359 2333/2333/2333
f 2358/2358/2358 2335/2335/2335 2320/2320/2320
f 2341/2341/2341 2329/2329/2329 2360/2360/2360
f 2342/2342/2342 2343/2343/2343 2339/2339/2339
f 2356/2356/2356 2347/2347/2347 2348/2348/2348
f 2345/2345/2345 2349/2349/2349 2344/2344/2344
f 2345/2345/2345 2346/2346/2346 2349/2349/2349
f 2344/2344/2344 2338/2338/2338 2343/2343/2343
f 2355/2355/2355 2349/2349/2349 2354/2354/2354
f 2355/2355/2355 2356/2356/2356 2348/2348/2348
f 2355/2355/2355 2348/2348/2348 2349/2349/2349
f 2349/2349/2349 2346/2346/2346 2354/2354/2354
f 2342/2342/2342 2340/2340/2340 2341/2341/2341
f 2373/2373/2373 2374/2374/2374 2401/2401/2401
f 2376/2376/2376 2388/2388/2388 2401/2401/2401
f 2374/2374/2374 2375/2375/2375 2401/2401/2401
f 2375/2375/2375 2376/2376/2376 2401/2401/2401
f 2373/2373/2373 2401/2401/2401 2399/2399/2399
f 2399/2399/2399 2371/2371/2371 2372/2372/2372
f 2388/2388/2388 2376/2376/2376 2377/2377/2377
f 2378/2378/2378 2387/2387/2387 2377/2377/2377
f 2399/2399/2399 2372/2372/2372 2373/2373/2373
f 2371/2371/2371 2399/2399/2399 2370/2370/2370
f 2387/2387/2387 2388/2388/2388 2377/2377/2377
f 2398/2398/2398 2389/2389/2389 2390/2390/2390
f 2391/2391/2391 2398/2398/2398 2390/2390/2390
f 2391/2391/2391 2397/2397/2397 2398/2398/2398
f 2389/2389/2389 2402/2402/2402 2390/2390/2390
f 2387/2387/2387 2378/2378/2378 2386/2386/2386
f 2386/2386/2386 2379/2379/2379 2385/2385/2385
f 2391/2391/2391 2392/2392/2392 2397/2397/2397
f 2383/2383/2383 2384/2384/2384 2390/2390/2390
f 2383/2383/2383 2390/2390/2390 2402/2402/2402
f 2385/2385/2385 2380/2380/2380 2384/2384/2384
f 2393/2393/2393 2368/2368/2368 2400/2400/2400
f 2368/2368/2368 2369/2369/2369 2400/2400/2400
f 2393/2393/2393 2367/2367/2367 2368/2368/2368
f 2367/2367/2367 2393/2393/2393 2366/2366/2366
f 2370/2370/2370 2400/2400/2400 2369/2369/2369
f 2393/2393/2393 2403/2403/2403 2395/2395/2395
f 2394/2394/2394 2395/2395/2395 2396/2396/2396
f 2403/2403/2403 2396/2396/2396 2395/2395/2395
f 2400/2400/2400 2403/2403/2403 2393/2393/2393
f 2400/2400/2400 2370/2370/2370 2399/2399/2399
f 2384/2384/2384 2380/2380/2380 2381/2381/2381
f 2380/2380/2380 2385/2385/2385 2379/2379/2379
f 2390/2390/2390 2384/2384/2384 2381/2381/2381
f 2390/2390/2390 2381/2381/2381 2382/2382/2382
f 2378/2378/2378 2379/2379/2379 2386/2386/2386
f 2393/2393/2393 2365/2365/2365 2366/2366/2366
f 2393/2393/2393 2364/2364/2364 2365/2365/2365
f 2362/2362/2362 2363/2363/2363 2393/2393/2393
f 2382/2382/2382 2362/2362/2362 2393/2393/2393
f 2363/2363/2363 2364/2364/2364 2393/2393/2393
f 2382/2382/2382 2393/2393/2393 2390/2390/2390
f 2405/2405/2405 2407/2407/2407 2406/2406/2406 2404/2404/2404
f 2409/2409/2409 2411/2411/2411 2410/2410/2410 2408/2408/2408
f 2413/2413/2413 2415/2415/2415 2414/2414/2414 2412/2412/2412
f 2417/2417/2417 2419/2419/2419 2418/2418/2418 2416/2416/2416
f 2421/2421/2421 2423/2423/2423 2422/2422/2422 2420/2420/2420
f 2428/2428/2428 2424/2424/2424 2425/2425/2425
f 2427/2427/2427 2426/2426/2426 2428/2428/2428
f 2425/2425/2425 2427/2427/2427 2428/2428/2428
f 2430/2430/2430 2432/2432/2432 2431/2431/2431 2429/2429/2429
f 2434/2434/2434 2436/2436/2436 2435/2435/2435 2433/2433/2433
f 2438/2438/2438 2440/2440/2440 2439/2439/2439 2437/2437/2437
f 2442/2442/2442 2444/2444/2444 2443/2443/2443 2441/2441/2441
f 2449/2449/2449 2448/2448/2448 2450/2450/2450
f 2445/2445/2445 2449/2449/2449 2450/2450/2450
f 2447/2447/2447 2446/2446/2446 2450/2450/2450
f 2445/2445/2445 2450/2450/2450 2446/2446/2446
f 2445/2445/2445 2454/2454/2454 2449/2449/2449
f 2456/2456/2456 2455/2455/2455 2454/2454/2454
f 2453/2453/2453 2456/2456/2456 2454/2454/2454
f 2456/2456/2456 2453/2453/2453 2452/2452/2452
f 2456/2456/2456 2452/2452/2452 2451/2451/2451
f 2445/2445/2445 2453/2453/2453 2454/2454/2454
f 2461/2461/2461 2460/2460/2460 2467/2467/2467
f 2462/2462/2462 2466/2466/2466 2468/2468/2468
f 2467/2467/2467 2466/2466/2466 2461/2461/2461
f 2461/2461/2461 2466/2466/2466 2462/2462/2462
f 2483/2483/2483 2486/2486/2486 2484/2484/2484
f 2462/2462/2462 2486/2486/2486 2485/2485/2485
f 2469/2469/2469 2484/2484/2484 2462/2462/2462
f 2486/2486/2486 2462/2462/2462 2484/2484/2484
f 2457/2457/2457 2462/2462/2462 2468/2468/2468
f 2469/2469/2469 2462/2462/2462 2457/2457/2457
f 2457/2457/2457 2464/2464/2464 2458/2458/2458
f 2459/2459/2459 2458/2458/2458 2463/2463/2463
f 2464/2464/2464 2463/2463/2463 2458/2458/2458
f 2457/2457/2457 2465/2465/2465 2464/2464/2464
f 2457/2457/2457 2501/2501/2501 2487/2487/2487
f 2468/2468/2468 2465/2465/2465 2457/2457/2457
f 2470/2470/2470 2457/2457/2457 2487/2487/2487
f 2488/2488/2488 2487/2487/2487 2501/2501/2501
f 2471/2471/2471 2470/2470/2470 2487/2487/2487
f 2500/2500/2500 2472/2472/2472 2487/2487/2487
f 2457/2457/2457 2470/2470/2470 2469/2469/2469
f 2489/2489/2489 2486/2486/2486 2482/2482/2482
f 2481/2481/2481 2493/2493/2493 2489/2489/2489
f 2481/2481/2481 2489/2489/2489 2482/2482/2482
f 2492/2492/2492 2491/2491/2491 2490/2490/2490
f 2490/2490/2490 2489/2489/2489 2492/2492/2492
f 2480/2480/2480 2493/2493/2493 2481/2481/2481
f 2493/2493/2493 2492/2492/2492 2489/2489/2489
f 2479/2479/2479 2493/2493/2493 2480/2480/2480
f 2493/2493/2493 2479/2479/2479 2494/2494/2494
f 2495/2495/2495 2494/2494/2494 2478/2478/2478
f 2478/2478/2478 2494/2494/2494 2479/2479/2479
f 2483/2483/2483 2482/2482/2482 2486/2486/2486
f 2472/2472/2472 2471/2471/2471 2487/2487/2487
f 2473/2473/2473 2500/2500/2500 2497/2497/2497
f 2499/2499/2499 2498/2498/2498 2500/2500/2500
f 2500/2500/2500 2498/2498/2498 2497/2497/2497
f 2497/2497/2497 2474/2474/2474 2473/2473/2473
f 2500/2500/2500 2473/2473/2473 2472/2472/2472
f 2495/2495/2495 2477/2477/2477 2476/2476/2476
f 2478/2478/2478 2477/2477/2477 2495/2495/2495
f 2496/2496/2496 2495/2495/2495 2476/2476/2476
f 2497/2497/2497 2496/2496/2496 2475/2475/2475
f 2474/2474/2474 2497/2497/2497 2475/2475/2475
f 2496/2496/2496 2476/2476/2476 2475/2475/2475