# Rhino
v 4.938739 0.150000 -0.367180
v 5.056373 0.150000 -0.528928
v 5.174007 0.150000 -0.690675
v 5.291642 0.150000 -0.852422
v 5.409276 0.150000 -1.014169
v 5.526910 0.150000 -1.175916
v 4.944802 0.112009 -0.362770
v 5.062437 0.112009 -0.524518
v 5.180071 0.112009 -0.686265
v 5.297705 0.112009 -0.848012
v 5.415339 0.112009 -1.009759
v 5.532974 0.112009 -1.171507
v 4.963025 0.078557 -0.349518
v 5.080659 0.078557 -0.511265
v 5.198293 0.078557 -0.673012
v 5.315927 0.078557 -0.834759
v 5.433562 0.078557 -0.996507
v 5.551196 0.078557 -1.158254
v 4.990219 0.056839 -0.329740
v 5.107853 0.056839 -0.491487
v 5.225487 0.056839 -0.653235
v 5.343122 0.056839 -0.814982
v 5.460756 0.056839 -0.976729
v 5.578390 0.056839 -1.138476
v 5.019612 0.050000 -0.308363
v 5.137247 0.050000 -0.470110
v 5.254881 0.050000 -0.631858
v 5.372515 0.050000 -0.793605
v 5.490149 0.050000 -0.955352
v 5.607784 0.050000 -1.117099
v 5.050337 0.057498 -0.286018
v 5.167971 0.057498 -0.447765
v 5.285605 0.057498 -0.609512
v 5.403240 0.057498 -0.771260
v 5.520874 0.057498 -0.933007
v 5.638509 0.057498 -1.094754
v 5.077391 0.080030 -0.266342
v 5.195025 0.080030 -0.428089
v 5.312660 0.080030 -0.589837
v 5.430294 0.080030 -0.751584
v 5.547928 0.080030 -0.913331
v 5.665563 0.080030 -1.075078
v 5.094955 0.113655 -0.253568
v 5.212590 0.113655 -0.415315
v 5.330224 0.113655 -0.577063
v 5.447858 0.113655 -0.738810
v 5.565493 0.113655 -0.900557
v 5.683127 0.113655 -1.062304
v 5.100486 0.150000 -0.249546
v 5.218120 0.150000 -0.411293
v 5.335754 0.150000 -0.573040
v 5.453389 0.150000 -0.734788
v 5.571023 0.150000 -0.896535
v 5.688657 0.150000 -1.058282
v 5.094422 0.187991 -0.253956
v 5.212057 0.187991 -0.415703
v 5.329691 0.187991 -0.577450
v 5.447325 0.187991 -0.739198
v 5.564960 0.187991 -0.900945
v 5.682594 0.187991 -1.062692
v 5.076200 0.221444 -0.267209
v 5.193834 0.221444 -0.428956
v 5.311469 0.221444 -0.590703
v 5.429103 0.221444 -0.752450
v 5.546737 0.221444 -0.914197
v 5.664371 0.221444 -1.075945
v 5.049005 0.243162 -0.286986
v 5.166640 0.243162 -0.448733
v 5.284275 0.243162 -0.610481
v 5.401909 0.243162 -0.772228
v 5.519543 0.243162 -0.933975
v 5.637177 0.243162 -1.095722
v 5.019612 0.250000 -0.308363
v 5.137247 0.250000 -0.470110
v 5.254881 0.250000 -0.631858
v 5.372515 0.250000 -0.793605
v 5.490149 0.250000 -0.955352
v 5.607784 0.250000 -1.117099
v 4.988887 0.242502 -0.330708
v 5.106522 0.242502 -0.492456
v 5.224156 0.242502 -0.654203
v 5.341791 0.242502 -0.815950
v 5.459425 0.242502 -0.977697
v 5.577059 0.242502 -1.139444
v 4.961833 0.219971 -0.350384
v 5.079468 0.219971 -0.512131
v 5.197102 0.219971 -0.673879
v 5.314736 0.219971 -0.835626
v 5.432371 0.219971 -0.997373
v 5.550005 0.219971 -1.159120
v 4.944269 0.186345 -0.363158
v 5.061903 0.186345 -0.524905
v 5.179538 0.186345 -0.686652
v 5.297172 0.186345 -0.848400
v 5.414807 0.186345 -1.010147
v 5.532441 0.186345 -1.171894
v 4.938739 0.150000 -0.367180
v 5.056373 0.150000 -0.528928
v 5.174007 0.150000 -0.690675
v 5.291642 0.150000 -0.852422
v 5.409276 0.150000 -1.014169
v 5.526910 0.150000 -1.175916
v 5.003620 0.112009 -0.443644
v 5.057814 0.131208 -0.527880
v 4.997556 0.150000 -0.448054
v 4.998997 0.131208 -0.447006
v 5.049036 0.056839 -0.410614
v 5.093516 0.065881 -0.501914
v 5.021842 0.078557 -0.430391
v 5.034699 0.065881 -0.421041
v 5.078429 0.050000 -0.389237
v 5.122719 0.051626 -0.480676
v 5.063902 0.051626 -0.399802
v 5.109154 0.057498 -0.366892
v 5.152444 0.051782 -0.459058
v 5.093627 0.051782 -0.378184
v 5.153772 0.113655 -0.334442
v 5.205277 0.095927 -0.420633
v 5.136208 0.080030 -0.347216
v 5.146460 0.095927 -0.339760
v 5.159303 0.150000 -0.330420
v 5.216804 0.132037 -0.412250
v 5.157988 0.132037 -0.331376
v 5.153239 0.187991 -0.334830
v 5.216680 0.168792 -0.412341
v 5.157862 0.168792 -0.331467
v 5.107823 0.243162 -0.367860
v 5.180977 0.234120 -0.438306
v 5.135017 0.221444 -0.348082
v 5.122160 0.234120 -0.357433
v 5.078429 0.250000 -0.389237
v 5.151774 0.248374 -0.459545
v 5.092957 0.248374 -0.378672
v 5.047705 0.242502 -0.411582
v 5.122049 0.248219 -0.481163
v 5.063232 0.248219 -0.400289
v 5.003087 0.186345 -0.444032
v 5.069216 0.204073 -0.519587
v 5.020650 0.219971 -0.431258
v 5.010399 0.204073 -0.438714
v 4.997556 0.150000 -0.448054
v 5.057688 0.167963 -0.527971
v 4.998871 0.167963 -0.447097
v 5.468093 0.150000 -1.095043
v 5.473624 0.186345 -1.091021
v 5.410592 0.167963 -1.013213
v 5.469408 0.167963 -1.094086
v 5.491188 0.219971 -1.078247
v 5.422119 0.204073 -1.004829
v 5.480936 0.204073 -1.085703
v 5.518242 0.242502 -1.058571
v 5.548967 0.250000 -1.036226
v 5.474952 0.248219 -0.966405
v 5.533769 0.248219 -1.047278
v 5.578360 0.243162 -1.014849
v 5.504677 0.248374 -0.944787
v 5.563494 0.248374 -1.025660
v 5.605554 0.221444 -0.995071
v 5.533880 0.234120 -0.923548
v 5.592697 0.234120 -1.004422
v 5.623777 0.187991 -0.981818
v 5.629840 0.150000 -0.977408
v 5.569582 0.168792 -0.897583
v 5.628400 0.168792 -0.978456
v 5.624310 0.113655 -0.981431
v 5.569708 0.132037 -0.897492
v 5.628525 0.132037 -0.978365
v 5.606745 0.080030 -0.994205
v 5.558180 0.095927 -0.905875
v 5.616997 0.095927 -0.986749
v 5.579691 0.057498 -1.013880
v 5.548967 0.050000 -1.036226
v 5.505347 0.051782 -0.944299
v 5.564164 0.051782 -1.025173
v 5.519573 0.056839 -1.057603
v 5.475622 0.051626 -0.965917
v 5.534440 0.051626 -1.046791
v 5.492379 0.078557 -1.077380
v 5.446419 0.065881 -0.987156
v 5.505236 0.065881 -1.068030
v 5.474157 0.112009 -1.090633
v 5.468093 0.150000 -1.095043
v 5.410717 0.131208 -1.013121
v 5.469534 0.131208 -1.093995
v 5.526910 0.150000 -1.175916
v 5.532974 0.112009 -1.171507
v 5.551196 0.078557 -1.158254
v 5.578390 0.056839 -1.138476
v 5.607784 0.050000 -1.117099
v 5.638509 0.057498 -1.094754
v 5.665563 0.080030 -1.075078
v 5.683127 0.113655 -1.062304
v 5.688657 0.150000 -1.058282
v 5.682594 0.187991 -1.062692
v 5.664371 0.221444 -1.075945
v 5.637177 0.243162 -1.095722
v 5.607784 0.250000 -1.117099
v 5.577059 0.242502 -1.139444
v 5.550005 0.219971 -1.159120
v 5.532441 0.186345 -1.171894
v 0.261261 0.150000 -0.367180
v 0.143628 0.150000 -0.528928
v 0.025993 0.150000 -0.690675
v -0.091642 0.150000 -0.852422
v -0.209276 0.150000 -1.014169
v -0.326911 0.150000 -1.175916
v 0.255198 0.187991 -0.362770
v 0.137563 0.187991 -0.524518
v 0.019929 0.187991 -0.686265
v -0.097705 0.187991 -0.848012
v -0.215339 0.187991 -1.009759
v -0.332974 0.187991 -1.171507
v 0.236975 0.221444 -0.349518
v 0.119341 0.221444 -0.511265
v 0.001707 0.221444 -0.673012
v -0.115927 0.221444 -0.834759
v -0.233562 0.221444 -0.996507
v -0.351196 0.221444 -1.158254
v 0.209781 0.243162 -0.329740
v 0.092147 0.243162 -0.491487
v -0.025487 0.243162 -0.653235
v -0.143121 0.243162 -0.814982
v -0.260756 0.243162 -0.976729
v -0.378390 0.243162 -1.138476
v 0.180388 0.250000 -0.308363
v 0.062753 0.250000 -0.470110
v -0.054881 0.250000 -0.631858
v -0.172515 0.250000 -0.793605
v -0.290149 0.250000 -0.955352
v -0.407784 0.250000 -1.117099
v 0.149663 0.242502 -0.286018
v 0.032029 0.242502 -0.447765
v -0.085605 0.242502 -0.609512
v -0.203240 0.242502 -0.771260
v -0.320874 0.242502 -0.933007
v -0.438509 0.242502 -1.094754
v 0.122609 0.219971 -0.266342
v 0.004975 0.219971 -0.428089
v -0.112660 0.219971 -0.589837
v -0.230294 0.219971 -0.751584
v -0.347929 0.219971 -0.913331
v -0.465562 0.219971 -1.075078
v 0.105045 0.186345 -0.253568
v -0.012589 0.186345 -0.415315
v -0.130224 0.186345 -0.577063
v -0.247859 0.186345 -0.738810
v -0.365492 0.186345 -0.900557
v -0.483127 0.186345 -1.062304
v 0.099514 0.150000 -0.249546
v -0.018120 0.150000 -0.411293
v -0.135754 0.150000 -0.573040
v -0.253389 0.150000 -0.734788
v -0.371023 0.150000 -0.896535
v -0.488657 0.150000 -1.058282
v 0.105578 0.112009 -0.253956
v -0.012057 0.112009 -0.415703
v -0.129691 0.112009 -0.577450
v -0.247325 0.112009 -0.739198
v -0.364959 0.112009 -0.900945
v -0.482594 0.112009 -1.062692
v 0.123801 0.078557 -0.267209
v 0.006166 0.078557 -0.428956
v -0.111469 0.078557 -0.590703
v -0.229103 0.078557 -0.752450
v -0.346737 0.078557 -0.914197
v -0.464371 0.078557 -1.075945
v 0.150995 0.056839 -0.286986
v 0.033360 0.056839 -0.448733
v -0.084274 0.056839 -0.610481
v -0.201909 0.056839 -0.772228
v -0.319543 0.056839 -0.933975
v -0.437177 0.056839 -1.095722
v 0.180388 0.050000 -0.308363
v 0.062753 0.050000 -0.470110
v -0.054881 0.050000 -0.631858
v -0.172515 0.050000 -0.793605
v -0.290149 0.050000 -0.955352
v -0.407784 0.050000 -1.117099
v 0.211112 0.057498 -0.330708
v 0.093479 0.057498 -0.492456
v -0.024156 0.057498 -0.654203
v -0.141790 0.057498 -0.815950
v -0.259425 0.057498 -0.977697
v -0.377059 0.057498 -1.139444
v 0.238166 0.080030 -0.350384
v 0.120532 0.080030 -0.512131
v 0.002898 0.080030 -0.673879
v -0.114736 0.080030 -0.835626
v -0.232371 0.080030 -0.997373
v -0.350005 0.080030 -1.159120
v 0.255731 0.113655 -0.363158
v 0.138096 0.113655 -0.524905
v 0.020462 0.113655 -0.686652
v -0.097172 0.113655 -0.848400
v -0.214806 0.113655 -1.010147
v -0.332441 0.113655 -1.171894
v 0.261261 0.150000 -0.367180
v 0.143628 0.150000 -0.528928
v 0.025993 0.150000 -0.690675
v -0.091642 0.150000 -0.852422
v -0.209276 0.150000 -1.014169
v -0.326911 0.150000 -1.175916
v 0.196381 0.187991 -0.443644
v 0.142187 0.168792 -0.527880
v 0.202445 0.150000 -0.448054
v 0.201004 0.168792 -0.447006
v 0.150964 0.243162 -0.410614
v 0.106484 0.234120 -0.501914
v 0.178158 0.221444 -0.430391
v 0.165301 0.234120 -0.421041
v 0.121571 0.250000 -0.389237
v 0.077280 0.248374 -0.480676
v 0.136098 0.248374 -0.399802
v 0.090846 0.242502 -0.366892
v 0.047556 0.248219 -0.459058
v 0.106373 0.248219 -0.378184
v 0.046228 0.186345 -0.334442
v -0.005277 0.204073 -0.420633
v 0.063792 0.219971 -0.347216
v 0.053540 0.204073 -0.339760
v 0.040698 0.150000 -0.330420
v -0.016804 0.167963 -0.412250
v 0.042013 0.167963 -0.331376
v 0.046761 0.112009 -0.334830
v -0.016679 0.131208 -0.412341
v 0.042138 0.131208 -0.331467
v 0.092177 0.056839 -0.367860
v 0.019023 0.065881 -0.438306
v 0.064983 0.078557 -0.348082
v 0.077840 0.065881 -0.357433
v 0.121571 0.050000 -0.389237
v 0.048227 0.051626 -0.459545
v 0.107044 0.051626 -0.378672
v 0.152296 0.057498 -0.411582
v 0.077951 0.051782 -0.481163
v 0.136768 0.051782 -0.400289
v 0.196914 0.113655 -0.444032
v 0.130784 0.095927 -0.519587
v 0.179349 0.080030 -0.431258
v 0.189601 0.095927 -0.438714
v 0.202445 0.150000 -0.448054
v 0.142312 0.132037 -0.527971
v 0.201128 0.132037 -0.447097
v -0.268093 0.150000 -1.095043
v -0.273624 0.113655 -1.091021
v -0.210591 0.132037 -1.013213
v -0.269409 0.132037 -1.094086
v -0.291188 0.080030 -1.078247
v -0.222119 0.095927 -1.004829
v -0.280936 0.095927 -1.085703
v -0.318242 0.057498 -1.058571
v -0.348967 0.050000 -1.036226
v -0.274952 0.051782 -0.966405
v -0.333769 0.051782 -1.047278
v -0.378360 0.056839 -1.014849
v -0.304677 0.051626 -0.944787
v -0.363493 0.051626 -1.025660
v -0.405554 0.078557 -0.995071
v -0.333880 0.065881 -0.923548
v -0.392697 0.065881 -1.004422
v -0.423776 0.112009 -0.981818
v -0.429841 0.150000 -0.977408
v -0.369583 0.131208 -0.897583
v -0.428400 0.131208 -0.978456
v -0.424309 0.186345 -0.981431
v -0.369708 0.167963 -0.897492
v -0.428525 0.167963 -0.978365
v -0.406745 0.219971 -0.994205
v -0.358181 0.204073 -0.905875
v -0.416997 0.204073 -0.986749
v -0.379692 0.242502 -1.013880
v -0.348967 0.250000 -1.036226
v -0.305347 0.248219 -0.944299
v -0.364164 0.248219 -1.025173
v -0.319573 0.243162 -1.057603
v -0.275622 0.248374 -0.965917
v -0.334440 0.248374 -1.046791
v -0.292379 0.221444 -1.077380
v -0.246418 0.234120 -0.987156
v -0.305236 0.234120 -1.068030
v -0.274157 0.187991 -1.090633
v -0.268093 0.150000 -1.095043
v -0.210717 0.168792 -1.013121
v -0.269534 0.168792 -1.093995
v -0.326911 0.150000 -1.175916
v -0.332974 0.187991 -1.171507
v -0.351196 0.221444 -1.158254
v -0.378390 0.243162 -1.138476
v -0.407784 0.250000 -1.117099
v -0.438509 0.242502 -1.094754
v -0.465562 0.219971 -1.075078
v -0.483127 0.186345 -1.062304
v -0.488657 0.150000 -1.058282
v -0.482594 0.112009 -1.062692
v -0.464371 0.078557 -1.075945
v -0.437177 0.056839 -1.095722
v -0.407784 0.050000 -1.117099
v -0.377059 0.057498 -1.139444
v -0.350005 0.080030 -1.159120
v -0.332441 0.113655 -1.171894
v 5.320000 0.150000 0.381941
v 5.300000 0.170000 0.339645
v 5.292402 0.168500 0.339645
v 5.292731 0.131368 0.339645
v 5.300000 0.130000 0.339645
v 5.307598 0.131500 0.339645
v 5.314289 0.136006 0.339645
v 5.318632 0.142731 0.339645
v 5.320000 0.150000 0.339645
v 5.318500 0.157598 0.339645
v 5.313994 0.164289 0.339645
v 5.307269 0.168633 0.339645
v 5.300000 0.170000 0.339645
v 5.300000 0.170000 0.297349
v 5.292402 0.168500 0.297349
v 5.285711 0.163994 0.297349
v 5.281368 0.157269 0.297349
v 5.280000 0.150000 0.297349
v 5.281499 0.142402 0.297349
v 5.286006 0.135712 0.297349
v 5.292731 0.131368 0.297349
v 5.300000 0.130000 0.297349
v 5.307598 0.131500 0.297349
v 5.314289 0.136006 0.297349
v 5.318632 0.142731 0.297349
v 5.320000 0.150000 0.297349
v 5.318500 0.157598 0.297349
v 5.313994 0.164289 0.297349
v 5.307269 0.168633 0.297349
v 5.300000 0.170000 0.297349
v 5.300000 0.170000 0.255053
v 5.292402 0.168500 0.255053
v 5.285711 0.163994 0.255053
v 5.281368 0.157269 0.255053
v 5.280000 0.150000 0.255053
v 5.281499 0.142402 0.255053
v 5.286006 0.135712 0.255053
v 5.292731 0.131368 0.255053
v 5.300000 0.130000 0.255053
v 5.307598 0.131500 0.255053
v 5.314289 0.136006 0.255053
v 5.318632 0.142731 0.255053
v 5.320000 0.150000 0.255053
v 5.318500 0.157598 0.255053
v 5.313994 0.164289 0.255053
v 5.307269 0.168633 0.255053
v 5.300000 0.170000 0.255053
v 5.300000 0.170000 0.212757
v 5.292402 0.168500 0.212757
v 5.285711 0.163994 0.212757
v 5.281368 0.157269 0.212757
v 5.280000 0.150000 0.212757
v 5.281499 0.142402 0.212757
v 5.286006 0.135712 0.212757
v 5.292731 0.131368 0.212757
v 5.300000 0.130000 0.212757
v 5.307598 0.131500 0.212757
v 5.314289 0.136006 0.212757
v 5.318632 0.142731 0.212757
v 5.320000 0.150000 0.212757
v 5.318500 0.157598 0.212757
v 5.313994 0.164289 0.212757
v 5.307269 0.168633 0.212757
v 5.300000 0.170000 0.212757
v 5.300000 0.170000 0.170461
v 5.292402 0.168500 0.170461
v 5.285711 0.163994 0.170461
v 5.281368 0.157269 0.170461
v 5.280000 0.150000 0.170461
v 5.281499 0.142402 0.170461
v 5.286006 0.135712 0.170461
v 5.292731 0.131368 0.170461
v 5.300000 0.130000 0.170461
v 5.307598 0.131500 0.170461
v 5.314289 0.136006 0.170461
v 5.318632 0.142731 0.170461
v 5.320000 0.150000 0.170461
v 5.318500 0.157598 0.170461
v 5.313994 0.164289 0.170461
v 5.307269 0.168633 0.170461
v 5.300000 0.170000 0.170461
v 5.300000 0.170000 0.128165
v 5.292402 0.168500 0.128165
v 5.285711 0.163994 0.128165
v 5.281368 0.157269 0.128165
v 5.280000 0.150000 0.128165
v 5.281499 0.142402 0.128165
v 5.286006 0.135712 0.128165
v 5.292731 0.131368 0.128165
v 5.300000 0.130000 0.128165
v 5.307598 0.131500 0.128165
v 5.314289 0.136006 0.128165
v 5.318632 0.142731 0.128165
v 5.320000 0.150000 0.128165
v 5.318500 0.157598 0.128165
v 5.313994 0.164289 0.128165
v 5.307269 0.168633 0.128165
v 5.300000 0.170000 0.128165
v 5.300000 0.170000 0.085869
v 5.292402 0.168500 0.085869
v 5.285711 0.163994 0.085869
v 5.281368 0.157269 0.085869
v 5.280000 0.150000 0.085869
v 5.281499 0.142402 0.085869
v 5.286006 0.135712 0.085869
v 5.292731 0.131368 0.085869
v 5.300000 0.130000 0.085869
v 5.307598 0.131500 0.085869
v 5.314289 0.136006 0.085869
v 5.318632 0.142731 0.085869
v 5.320000 0.150000 0.085869
v 5.318500 0.157598 0.085869
v 5.313994 0.164289 0.085869
v 5.307269 0.168633 0.085869
v 5.300000 0.170000 0.085869
v 5.300000 0.170000 0.043573
v 5.280000 0.150000 0.043573
v 5.300000 0.130000 0.043573
v 5.320000 0.150000 0.043573
v 5.300000 0.170000 0.043573
v 5.292638 0.168596 0.043573
v 5.285858 0.164142 0.043573
v 5.281404 0.157362 0.043573
v 5.281404 0.142638 0.043573
v 5.285858 0.135858 0.043573
v 5.292638 0.131404 0.043573
v 5.307362 0.131404 0.043573
v 5.314142 0.135858 0.043573
v 5.318596 0.142638 0.043573
v 5.318596 0.157362 0.043573
v 5.314142 0.164142 0.043573
v 5.307362 0.168596 0.043573
v 5.292402 0.168500 0.064721
v 5.296242 0.169644 0.085869
v 5.300000 0.170000 0.064721
v 5.296242 0.169644 0.064721
v 5.285711 0.163994 0.064721
v 5.288860 0.166611 0.085869
v 5.288860 0.166611 0.064721
v 5.281368 0.157269 0.064721
v 5.283176 0.160815 0.085869
v 5.283176 0.160815 0.064721
v 5.280000 0.150000 0.064721
v 5.280325 0.153593 0.085869
v 5.280325 0.153593 0.064721
v 5.281499 0.142402 0.064721
v 5.280356 0.146242 0.085869
v 5.280356 0.146242 0.064721
v 5.286006 0.135712 0.064721
v 5.283390 0.138860 0.085869
v 5.283390 0.138860 0.064721
v 5.292731 0.131368 0.064721
v 5.289186 0.133176 0.085869
v 5.289186 0.133176 0.064721
v 5.307598 0.131500 0.064721
v 5.303758 0.130356 0.085869
v 5.300000 0.130000 0.064721
v 5.303758 0.130356 0.064721
v 5.314289 0.136006 0.064721
v 5.311140 0.133389 0.085869
v 5.311140 0.133389 0.064721
v 5.318632 0.142731 0.064721
v 5.316824 0.139185 0.085869
v 5.316824 0.139185 0.064721
v 5.318500 0.157598 0.064721
v 5.319644 0.153759 0.085869
v 5.320000 0.150000 0.064721
v 5.319644 0.153759 0.064721
v 5.313994 0.164289 0.064721
v 5.316610 0.161140 0.085869
v 5.316610 0.161140 0.064721
v 5.307269 0.168633 0.064721
v 5.310814 0.166824 0.085869
v 5.310814 0.166824 0.064721
v 5.300000 0.170000 0.064721
v 5.303593 0.169675 0.085869
v 5.303593 0.169675 0.064721
v 5.300000 0.170000 0.355376
v 5.312191 0.165752 0.371348
v 5.317697 0.159596 0.378799
v 5.319380 0.155263 0.381094
v 5.319380 0.144737 0.381094
v 5.317697 0.140404 0.378799
v 5.312191 0.134248 0.371348
v 5.300000 0.130000 0.355376
v 5.287599 0.134237 0.341003
v 5.282225 0.140392 0.334991
v 5.280597 0.144729 0.333185
v 5.280000 0.150000 0.332526
v 5.280597 0.155272 0.333185
v 5.282225 0.159608 0.334991
v 5.287599 0.165763 0.341003
v 5.300000 0.170000 0.355376
v 5.316610 0.161140 0.339645
v 5.313994 0.164289 0.360793
v 5.318500 0.157598 0.360793
v 5.316610 0.161140 0.360793
v 5.319644 0.153759 0.339645
v 5.320000 0.150000 0.360793
v 5.319644 0.153759 0.360793
v 5.319675 0.146408 0.339645
v 5.318632 0.142731 0.360793
v 5.319675 0.146408 0.360793
v 5.316824 0.139185 0.339645
v 5.314289 0.136006 0.360793
v 5.316824 0.139185 0.360793
v 5.283390 0.138860 0.297349
v 5.286006 0.135712 0.318497
v 5.281499 0.142402 0.318497
v 5.283390 0.138860 0.318497
v 5.282349 0.140597 0.318497
v 5.283390 0.138860 0.329071
v 5.281499 0.142402 0.329071
v 5.282349 0.140597 0.329071
v 5.280356 0.146242 0.297349
v 5.280000 0.150000 0.318497
v 5.280356 0.146242 0.318497
v 5.280824 0.144318 0.318497
v 5.280356 0.146242 0.329071
v 5.280824 0.144318 0.329071
v 5.280325 0.153593 0.297349
v 5.281368 0.157269 0.318497
v 5.280325 0.153593 0.318497
v 5.280752 0.155433 0.318497
v 5.280325 0.153593 0.329071
v 5.281368 0.157269 0.329071
v 5.280752 0.155433 0.329071
v 5.283176 0.160815 0.297349
v 5.285711 0.163994 0.318497
v 5.283176 0.160815 0.318497
v 5.282176 0.159073 0.318497
v 5.283176 0.160815 0.329071
v 5.282176 0.159073 0.329071
v 5.300000 0.170000 0.043573
v 5.280000 0.150000 0.043573
v 5.300000 0.130000 0.043573
v 5.320000 0.150000 0.043573
v 5.300000 0.170000 0.043573
v 5.294497 0.170000 0.020793
v 5.307212 0.136006 0.014283
v 5.311078 0.142731 0.012304
v 5.312295 0.150000 0.011681
v 5.310960 0.157598 0.012364
v 5.294497 0.170000 0.020793
v 5.279230 0.170000 0.003007
v 5.267538 0.150000 0.019234
v 5.279230 0.130000 0.003007
v 5.290922 0.150000 -0.013219
v 5.279230 0.170000 0.003007
v 5.307362 0.168596 0.043573
v 5.314142 0.164142 0.043573
v 5.318596 0.157362 0.043573
v 5.318596 0.142638 0.043573
v 5.314142 0.135858 0.043573
v 5.307362 0.131404 0.043573
v 5.292638 0.131404 0.043573
v 5.285858 0.135858 0.043573
v 5.281404 0.142638 0.043573
v 5.281404 0.157362 0.043573
v 5.285858 0.164142 0.043573
v 5.292638 0.168596 0.043573
v 5.311978 0.153759 0.011843
v 5.316606 0.157598 0.027512
v 5.318064 0.150000 0.027160
v 5.317718 0.153759 0.027244
v 5.309468 0.139185 0.013128
v 5.316734 0.142731 0.027481
v 5.312510 0.136006 0.028499
v 5.314976 0.139185 0.027905
v 5.274926 0.168596 0.008980
v 5.270963 0.164142 0.014481
v 5.268359 0.157362 0.018094
v 5.268359 0.142638 0.018094
v 5.270963 0.135858 0.014481
v 5.274926 0.131404 0.008980
v 5.283534 0.131404 -0.002966
v 5.287497 0.135858 -0.008467
v 5.290101 0.142638 -0.012080
v 5.290101 0.157362 -0.012080
v 5.287497 0.164142 -0.008467
v 5.283534 0.168596 -0.002966
v 5.302071 0.142731 -0.001160
v 5.298775 0.136006 0.001671
v 5.300699 0.139185 0.000019
v 5.301970 0.157598 -0.001074
v 5.303108 0.150000 -0.002051
v 5.302838 0.153759 -0.001819
v 5.281781 0.163994 0.027303
v 5.277915 0.157269 0.029282
v 5.276698 0.150000 0.029905
v 5.278032 0.142402 0.029222
v 5.282042 0.135712 0.027169
v 5.288027 0.131368 0.024105
v 5.294497 0.130000 0.020793
v 5.301258 0.131500 0.017331
v 5.300965 0.168633 0.017481
v 5.279230 0.170000 0.003007
v 5.267538 0.150000 0.019234
v 5.279230 0.130000 0.003007
v 5.290922 0.150000 -0.013219
v 5.279230 0.170000 0.003007
v 5.246382 0.170000 -0.020662
v 5.241940 0.168500 -0.014497
v 5.238029 0.163994 -0.009069
v 5.235490 0.157269 -0.005545
v 5.234690 0.150000 -0.004435
v 5.235567 0.142402 -0.005652
v 5.238201 0.135712 -0.009308
v 5.242133 0.131368 -0.014764
v 5.246382 0.130000 -0.020662
v 5.250824 0.131500 -0.026826
v 5.254735 0.136006 -0.032254
v 5.257275 0.142731 -0.035778
v 5.258074 0.150000 -0.036888
v 5.257198 0.157598 -0.035671
v 5.254563 0.164289 -0.032015
v 5.250632 0.168633 -0.026559
v 5.246382 0.170000 -0.020662
v 5.213534 0.170000 -0.044330
v 5.209093 0.168500 -0.038166
v 5.205181 0.163994 -0.032738
v 5.202642 0.157269 -0.029214
v 5.201842 0.150000 -0.028104
v 5.202719 0.142402 -0.029321
v 5.205353 0.135712 -0.032977
v 5.209285 0.131368 -0.038433
v 5.213534 0.130000 -0.044330
v 5.217976 0.131500 -0.050495
v 5.221888 0.136006 -0.055923
v 5.224427 0.142731 -0.059447
v 5.225226 0.150000 -0.060557
v 5.224349 0.157598 -0.059340
v 5.221715 0.164289 -0.055684
v 5.217784 0.168633 -0.050228
v 5.213534 0.170000 -0.044330
v 5.180686 0.170000 -0.067999
v 5.176244 0.168500 -0.061835
v 5.172333 0.163994 -0.056406
v 5.169794 0.157269 -0.052882
v 5.168994 0.150000 -0.051773
v 5.169871 0.142402 -0.052989
v 5.172505 0.135712 -0.056645
v 5.176437 0.131368 -0.062102
v 5.180686 0.130000 -0.067999
v 5.185128 0.131500 -0.074164
v 5.189040 0.136006 -0.079592
v 5.191579 0.142731 -0.083116
v 5.192378 0.150000 -0.084225
v 5.191502 0.157598 -0.083009
v 5.188868 0.164289 -0.079353
v 5.184936 0.168633 -0.073897
v 5.180686 0.170000 -0.067999
v 5.147839 0.170000 -0.091668
v 5.143396 0.168500 -0.085503
v 5.139485 0.163994 -0.080075
v 5.136946 0.157269 -0.076551
v 5.136147 0.150000 -0.075441
v 5.137023 0.142402 -0.076658
v 5.139657 0.135712 -0.080314
v 5.143589 0.131368 -0.085770
v 5.147839 0.130000 -0.091668
v 5.152280 0.131500 -0.097832
v 5.156192 0.136006 -0.103261
v 5.158731 0.142731 -0.106785
v 5.159531 0.150000 -0.107894
v 5.158654 0.157598 -0.106678
v 5.156019 0.164289 -0.103022
v 5.152088 0.168633 -0.097565
v 5.147839 0.170000 -0.091668
v 5.114991 0.170000 -0.115337
v 5.110548 0.168500 -0.109172
v 5.106637 0.163994 -0.103744
v 5.104098 0.157269 -0.100220
v 5.103299 0.150000 -0.099110
v 5.104175 0.142402 -0.100327
v 5.106810 0.135712 -0.103983
v 5.110741 0.131368 -0.109439
v 5.114991 0.130000 -0.115337
v 5.119432 0.131500 -0.121501
v 5.123344 0.136006 -0.126929
v 5.125883 0.142731 -0.130453
v 5.126683 0.150000 -0.131563
v 5.125806 0.157598 -0.130346
v 5.123171 0.164289 -0.126690
v 5.119240 0.168633 -0.121234
v 5.114991 0.170000 -0.115337
v 5.082143 0.170000 -0.139005
v 5.082143 0.130000 -0.139005
v 5.093835 0.150000 -0.155232
v 5.082143 0.170000 -0.139005
v 5.283534 0.168596 -0.002966
v 5.287497 0.164142 -0.008467
v 5.290101 0.157362 -0.012080
v 5.290101 0.142638 -0.012080
v 5.287497 0.135858 -0.008467
v 5.283534 0.131404 -0.002966
v 5.274926 0.131404 0.008980
v 5.270963 0.135858 0.014481
v 5.268359 0.142638 0.018094
v 5.268359 0.157362 0.018094
v 5.270963 0.164142 0.014481
v 5.274926 0.168596 0.008980
v 5.248482 0.169675 -0.023576
v 5.262806 0.170000 -0.008827
v 5.267055 0.168633 -0.014725
v 5.264906 0.169675 -0.011742
v 5.252705 0.166824 -0.029436
v 5.270987 0.164289 -0.020181
v 5.269128 0.166824 -0.017601
v 5.256093 0.161140 -0.034138
v 5.273622 0.157598 -0.023837
v 5.272517 0.161140 -0.022304
v 5.257866 0.153759 -0.036599
v 5.274498 0.150000 -0.025054
v 5.274290 0.153759 -0.024765
v 5.256217 0.139185 -0.034311
v 5.273699 0.142731 -0.023944
v 5.271159 0.136006 -0.020420
v 5.272642 0.139185 -0.022477
v 5.252894 0.133389 -0.029699
v 5.267248 0.131500 -0.014992
v 5.269319 0.133389 -0.017865
v 5.248579 0.130356 -0.023711
v 5.262806 0.130000 -0.008827
v 5.265003 0.130356 -0.011876
v 5.240060 0.133176 -0.011888
v 5.258557 0.131368 -0.002930
v 5.254625 0.135712 0.002526
v 5.256484 0.133176 -0.000053
v 5.236672 0.138860 -0.007185
v 5.251991 0.142402 0.006183
v 5.253096 0.138860 0.004649
v 5.234899 0.146242 -0.004724
v 5.251114 0.150000 0.007399
v 5.251322 0.146242 0.007110
v 5.234880 0.153593 -0.004699
v 5.251914 0.157269 0.006290
v 5.251304 0.153593 0.007135
v 5.236547 0.160815 -0.007012
v 5.254453 0.163994 0.002765
v 5.252971 0.160815 0.004822
v 5.239870 0.166611 -0.011624
v 5.258364 0.168500 -0.002663
v 5.256294 0.166611 0.000211
v 5.244185 0.169644 -0.017612
v 5.262806 0.170000 -0.008827
v 5.260609 0.169644 -0.005778
v 5.077839 0.168596 -0.133032
v 5.073875 0.164142 -0.127532
v 5.071271 0.157362 -0.123918
v 5.070451 0.150000 -0.122779
v 5.094125 0.168500 -0.121006
v 5.112793 0.169644 -0.112287
v 5.098567 0.170000 -0.127171
v 5.096370 0.169644 -0.124122
v 5.090213 0.163994 -0.115578
v 5.108478 0.166611 -0.106299
v 5.092054 0.166611 -0.118133
v 5.087674 0.157269 -0.112054
v 5.105155 0.160815 -0.101687
v 5.088731 0.160815 -0.113521
v 5.086874 0.150000 -0.110945
v 5.103489 0.153593 -0.099374
v 5.087065 0.153593 -0.111208
v 5.093014 0.157362 -0.154092
v 5.090410 0.164142 -0.150479
v 5.086446 0.168596 -0.144978
v 5.109382 0.157598 -0.142181
v 5.126474 0.153759 -0.131274
v 5.110259 0.150000 -0.143397
v 5.110050 0.153759 -0.143108
v 5.106748 0.164289 -0.138525
v 5.124701 0.161140 -0.128813
v 5.108277 0.161140 -0.140647
v 5.102816 0.168633 -0.133068
v 5.121313 0.166824 -0.124111
v 5.104889 0.166824 -0.135945
v 5.098567 0.170000 -0.127171
v 5.117091 0.169675 -0.118251
v 5.100667 0.169675 -0.130086
v 5.071271 0.142638 -0.123918
v 5.073875 0.135858 -0.127532
v 5.077839 0.131404 -0.133032
v 5.086446 0.131404 -0.144978
v 5.090410 0.135858 -0.150479
v 5.093014 0.142638 -0.154092
v 5.087751 0.142402 -0.112161
v 5.103507 0.146242 -0.099399
v 5.087083 0.146242 -0.111234
v 5.090385 0.135712 -0.115817
v 5.105280 0.138860 -0.101860
v 5.088856 0.138860 -0.113695
v 5.094317 0.131368 -0.121273
v 5.108668 0.133176 -0.106563
v 5.092245 0.133176 -0.118397
v 5.103009 0.131500 -0.133336
v 5.117187 0.130356 -0.118386
v 5.098567 0.130000 -0.127171
v 5.100764 0.130356 -0.130220
v 5.106920 0.136006 -0.138764
v 5.121503 0.133389 -0.124374
v 5.105079 0.133389 -0.136209
v 5.109459 0.142731 -0.142288
v 5.124826 0.139185 -0.128986
v 5.108402 0.139185 -0.140821
v 5.126492 0.146408 -0.131299
v 5.110068 0.146408 -0.143133
v 4.930496 0.150000 0.069199
v 5.035709 0.150000 -0.075469
v 5.140923 0.150000 -0.220137
v 4.921401 0.093014 0.062585
v 5.026614 0.093014 -0.082084
v 5.131827 0.093014 -0.226752
v 4.894067 0.042835 0.042706
v 4.999280 0.042835 -0.101963
v 5.104494 0.042835 -0.246631
v 4.853276 0.010258 0.013039
v 4.958489 0.010258 -0.131629
v 5.063703 0.010258 -0.276298
v 4.914399 0.000000 -0.163695
v 5.019612 0.000000 -0.308363
v 4.868312 0.011247 -0.197213
v 4.973525 0.011247 -0.341881
v 4.722517 0.045045 -0.082058
v 4.932944 0.045045 -0.371395
v 4.696171 0.095483 -0.101219
v 4.906598 0.095483 -0.390555
v 4.687875 0.150000 -0.107252
v 4.898302 0.150000 -0.396589
v 4.696970 0.206987 -0.100637
v 4.907397 0.206987 -0.389974
v 4.724304 0.257165 -0.080758
v 4.829517 0.257165 -0.225427
v 4.934731 0.257165 -0.370095
v 4.765095 0.289742 -0.051092
v 4.870308 0.289742 -0.195760
v 4.975522 0.289742 -0.340429
v 4.914399 0.300000 -0.163695
v 5.019612 0.300000 -0.308363
v 4.960486 0.288754 -0.130177
v 5.065699 0.288754 -0.274845
v 4.895853 0.254956 0.044005
v 5.001067 0.254956 -0.100663
v 5.106280 0.254956 -0.245332
v 4.922200 0.204517 0.063166
v 5.027413 0.204517 -0.081502
v 5.132627 0.204517 -0.226171
v 4.930496 0.150000 0.069199
v 5.035709 0.150000 -0.075469
v 5.140923 0.150000 -0.220137
v 5.070451 0.150000 -0.122779
v 5.071271 0.157362 -0.123918
v 5.073875 0.164142 -0.127532
v 5.077839 0.168596 -0.133032
v 5.082143 0.170000 -0.139005
v 5.080020 0.204517 -0.153837
v 5.033736 0.176944 -0.076904
v 5.086343 0.176944 -0.149238
v 5.062013 0.150000 -0.111636
v 5.060039 0.176944 -0.113071
v 5.035231 0.163306 -0.075817
v 5.061534 0.163306 -0.111984
v 4.983102 0.150000 -0.003135
v 4.974807 0.204517 -0.009168
v 4.981129 0.176944 -0.004570
v 5.079220 0.093014 -0.154418
v 5.033548 0.121813 -0.077041
v 5.086155 0.121813 -0.149375
v 5.061895 0.156602 -0.111722
v 5.059852 0.121813 -0.113208
v 5.062013 0.150000 -0.111636
v 5.035186 0.136084 -0.075849
v 5.061490 0.136084 -0.112017
v 4.974007 0.093014 -0.009750
v 4.983102 0.150000 -0.003135
v 4.980941 0.121813 -0.004706
v 5.114619 0.150000 -0.183970
v 5.112646 0.176944 -0.185405
v 5.114141 0.163306 -0.184318
v 5.073191 0.176944 -0.131155
v 5.060919 0.170094 -0.112431
v 5.083755 0.190746 -0.151121
v 5.053717 0.204517 -0.117669
v 5.031148 0.190746 -0.078786
v 5.057451 0.190746 -0.114953
v 5.053674 0.254956 -0.172998
v 5.016445 0.231109 -0.089479
v 5.069052 0.231109 -0.161814
v 5.086446 0.168596 -0.144978
v 5.090410 0.164142 -0.150479
v 5.093014 0.157362 -0.154092
v 5.093835 0.150000 -0.155232
v 5.100989 0.163306 -0.166235
v 5.113526 0.170094 -0.184765
v 5.099494 0.176944 -0.167322
v 5.100374 0.170094 -0.166682
v 5.106323 0.204517 -0.190004
v 5.110058 0.190746 -0.187288
v 5.101468 0.150000 -0.165887
v 5.114502 0.156602 -0.184056
v 5.101350 0.156602 -0.165972
v 5.112458 0.121813 -0.185542
v 5.114619 0.150000 -0.183970
v 5.114096 0.136084 -0.184351
v 4.844149 0.006366 0.006402
v 4.861792 0.000000 -0.091361
v 4.936190 0.002439 -0.147847
v 4.905882 0.010258 -0.059295
v 4.883583 0.002439 -0.075513
v 4.857280 0.002439 -0.039346
v 4.894745 0.005640 -0.067395
v 4.879579 0.010258 -0.023128
v 4.868442 0.005640 -0.031228
v 4.979995 0.023820 -0.115989
v 4.946673 0.042835 -0.029629
v 4.927388 0.023820 -0.043654
v 5.093835 0.150000 -0.155232
v 5.093014 0.142638 -0.154092
v 5.090410 0.135858 -0.150479
v 5.086446 0.131404 -0.144978
v 5.082143 0.130000 -0.139005
v 5.077839 0.131404 -0.133032
v 5.073875 0.135858 -0.127532
v 5.071271 0.142638 -0.123918
v 5.070451 0.150000 -0.122779
v 5.100944 0.136084 -0.166267
v 5.114491 0.143097 -0.184064
v 5.101468 0.150000 -0.165887
v 5.101339 0.143097 -0.165980
v 5.099307 0.121813 -0.167458
v 5.113422 0.128981 -0.184841
v 5.100271 0.128981 -0.166757
v 5.105524 0.093014 -0.190585
v 5.083316 0.107381 -0.151439
v 5.109620 0.107381 -0.187606
v 5.051887 0.042835 -0.174297
v 5.015150 0.066452 -0.090421
v 5.067757 0.066452 -0.162755
v 5.073003 0.121813 -0.131291
v 5.060816 0.128981 -0.112507
v 5.052917 0.093014 -0.118251
v 5.030710 0.107381 -0.079105
v 5.057013 0.107381 -0.115272
v 5.061884 0.143097 -0.111730
v 4.809185 0.300000 -0.019026
v 4.844149 0.293635 0.006402
v 4.861792 0.300000 -0.091361
v 4.892608 0.297560 -0.179543
v 4.817702 0.289742 -0.123426
v 4.840002 0.297560 -0.107208
v 4.907879 0.288754 -0.057843
v 4.937195 0.297328 -0.147116
v 4.884588 0.297328 -0.074782
v 4.809185 0.000000 -0.019026
v 4.774221 0.006366 -0.044455
v 4.815705 0.011247 -0.124878
v 4.891603 0.002672 -0.180274
v 4.838996 0.002672 -0.107939
v 4.774221 0.293635 -0.044455
v 4.813698 0.297560 -0.071041
v 4.828839 0.294360 -0.115326
v 4.791399 0.289742 -0.087259
v 4.802536 0.294360 -0.079159
v 4.848803 0.276180 -0.211401
v 4.776911 0.257165 -0.153092
v 4.796196 0.276180 -0.139067
v 4.801384 0.095483 -0.245887
v 4.793088 0.150000 -0.251920
v 4.802184 0.206987 -0.245306
v 4.938739 0.150000 -0.367180
v 4.944802 0.112009 -0.362770
v 4.963025 0.078557 -0.349518
v 4.990219 0.056839 -0.329740
v 5.019612 0.050000 -0.308363
v 5.050337 0.057498 -0.286018
v 5.077391 0.080030 -0.266342
v 5.094955 0.113655 -0.253568
v 5.100486 0.150000 -0.249546
v 5.094422 0.187991 -0.253956
v 5.076200 0.221444 -0.267209
v 5.049005 0.243162 -0.286986
v 5.019612 0.250000 -0.308363
v 4.988887 0.242502 -0.330708
v 4.961833 0.219971 -0.350384
v 4.944269 0.186345 -0.363158
v 5.140923 0.150000 -0.220137
v 5.131827 0.093014 -0.226752
v 5.104494 0.042835 -0.246631
v 5.063703 0.010258 -0.276298
v 5.019612 0.000000 -0.308363
v 4.973525 0.011247 -0.341881
v 4.932944 0.045045 -0.371395
v 4.906598 0.095483 -0.390555
v 4.898302 0.150000 -0.396589
v 4.907397 0.206987 -0.389974
v 4.934731 0.257165 -0.370095
v 4.975522 0.289742 -0.340429
v 5.019612 0.300000 -0.308363
v 5.065699 0.288754 -0.274845
v 5.106280 0.254956 -0.245332
v 5.132627 0.204517 -0.226171
v 4.397218 0.075000 -0.318639
v 4.397218 0.225000 -0.318639
v 4.284177 0.075000 -0.376630
v 4.284177 0.225000 -0.376630
v 4.159399 0.075000 -0.396589
v 4.159399 0.225000 -0.396589
v 4.159399 0.090790 -0.396589
v 4.222229 0.150000 -0.391626
v 4.190794 0.150000 -0.395357
v 4.222229 0.112500 -0.391626
v 4.190794 0.112500 -0.395357
v 4.159399 0.209211 -0.396589
v 4.222229 0.187500 -0.391626
v 4.190794 0.187500 -0.395357
v 4.159399 0.150000 -0.396589
v 4.159399 0.075000 -0.196589
v 4.159399 0.225000 -0.196589
v 4.222536 0.075000 -0.186331
v 4.222536 0.225000 -0.186331
v 4.279584 0.075000 -0.156892
v 4.279584 0.225000 -0.156892
v 4.159399 0.090790 -0.196589
v 4.191143 0.150000 -0.194038
v 4.191143 0.112500 -0.194038
v 4.175249 0.150000 -0.195956
v 4.175249 0.112500 -0.195956
v 4.159399 0.209211 -0.196589
v 4.191143 0.187500 -0.194038
v 4.175249 0.187500 -0.195956
v 4.159399 0.150000 -0.196589
v 5.103518 0.075000 0.442334
v 5.103518 0.225000 0.442334
v 5.175130 0.075000 0.529048
v 5.175130 0.225000 0.529048
v 5.200000 0.075000 0.639000
v 5.200000 0.225000 0.639000
v 5.200000 0.075000 0.639000
v 5.200000 0.225000 0.639000
v 5.400000 0.075000 0.639000
v 5.400000 0.225000 0.639000
v 5.400000 0.075000 0.639000
v 5.400000 0.225000 0.639000
v 5.352433 0.075000 0.436683
v 5.352433 0.225000 0.436683
v 5.221153 0.075000 0.280586
v 5.221153 0.225000 0.280586
v 5.300000 0.170000 0.355376
v 5.287599 0.165763 0.341003
v 5.282225 0.159608 0.334991
v 5.280597 0.155272 0.333185
v 5.280000 0.150000 0.332526
v 5.280597 0.144729 0.333185
v 5.282225 0.140392 0.334991
v 5.287599 0.134237 0.341003
v 5.300000 0.130000 0.355376
v 5.312191 0.134248 0.371348
v 5.317697 0.140404 0.378799
v 5.319380 0.144737 0.381094
v 5.320000 0.150000 0.381941
v 5.319380 0.155263 0.381094
v 5.317697 0.159596 0.378799
v 5.312191 0.165752 0.371348
v 5.352433 0.150000 0.436683
v 5.352433 0.187500 0.436683
v 5.325996 0.150000 0.390801
v 5.325996 0.187500 0.390801
v 5.388292 0.150000 0.536510
v 5.259415 0.150000 0.312073
v 5.259415 0.187500 0.312073
v 5.259415 0.168750 0.312073
v 5.277493 0.187500 0.329881
v 5.277493 0.150000 0.329881
v 5.277493 0.168750 0.329881
v 5.259415 0.112500 0.312073
v 5.277493 0.159375 0.329881
v 5.310903 0.187500 0.369331
v 5.325996 0.168750 0.390801
v 5.310903 0.168750 0.369331
v 5.352433 0.112500 0.436683
v 5.325996 0.112500 0.390801
v 5.259415 0.131250 0.312073
v 5.277493 0.112500 0.329881
v 5.277493 0.131250 0.329881
v 5.277493 0.140625 0.329881
v 5.325996 0.131250 0.390801
v 5.310903 0.112500 0.369331
v 5.310903 0.131250 0.369331
v 5.325996 0.140625 0.390801
v 5.318595 0.131250 0.379931
v 5.339870 0.150000 0.413293
v 5.352433 0.131250 0.436683
v 5.339870 0.112500 0.413293
v 5.339870 0.131250 0.413293
v 5.373348 0.150000 0.485658
v 5.388292 0.112500 0.536510
v 5.373348 0.112500 0.485658
v 5.318595 0.168750 0.379931
v 5.325996 0.159375 0.390801
v 5.339870 0.187500 0.413293
v 5.352433 0.168750 0.436683
v 5.339870 0.168750 0.413293
v 5.388292 0.187500 0.536510
v 5.373348 0.187500 0.485658
v 4.159399 0.075000 -0.396589
v 4.397218 0.075000 -0.318639
v 4.284177 0.075000 -0.376630
v 4.159399 0.075000 -0.355848
v 4.159399 0.075000 -0.196589
v 4.222536 0.075000 -0.186331
v 4.279584 0.075000 -0.156892
v 4.159399 0.075000 -0.237330
v 4.159399 0.225000 -0.396589
v 4.397218 0.225000 -0.318639
v 4.284177 0.225000 -0.376630
v 4.159399 0.225000 -0.355848
v 4.159399 0.225000 -0.196589
v 4.222536 0.225000 -0.186331
v 4.279584 0.225000 -0.156892
v 4.159399 0.225000 -0.237330
v 4.443293 0.150000 -0.161480
v 4.502110 0.150000 -0.242354
v 4.446324 0.168996 -0.159276
v 4.455436 0.185722 -0.152649
v 4.469033 0.196581 -0.142760
v 4.483729 0.200000 -0.132072
v 4.499092 0.196251 -0.120899
v 4.512619 0.184985 -0.111061
v 4.521401 0.168172 -0.104674
v 4.524166 0.150000 -0.102663
v 4.582983 0.150000 -0.183537
v 4.521134 0.131005 -0.104868
v 4.512023 0.114278 -0.111495
v 4.498426 0.103419 -0.121383
v 4.483729 0.100000 -0.132072
v 4.542547 0.100000 -0.212945
v 4.468367 0.103749 -0.143245
v 4.454840 0.115015 -0.153082
v 4.446058 0.131828 -0.159469
v 4.384475 0.150000 -0.080607
v 4.443293 0.150000 -0.161480
v 4.502110 0.150000 -0.242354
v 4.384475 0.150000 -0.080607
v 4.387314 0.168405 -0.078542
v 4.396319 0.185356 -0.071993
v 4.410027 0.196489 -0.062023
v 4.424912 0.200000 -0.051198
v 4.439797 0.196489 -0.040373
v 4.453505 0.185356 -0.030403
v 4.462510 0.168405 -0.023855
v 4.465349 0.150000 -0.021790
v 4.462510 0.131596 -0.023855
v 4.453505 0.114645 -0.030403
v 4.439797 0.103511 -0.040373
v 4.424912 0.100000 -0.051198
v 4.410027 0.103511 -0.062023
v 4.396319 0.114645 -0.071993
v 4.387314 0.131596 -0.078542
v 4.416916 0.168996 -0.118839
v 4.444013 0.159396 -0.160957
v 4.413884 0.150000 -0.121044
v 4.414604 0.159396 -0.120520
v 4.426027 0.185722 -0.112212
v 4.450146 0.177849 -0.156496
v 4.420737 0.177849 -0.116060
v 4.439624 0.196581 -0.102324
v 4.461864 0.192060 -0.147974
v 4.432456 0.192060 -0.107537
v 4.469683 0.196251 -0.080462
v 4.491328 0.199110 -0.126546
v 4.454321 0.200000 -0.091635
v 4.461919 0.199110 -0.086109
v 4.483210 0.184985 -0.070625
v 4.506252 0.191526 -0.115692
v 4.476843 0.191526 -0.075255
v 4.491992 0.168172 -0.064238
v 4.517745 0.177036 -0.107333
v 4.488336 0.177036 -0.066897
v 4.494758 0.150000 -0.062226
v 4.523509 0.158981 -0.103142
v 4.494100 0.158981 -0.062705
v 4.491726 0.131005 -0.064431
v 4.523446 0.140604 -0.103187
v 4.494037 0.140604 -0.062750
v 4.482614 0.114278 -0.071058
v 4.517313 0.122151 -0.107647
v 4.487905 0.122151 -0.067211
v 4.469017 0.103419 -0.080947
v 4.505595 0.107940 -0.116170
v 4.476186 0.107940 -0.075733
v 4.438959 0.103749 -0.102808
v 4.476130 0.100891 -0.137598
v 4.454321 0.100000 -0.091635
v 4.446722 0.100891 -0.097161
v 4.425431 0.115015 -0.112646
v 4.461207 0.108474 -0.148452
v 4.431798 0.108474 -0.108015
v 4.416649 0.131828 -0.119033
v 4.449714 0.122964 -0.156810
v 4.420305 0.122964 -0.116374
v 4.413884 0.150000 -0.121044
v 4.443950 0.141019 -0.161002
v 4.414542 0.141019 -0.120565
v 4.504949 0.131596 -0.240289
v 4.513953 0.114645 -0.233741
v 4.527662 0.103511 -0.223771
v 4.557431 0.103511 -0.202120
v 4.571140 0.114645 -0.192150
v 4.580144 0.131596 -0.185602
v 4.580144 0.168405 -0.185602
v 4.571140 0.185356 -0.192150
v 4.557431 0.196489 -0.202120
v 4.542547 0.200000 -0.212945
v 4.527662 0.196489 -0.223771
v 4.513953 0.185356 -0.233741
v 4.504949 0.168405 -0.240289
v 4.472701 0.150000 -0.201917
v 4.475466 0.131828 -0.199906
v 4.473359 0.141019 -0.201439
v 4.484249 0.115015 -0.193519
v 4.479123 0.122964 -0.197247
v 4.497776 0.103749 -0.183681
v 4.490615 0.108474 -0.188889
v 4.513138 0.100000 -0.172509
v 4.505539 0.100891 -0.178035
v 4.527835 0.103419 -0.161820
v 4.490993 0.100813 -0.126789
v 4.520401 0.100813 -0.167226
v 4.541432 0.114278 -0.151931
v 4.535003 0.107940 -0.156607
v 4.550543 0.131005 -0.145305
v 4.546721 0.122151 -0.148084
v 4.553575 0.150000 -0.143100
v 4.552855 0.140604 -0.143624
v 4.550809 0.168172 -0.145111
v 4.552917 0.158981 -0.143578
v 4.542027 0.184985 -0.151498
v 4.547153 0.177036 -0.147770
v 4.528501 0.196251 -0.161336
v 4.535661 0.191526 -0.156129
v 4.513138 0.200000 -0.172509
v 4.520737 0.199110 -0.166982
v 4.498441 0.196581 -0.183197
v 4.476466 0.199187 -0.137354
v 4.505874 0.199187 -0.177791
v 4.484844 0.185722 -0.193086
v 4.491272 0.192060 -0.188411
v 4.475733 0.168996 -0.199712
v 4.479554 0.177849 -0.196933
v 4.472701 0.150000 -0.201917
v 4.473422 0.159396 -0.201393
v 4.917753 0.150000 0.307232
v 4.976570 0.150000 0.226358
v 5.035387 0.150000 0.145484
v 4.979602 0.168996 0.228563
v 4.988713 0.185722 0.235189
v 5.002310 0.196581 0.245078
v 5.017007 0.200000 0.255767
v 5.032370 0.196251 0.266939
v 5.045897 0.184985 0.276777
v 5.054678 0.168172 0.283164
v 4.998627 0.150000 0.366049
v 5.057444 0.150000 0.285175
v 5.054412 0.131005 0.282970
v 5.045301 0.114278 0.276344
v 5.031704 0.103419 0.266455
v 5.017007 0.100000 0.255767
v 5.001645 0.103749 0.244594
v 4.988118 0.115015 0.234756
v 4.979336 0.131828 0.228369
v 4.976570 0.150000 0.226358
v 4.920592 0.168405 0.309296
v 4.929597 0.185356 0.315845
v 4.943305 0.196489 0.325815
v 4.958190 0.200000 0.336640
v 4.973074 0.196489 0.347465
v 4.986783 0.185356 0.357435
v 4.995788 0.168405 0.363984
v 4.995788 0.131596 0.363984
v 4.986783 0.114645 0.357435
v 4.973074 0.103511 0.347465
v 4.958190 0.100000 0.336640
v 4.943305 0.103511 0.325815
v 4.929597 0.114645 0.315845
v 4.920592 0.131596 0.309296
v 4.917753 0.150000 0.307232
v 4.950193 0.168996 0.269000
v 4.977291 0.159396 0.226882
v 4.947162 0.150000 0.266795
v 4.947882 0.159396 0.267319
v 4.959305 0.185722 0.275626
v 4.983423 0.177849 0.231342
v 4.954015 0.177849 0.271779
v 4.972902 0.196581 0.285515
v 4.995142 0.192060 0.239864
v 4.965734 0.192060 0.280301
v 5.002961 0.196251 0.307376
v 5.024606 0.199110 0.261293
v 4.987598 0.200000 0.296203
v 4.995197 0.199110 0.301730
v 5.016488 0.184985 0.317214
v 5.039530 0.191526 0.272147
v 5.010121 0.191526 0.312583
v 5.025270 0.168172 0.323601
v 5.051023 0.177036 0.280505
v 5.021614 0.177036 0.320942
v 5.028035 0.150000 0.325612
v 5.056786 0.158981 0.284697
v 5.027378 0.158981 0.325134
v 5.025003 0.131005 0.323407
v 5.056724 0.140604 0.284651
v 5.027315 0.140604 0.325088
v 5.015892 0.114278 0.316781
v 5.050591 0.122151 0.280191
v 5.021182 0.122151 0.320628
v 5.002295 0.103419 0.306892
v 5.038872 0.107940 0.271669
v 5.009464 0.107940 0.312105
v 4.987598 0.100000 0.296203
v 5.024271 0.100813 0.261049
v 4.994862 0.100813 0.301486
v 4.972236 0.103749 0.285031
v 5.009408 0.100891 0.250240
v 4.980000 0.100891 0.290677
v 4.958709 0.115015 0.275193
v 4.994484 0.108474 0.239386
v 4.965076 0.108474 0.279823
v 4.949927 0.131828 0.268806
v 4.982992 0.122964 0.231028
v 4.953583 0.122964 0.271465
v 4.947162 0.150000 0.266795
v 4.977228 0.141019 0.226836
v 4.947820 0.141019 0.267273
v 5.035387 0.150000 0.145484
v 5.038227 0.131596 0.147549
v 5.047231 0.114645 0.154098
v 5.060940 0.103511 0.164068
v 5.075824 0.100000 0.174893
v 5.090709 0.103511 0.185718
v 5.104417 0.114645 0.195688
v 5.113422 0.131596 0.202237
v 5.116261 0.150000 0.204301
v 5.113422 0.168405 0.202237
v 5.104417 0.185356 0.195688
v 5.090709 0.196489 0.185718
v 5.075824 0.200000 0.174893
v 5.060940 0.196489 0.164068
v 5.047231 0.185356 0.154098
v 5.038227 0.168405 0.147549
v 5.005979 0.150000 0.185921
v 5.008744 0.131828 0.187932
v 5.006637 0.141019 0.186399
v 5.017526 0.115015 0.194319
v 5.012400 0.122964 0.190591
v 5.031054 0.103749 0.204157
v 5.023893 0.108474 0.198950
v 5.046416 0.100000 0.215330
v 5.038817 0.100891 0.209803
v 5.061112 0.103419 0.226018
v 5.053679 0.100813 0.220612
v 5.074709 0.114278 0.235907
v 5.068281 0.107940 0.231232
v 5.083821 0.131005 0.242533
v 5.079999 0.122151 0.239754
v 5.086853 0.150000 0.244738
v 5.086132 0.140604 0.244214
v 5.084087 0.168172 0.242727
v 5.086195 0.158981 0.244260
v 5.075305 0.184985 0.236340
v 5.080431 0.177036 0.240068
v 5.061778 0.196251 0.226502
v 5.068938 0.191526 0.231710
v 5.046416 0.200000 0.215330
v 5.054014 0.199110 0.220856
v 5.031719 0.196581 0.204641
v 5.018122 0.185722 0.194752
v 5.024550 0.192060 0.199428
v 5.009011 0.168996 0.188126
v 5.012832 0.177849 0.190905
v 5.005979 0.150000 0.185921
v 5.006699 0.159396 0.186445
v 4.279584 0.225000 -0.156892
v 4.397218 0.225000 -0.318639
v 4.691551 0.300000 0.142721
v 4.809185 0.300000 -0.019026
v 4.774221 0.293635 -0.044455
v 4.573793 0.262500 -0.128396
v 4.588498 0.262500 -0.148614
v 4.676785 0.281250 -0.053493
v 4.691489 0.281250 -0.073711
v 4.691551 0.300000 0.142721
v 4.809185 0.300000 -0.019026
v 5.103518 0.225000 0.442334
v 5.221153 0.225000 0.280586
v 4.844149 0.293635 0.006402
v 4.985761 0.262500 0.171217
v 5.000465 0.262500 0.150998
v 4.882769 0.281250 0.096314
v 4.897473 0.281250 0.076095
v 5.103518 0.075000 0.442334
v 5.221153 0.075000 0.280586
v 4.691551 0.000000 0.142721
v 4.809185 0.000000 -0.019026
v 4.844149 0.006366 0.006402
v 4.985761 0.037500 0.171217
v 5.000465 0.037500 0.150998
v 4.882769 0.018750 0.096314
v 4.897473 0.018750 0.076095
v 4.691551 0.000000 0.142721
v 4.809185 0.000000 -0.019026
v 4.544384 0.037500 -0.087959
v 4.279584 0.075000 -0.156892
v 4.397218 0.075000 -0.318639
v 4.774221 0.006366 -0.044455
v 4.573793 0.037500 -0.128396
v 4.647377 0.018750 -0.013056
v 4.676785 0.018750 -0.053493
v 4.279584 0.075000 -0.156892
v 5.103518 0.225000 0.442334
v 4.384475 0.150000 -0.080607
v 4.387314 0.131596 -0.078542
v 4.396319 0.114645 -0.071993
v 4.410027 0.103511 -0.062023
v 4.424912 0.100000 -0.051198
v 4.439797 0.103511 -0.040373
v 4.453505 0.114645 -0.030403
v 4.462510 0.131596 -0.023855
v 4.465349 0.150000 -0.021790
v 4.462510 0.168405 -0.023855
v 4.453505 0.185356 -0.030403
v 4.439797 0.196489 -0.040373
v 4.424912 0.200000 -0.051198
v 4.410027 0.196489 -0.062023
v 4.396319 0.185356 -0.071993
v 4.387314 0.168405 -0.078542
v 4.691551 0.150000 0.142721
v 4.485568 0.150000 -0.007085
v 4.485568 0.225000 -0.007085
v 4.485568 0.187500 -0.007085
v 4.691551 0.225000 0.142721
v 4.588559 0.150000 0.067818
v 4.588559 0.225000 0.067818
v 4.897535 0.150000 0.292527
v 4.485568 0.075000 -0.007085
v 4.485568 0.112500 -0.007085
v 4.691551 0.075000 0.142721
v 4.588559 0.075000 0.067818
v 4.917753 0.150000 0.307232
v 4.920592 0.131596 0.309296
v 4.929597 0.114645 0.315845
v 4.943305 0.103511 0.325815
v 4.958190 0.100000 0.336640
v 4.973074 0.103511 0.347465
v 4.986783 0.114645 0.357435
v 4.995788 0.131596 0.363984
v 4.998627 0.150000 0.366049
v 4.995788 0.168405 0.363984
v 4.986783 0.185356 0.357435
v 4.973074 0.196489 0.347465
v 4.958190 0.200000 0.336640
v 4.943305 0.196489 0.325815
v 4.929597 0.185356 0.315845
v 4.920592 0.168405 0.309296
v 4.897535 0.075000 0.292527
v 4.897535 0.112500 0.292527
v 4.794543 0.150000 0.217624
v 4.794543 0.075000 0.217624
v 4.897535 0.225000 0.292527
v 4.897535 0.187500 0.292527
v 4.794543 0.225000 0.217624
v 4.279584 0.225000 -0.156892
v 4.691551 0.300000 0.142721
v 5.103518 0.075000 0.442334
v 4.691551 0.000000 0.142721
v 5.103518 0.075000 0.442334
v 5.175130 0.075000 0.529048
v 5.200000 0.075000 0.639000
v 5.400000 0.075000 0.639000
v 5.352433 0.075000 0.436683
v 5.221153 0.075000 0.280586
v 5.103518 0.225000 0.442334
v 5.175130 0.225000 0.529048
v 5.200000 0.225000 0.639000
v 5.400000 0.225000 0.639000
v 5.352433 0.225000 0.436683
v 5.221153 0.225000 0.280586
v 4.774221 0.293635 -0.044455
v 4.397218 0.075000 -0.318639
v 4.502110 0.150000 -0.242354
v 4.504949 0.131596 -0.240289
v 4.513953 0.114645 -0.233741
v 4.527662 0.103511 -0.223771
v 4.542547 0.100000 -0.212945
v 4.557431 0.103511 -0.202120
v 4.571140 0.114645 -0.192150
v 4.580144 0.131596 -0.185602
v 4.582983 0.150000 -0.183537
v 4.580144 0.168405 -0.185602
v 4.571140 0.185356 -0.192150
v 4.557431 0.196489 -0.202120
v 4.542547 0.200000 -0.212945
v 4.527662 0.196489 -0.223771
v 4.513953 0.185356 -0.233741
v 4.504949 0.168405 -0.240289
v 4.491469 0.150000 -0.250093
v 4.491469 0.078183 -0.250093
v 4.491469 0.114091 -0.250093
v 4.444344 0.150000 -0.284366
v 4.444344 0.078183 -0.284366
v 4.491469 0.221817 -0.250093
v 4.632845 0.150000 -0.147274
v 4.679971 0.221817 -0.113001
v 4.632845 0.221817 -0.147274
v 4.491469 0.185909 -0.250093
v 4.444344 0.221817 -0.284366
v 4.397218 0.225000 -0.318639
v 4.765095 0.289742 -0.051092
v 4.724304 0.257165 -0.080758
v 4.696970 0.206987 -0.100637
v 4.687875 0.150000 -0.107252
v 4.696171 0.095483 -0.101219
v 4.722517 0.045045 -0.082058
v 4.774221 0.006366 -0.044455
v 4.844149 0.293635 0.006402
v 4.844149 0.006366 0.006402
v 4.853276 0.010258 0.013039
v 4.894067 0.042835 0.042706
v 4.921401 0.093014 0.062585
v 4.930496 0.150000 0.069199
v 4.938400 0.078183 0.074948
v 5.221153 0.225000 0.280586
v 5.035387 0.150000 0.145484
v 5.038227 0.131596 0.147549
v 5.047231 0.114645 0.154098
v 5.060940 0.103511 0.164068
v 5.075824 0.100000 0.174893
v 5.090709 0.103511 0.185718
v 5.104417 0.114645 0.195688
v 5.113422 0.131596 0.202237
v 5.116261 0.150000 0.204301
v 5.113422 0.168405 0.202237
v 5.104417 0.185356 0.195688
v 5.090709 0.196489 0.185718
v 5.075824 0.200000 0.174893
v 5.060940 0.196489 0.164068
v 5.047231 0.185356 0.154098
v 5.038227 0.168405 0.147549
v 5.126902 0.150000 0.212040
v 5.126902 0.078183 0.212040
v 4.985526 0.150000 0.109221
v 4.985526 0.078183 0.109221
v 5.126902 0.221817 0.212040
v 5.126902 0.114091 0.212040
v 5.174027 0.150000 0.246313
v 5.174027 0.078183 0.246313
v 5.126902 0.185909 0.212040
v 5.174027 0.221817 0.246313
v 5.221153 0.075000 0.280586
v 4.922200 0.204517 0.063166
v 4.895853 0.254956 0.044005
v 4.159399 0.090790 -0.196589
v 4.159399 0.075000 -0.196589
v 4.134398 0.082895 -0.196589
v 4.109399 0.075000 -0.196589
v 4.109399 0.075000 -0.216589
v 4.126065 0.075000 -0.209922
v 4.142732 0.075000 -0.203256
v 4.159399 0.075000 -0.196589
v 4.159399 0.075000 -0.237330
v 4.109399 0.075000 -0.216589
v 4.109399 0.130000 -0.216589
v 4.142732 0.075000 -0.203256
v 4.126065 0.075000 -0.209922
v 4.134398 0.102500 -0.226959
v 4.159399 0.075000 -0.237330
v 4.159399 0.075000 -0.355848
v 4.134398 0.102500 -0.226959
v 4.134398 0.102500 -0.366219
v 4.109399 0.130000 -0.216589
v 4.109399 0.130000 -0.376589
v 4.159399 0.075000 -0.355848
v 4.159399 0.075000 -0.396589
v 4.134398 0.102500 -0.366219
v 4.109399 0.130000 -0.376589
v 4.109399 0.075000 -0.376589
v 4.126065 0.075000 -0.383256
v 4.142732 0.075000 -0.389922
v 4.159399 0.075000 -0.396589
v 4.159399 0.090790 -0.396589
v 4.134398 0.082895 -0.396589
v 4.109399 0.075000 -0.376589
v 4.109399 0.075000 -0.396589
v 4.142732 0.075000 -0.389922
v 4.126065 0.075000 -0.383256
v 4.159399 0.209211 -0.396589
v 4.159399 0.225000 -0.396589
v 4.109399 0.225000 -0.396589
v 4.109399 0.225000 -0.376589
v 4.134398 0.225000 -0.386589
v 4.159399 0.225000 -0.396589
v 4.159399 0.225000 -0.355848
v 4.134398 0.225000 -0.386589
v 4.109399 0.225000 -0.376589
v 4.109399 0.170000 -0.376589
v 4.134398 0.197500 -0.366219
v 4.159399 0.225000 -0.355848
v 4.159399 0.225000 -0.237330
v 4.109399 0.170000 -0.376589
v 4.109399 0.170000 -0.216589
v 4.134398 0.197500 -0.366219
v 4.134398 0.197500 -0.226959
v 4.159399 0.225000 -0.237330
v 4.159399 0.225000 -0.196589
v 4.109399 0.170000 -0.216589
v 4.109399 0.225000 -0.216589
v 4.134398 0.197500 -0.226959
v 4.134398 0.225000 -0.206589
v 4.159399 0.225000 -0.196589
v 4.159399 0.209211 -0.196589
v 4.109399 0.225000 -0.216589
v 4.109399 0.225000 -0.196589
v 4.134398 0.225000 -0.206589
v -0.120000 0.150000 0.381941
v -0.100000 0.170000 0.339645
v -0.092402 0.168500 0.339645
v -0.092731 0.131368 0.339645
v -0.100000 0.130000 0.339645
v -0.107598 0.131500 0.339645
v -0.114289 0.136006 0.339645
v -0.118632 0.142731 0.339645
v -0.120000 0.150000 0.339645
v -0.118500 0.157598 0.339645
v -0.113994 0.164289 0.339645
v -0.107269 0.168633 0.339645
v -0.100000 0.170000 0.339645
v -0.100000 0.170000 0.297349
v -0.092402 0.168500 0.297349
v -0.085711 0.163994 0.297349
v -0.081368 0.157269 0.297349
v -0.079999 0.150000 0.297349
v -0.081500 0.142402 0.297349
v -0.086006 0.135712 0.297349
v -0.092731 0.131368 0.297349
v -0.100000 0.130000 0.297349
v -0.107598 0.131500 0.297349
v -0.114289 0.136006 0.297349
v -0.118632 0.142731 0.297349
v -0.120000 0.150000 0.297349
v -0.118500 0.157598 0.297349
v -0.113994 0.164289 0.297349
v -0.107269 0.168633 0.297349
v -0.100000 0.170000 0.297349
v -0.100000 0.170000 0.255053
v -0.092402 0.168500 0.255053
v -0.085711 0.163994 0.255053
v -0.081368 0.157269 0.255053
v -0.079999 0.150000 0.255053
v -0.081500 0.142402 0.255053
v -0.086006 0.135712 0.255053
v -0.092731 0.131368 0.255053
v -0.100000 0.130000 0.255053
v -0.107598 0.131500 0.255053
v -0.114289 0.136006 0.255053
v -0.118632 0.142731 0.255053
v -0.120000 0.150000 0.255053
v -0.118500 0.157598 0.255053
v -0.113994 0.164289 0.255053
v -0.107269 0.168633 0.255053
v -0.100000 0.170000 0.255053
v -0.100000 0.170000 0.212757
v -0.092402 0.168500 0.212757
v -0.085711 0.163994 0.212757
v -0.081368 0.157269 0.212757
v -0.079999 0.150000 0.212757
v -0.081500 0.142402 0.212757
v -0.086006 0.135712 0.212757
v -0.092731 0.131368 0.212757
v -0.100000 0.130000 0.212757
v -0.107598 0.131500 0.212757
v -0.114289 0.136006 0.212757
v -0.118632 0.142731 0.212757
v -0.120000 0.150000 0.212757
v -0.118500 0.157598 0.212757
v -0.113994 0.164289 0.212757
v -0.107269 0.168633 0.212757
v -0.100000 0.170000 0.212757
v -0.100000 0.170000 0.170461
v -0.092402 0.168500 0.170461
v -0.085711 0.163994 0.170461
v -0.081368 0.157269 0.170461
v -0.079999 0.150000 0.170461
v -0.081500 0.142402 0.170461
v -0.086006 0.135712 0.170461
v -0.092731 0.131368 0.170461
v -0.100000 0.130000 0.170461
v -0.107598 0.131500 0.170461
v -0.114289 0.136006 0.170461
v -0.118632 0.142731 0.170461
v -0.120000 0.150000 0.170461
v -0.118500 0.157598 0.170461
v -0.113994 0.164289 0.170461
v -0.107269 0.168633 0.170461
v -0.100000 0.170000 0.170461
v -0.100000 0.170000 0.128165
v -0.092402 0.168500 0.128165
v -0.085711 0.163994 0.128165
v -0.081368 0.157269 0.128165
v -0.079999 0.150000 0.128165
v -0.081500 0.142402 0.128165
v -0.086006 0.135712 0.128165
v -0.092731 0.131368 0.128165
v -0.100000 0.130000 0.128165
v -0.107598 0.131500 0.128165
v -0.114289 0.136006 0.128165
v -0.118632 0.142731 0.128165
v -0.120000 0.150000 0.128165
v -0.118500 0.157598 0.128165
v -0.113994 0.164289 0.128165
v -0.107269 0.168633 0.128165
v -0.100000 0.170000 0.128165
v -0.100000 0.170000 0.085869
v -0.092402 0.168500 0.085869
v -0.085711 0.163994 0.085869
v -0.081368 0.157269 0.085869
v -0.079999 0.150000 0.085869
v -0.081500 0.142402 0.085869
v -0.086006 0.135712 0.085869
v -0.092731 0.131368 0.085869
v -0.100000 0.130000 0.085869
v -0.107598 0.131500 0.085869
v -0.114289 0.136006 0.085869
v -0.118632 0.142731 0.085869
v -0.120000 0.150000 0.085869
v -0.118500 0.157598 0.085869
v -0.113994 0.164289 0.085869
v -0.107269 0.168633 0.085869
v -0.100000 0.170000 0.085869
v -0.100000 0.170000 0.043573
v -0.079999 0.150000 0.043573
v -0.100000 0.130000 0.043573
v -0.120000 0.150000 0.043573
v -0.100000 0.170000 0.043573
v -0.092639 0.168596 0.043573
v -0.085858 0.164142 0.043573
v -0.081404 0.157362 0.043573
v -0.081404 0.142638 0.043573
v -0.085858 0.135858 0.043573
v -0.092639 0.131404 0.043573
v -0.107362 0.131404 0.043573
v -0.114142 0.135858 0.043573
v -0.118596 0.142638 0.043573
v -0.118596 0.157362 0.043573
v -0.114142 0.164142 0.043573
v -0.107362 0.168596 0.043573
v -0.092402 0.168500 0.064721
v -0.096241 0.169644 0.085869
v -0.100000 0.170000 0.064721
v -0.096241 0.169644 0.064721
v -0.085711 0.163994 0.064721
v -0.088860 0.166611 0.085869
v -0.088860 0.166611 0.064721
v -0.081368 0.157269 0.064721
v -0.083176 0.160815 0.085869
v -0.083176 0.160815 0.064721
v -0.079999 0.150000 0.064721
v -0.080326 0.153593 0.085869
v -0.080326 0.153593 0.064721
v -0.081500 0.142402 0.064721
v -0.080356 0.146242 0.085869
v -0.080356 0.146242 0.064721
v -0.086006 0.135712 0.064721
v -0.083390 0.138860 0.085869
v -0.083390 0.138860 0.064721
v -0.092731 0.131368 0.064721
v -0.089185 0.133176 0.085869
v -0.089185 0.133176 0.064721
v -0.100000 0.130000 0.064721
v -0.096407 0.130325 0.085869
v -0.096407 0.130325 0.064721
v -0.107598 0.131500 0.064721
v -0.103758 0.130356 0.085869
v -0.103758 0.130356 0.064721
v -0.114289 0.136006 0.064721
v -0.111140 0.133389 0.085869
v -0.111140 0.133389 0.064721
v -0.118632 0.142731 0.064721
v -0.116824 0.139185 0.085869
v -0.116824 0.139185 0.064721
v -0.118500 0.157598 0.064721
v -0.119644 0.153759 0.085869
v -0.120000 0.150000 0.064721
v -0.119644 0.153759 0.064721
v -0.113994 0.164289 0.064721
v -0.116610 0.161140 0.085869
v -0.116610 0.161140 0.064721
v -0.107269 0.168633 0.064721
v -0.110815 0.166824 0.085869
v -0.110815 0.166824 0.064721
v -0.100000 0.170000 0.064721
v -0.103592 0.169675 0.085869
v -0.103592 0.169675 0.064721
v -0.100000 0.170000 0.355376
v -0.112191 0.165752 0.371348
v -0.117696 0.159596 0.378799
v -0.119380 0.155263 0.381094
v -0.119380 0.144737 0.381094
v -0.117696 0.140404 0.378799
v -0.112191 0.134248 0.371348
v -0.100000 0.130000 0.355376
v -0.087598 0.134237 0.341003
v -0.082224 0.140392 0.334991
v -0.080596 0.144729 0.333185
v -0.079999 0.150000 0.332526
v -0.080596 0.155272 0.333185
v -0.082224 0.159608 0.334991
v -0.087598 0.165763 0.341003
v -0.100000 0.170000 0.355376
v -0.116610 0.161140 0.339645
v -0.113994 0.164289 0.360793
v -0.118500 0.157598 0.360793
v -0.116610 0.161140 0.360793
v -0.119644 0.153759 0.339645
v -0.120000 0.150000 0.360793
v -0.119644 0.153759 0.360793
v -0.119674 0.146408 0.339645
v -0.118632 0.142731 0.360793
v -0.119674 0.146408 0.360793
v -0.116824 0.139185 0.339645
v -0.114289 0.136006 0.360793
v -0.116824 0.139185 0.360793
v -0.083390 0.138860 0.297349
v -0.086006 0.135712 0.318497
v -0.081500 0.142402 0.318497
v -0.083390 0.138860 0.318497
v -0.082348 0.140597 0.318497
v -0.083390 0.138860 0.329071
v -0.081500 0.142402 0.329071
v -0.082348 0.140597 0.329071
v -0.080356 0.146242 0.297349
v -0.079999 0.150000 0.318497
v -0.080356 0.146242 0.318497
v -0.080824 0.144318 0.318497
v -0.080356 0.146242 0.329071
v -0.080824 0.144318 0.329071
v -0.080326 0.153593 0.297349
v -0.081368 0.157269 0.318497
v -0.080326 0.153593 0.318497
v -0.080752 0.155433 0.318497
v -0.080326 0.153593 0.329071
v -0.081368 0.157269 0.329071
v -0.080752 0.155433 0.329071
v -0.083176 0.160815 0.297349
v -0.085711 0.163994 0.318497
v -0.083176 0.160815 0.318497
v -0.082177 0.159073 0.318497
v -0.083176 0.160815 0.329071
v -0.082177 0.159073 0.329071
v -0.100000 0.170000 0.043573
v -0.079999 0.150000 0.043573
v -0.100000 0.130000 0.043573
v -0.120000 0.150000 0.043573
v -0.100000 0.170000 0.043573
v -0.094496 0.170000 0.020793
v -0.107212 0.136006 0.014283
v -0.111078 0.142731 0.012304
v -0.112295 0.150000 0.011681
v -0.110961 0.157598 0.012364
v -0.094496 0.170000 0.020793
v -0.079230 0.170000 0.003007
v -0.067538 0.150000 0.019234
v -0.079230 0.130000 0.003007
v -0.090922 0.150000 -0.013219
v -0.079230 0.170000 0.003007
v -0.107362 0.168596 0.043573
v -0.114142 0.164142 0.043573
v -0.118596 0.157362 0.043573
v -0.118596 0.142638 0.043573
v -0.114142 0.135858 0.043573
v -0.107362 0.131404 0.043573
v -0.092639 0.131404 0.043573
v -0.085858 0.135858 0.043573
v -0.081404 0.142638 0.043573
v -0.081404 0.157362 0.043573
v -0.085858 0.164142 0.043573
v -0.092639 0.168596 0.043573
v -0.111978 0.153759 0.011843
v -0.116605 0.157598 0.027512
v -0.118063 0.150000 0.027160
v -0.117717 0.153759 0.027244
v -0.109468 0.139185 0.013128
v -0.116734 0.142731 0.027481
v -0.112510 0.136006 0.028499
v -0.114975 0.139185 0.027905
v -0.074926 0.168596 0.008980
v -0.070962 0.164142 0.014481
v -0.068359 0.157362 0.018094
v -0.068359 0.142638 0.018094
v -0.070962 0.135858 0.014481
v -0.074926 0.131404 0.008980
v -0.083534 0.131404 -0.002966
v -0.087497 0.135858 -0.008467
v -0.090101 0.142638 -0.012080
v -0.090101 0.157362 -0.012080
v -0.087497 0.164142 -0.008467
v -0.083534 0.168596 -0.002966
v -0.102070 0.142731 -0.001160
v -0.098775 0.136006 0.001671
v -0.100699 0.139185 0.000019
v -0.101970 0.157598 -0.001074
v -0.103108 0.150000 -0.002051
v -0.102838 0.153759 -0.001819
v -0.081780 0.163994 0.027303
v -0.077915 0.157269 0.029282
v -0.076698 0.150000 0.029905
v -0.078032 0.142402 0.029222
v -0.082042 0.135712 0.027169
v -0.088028 0.131368 0.024105
v -0.094496 0.130000 0.020793
v -0.101258 0.131500 0.017331
v -0.100965 0.168633 0.017481
v -0.079230 0.170000 0.003007
v -0.067538 0.150000 0.019234
v -0.079230 0.130000 0.003007
v -0.090922 0.150000 -0.013219
v -0.079230 0.170000 0.003007
v -0.046382 0.170000 -0.020662
v -0.041940 0.168500 -0.014497
v -0.038029 0.163994 -0.009069
v -0.035490 0.157269 -0.005545
v -0.034690 0.150000 -0.004435
v -0.035567 0.142402 -0.005652
v -0.038201 0.135712 -0.009308
v -0.042133 0.131368 -0.014764
v -0.046382 0.130000 -0.020662
v -0.050824 0.131500 -0.026826
v -0.054736 0.136006 -0.032254
v -0.057274 0.142731 -0.035778
v -0.058074 0.150000 -0.036888
v -0.057197 0.157598 -0.035671
v -0.054563 0.164289 -0.032015
v -0.050632 0.168633 -0.026559
v -0.046382 0.170000 -0.020662
v -0.013534 0.170000 -0.044330
v -0.009092 0.168500 -0.038166
v -0.005181 0.163994 -0.032738
v -0.002642 0.157269 -0.029214
v -0.001842 0.150000 -0.028104
v -0.002718 0.142402 -0.029321
v -0.005353 0.135712 -0.032977
v -0.009285 0.131368 -0.038433
v -0.013534 0.130000 -0.044330
v -0.017976 0.131500 -0.050495
v -0.021887 0.136006 -0.055923
v -0.024427 0.142731 -0.059447
v -0.025226 0.150000 -0.060557
v -0.024350 0.157598 -0.059340
v -0.021715 0.164289 -0.055684
v -0.017784 0.168633 -0.050228
v -0.013534 0.170000 -0.044330
v 0.019313 0.170000 -0.067999
v 0.023756 0.168500 -0.061835
v 0.027667 0.163994 -0.056406
v 0.030206 0.157269 -0.052882
v 0.031005 0.150000 -0.051773
v 0.030129 0.142402 -0.052989
v 0.027495 0.135712 -0.056645
v 0.023563 0.131368 -0.062102
v 0.019313 0.130000 -0.067999
v 0.014872 0.131500 -0.074164
v 0.010960 0.136006 -0.079592
v 0.008421 0.142731 -0.083116
v 0.007621 0.150000 -0.084225
v 0.008499 0.157598 -0.083009
v 0.011133 0.164289 -0.079353
v 0.015065 0.168633 -0.073897
v 0.019313 0.170000 -0.067999
v 0.052162 0.170000 -0.091668
v 0.056604 0.168500 -0.085503
v 0.060515 0.163994 -0.080075
v 0.063055 0.157269 -0.076551
v 0.063854 0.150000 -0.075441
v 0.062977 0.142402 -0.076658
v 0.060342 0.135712 -0.080314
v 0.056411 0.131368 -0.085770
v 0.052162 0.130000 -0.091668
v 0.047719 0.131500 -0.097832
v 0.043808 0.136006 -0.103261
v 0.041269 0.142731 -0.106785
v 0.040470 0.150000 -0.107894
v 0.041346 0.157598 -0.106678
v 0.043981 0.164289 -0.103022
v 0.047912 0.168633 -0.097565
v 0.052162 0.170000 -0.091668
v 0.085010 0.170000 -0.115337
v 0.089451 0.168500 -0.109172
v 0.093362 0.163994 -0.103744
v 0.095902 0.157269 -0.100220
v 0.096701 0.150000 -0.099110
v 0.095825 0.142402 -0.100327
v 0.093191 0.135712 -0.103983
v 0.089259 0.131368 -0.109439
v 0.085010 0.130000 -0.115337
v 0.080568 0.131500 -0.121501
v 0.076657 0.136006 -0.126929
v 0.074117 0.142731 -0.130453
v 0.073318 0.150000 -0.131563
v 0.074194 0.157598 -0.130346
v 0.076828 0.164289 -0.126690
v 0.080760 0.168633 -0.121234
v 0.085010 0.170000 -0.115337
v 0.117857 0.170000 -0.139005
v 0.117857 0.130000 -0.139005
v 0.106165 0.150000 -0.155232
v 0.117857 0.170000 -0.139005
v -0.083534 0.168596 -0.002966
v -0.087497 0.164142 -0.008467
v -0.090101 0.157362 -0.012080
v -0.090101 0.142638 -0.012080
v -0.087497 0.135858 -0.008467
v -0.083534 0.131404 -0.002966
v -0.074926 0.131404 0.008980
v -0.070962 0.135858 0.014481
v -0.068359 0.142638 0.018094
v -0.068359 0.157362 0.018094
v -0.070962 0.164142 0.014481
v -0.074926 0.168596 0.008980
v -0.048482 0.169675 -0.023576
v -0.062806 0.170000 -0.008827
v -0.067055 0.168633 -0.014725
v -0.064907 0.169675 -0.011742
v -0.052704 0.166824 -0.029436
v -0.070987 0.164289 -0.020181
v -0.069129 0.166824 -0.017601
v -0.056093 0.161140 -0.034138
v -0.073621 0.157598 -0.023837
v -0.072517 0.161140 -0.022304
v -0.057866 0.153759 -0.036599
v -0.074498 0.150000 -0.025054
v -0.074290 0.153759 -0.024765
v -0.056218 0.139185 -0.034311
v -0.073699 0.142731 -0.023944
v -0.071159 0.136006 -0.020420
v -0.072641 0.139185 -0.022477
v -0.052894 0.133389 -0.029699
v -0.067248 0.131500 -0.014992
v -0.069318 0.133389 -0.017865
v -0.048579 0.130356 -0.023711
v -0.062806 0.130000 -0.008827
v -0.065003 0.130356 -0.011876
v -0.044282 0.130325 -0.017747
v -0.058557 0.131368 -0.002930
v -0.060706 0.130325 -0.005912
v -0.040060 0.133176 -0.011888
v -0.054625 0.135712 0.002526
v -0.056484 0.133176 -0.000053
v -0.036671 0.138860 -0.007185
v -0.051991 0.142402 0.006183
v -0.053095 0.138860 0.004649
v -0.034898 0.146242 -0.004724
v -0.051114 0.150000 0.007399
v -0.051322 0.146242 0.007110
v -0.034880 0.153593 -0.004699
v -0.051914 0.157269 0.006290
v -0.051304 0.153593 0.007135
v -0.036547 0.160815 -0.007012
v -0.054452 0.163994 0.002765
v -0.052970 0.160815 0.004822
v -0.039870 0.166611 -0.011624
v -0.058364 0.168500 -0.002663
v -0.056294 0.166611 0.000211
v -0.044185 0.169644 -0.017612
v -0.062806 0.170000 -0.008827
v -0.060609 0.169644 -0.005778
v 0.122161 0.168596 -0.133032
v 0.126125 0.164142 -0.127532
v 0.128728 0.157362 -0.123918
v 0.129549 0.150000 -0.122779
v 0.105875 0.168500 -0.121006
v 0.087206 0.169644 -0.112287
v 0.101433 0.170000 -0.127171
v 0.103631 0.169644 -0.124122
v 0.109786 0.163994 -0.115578
v 0.091522 0.166611 -0.106299
v 0.107946 0.166611 -0.118133
v 0.112326 0.157269 -0.112054
v 0.094845 0.160815 -0.101687
v 0.111268 0.160815 -0.113521
v 0.113125 0.150000 -0.110945
v 0.096511 0.153593 -0.099374
v 0.112936 0.153593 -0.111208
v 0.106986 0.157362 -0.154092
v 0.109590 0.164142 -0.150479
v 0.113554 0.168596 -0.144978
v 0.090619 0.157598 -0.142181
v 0.073526 0.153759 -0.131274
v 0.089741 0.150000 -0.143397
v 0.089950 0.153759 -0.143108
v 0.093253 0.164289 -0.138525
v 0.075299 0.161140 -0.128813
v 0.091723 0.161140 -0.140647
v 0.097184 0.168633 -0.133068
v 0.078687 0.166824 -0.124111
v 0.095111 0.166824 -0.135945
v 0.101433 0.170000 -0.127171
v 0.082909 0.169675 -0.118251
v 0.099333 0.169675 -0.130086
v 0.128728 0.142638 -0.123918
v 0.126125 0.135858 -0.127532
v 0.122161 0.131404 -0.133032
v 0.113554 0.131404 -0.144978
v 0.109590 0.135858 -0.150479
v 0.106986 0.142638 -0.154092
v 0.112249 0.142402 -0.112161
v 0.096493 0.146242 -0.099399
v 0.112917 0.146242 -0.111234
v 0.109615 0.135712 -0.115817
v 0.094720 0.138860 -0.101860
v 0.111144 0.138860 -0.113695
v 0.105683 0.131368 -0.121273
v 0.091332 0.133176 -0.106563
v 0.107756 0.133176 -0.118397
v 0.096992 0.131500 -0.133336
v 0.082813 0.130356 -0.118386
v 0.101433 0.130000 -0.127171
v 0.099236 0.130356 -0.130220
v 0.093080 0.136006 -0.138764
v 0.078497 0.133389 -0.124374
v 0.094922 0.133389 -0.136209
v 0.090541 0.142731 -0.142288
v 0.075174 0.139185 -0.128986
v 0.091598 0.139185 -0.140821
v 0.073508 0.146408 -0.131299
v 0.089932 0.146408 -0.143133
v 0.269504 0.150000 0.069199
v 0.164291 0.150000 -0.075469
v 0.059078 0.150000 -0.220137
v 0.278600 0.093014 0.062585
v 0.173386 0.093014 -0.082084
v 0.068173 0.093014 -0.226752
v 0.305933 0.042835 0.042706
v 0.200720 0.042835 -0.101963
v 0.095506 0.042835 -0.246631
v 0.346725 0.010258 0.013039
v 0.241511 0.010258 -0.131629
v 0.136298 0.010258 -0.276298
v 0.285601 0.000000 -0.163695
v 0.180388 0.000000 -0.308363
v 0.331688 0.011247 -0.197213
v 0.226475 0.011247 -0.341881
v 0.477483 0.045045 -0.082058
v 0.267056 0.045045 -0.371395
v 0.503829 0.095483 -0.101219
v 0.293402 0.095483 -0.390555
v 0.512125 0.150000 -0.107252
v 0.301698 0.150000 -0.396589
v 0.503029 0.206987 -0.100637
v 0.292603 0.206987 -0.389974
v 0.475696 0.257165 -0.080758
v 0.370483 0.257165 -0.225427
v 0.265269 0.257165 -0.370095
v 0.434905 0.289742 -0.051092
v 0.329691 0.289742 -0.195760
v 0.224478 0.289742 -0.340429
v 0.285601 0.300000 -0.163695
v 0.180388 0.300000 -0.308363
v 0.239514 0.288754 -0.130177
v 0.134301 0.288754 -0.274845
v 0.304146 0.254956 0.044005
v 0.198933 0.254956 -0.100663
v 0.093720 0.254956 -0.245332
v 0.277800 0.204517 0.063166
v 0.172587 0.204517 -0.081502
v 0.067374 0.204517 -0.226171
v 0.269504 0.150000 0.069199
v 0.164291 0.150000 -0.075469
v 0.059078 0.150000 -0.220137
v 0.129549 0.150000 -0.122779
v 0.128728 0.157362 -0.123918
v 0.126125 0.164142 -0.127532
v 0.122161 0.168596 -0.133032
v 0.117857 0.170000 -0.139005
v 0.119980 0.204517 -0.153837
v 0.166264 0.176944 -0.076904
v 0.113657 0.176944 -0.149238
v 0.137988 0.150000 -0.111636
v 0.139961 0.176944 -0.113071
v 0.164769 0.163306 -0.075817
v 0.138465 0.163306 -0.111984
v 0.216897 0.150000 -0.003135
v 0.225193 0.204517 -0.009168
v 0.218871 0.176944 -0.004570
v 0.120779 0.093014 -0.154418
v 0.166452 0.121813 -0.077041
v 0.113845 0.121813 -0.149375
v 0.138105 0.156602 -0.111722
v 0.140149 0.121813 -0.113208
v 0.137988 0.150000 -0.111636
v 0.164814 0.136084 -0.075849
v 0.138511 0.136084 -0.112017
v 0.225993 0.093014 -0.009750
v 0.216897 0.150000 -0.003135
v 0.219058 0.121813 -0.004706
v 0.085381 0.150000 -0.183970
v 0.087354 0.176944 -0.185405
v 0.085859 0.163306 -0.184318
v 0.126809 0.176944 -0.131155
v 0.139081 0.170094 -0.112431
v 0.116246 0.190746 -0.151121
v 0.146284 0.204517 -0.117669
v 0.168852 0.190746 -0.078786
v 0.142549 0.190746 -0.114953
v 0.146327 0.254956 -0.172998
v 0.183555 0.231109 -0.089479
v 0.130949 0.231109 -0.161814
v 0.113554 0.168596 -0.144978
v 0.109590 0.164142 -0.150479
v 0.106986 0.157362 -0.154092
v 0.106165 0.150000 -0.155232
v 0.099011 0.163306 -0.166235
v 0.086474 0.170094 -0.184765
v 0.100505 0.176944 -0.167322
v 0.099626 0.170094 -0.166682
v 0.093677 0.204517 -0.190004
v 0.089942 0.190746 -0.187288
v 0.098532 0.150000 -0.165887
v 0.085498 0.156602 -0.184056
v 0.098650 0.156602 -0.165972
v 0.087542 0.121813 -0.185542
v 0.085381 0.150000 -0.183970
v 0.085904 0.136084 -0.184351
v 0.355851 0.006366 0.006402
v 0.338208 0.000000 -0.091361
v 0.263811 0.002439 -0.147847
v 0.294117 0.010258 -0.059295
v 0.316417 0.002439 -0.075513
v 0.342720 0.002439 -0.039346
v 0.305255 0.005640 -0.067395
v 0.320421 0.010258 -0.023128
v 0.331559 0.005640 -0.031228
v 0.220005 0.023820 -0.115989
v 0.253327 0.042835 -0.029629
v 0.272612 0.023820 -0.043654
v 0.106165 0.150000 -0.155232
v 0.106986 0.142638 -0.154092
v 0.109590 0.135858 -0.150479
v 0.113554 0.131404 -0.144978
v 0.117857 0.130000 -0.139005
v 0.122161 0.131404 -0.133032
v 0.126125 0.135858 -0.127532
v 0.128728 0.142638 -0.123918
v 0.129549 0.150000 -0.122779
v 0.099056 0.136084 -0.166267
v 0.085510 0.143097 -0.184064
v 0.098532 0.150000 -0.165887
v 0.098661 0.143097 -0.165980
v 0.100693 0.121813 -0.167458
v 0.086578 0.128981 -0.184841
v 0.099729 0.128981 -0.166757
v 0.094476 0.093014 -0.190585
v 0.116683 0.107381 -0.151439
v 0.090380 0.107381 -0.187606
v 0.148114 0.042835 -0.174297
v 0.184850 0.066452 -0.090421
v 0.132244 0.066452 -0.162755
v 0.126996 0.121813 -0.131291
v 0.139184 0.128981 -0.112507
v 0.147083 0.093014 -0.118251
v 0.169290 0.107381 -0.079105
v 0.142987 0.107381 -0.115272
v 0.138116 0.143097 -0.111730
v 0.390814 0.300000 -0.019026
v 0.355851 0.293635 0.006402
v 0.338208 0.300000 -0.091361
v 0.307392 0.297560 -0.179543
v 0.382298 0.289742 -0.123426
v 0.359999 0.297560 -0.107208
v 0.292120 0.288754 -0.057843
v 0.262805 0.297328 -0.147116
v 0.315412 0.297328 -0.074782
v 0.390814 0.000000 -0.019026
v 0.425779 0.006366 -0.044455
v 0.384295 0.011247 -0.124878
v 0.308398 0.002672 -0.180274
v 0.361004 0.002672 -0.107939
v 0.425779 0.293635 -0.044455
v 0.386302 0.297560 -0.071041
v 0.371161 0.294360 -0.115326
v 0.408601 0.289742 -0.087259
v 0.397464 0.294360 -0.079159
v 0.351197 0.276180 -0.211401
v 0.423089 0.257165 -0.153092
v 0.403804 0.276180 -0.139067
v 0.398615 0.095483 -0.245887
v 0.406911 0.150000 -0.251920
v 0.397816 0.206987 -0.245306
v 0.261261 0.150000 -0.367180
v 0.255731 0.113655 -0.363158
v 0.238166 0.080030 -0.350384
v 0.211112 0.057498 -0.330708
v 0.180388 0.050000 -0.308363
v 0.150995 0.056839 -0.286986
v 0.123801 0.078557 -0.267209
v 0.105578 0.112009 -0.253956
v 0.099514 0.150000 -0.249546
v 0.105045 0.186345 -0.253568
v 0.122609 0.219971 -0.266342
v 0.149663 0.242502 -0.286018
v 0.180388 0.250000 -0.308363
v 0.209781 0.243162 -0.329740
v 0.236975 0.221444 -0.349518
v 0.255198 0.187991 -0.362770
v 0.059078 0.150000 -0.220137
v 0.068173 0.093014 -0.226752
v 0.095506 0.042835 -0.246631
v 0.136298 0.010258 -0.276298
v 0.180388 0.000000 -0.308363
v 0.226475 0.011247 -0.341881
v 0.267056 0.045045 -0.371395
v 0.293402 0.095483 -0.390555
v 0.301698 0.150000 -0.396589
v 0.292603 0.206987 -0.389974
v 0.265269 0.257165 -0.370095
v 0.224478 0.289742 -0.340429
v 0.180388 0.300000 -0.308363
v 0.134301 0.288754 -0.274845
v 0.093720 0.254956 -0.245332
v 0.067374 0.204517 -0.226171
v 0.802783 0.075000 -0.318639
v 0.802783 0.225000 -0.318639
v 0.915822 0.075000 -0.376630
v 0.915822 0.225000 -0.376630
v 1.040601 0.075000 -0.396589
v 1.040601 0.225000 -0.396589
v 1.040601 0.090790 -0.396589
v 0.977772 0.150000 -0.391626
v 1.009205 0.150000 -0.395357
v 0.977772 0.112500 -0.391626
v 1.009205 0.112500 -0.395357
v 1.040601 0.209211 -0.396589
v 0.977772 0.187500 -0.391626
v 1.009205 0.187500 -0.395357
v 1.040601 0.150000 -0.396589
v 1.040601 0.075000 -0.196589
v 1.040601 0.225000 -0.196589
v 0.977464 0.075000 -0.186331
v 0.977464 0.225000 -0.186331
v 0.920416 0.075000 -0.156892
v 0.920416 0.225000 -0.156892
v 1.040601 0.090790 -0.196589
v 1.008857 0.150000 -0.194038
v 1.008857 0.112500 -0.194038
v 1.024751 0.150000 -0.195956
v 1.024751 0.112500 -0.195956
v 1.040601 0.209211 -0.196589
v 1.008857 0.187500 -0.194038
v 1.024751 0.187500 -0.195956
v 1.040601 0.150000 -0.196589
v 0.096482 0.075000 0.442334
v 0.096482 0.225000 0.442334
v 0.024870 0.075000 0.529048
v 0.024870 0.225000 0.529048
v 0.000000 0.075000 0.639000
v 0.000000 0.225000 0.639000
v 0.000000 0.075000 0.639000
v 0.000000 0.225000 0.639000
v -0.200000 0.075000 0.639000
v -0.200000 0.225000 0.639000
v -0.200000 0.075000 0.639000
v -0.200000 0.225000 0.639000
v -0.152433 0.075000 0.436683
v -0.152433 0.225000 0.436683
v -0.021153 0.075000 0.280586
v -0.021153 0.225000 0.280586
v -0.100000 0.170000 0.355376
v -0.087598 0.165763 0.341003
v -0.082224 0.159608 0.334991
v -0.080596 0.155272 0.333185
v -0.079999 0.150000 0.332526
v -0.080596 0.144729 0.333185
v -0.082224 0.140392 0.334991
v -0.087598 0.134237 0.341003
v -0.100000 0.130000 0.355376
v -0.112191 0.134248 0.371348
v -0.117696 0.140404 0.378799
v -0.119380 0.144737 0.381094
v -0.120000 0.150000 0.381941
v -0.119380 0.155263 0.381094
v -0.117696 0.159596 0.378799
v -0.112191 0.165752 0.371348
v -0.152433 0.150000 0.436683
v -0.152433 0.187500 0.436683
v -0.125995 0.150000 0.390801
v -0.125995 0.187500 0.390801
v -0.188292 0.150000 0.536510
v -0.059414 0.150000 0.312073
v -0.059414 0.187500 0.312073
v -0.059414 0.168750 0.312073
v -0.077493 0.187500 0.329881
v -0.077493 0.150000 0.329881
v -0.077493 0.168750 0.329881
v -0.059414 0.112500 0.312073
v -0.077493 0.159375 0.329881
v -0.110902 0.187500 0.369331
v -0.125995 0.168750 0.390801
v -0.110902 0.168750 0.369331
v -0.152433 0.112500 0.436683
v -0.125995 0.112500 0.390801
v -0.059414 0.131250 0.312073
v -0.077493 0.112500 0.329881
v -0.077493 0.131250 0.329881
v -0.077493 0.140625 0.329881
v -0.125995 0.131250 0.390801
v -0.110902 0.112500 0.369331
v -0.110902 0.131250 0.369331
v -0.125995 0.140625 0.390801
v -0.118596 0.131250 0.379931
v -0.139870 0.150000 0.413293
v -0.152433 0.131250 0.436683
v -0.139870 0.112500 0.413293
v -0.139870 0.131250 0.413293
v -0.173348 0.150000 0.485658
v -0.188292 0.112500 0.536510
v -0.173348 0.112500 0.485658
v -0.118596 0.168750 0.379931
v -0.125995 0.159375 0.390801
v -0.139870 0.187500 0.413293
v -0.152433 0.168750 0.436683
v -0.139870 0.168750 0.413293
v -0.188292 0.187500 0.536510
v -0.173348 0.187500 0.485658
v 1.040601 0.075000 -0.396589
v 0.802783 0.075000 -0.318639
v 0.915822 0.075000 -0.376630
v 1.040601 0.075000 -0.355848
v 1.040601 0.075000 -0.196589
v 0.977464 0.075000 -0.186331
v 0.920416 0.075000 -0.156892
v 1.040601 0.075000 -0.237330
v 1.040601 0.225000 -0.396589
v 0.802783 0.225000 -0.318639
v 0.915822 0.225000 -0.376630
v 1.040601 0.225000 -0.355848
v 1.040601 0.225000 -0.196589
v 0.977464 0.225000 -0.186331
v 0.920416 0.225000 -0.156892
v 1.040601 0.225000 -0.237330
v 0.756708 0.150000 -0.161480
v 0.697891 0.150000 -0.242354
v 0.753676 0.168996 -0.159276
v 0.744565 0.185722 -0.152649
v 0.730967 0.196581 -0.142760
v 0.716271 0.200000 -0.132072
v 0.700908 0.196251 -0.120899
v 0.687381 0.184985 -0.111061
v 0.678599 0.168172 -0.104674
v 0.675834 0.150000 -0.102663
v 0.617017 0.150000 -0.183537
v 0.678866 0.131005 -0.104868
v 0.687977 0.114278 -0.111495
v 0.701574 0.103419 -0.121383
v 0.716271 0.100000 -0.132072
v 0.657454 0.100000 -0.212945
v 0.731633 0.103749 -0.143245
v 0.745161 0.115015 -0.153082
v 0.753942 0.131828 -0.159469
v 0.815525 0.150000 -0.080607
v 0.756708 0.150000 -0.161480
v 0.697891 0.150000 -0.242354
v 0.815525 0.150000 -0.080607
v 0.812685 0.168405 -0.078542
v 0.803681 0.185356 -0.071993
v 0.789973 0.196489 -0.062023
v 0.775088 0.200000 -0.051198
v 0.760204 0.196489 -0.040373
v 0.746495 0.185356 -0.030403
v 0.737490 0.168405 -0.023855
v 0.734651 0.150000 -0.021790
v 0.737490 0.131596 -0.023855
v 0.746495 0.114645 -0.030403
v 0.760204 0.103511 -0.040373
v 0.775088 0.100000 -0.051198
v 0.789973 0.103511 -0.062023
v 0.803681 0.114645 -0.071993
v 0.812685 0.131596 -0.078542
v 0.783084 0.168996 -0.118839
v 0.755988 0.159396 -0.160957
v 0.786116 0.150000 -0.121044
v 0.785396 0.159396 -0.120520
v 0.773973 0.185722 -0.112212
v 0.749855 0.177849 -0.156496
v 0.779263 0.177849 -0.116060
v 0.760376 0.196581 -0.102324
v 0.738136 0.192060 -0.147974
v 0.767544 0.192060 -0.107537
v 0.745679 0.200000 -0.091635
v 0.723534 0.199187 -0.137354
v 0.752943 0.199187 -0.096918
v 0.730317 0.196251 -0.080462
v 0.708672 0.199110 -0.126546
v 0.738080 0.199110 -0.086109
v 0.716790 0.184985 -0.070625
v 0.693748 0.191526 -0.115692
v 0.723156 0.191526 -0.075255
v 0.708008 0.168172 -0.064238
v 0.682255 0.177036 -0.107333
v 0.711664 0.177036 -0.066897
v 0.705243 0.150000 -0.062226
v 0.676491 0.158981 -0.103142
v 0.705901 0.158981 -0.062705
v 0.708274 0.131005 -0.064431
v 0.676554 0.140604 -0.103187
v 0.705963 0.140604 -0.062750
v 0.717386 0.114278 -0.071058
v 0.682687 0.122151 -0.107647
v 0.712096 0.122151 -0.067211
v 0.730982 0.103419 -0.080947
v 0.694405 0.107940 -0.116170
v 0.723814 0.107940 -0.075733
v 0.761042 0.103749 -0.102808
v 0.723870 0.100891 -0.137598
v 0.745679 0.100000 -0.091635
v 0.753278 0.100891 -0.097161
v 0.774569 0.115015 -0.112646
v 0.738794 0.108474 -0.148452
v 0.768202 0.108474 -0.108015
v 0.783350 0.131828 -0.119033
v 0.750287 0.122964 -0.156810
v 0.779695 0.122964 -0.116374
v 0.786116 0.150000 -0.121044
v 0.756050 0.141019 -0.161002
v 0.785458 0.141019 -0.120565
v 0.695052 0.131596 -0.240289
v 0.686047 0.114645 -0.233741
v 0.672338 0.103511 -0.223771
v 0.642569 0.103511 -0.202120
v 0.628860 0.114645 -0.192150
v 0.619856 0.131596 -0.185602
v 0.619856 0.168405 -0.185602
v 0.628860 0.185356 -0.192150
v 0.642569 0.196489 -0.202120
v 0.657454 0.200000 -0.212945
v 0.672338 0.196489 -0.223771
v 0.686047 0.185356 -0.233741
v 0.695052 0.168405 -0.240289
v 0.727299 0.150000 -0.201917
v 0.724534 0.131828 -0.199906
v 0.726641 0.141019 -0.201439
v 0.715751 0.115015 -0.193519
v 0.720877 0.122964 -0.197247
v 0.702224 0.103749 -0.183681
v 0.709384 0.108474 -0.188889
v 0.686862 0.100000 -0.172509
v 0.694461 0.100891 -0.178035
v 0.672165 0.103419 -0.161820
v 0.658569 0.114278 -0.151931
v 0.664997 0.107940 -0.156607
v 0.649457 0.131005 -0.145305
v 0.653279 0.122151 -0.148084
v 0.646426 0.150000 -0.143100
v 0.647146 0.140604 -0.143624
v 0.649190 0.168172 -0.145111
v 0.647083 0.158981 -0.143578
v 0.657973 0.184985 -0.151498
v 0.652847 0.177036 -0.147770
v 0.671500 0.196251 -0.161336
v 0.664340 0.191526 -0.156129
v 0.686862 0.200000 -0.172509
v 0.679264 0.199110 -0.166982
v 0.701559 0.196581 -0.183197
v 0.694126 0.199187 -0.177791
v 0.715156 0.185722 -0.193086
v 0.708727 0.192060 -0.188411
v 0.724267 0.168996 -0.199712
v 0.720446 0.177849 -0.196933
v 0.727299 0.150000 -0.201917
v 0.726578 0.159396 -0.201393
v 0.282247 0.150000 0.307232
v 0.223430 0.150000 0.226358
v 0.164612 0.150000 0.145484
v 0.220398 0.168996 0.228563
v 0.211287 0.185722 0.235189
v 0.197690 0.196581 0.245078
v 0.241810 0.200000 0.336640
v 0.182993 0.200000 0.255767
v 0.124176 0.200000 0.174893
v 0.167631 0.196251 0.266939
v 0.154104 0.184985 0.276777
v 0.145321 0.168172 0.283164
v 0.201374 0.150000 0.366049
v 0.142557 0.150000 0.285175
v 0.145588 0.131005 0.282970
v 0.154699 0.114278 0.276344
v 0.168296 0.103419 0.266455
v 0.182993 0.100000 0.255767
v 0.198355 0.103749 0.244594
v 0.211882 0.115015 0.234756
v 0.220664 0.131828 0.228369
v 0.223430 0.150000 0.226358
v 0.279408 0.168405 0.309296
v 0.270403 0.185356 0.315845
v 0.256694 0.196489 0.325815
v 0.226925 0.196489 0.347465
v 0.213217 0.185356 0.357435
v 0.204213 0.168405 0.363984
v 0.204213 0.131596 0.363984
v 0.213217 0.114645 0.357435
v 0.226925 0.103511 0.347465
v 0.241810 0.100000 0.336640
v 0.256694 0.103511 0.325815
v 0.270403 0.114645 0.315845
v 0.279408 0.131596 0.309296
v 0.282247 0.150000 0.307232
v 0.249807 0.168996 0.269000
v 0.222709 0.159396 0.226882
v 0.252839 0.150000 0.266795
v 0.252118 0.159396 0.267319
v 0.240695 0.185722 0.275626
v 0.216577 0.177849 0.231342
v 0.245985 0.177849 0.271779
v 0.227098 0.196581 0.285515
v 0.204858 0.192060 0.239864
v 0.234267 0.192060 0.280301
v 0.212402 0.200000 0.296203
v 0.190257 0.199187 0.250484
v 0.219665 0.199187 0.290921
v 0.197039 0.196251 0.307376
v 0.175395 0.199110 0.261293
v 0.204803 0.199110 0.301730
v 0.183512 0.184985 0.317214
v 0.160470 0.191526 0.272147
v 0.189879 0.191526 0.312583
v 0.174730 0.168172 0.323601
v 0.148978 0.177036 0.280505
v 0.178386 0.177036 0.320942
v 0.171965 0.150000 0.325612
v 0.143214 0.158981 0.284697
v 0.172622 0.158981 0.325134
v 0.174997 0.131005 0.323407
v 0.143277 0.140604 0.284651
v 0.172685 0.140604 0.325088
v 0.184108 0.114278 0.316781
v 0.149410 0.122151 0.280191
v 0.178818 0.122151 0.320628
v 0.197705 0.103419 0.306892
v 0.161128 0.107940 0.271669
v 0.190536 0.107940 0.312105
v 0.227764 0.103749 0.285031
v 0.190591 0.100891 0.250240
v 0.212402 0.100000 0.296203
v 0.220001 0.100891 0.290677
v 0.241291 0.115015 0.275193
v 0.205515 0.108474 0.239386
v 0.234924 0.108474 0.279823
v 0.250073 0.131828 0.268806
v 0.217008 0.122964 0.231028
v 0.246417 0.122964 0.271465
v 0.252839 0.150000 0.266795
v 0.222772 0.141019 0.226836
v 0.252181 0.141019 0.267273
v 0.164612 0.150000 0.145484
v 0.161773 0.131596 0.147549
v 0.152769 0.114645 0.154098
v 0.139060 0.103511 0.164068
v 0.124176 0.100000 0.174893
v 0.109292 0.103511 0.185718
v 0.095582 0.114645 0.195688
v 0.086578 0.131596 0.202237
v 0.083739 0.150000 0.204301
v 0.086578 0.168405 0.202237
v 0.095582 0.185356 0.195688
v 0.109292 0.196489 0.185718
v 0.139060 0.196489 0.164068
v 0.152769 0.185356 0.154098
v 0.161773 0.168405 0.147549
v 0.194021 0.150000 0.185921
v 0.191256 0.131828 0.187932
v 0.193364 0.141019 0.186399
v 0.182474 0.115015 0.194319
v 0.187600 0.122964 0.190591
v 0.168947 0.103749 0.204157
v 0.176107 0.108474 0.198950
v 0.153584 0.100000 0.215330
v 0.161183 0.100891 0.209803
v 0.138888 0.103419 0.226018
v 0.125290 0.114278 0.235907
v 0.131719 0.107940 0.231232
v 0.116179 0.131005 0.242533
v 0.120000 0.122151 0.239754
v 0.113147 0.150000 0.244738
v 0.113868 0.140604 0.244214
v 0.115913 0.168172 0.242727
v 0.113805 0.158981 0.244260
v 0.124695 0.184985 0.236340
v 0.119569 0.177036 0.240068
v 0.138222 0.196251 0.226502
v 0.131062 0.191526 0.231710
v 0.153584 0.200000 0.215330
v 0.145986 0.199110 0.220856
v 0.168281 0.196581 0.204641
v 0.160848 0.199187 0.210047
v 0.181879 0.185722 0.194752
v 0.175450 0.192060 0.199428
v 0.190989 0.168996 0.188126
v 0.187168 0.177849 0.190905
v 0.194021 0.150000 0.185921
v 0.193301 0.159396 0.186445
v 0.920416 0.225000 -0.156892
v 0.802783 0.225000 -0.318639
v 0.655615 0.262500 -0.087959
v 0.508449 0.300000 0.142721
v 0.390814 0.300000 -0.019026
v 0.425779 0.293635 -0.044455
v 0.626207 0.262500 -0.128396
v 0.552623 0.281250 -0.013056
v 0.523215 0.281250 -0.053493
v 0.508449 0.300000 0.142721
v 0.390814 0.300000 -0.019026
v 0.096482 0.225000 0.442334
v -0.021153 0.225000 0.280586
v 0.355851 0.293635 0.006402
v 0.214240 0.262500 0.171217
v 0.199535 0.262500 0.150998
v 0.317232 0.281250 0.096314
v 0.302527 0.281250 0.076095
v 0.096482 0.075000 0.442334
v -0.021153 0.075000 0.280586
v 0.508449 0.000000 0.142721
v 0.390814 0.000000 -0.019026
v 0.355851 0.006366 0.006402
v 0.214240 0.037500 0.171217
v 0.199535 0.037500 0.150998
v 0.317232 0.018750 0.096314
v 0.302527 0.018750 0.076095
v 0.508449 0.000000 0.142721
v 0.390814 0.000000 -0.019026
v 0.655615 0.037500 -0.087959
v 0.920416 0.075000 -0.156892
v 0.802783 0.075000 -0.318639
v 0.425779 0.006366 -0.044455
v 0.626207 0.037500 -0.128396
v 0.552623 0.018750 -0.013056
v 0.523215 0.018750 -0.053493
v 0.920416 0.075000 -0.156892
v 0.096482 0.225000 0.442334
v 0.815525 0.150000 -0.080607
v 0.812685 0.131596 -0.078542
v 0.803681 0.114645 -0.071993
v 0.789973 0.103511 -0.062023
v 0.775088 0.100000 -0.051198
v 0.760204 0.103511 -0.040373
v 0.746495 0.114645 -0.030403
v 0.737490 0.131596 -0.023855
v 0.734651 0.150000 -0.021790
v 0.737490 0.168405 -0.023855
v 0.746495 0.185356 -0.030403
v 0.760204 0.196489 -0.040373
v 0.775088 0.200000 -0.051198
v 0.789973 0.196489 -0.062023
v 0.803681 0.185356 -0.071993
v 0.812685 0.168405 -0.078542
v 0.282247 0.150000 0.307232
v 0.279408 0.131596 0.309296
v 0.270403 0.114645 0.315845
v 0.256694 0.103511 0.325815
v 0.241810 0.100000 0.336640
v 0.226925 0.103511 0.347465
v 0.213217 0.114645 0.357435
v 0.204213 0.131596 0.363984
v 0.201374 0.150000 0.366049
v 0.204213 0.168405 0.363984
v 0.213217 0.185356 0.357435
v 0.226925 0.196489 0.347465
v 0.241810 0.200000 0.336640
v 0.256694 0.196489 0.325815
v 0.270403 0.185356 0.315845
v 0.279408 0.168405 0.309296
v 0.920416 0.225000 -0.156892
v 0.508449 0.300000 0.142721
v 0.096482 0.075000 0.442334
v 0.508449 0.000000 0.142721
v 0.096482 0.075000 0.442334
v 0.024870 0.075000 0.529048
v 0.000000 0.075000 0.639000
v -0.200000 0.075000 0.639000
v -0.152433 0.075000 0.436683
v -0.021153 0.075000 0.280586
v 0.096482 0.225000 0.442334
v 0.024870 0.225000 0.529048
v 0.000000 0.225000 0.639000
v -0.200000 0.225000 0.639000
v -0.152433 0.225000 0.436683
v -0.021153 0.225000 0.280586
v 0.425779 0.293635 -0.044455
v 0.802783 0.075000 -0.318639
v 0.697891 0.150000 -0.242354
v 0.695052 0.131596 -0.240289
v 0.686047 0.114645 -0.233741
v 0.672338 0.103511 -0.223771
v 0.657454 0.100000 -0.212945
v 0.642569 0.103511 -0.202120
v 0.628860 0.114645 -0.192150
v 0.619856 0.131596 -0.185602
v 0.617017 0.150000 -0.183537
v 0.619856 0.168405 -0.185602
v 0.628860 0.185356 -0.192150
v 0.642569 0.196489 -0.202120
v 0.657454 0.200000 -0.212945
v 0.672338 0.196489 -0.223771
v 0.686047 0.185356 -0.233741
v 0.695052 0.168405 -0.240289
v 0.708531 0.150000 -0.250093
v 0.708531 0.078183 -0.250093
v 0.708531 0.114091 -0.250093
v 0.755657 0.150000 -0.284366
v 0.755657 0.078183 -0.284366
v 0.708531 0.221817 -0.250093
v 0.567155 0.150000 -0.147274
v 0.520030 0.221817 -0.113001
v 0.567155 0.221817 -0.147274
v 0.708531 0.185909 -0.250093
v 0.755657 0.221817 -0.284366
v 0.802783 0.225000 -0.318639
v 0.434905 0.289742 -0.051092
v 0.475696 0.257165 -0.080758
v 0.503029 0.206987 -0.100637
v 0.512125 0.150000 -0.107252
v 0.503829 0.095483 -0.101219
v 0.477483 0.045045 -0.082058
v 0.425779 0.006366 -0.044455
v 0.355851 0.293635 0.006402
v 0.355851 0.006366 0.006402
v 0.346725 0.010258 0.013039
v 0.305933 0.042835 0.042706
v 0.278600 0.093014 0.062585
v 0.269504 0.150000 0.069199
v -0.021153 0.225000 0.280586
v 0.164612 0.150000 0.145484
v 0.161773 0.131596 0.147549
v 0.152769 0.114645 0.154098
v 0.139060 0.103511 0.164068
v 0.124176 0.100000 0.174893
v 0.109292 0.103511 0.185718
v 0.095582 0.114645 0.195688
v 0.086578 0.131596 0.202237
v 0.083739 0.150000 0.204301
v 0.086578 0.168405 0.202237
v 0.095582 0.185356 0.195688
v 0.109292 0.196489 0.185718
v 0.124176 0.200000 0.174893
v 0.139060 0.196489 0.164068
v 0.152769 0.185356 0.154098
v 0.161773 0.168405 0.147549
v -0.021153 0.075000 0.280586
v 0.277800 0.204517 0.063166
v 0.304146 0.254956 0.044005
v 1.040601 0.090790 -0.196589
v 1.040601 0.075000 -0.196589
v 1.090601 0.075000 -0.196589
v 1.090601 0.075000 -0.216589
v 1.065602 0.075000 -0.206589
v 1.040601 0.075000 -0.196589
v 1.040601 0.075000 -0.237330
v 1.090601 0.075000 -0.216589
v 1.090601 0.130000 -0.216589
v 1.065602 0.075000 -0.206589
v 1.065602 0.102500 -0.226959
v 1.040601 0.075000 -0.237330
v 1.040601 0.075000 -0.355848
v 1.090601 0.130000 -0.216589
v 1.090601 0.130000 -0.376589
v 1.065602 0.102500 -0.226959
v 1.065602 0.102500 -0.366219
v 1.040601 0.075000 -0.355848
v 1.040601 0.075000 -0.396589
v 1.090601 0.130000 -0.376589
v 1.090601 0.075000 -0.376589
v 1.065602 0.102500 -0.366219
v 1.073935 0.075000 -0.383256
v 1.057268 0.075000 -0.389922
v 1.040601 0.075000 -0.396589
v 1.040601 0.090790 -0.396589
v 1.065602 0.082895 -0.396589
v 1.090601 0.075000 -0.376589
v 1.090601 0.075000 -0.386589
v 1.090601 0.075000 -0.396589
v 1.057268 0.075000 -0.389922
v 1.073935 0.075000 -0.383256
v 1.065602 0.078947 -0.391589
v 1.040601 0.209211 -0.396589
v 1.040601 0.225000 -0.396589
v 1.090601 0.225000 -0.396589
v 1.090601 0.225000 -0.376589
v 1.065602 0.225000 -0.386589
v 1.040601 0.225000 -0.396589
v 1.040601 0.225000 -0.355848
v 1.090601 0.225000 -0.376589
v 1.090601 0.170000 -0.376589
v 1.065602 0.225000 -0.386589
v 1.065602 0.197500 -0.366219
v 1.040601 0.225000 -0.355848
v 1.040601 0.225000 -0.237330
v 1.065602 0.197500 -0.226959
v 1.090601 0.170000 -0.376589
v 1.090601 0.170000 -0.216589
v 1.065602 0.197500 -0.366219
v 1.040601 0.225000 -0.237330
v 1.040601 0.225000 -0.196589
v 1.090601 0.170000 -0.216589
v 1.090601 0.225000 -0.216589
v 1.065602 0.197500 -0.226959
v 1.065602 0.225000 -0.206589
v 1.040601 0.225000 -0.196589
v 1.040601 0.209211 -0.196589
v 1.090601 0.225000 -0.216589
v 1.090601 0.225000 -0.196589
v 1.065602 0.225000 -0.206589
v 4.109399 0.225000 -0.196589
v 1.090601 0.225000 -0.196589
v 4.109399 0.225000 -0.216589
v 1.090601 0.225000 -0.216589
v 4.109399 0.225000 -0.216589
v 1.090601 0.225000 -0.216589
v 4.109399 0.170000 -0.216589
v 1.090601 0.170000 -0.216589
v 4.109399 0.170000 -0.216589
v 1.090601 0.170000 -0.216589
v 4.109399 0.170000 -0.376589
v 1.090601 0.170000 -0.376589
v 4.109399 0.170000 -0.376589
v 1.090601 0.170000 -0.376589
v 4.109399 0.225000 -0.376589
v 1.090601 0.225000 -0.376589
v 4.109399 0.225000 -0.376589
v 1.090601 0.225000 -0.376589
v 4.109399 0.225000 -0.396589
v 1.090601 0.225000 -0.396589
v 4.159399 0.090790 -0.396589
v 4.134398 0.082895 -0.396589
v 4.109399 0.075000 -0.396589
v 4.109399 0.225000 -0.396589
v 4.159399 0.209211 -0.396589
v 4.159399 0.150000 -0.396589
v 1.090601 0.075000 -0.396589
v 1.065602 0.082895 -0.396589
v 1.040601 0.090790 -0.396589
v 1.040601 0.209211 -0.396589
v 1.090601 0.225000 -0.396589
v 1.040601 0.150000 -0.396589
v 4.109399 0.075000 -0.396589
v 1.090601 0.075000 -0.396589
v 4.109399 0.075000 -0.376589
v 1.090601 0.075000 -0.376589
v 1.090601 0.075000 -0.386589
v 4.109399 0.075000 -0.376589
v 1.090601 0.075000 -0.376589
v 4.109399 0.130000 -0.376589
v 1.090601 0.130000 -0.376589
v 4.109399 0.130000 -0.376589
v 1.090601 0.130000 -0.376589
v 4.109399 0.130000 -0.216589
v 1.090601 0.130000 -0.216589
v 4.109399 0.130000 -0.216589
v 1.090601 0.130000 -0.216589
v 4.109399 0.075000 -0.216589
v 1.090601 0.075000 -0.216589
v 4.109399 0.075000 -0.216589
v 1.090601 0.075000 -0.216589
v 4.109399 0.075000 -0.196589
v 1.090601 0.075000 -0.196589
v 4.109399 0.075000 -0.196589
v 4.134398 0.082895 -0.196589
v 4.159399 0.090790 -0.196589
v 4.159399 0.209211 -0.196589
v 4.109399 0.225000 -0.196589
v 4.159399 0.150000 -0.196589
v 1.040601 0.090790 -0.196589
v 1.090601 0.075000 -0.196589
v 1.090601 0.225000 -0.196589
v 1.040601 0.209211 -0.196589
v 1.040601 0.150000 -0.196589
vt 0.37192946672439575 0.20728151500225067
vt 0.33276751637458801 0.20728151500225067
vt 0.29360556602478027 0.20728151500225067
vt 0.25444361567497253 0.20728151500225067
vt 0.21528166532516479 0.20728151500225067
vt 0.17611971497535706 0.20728151500225067
vt 0.37192946672439575 0.21527683734893799
vt 0.33276751637458801 0.21527683734893799
vt 0.29360556602478027 0.21527683734893799
vt 0.25444361567497253 0.21527683734893799
vt 0.21528166532516479 0.21527683734893799
vt 0.17611971497535706 0.21527683734893799
vt 0.37192946672439575 0.22297060489654541
vt 0.33276751637458801 0.22297060489654541
vt 0.29360556602478027 0.22297060489654541
vt 0.25444361567497253 0.22297060489654541
vt 0.21528166532516479 0.22297060489654541
vt 0.17611971497535706 0.22297060489654541
vt 0.37192946672439575 0.23062033951282501
vt 0.33276751637458801 0.23062033951282501
vt 0.29360556602478027 0.23062033951282501
vt 0.25444361567497253 0.23062033951282501
vt 0.21528166532516479 0.23062033951282501
vt 0.17611971497535706 0.23062033951282501
vt 0.37192946672439575 0.23827007412910461
vt 0.33276751637458801 0.23827007412910461
vt 0.29360556602478027 0.23827007412910461
vt 0.25444361567497253 0.23827007412910461
vt 0.21528166532516479 0.23827007412910461
vt 0.17611971497535706 0.23827007412910461
vt 0.37192946672439575 0.24626539647579193
vt 0.33276751637458801 0.24626539647579193
vt 0.29360556602478027 0.24626539647579193
vt 0.25444361567497253 0.24626539647579193
vt 0.21528166532516479 0.24626539647579193
vt 0.17611971497535706 0.24626539647579193
vt 0.37192946672439575 0.25395917892456055
vt 0.33276751637458801 0.25395917892456055
vt 0.29360556602478027 0.25395917892456055
vt 0.25444361567497253 0.25395917892456055
vt 0.21528166532516479 0.25395917892456055
vt 0.17611971497535706 0.25395917892456055
vt 0.37192946672439575 0.26160889863967896
vt 0.33276751637458801 0.26160889863967896
vt 0.29360556602478027 0.26160889863967896
vt 0.25444361567497253 0.26160889863967896
vt 0.21528166532516479 0.26160889863967896
vt 0.17611971497535706 0.26160889863967896
vt 0.37192946672439575 0.26925864815711975
vt 0.33276751637458801 0.26925864815711975
vt 0.29360556602478027 0.26925864815711975
vt 0.25444361567497253 0.26925864815711975
vt 0.21528166532516479 0.26925864815711975
vt 0.17611971497535706 0.26925864815711975
vt 0.37192946672439575 0.27725395560264587
vt 0.33276751637458801 0.27725395560264587
vt 0.29360556602478027 0.27725395560264587
vt 0.25444361567497253 0.27725395560264587
vt 0.21528166532516479 0.27725395560264587
vt 0.17611971497535706 0.27725395560264587
vt 0.37192946672439575 0.2849477231502533
vt 0.33276751637458801 0.2849477231502533
vt 0.29360556602478027 0.2849477231502533
vt 0.25444361567497253 0.2849477231502533
vt 0.21528166532516479 0.2849477231502533
vt 0.17611971497535706 0.2849477231502533
vt 0.37192946672439575 0.29259747266769409
vt 0.33276751637458801 0.29259747266769409
vt 0.29360556602478027 0.29259747266769409
vt 0.25444361567497253 0.29259747266769409
vt 0.21528166532516479 0.29259747266769409
vt 0.17611971497535706 0.29259747266769409
vt 0.37192946672439575 0.3002471923828125
vt 0.33276751637458801 0.3002471923828125
vt 0.29360556602478027 0.3002471923828125
vt 0.25444361567497253 0.3002471923828125
vt 0.21528166532516479 0.3002471923828125
vt 0.17611971497535706 0.3002471923828125
vt 0.37192946672439575 0.30824252963066101
vt 0.33276751637458801 0.30824252963066101
vt 0.29360556602478027 0.30824252963066101
vt 0.25444361567497253 0.30824252963066101
vt 0.21528166532516479 0.30824252963066101
vt 0.17611971497535706 0.30824252963066101
vt 0.37192946672439575 0.31593629717826843
vt 0.33276751637458801 0.31593629717826843
vt 0.29360556602478027 0.31593629717826843
vt 0.25444361567497253 0.31593629717826843
vt 0.21528166532516479 0.31593629717826843
vt 0.17611971497535706 0.31593629717826843
vt 0.37192946672439575 0.32358601689338684
vt 0.33276751637458801 0.32358601689338684
vt 0.29360556602478027 0.32358601689338684
vt 0.25444361567497253 0.32358601689338684
vt 0.21528166532516479 0.32358601689338684
vt 0.17611971497535706 0.32358601689338684
vt 0.37192946672439575 0.33123576641082764
vt 0.33276751637458801 0.33123576641082764
vt 0.29360556602478027 0.33123576641082764
vt 0.25444361567497253 0.33123576641082764
vt 0.21528166532516479 0.33123576641082764
vt 0.17611971497535706 0.33123576641082764
vt 0.35234850645065308 0.21527683734893799
vt 0.33276751637458801 0.21127918362617493
vt 0.35234850645065308 0.20728151500225067
vt 0.35234850645065308 0.21127918362617493
vt 0.35234850645065308 0.23062033951282501
vt 0.33276751637458801 0.22679547965526581
vt 0.35234850645065308 0.22297060489654541
vt 0.35234850645065308 0.22679547965526581
vt 0.35234850645065308 0.23827007412910461
vt 0.33276751637458801 0.23444521427154541
vt 0.35234850645065308 0.23444521427154541
vt 0.35234850645065308 0.24626539647579193
vt 0.33276751637458801 0.24226774275302887
vt 0.35234850645065308 0.24226774275302887
vt 0.35234850645065308 0.26160889863967896
vt 0.33276751637458801 0.25778403878211975
vt 0.35234850645065308 0.25395917892456055
vt 0.35234850645065308 0.25778403878211975
vt 0.35234850645065308 0.26925864815711975
vt 0.33276751637458801 0.26543375849723816
vt 0.35234850645065308 0.26543375849723816
vt 0.35234850645065308 0.27725395560264587
vt 0.33276751637458801 0.27325630187988281
vt 0.35234850645065308 0.27325630187988281
vt 0.35234850645065308 0.29259747266769409
vt 0.33276751637458801 0.2887725830078125
vt 0.35234850645065308 0.2849477231502533
vt 0.35234850645065308 0.2887725830078125
vt 0.35234850645065308 0.3002471923828125
vt 0.33276751637458801 0.2964223325252533
vt 0.35234850645065308 0.2964223325252533
vt 0.35234850645065308 0.30824252963066101
vt 0.33276751637458801 0.30424487590789795
vt 0.35234850645065308 0.30424487590789795
vt 0.35234850645065308 0.32358601689338684
vt 0.33276751637458801 0.31976115703582764
vt 0.35234850645065308 0.31593629717826843
vt 0.35234850645065308 0.31976115703582764
vt 0.35234850645065308 0.33123576641082764
vt 0.33276751637458801 0.32741090655326843
vt 0.35234850645065308 0.32741090655326843
vt 0.19570069015026093 0.33123576641082764
vt 0.19570069015026093 0.32358601689338684
vt 0.21528166532516479 0.32741090655326843
vt 0.19570069015026093 0.32741090655326843
vt 0.19570069015026093 0.31593629717826843
vt 0.21528166532516479 0.31976115703582764
vt 0.19570069015026093 0.31976115703582764
vt 0.19570069015026093 0.30824252963066101
vt 0.19570069015026093 0.3002471923828125
vt 0.21528166532516479 0.30424487590789795
vt 0.19570069015026093 0.30424487590789795
vt 0.19570069015026093 0.29259747266769409
vt 0.21528166532516479 0.2964223325252533
vt 0.19570069015026093 0.2964223325252533
vt 0.19570069015026093 0.2849477231502533
vt 0.21528166532516479 0.2887725830078125
vt 0.19570069015026093 0.2887725830078125
vt 0.19570069015026093 0.27725395560264587
vt 0.19570069015026093 0.26925864815711975
vt 0.21528166532516479 0.27325630187988281
vt 0.19570069015026093 0.27325630187988281
vt 0.19570069015026093 0.26160889863967896
vt 0.21528166532516479 0.26543375849723816
vt 0.19570069015026093 0.26543375849723816
vt 0.19570069015026093 0.25395917892456055
vt 0.21528166532516479 0.25778403878211975
vt 0.19570069015026093 0.25778403878211975
vt 0.19570069015026093 0.24626539647579193
vt 0.19570069015026093 0.23827007412910461
vt 0.21528166532516479 0.24226774275302887
vt 0.19570069015026093 0.24226774275302887
vt 0.19570069015026093 0.23062033951282501
vt 0.21528166532516479 0.23444521427154541
vt 0.19570069015026093 0.23444521427154541
vt 0.19570069015026093 0.22297060489654541
vt 0.21528166532516479 0.22679547965526581
vt 0.19570069015026093 0.22679547965526581
vt 0.19570069015026093 0.21527683734893799
vt 0.19570069015026093 0.20728151500225067
vt 0.21528166532516479 0.21127918362617493
vt 0.19570069015026093 0.21127918362617493
vt 0.30630481243133545 0.14309567213058472
vt 0.29881012439727783 0.1416165828704834
vt 0.29221084713935852 0.13717159628868103
vt 0.28792643547058105 0.13053815066814423
vt 0.28657734394073486 0.12336821854114532
vt 0.28805643320083618 0.1158735528588295
vt 0.29250141978263855 0.10927426069974899
vt 0.29913488030433655 0.10498984158039093
vt 0.30630481243133545 0.10364075750112534
vt 0.31379947066307068 0.10511985421180725
vt 0.32039874792098999 0.10956484079360962
vt 0.32468318939208984 0.11619827896356583
vt 0.32603228092193604 0.12336821854114532
vt 0.32455316185951233 0.13086289167404175
vt 0.32010817527770996 0.13746216893196106
vt 0.31347474455833435 0.14174659550189972
vt 0.37192946672439575 0.5328863263130188
vt 0.33276751637458801 0.5328863263130188
vt 0.29360556602478027 0.5328863263130188
vt 0.25444361567497253 0.5328863263130188
vt 0.21528166532516479 0.5328863263130188
vt 0.17611971497535706 0.5328863263130188
vt 0.37192946672439575 0.54088163375854492
vt 0.33276751637458801 0.54088163375854492
vt 0.29360556602478027 0.54088163375854492
vt 0.25444361567497253 0.54088163375854492
vt 0.21528166532516479 0.54088163375854492
vt 0.17611971497535706 0.54088163375854492
vt 0.37192946672439575 0.54857540130615234
vt 0.33276751637458801 0.54857540130615234
vt 0.29360556602478027 0.54857540130615234
vt 0.25444361567497253 0.54857540130615234
vt 0.21528166532516479 0.54857540130615234
vt 0.17611971497535706 0.54857540130615234
vt 0.37192946672439575 0.55622518062591553
vt 0.33276751637458801 0.55622518062591553
vt 0.29360556602478027 0.55622518062591553
vt 0.25444361567497253 0.55622518062591553
vt 0.21528166532516479 0.55622518062591553
vt 0.17611971497535706 0.55622518062591553
vt 0.37192946672439575 0.56387490034103394
vt 0.33276751637458801 0.56387490034103394
vt 0.29360556602478027 0.56387490034103394
vt 0.25444361567497253 0.56387490034103394
vt 0.21528166532516479 0.56387490034103394
vt 0.17611971497535706 0.56387490034103394
vt 0.37192946672439575 0.57187020778656006
vt 0.33276751637458801 0.57187020778656006
vt 0.29360556602478027 0.57187020778656006
vt 0.25444361567497253 0.57187020778656006
vt 0.21528166532516479 0.57187020778656006
vt 0.17611971497535706 0.57187020778656006
vt 0.37192946672439575 0.57956397533416748
vt 0.33276751637458801 0.57956397533416748
vt 0.29360556602478027 0.57956397533416748
vt 0.25444361567497253 0.57956397533416748
vt 0.21528166532516479 0.57956397533416748
vt 0.17611971497535706 0.57956397533416748
vt 0.37192946672439575 0.58721369504928589
vt 0.33276751637458801 0.58721369504928589
vt 0.29360556602478027 0.58721369504928589
vt 0.25444361567497253 0.58721369504928589
vt 0.21528166532516479 0.58721369504928589
vt 0.17611971497535706 0.58721369504928589
vt 0.37192946672439575 0.59486347436904907
vt 0.33276751637458801 0.59486347436904907
vt 0.29360556602478027 0.59486347436904907
vt 0.25444361567497253 0.59486347436904907
vt 0.21528166532516479 0.59486347436904907
vt 0.17611971497535706 0.59486347436904907
vt 0.37192946672439575 0.6028587818145752
vt 0.33276751637458801 0.6028587818145752
vt 0.29360556602478027 0.6028587818145752
vt 0.25444361567497253 0.6028587818145752
vt 0.21528166532516479 0.6028587818145752
vt 0.17611971497535706 0.6028587818145752
vt 0.37192946672439575 0.61055254936218262
vt 0.33276751637458801 0.61055254936218262
vt 0.29360556602478027 0.61055254936218262
vt 0.25444361567497253 0.61055254936218262
vt 0.21528166532516479 0.61055254936218262
vt 0.17611971497535706 0.61055254936218262
vt 0.37192946672439575 0.61820226907730103
vt 0.33276751637458801 0.61820226907730103
vt 0.29360556602478027 0.61820226907730103
vt 0.25444361567497253 0.61820226907730103
vt 0.21528166532516479 0.61820226907730103
vt 0.17611971497535706 0.61820226907730103
vt 0.37192946672439575 0.62585198879241943
vt 0.33276751637458801 0.62585198879241943
vt 0.29360556602478027 0.62585198879241943
vt 0.25444361567497253 0.62585198879241943
vt 0.21528166532516479 0.62585198879241943
vt 0.17611971497535706 0.62585198879241943
vt 0.37192946672439575 0.63384735584259033
vt 0.33276751637458801 0.63384735584259033
vt 0.29360556602478027 0.63384735584259033
vt 0.25444361567497253 0.63384735584259033
vt 0.21528166532516479 0.63384735584259033
vt 0.17611971497535706 0.63384735584259033
vt 0.37192946672439575 0.64154112339019775
vt 0.33276751637458801 0.64154112339019775
vt 0.29360556602478027 0.64154112339019775
vt 0.25444361567497253 0.64154112339019775
vt 0.21528166532516479 0.64154112339019775
vt 0.17611971497535706 0.64154112339019775
vt 0.37192946672439575 0.64919084310531616
vt 0.33276751637458801 0.64919084310531616
vt 0.29360556602478027 0.64919084310531616
vt 0.25444361567497253 0.64919084310531616
vt 0.21528166532516479 0.64919084310531616
vt 0.17611971497535706 0.64919084310531616
vt 0.37192946672439575 0.65684056282043457
vt 0.33276751637458801 0.65684056282043457
vt 0.29360556602478027 0.65684056282043457
vt 0.25444361567497253 0.65684056282043457
vt 0.21528166532516479 0.65684056282043457
vt 0.17611971497535706 0.65684056282043457
vt 0.35234850645065308 0.54088163375854492
vt 0.33276751637458801 0.53688400983810425
vt 0.35234850645065308 0.5328863263130188
vt 0.35234850645065308 0.53688400983810425
vt 0.35234850645065308 0.55622518062591553
vt 0.33276751637458801 0.55240029096603394
vt 0.35234850645065308 0.54857540130615234
vt 0.35234850645065308 0.55240029096603394
vt 0.35234850645065308 0.56387490034103394
vt 0.33276751637458801 0.56005001068115234
vt 0.35234850645065308 0.56005001068115234
vt 0.35234850645065308 0.57187020778656006
vt 0.33276751637458801 0.56787258386611938
vt 0.35234850645065308 0.56787258386611938
vt 0.35234850645065308 0.58721369504928589
vt 0.33276751637458801 0.58338886499404907
vt 0.35234850645065308 0.57956397533416748
vt 0.35234850645065308 0.58338886499404907
vt 0.35234850645065308 0.59486347436904907
vt 0.33276751637458801 0.59103858470916748
vt 0.35234850645065308 0.59103858470916748
vt 0.35234850645065308 0.6028587818145752
vt 0.33276751637458801 0.59886109828948975
vt 0.35234850645065308 0.59886109828948975
vt 0.35234850645065308 0.61820226907730103
vt 0.33276751637458801 0.61437737941741943
vt 0.35234850645065308 0.61055254936218262
vt 0.35234850645065308 0.61437737941741943
vt 0.35234850645065308 0.62585198879241943
vt 0.33276751637458801 0.62202715873718262
vt 0.35234850645065308 0.62202715873718262
vt 0.35234850645065308 0.63384735584259033
vt 0.33276751637458801 0.62984967231750488
vt 0.35234850645065308 0.62984967231750488
vt 0.35234850645065308 0.64919084310531616
vt 0.33276751637458801 0.64536595344543457
vt 0.35234850645065308 0.64154112339019775
vt 0.35234850645065308 0.64536595344543457
vt 0.35234850645065308 0.65684056282043457
vt 0.33276751637458801 0.65301573276519775
vt 0.35234850645065308 0.65301573276519775
vt 0.19570069015026093 0.65684056282043457
vt 0.19570069015026093 0.64919084310531616
vt 0.21528166532516479 0.65301573276519775
vt 0.19570069015026093 0.65301573276519775
vt 0.19570069015026093 0.64154112339019775
vt 0.21528166532516479 0.64536595344543457
vt 0.19570069015026093 0.64536595344543457
vt 0.19570069015026093 0.63384735584259033
vt 0.19570069015026093 0.62585198879241943
vt 0.21528166532516479 0.62984967231750488
vt 0.19570069015026093 0.62984967231750488
vt 0.19570069015026093 0.61820226907730103
vt 0.21528166532516479 0.62202715873718262
vt 0.19570069015026093 0.62202715873718262
vt 0.19570069015026093 0.61055254936218262
vt 0.21528166532516479 0.61437737941741943
vt 0.19570069015026093 0.61437737941741943
vt 0.19570069015026093 0.6028587818145752
vt 0.19570069015026093 0.59486347436904907
vt 0.21528166532516479 0.59886109828948975
vt 0.19570069015026093 0.59886109828948975
vt 0.19570069015026093 0.58721369504928589
vt 0.21528166532516479 0.59103858470916748
vt 0.19570069015026093 0.59103858470916748
vt 0.19570069015026093 0.57956397533416748
vt 0.21528166532516479 0.58338886499404907
vt 0.19570069015026093 0.58338886499404907
vt 0.19570069015026093 0.57187020778656006
vt 0.19570069015026093 0.56387490034103394
vt 0.21528166532516479 0.56787258386611938
vt 0.19570069015026093 0.56787258386611938
vt 0.19570069015026093 0.55622518062591553
vt 0.21528166532516479 0.56005001068115234
vt 0.19570069015026093 0.56005001068115234
vt 0.19570069015026093 0.54857540130615234
vt 0.21528166532516479 0.55240029096603394
vt 0.19570069015026093 0.55240029096603394
vt 0.19570069015026093 0.54088163375854492
vt 0.19570069015026093 0.5328863263130188
vt 0.21528166532516479 0.53688400983810425
vt 0.19570069015026093 0.53688400983810425
vt 0.30630481243133545 0
vt 0.31379947066307068 0.0014791003195568919
vt 0.32039874792098999 0.00592408562079072
vt 0.32468318939208984 0.012557524256408215
vt 0.32603228092193604 0.019727461040019989
vt 0.32455316185951233 0.027222128584980965
vt 0.32010817527770996 0.033821415156126022
vt 0.31347474455833435 0.038105838000774384
vt 0.30630481243133545 0.039454922080039978
vt 0.29881012439727783 0.037975821644067764
vt 0.29221084713935852 0.033530835062265396
vt 0.28792643547058105 0.02689739502966404
vt 0.28657734394073486 0.019727461040019989
vt 0.28805643320083618 0.012232792563736439
vt 0.29250141978263855 0.0056335064582526684
vt 0.29913488030433655 0.0013490839628502727
vt 0.77988380193710327 0
vt 0.7984769344329834 0.008343920111656189
vt 0.79687786102294922 0.008343920111656189
vt 0.78761142492294312 0.008343920111656189
vt 0.78608149290084839 0.008343920111656189
vt 0.78448241949081421 0.008343920111656189
vt 0.78294366598129272 0.008343920111656189
vt 0.781413733959198 0.008343920111656189
vt 0.77988380193710327 0.008343920111656189
vt 0.77828472852706909 0.008343920111656189
vt 0.77674597501754761 0.008343920111656189
vt 0.77521604299545288 0.008343920111656189
vt 0.77368605136871338 0.008343920111656189
vt 0.7984769344329834 0.016687840223312378
vt 0.79687786102294922 0.016687840223312378
vt 0.79533910751342773 0.016687840223312378
vt 0.79380917549133301 0.016687840223312378
vt 0.79227918386459351 0.016687840223312378
vt 0.79068011045455933 0.016687840223312378
vt 0.78914141654968262 0.016687840223312378
vt 0.78761142492294312 0.016687840223312378
vt 0.78608149290084839 0.016687840223312378
vt 0.78448241949081421 0.016687840223312378
vt 0.78294366598129272 0.016687840223312378
vt 0.781413733959198 0.016687840223312378
vt 0.77988380193710327 0.016687840223312378
vt 0.77828472852706909 0.016687840223312378
vt 0.77674597501754761 0.016687840223312378
vt 0.77521604299545288 0.016687840223312378
vt 0.77368605136871338 0.016687840223312378
vt 0.7984769344329834 0.025031762197613716
vt 0.79687786102294922 0.025031762197613716
vt 0.79533910751342773 0.025031762197613716
vt 0.79380917549133301 0.025031762197613716
vt 0.79227918386459351 0.025031762197613716
vt 0.79068011045455933 0.025031762197613716
vt 0.78914141654968262 0.025031762197613716
vt 0.78761142492294312 0.025031762197613716
vt 0.78608149290084839 0.025031762197613716
vt 0.78448241949081421 0.025031762197613716
vt 0.78294366598129272 0.025031762197613716
vt 0.781413733959198 0.025031762197613716
vt 0.77988380193710327 0.025031762197613716
vt 0.77828472852706909 0.025031762197613716
vt 0.77674597501754761 0.025031762197613716
vt 0.77521604299545288 0.025031762197613716
vt 0.77368605136871338 0.025031762197613716
vt 0.7984769344329834 0.033375680446624756
vt 0.79687786102294922 0.033375680446624756
vt 0.79533910751342773 0.033375680446624756
vt 0.79380917549133301 0.033375680446624756
vt 0.79227918386459351 0.033375680446624756
vt 0.79068011045455933 0.033375680446624756
vt 0.78914141654968262 0.033375680446624756
vt 0.78761142492294312 0.033375680446624756
vt 0.78608149290084839 0.033375680446624756
vt 0.78448241949081421 0.033375680446624756
vt 0.78294366598129272 0.033375680446624756
vt 0.781413733959198 0.033375680446624756
vt 0.77988380193710327 0.033375680446624756
vt 0.77828472852706909 0.033375680446624756
vt 0.77674597501754761 0.033375680446624756
vt 0.77521604299545288 0.033375680446624756
vt 0.77368605136871338 0.033375680446624756
vt 0.7984769344329834 0.041719604283571243
vt 0.79687786102294922 0.041719604283571243
vt 0.79533910751342773 0.041719604283571243
vt 0.79380917549133301 0.041719604283571243
vt 0.79227918386459351 0.041719604283571243
vt 0.79068011045455933 0.041719604283571243
vt 0.78914141654968262 0.041719604283571243
vt 0.78761142492294312 0.041719604283571243
vt 0.78608149290084839 0.041719604283571243
vt 0.78448241949081421 0.041719604283571243
vt 0.78294366598129272 0.041719604283571243
vt 0.781413733959198 0.041719604283571243
vt 0.77988380193710327 0.041719604283571243
vt 0.77828472852706909 0.041719604283571243
vt 0.77674597501754761 0.041719604283571243
vt 0.77521604299545288 0.041719604283571243
vt 0.77368605136871338 0.041719604283571243
vt 0.7984769344329834 0.050063524395227432
vt 0.79687786102294922 0.050063524395227432
vt 0.79533910751342773 0.050063524395227432
vt 0.79380917549133301 0.050063524395227432
vt 0.79227918386459351 0.050063524395227432
vt 0.79068011045455933 0.050063524395227432
vt 0.78914141654968262 0.050063524395227432
vt 0.78761142492294312 0.050063524395227432
vt 0.78608149290084839 0.050063524395227432
vt 0.78448241949081421 0.050063524395227432
vt 0.78294366598129272 0.050063524395227432
vt 0.781413733959198 0.050063524395227432
vt 0.77988380193710327 0.050063524395227432
vt 0.77828472852706909 0.050063524395227432
vt 0.77674597501754761 0.050063524395227432
vt 0.77521604299545288 0.050063524395227432
vt 0.77368605136871338 0.050063524395227432
vt 0.7984769344329834 0.058407444506883621
vt 0.79687786102294922 0.058407444506883621
vt 0.79533910751342773 0.058407444506883621
vt 0.79380917549133301 0.058407444506883621
vt 0.79227918386459351 0.058407444506883621
vt 0.79068011045455933 0.058407444506883621
vt 0.78914141654968262 0.058407444506883621
vt 0.78761142492294312 0.058407444506883621
vt 0.78608149290084839 0.058407444506883621
vt 0.78448241949081421 0.058407444506883621
vt 0.78294366598129272 0.058407444506883621
vt 0.781413733959198 0.058407444506883621
vt 0.77988380193710327 0.058407444506883621
vt 0.77828472852706909 0.058407444506883621
vt 0.77674597501754761 0.058407444506883621
vt 0.77521604299545288 0.058407444506883621
vt 0.77368605136871338 0.058407444506883621
vt 0.7984769344329834 0.066751360893249512
vt 0.79227918386459351 0.066751360893249512
vt 0.78608149290084839 0.066751360893249512
vt 0.77988380193710327 0.066751360893249512
vt 0.77368605136871338 0.066751360893249512
vt 0.79692751169204712 0.066751360893249512
vt 0.79537808895111084 0.066751360893249512
vt 0.79382860660552979 0.066751360893249512
vt 0.79072976112365723 0.066751360893249512
vt 0.78918033838272095 0.066751360893249512
vt 0.78763091564178467 0.066751360893249512
vt 0.78453207015991211 0.066751360893249512
vt 0.78298264741897583 0.066751360893249512
vt 0.78143322467803955 0.066751360893249512
vt 0.77833437919616699 0.066751360893249512
vt 0.77678489685058594 0.066751360893249512
vt 0.77523547410964966 0.066751360893249512
vt 0.79687786102294922 0.062579400837421417
vt 0.79767739772796631 0.058407444506883621
vt 0.7984769344329834 0.062579400837421417
vt 0.79767739772796631 0.062579400837421417
vt 0.79533910751342773 0.062579400837421417
vt 0.79610848426818848 0.058407444506883621
vt 0.79610848426818848 0.062579400837421417
vt 0.79380917549133301 0.062579400837421417
vt 0.79457414150238037 0.058407444506883621
vt 0.79457414150238037 0.062579400837421417
vt 0.79227918386459351 0.062579400837421417
vt 0.79304414987564087 0.058407444506883621
vt 0.79304414987564087 0.062579400837421417
vt 0.79068011045455933 0.062579400837421417
vt 0.79147964715957642 0.058407444506883621
vt 0.79147964715957642 0.062579400837421417
vt 0.78914141654968262 0.062579400837421417
vt 0.78991079330444336 0.058407444506883621
vt 0.78991079330444336 0.062579400837421417
vt 0.78761142492294312 0.062579400837421417
vt 0.78837639093399048 0.058407444506883621
vt 0.78837639093399048 0.062579400837421417
vt 0.78448241949081421 0.062579400837421417
vt 0.7852819561958313 0.058407444506883621
vt 0.78608149290084839 0.062579400837421417
vt 0.7852819561958313 0.062579400837421417
vt 0.78294366598129272 0.062579400837421417
vt 0.78371304273605347 0.058407444506883621
vt 0.78371304273605347 0.062579400837421417
vt 0.781413733959198 0.062579400837421417
vt 0.78217869997024536 0.058407444506883621
vt 0.78217869997024536 0.062579400837421417
vt 0.77828472852706909 0.062579400837421417
vt 0.77908426523208618 0.058407444506883621
vt 0.77988380193710327 0.062579400837421417
vt 0.77908426523208618 0.062579400837421417
vt 0.77674597501754761 0.062579400837421417
vt 0.77751535177230835 0.058407444506883621
vt 0.77751535177230835 0.062579400837421417
vt 0.77521604299545288 0.062579400837421417
vt 0.77598100900650024 0.058407444506883621
vt 0.77598100900650024 0.062579400837421417
vt 0.77368605136871338 0.062579400837421417
vt 0.77445101737976074 0.058407444506883621
vt 0.77445101737976074 0.062579400837421417
vt 0.77368605136871338 0.0052406312897801399
vt 0.77633649110794067 0.0021037606056779623
vt 0.77790951728820801 0.00065297272522002459
vt 0.77879202365875244 0.00019332446390762925
vt 0.7809755802154541 0.00019332446390762925
vt 0.78185802698135376 0.00065297272522002459
vt 0.78343105316162109 0.0021037606056779623
vt 0.78608149290084839 0.0052406312897801399
vt 0.78871810436248779 0.0080869384109973907
vt 0.79028117656707764 0.0092520322650671005
vt 0.79117649793624878 0.0096061583608388901
vt 0.79227918386459351 0.009748353622853756
vt 0.79338186979293823 0.0096061583608388901
vt 0.79427725076675415 0.0092520322650671005
vt 0.79584032297134399 0.0080869384109973907
vt 0.7984769344329834 0.0052406312897801399
vt 0.77751535177230835 0.008343920111656189
vt 0.77674597501754761 0.0041719600558280945
vt 0.77828472852706909 0.0041719600558280945
vt 0.77751535177230835 0.0041719600558280945
vt 0.77908426523208618 0.008343920111656189
vt 0.77988380193710327 0.0041719600558280945
vt 0.77908426523208618 0.0041719600558280945
vt 0.78064876794815063 0.008343920111656189
vt 0.781413733959198 0.0041719600558280945
vt 0.78064876794815063 0.0041719600558280945
vt 0.78217869997024536 0.008343920111656189
vt 0.78294366598129272 0.0041719600558280945
vt 0.78217869997024536 0.0041719600558280945
vt 0.78991079330444336 0.016687840223312378
vt 0.78914141654968262 0.012515881098806858
vt 0.79068011045455933 0.012515881098806858
vt 0.78991079330444336 0.012515881098806858
vt 0.79029548168182373 0.012515881098806858
vt 0.78991079330444336 0.010429901070892811
vt 0.79068011045455933 0.010429901070892811
vt 0.79029548168182373 0.010429901070892811
vt 0.79147964715957642 0.016687840223312378
vt 0.79227918386459351 0.012515881098806858
vt 0.79147964715957642 0.012515881098806858
vt 0.79107987880706787 0.012515881098806858
vt 0.79147964715957642 0.010429901070892811
vt 0.79107987880706787 0.010429901070892811
vt 0.79304414987564087 0.016687840223312378
vt 0.79380917549133301 0.012515881098806858
vt 0.79304414987564087 0.012515881098806858
vt 0.79342669248580933 0.012515881098806858
vt 0.79304414987564087 0.010429901070892811
vt 0.79380917549133301 0.010429901070892811
vt 0.79342669248580933 0.010429901070892811
vt 0.79457414150238037 0.016687840223312378
vt 0.79533910751342773 0.012515881098806858
vt 0.79457414150238037 0.012515881098806858
vt 0.79419165849685669 0.012515881098806858
vt 0.79457414150238037 0.010429901070892811
vt 0.79419165849685669 0.010429901070892811
vt 0.834331214427948 0.5521349310874939
vt 0.834331214427948 0.55833262205123901
vt 0.834331214427948 0.56453037261962891
vt 0.834331214427948 0.57072806358337402
vt 0.834331214427948 0.57692581415176392
vt 0.8408660888671875 0.5521349310874939
vt 0.8408660888671875 0.56766819953918457
vt 0.8408660888671875 0.5691981315612793
vt 0.8408660888671875 0.57072806358337402
vt 0.8408660888671875 0.5723271369934082
vt 0.8408660888671875 0.57692581415176392
vt 0.84740197658538818 0.5521349310874939
vt 0.84740197658538818 0.55833262205123901
vt 0.84740197658538818 0.56453037261962891
vt 0.84740197658538818 0.57072806358337402
vt 0.84740197658538818 0.57692581415176392
vt 0.834331214427948 0.57537633180618286
vt 0.834331214427948 0.57382690906524658
vt 0.834331214427948 0.5722774863243103
vt 0.834331214427948 0.56917864084243774
vt 0.834331214427948 0.56762921810150146
vt 0.834331214427948 0.56607979536056519
vt 0.834331214427948 0.56298094987869263
vt 0.834331214427948 0.56143152713775635
vt 0.834331214427948 0.55988210439682007
vt 0.834331214427948 0.55678319931030273
vt 0.834331214427948 0.55523377656936646
vt 0.834331214427948 0.55368435382843018
vt 0.8408660888671875 0.57152760028839111
vt 0.83759868144989014 0.5723271369934082
vt 0.83759868144989014 0.57072806358337402
vt 0.83759868144989014 0.57152760028839111
vt 0.8408660888671875 0.56843316555023193
vt 0.83759868144989014 0.5691981315612793
vt 0.83759868144989014 0.56766819953918457
vt 0.83759868144989014 0.56843316555023193
vt 0.84740197658538818 0.55368435382843018
vt 0.84740197658538818 0.55523377656936646
vt 0.84740197658538818 0.55678319931030273
vt 0.84740197658538818 0.55988210439682007
vt 0.84740197658538818 0.56143152713775635
vt 0.84740197658538818 0.56298094987869263
vt 0.84740197658538818 0.56607979536056519
vt 0.84740197658538818 0.56762921810150146
vt 0.84740197658538818 0.56917864084243774
vt 0.84740197658538818 0.5722774863243103
vt 0.84740197658538818 0.57382690906524658
vt 0.84740197658538818 0.57537633180618286
vt 0.84413403272628784 0.5691981315612793
vt 0.84413403272628784 0.56766819953918457
vt 0.84413403272628784 0.56843316555023193
vt 0.84413403272628784 0.5723271369934082
vt 0.84413403272628784 0.57072806358337402
vt 0.84413403272628784 0.57152760028839111
vt 0.8408660888671875 0.55527275800704956
vt 0.8408660888671875 0.55680269002914429
vt 0.8408660888671875 0.55833262205123901
vt 0.8408660888671875 0.55993169546127319
vt 0.8408660888671875 0.56147044897079468
vt 0.8408660888671875 0.56300044059753418
vt 0.8408660888671875 0.56453037261962891
vt 0.8408660888671875 0.56612944602966309
vt 0.8408660888671875 0.57539582252502441
vt 0.39818516373634338 0.13401311635971069
vt 0.39198744297027588 0.13401311635971069
vt 0.38578975200653076 0.13401311635971069
vt 0.37959203124046326 0.13401311635971069
vt 0.37339431047439575 0.13401311635971069
vt 0.39818516373634338 0.14200016856193542
vt 0.3965860903263092 0.14200016856193542
vt 0.39504733681678772 0.14200016856193542
vt 0.39351740479469299 0.14200016856193542
vt 0.39198744297027588 0.14200016856193542
vt 0.39038839936256409 0.14200016856193542
vt 0.3888496458530426 0.14200016856193542
vt 0.38731968402862549 0.14200016856193542
vt 0.38578975200653076 0.14200016856193542
vt 0.38419067859649658 0.14200016856193542
vt 0.3826519250869751 0.14200016856193542
vt 0.38112196326255798 0.14200016856193542
vt 0.37959203124046326 0.14200016856193542
vt 0.37799295783042908 0.14200016856193542
vt 0.37645420432090759 0.14200016856193542
vt 0.37492427229881287 0.14200016856193542
vt 0.37339431047439575 0.14200016856193542
vt 0.39818516373634338 0.14998722076416016
vt 0.3965860903263092 0.14998722076416016
vt 0.39504733681678772 0.14998722076416016
vt 0.39351740479469299 0.14998722076416016
vt 0.39198744297027588 0.14998722076416016
vt 0.39038839936256409 0.14998722076416016
vt 0.3888496458530426 0.14998722076416016
vt 0.38731968402862549 0.14998722076416016
vt 0.38578975200653076 0.14998722076416016
vt 0.38419067859649658 0.14998722076416016
vt 0.3826519250869751 0.14998722076416016
vt 0.38112196326255798 0.14998722076416016
vt 0.37959203124046326 0.14998722076416016
vt 0.37799295783042908 0.14998722076416016
vt 0.37645420432090759 0.14998722076416016
vt 0.37492427229881287 0.14998722076416016
vt 0.37339431047439575 0.14998722076416016
vt 0.39818516373634338 0.15797427296638489
vt 0.3965860903263092 0.15797427296638489
vt 0.39504733681678772 0.15797427296638489
vt 0.39351740479469299 0.15797427296638489
vt 0.39198744297027588 0.15797427296638489
vt 0.39038839936256409 0.15797427296638489
vt 0.3888496458530426 0.15797427296638489
vt 0.38731968402862549 0.15797427296638489
vt 0.38578975200653076 0.15797427296638489
vt 0.38419067859649658 0.15797427296638489
vt 0.3826519250869751 0.15797427296638489
vt 0.38112196326255798 0.15797427296638489
vt 0.37959203124046326 0.15797427296638489
vt 0.37799295783042908 0.15797427296638489
vt 0.37645420432090759 0.15797427296638489
vt 0.37492427229881287 0.15797427296638489
vt 0.37339431047439575 0.15797427296638489
vt 0.39818516373634338 0.16596132516860962
vt 0.3965860903263092 0.16596132516860962
vt 0.39504733681678772 0.16596132516860962
vt 0.39351740479469299 0.16596132516860962
vt 0.39198744297027588 0.16596132516860962
vt 0.39038839936256409 0.16596132516860962
vt 0.3888496458530426 0.16596132516860962
vt 0.38731968402862549 0.16596132516860962
vt 0.38578975200653076 0.16596132516860962
vt 0.38419067859649658 0.16596132516860962
vt 0.3826519250869751 0.16596132516860962
vt 0.38112196326255798 0.16596132516860962
vt 0.37959203124046326 0.16596132516860962
vt 0.37799295783042908 0.16596132516860962
vt 0.37645420432090759 0.16596132516860962
vt 0.37492427229881287 0.16596132516860962
vt 0.37339431047439575 0.16596132516860962
vt 0.39818516373634338 0.17394837737083435
vt 0.3965860903263092 0.17394837737083435
vt 0.39504733681678772 0.17394837737083435
vt 0.39351740479469299 0.17394837737083435
vt 0.39198744297027588 0.17394837737083435
vt 0.39038839936256409 0.17394837737083435
vt 0.3888496458530426 0.17394837737083435
vt 0.38731968402862549 0.17394837737083435
vt 0.38578975200653076 0.17394837737083435
vt 0.38419067859649658 0.17394837737083435
vt 0.3826519250869751 0.17394837737083435
vt 0.38112196326255798 0.17394837737083435
vt 0.37959203124046326 0.17394837737083435
vt 0.37799295783042908 0.17394837737083435
vt 0.37645420432090759 0.17394837737083435
vt 0.37492427229881287 0.17394837737083435
vt 0.37339431047439575 0.17394837737083435
vt 0.39818516373634338 0.18193542957305908
vt 0.38578975200653076 0.18193542957305908
vt 0.37959203124046326 0.18193542957305908
vt 0.37339431047439575 0.18193542957305908
vt 0.37494373321533203 0.13401311635971069
vt 0.3764931857585907 0.13401311635971069
vt 0.37804260849952698 0.13401311635971069
vt 0.38114145398139954 0.13401311635971069
vt 0.38269087672233582 0.13401311635971069
vt 0.38424029946327209 0.13401311635971069
vt 0.38733917474746704 0.13401311635971069
vt 0.38888859748840332 0.13401311635971069
vt 0.3904380202293396 0.13401311635971069
vt 0.39353689551353455 0.13401311635971069
vt 0.39508631825447083 0.13401311635971069
vt 0.3966357409954071 0.13401311635971069
vt 0.37415927648544312 0.14200016856193542
vt 0.37339431047439575 0.13800664246082306
vt 0.37492427229881287 0.13800664246082306
vt 0.37415927648544312 0.13800664246082306
vt 0.37568923830986023 0.14200016856193542
vt 0.37645420432090759 0.13800664246082306
vt 0.37568923830986023 0.13800664246082306
vt 0.37722358107566833 0.14200016856193542
vt 0.37799295783042908 0.13800664246082306
vt 0.37722358107566833 0.13800664246082306
vt 0.37879249453544617 0.14200016856193542
vt 0.37959203124046326 0.13800664246082306
vt 0.37879249453544617 0.13800664246082306
vt 0.38188695907592773 0.14200016856193542
vt 0.38112196326255798 0.13800664246082306
vt 0.3826519250869751 0.13800664246082306
vt 0.38188695907592773 0.13800664246082306
vt 0.38342130184173584 0.14200016856193542
vt 0.38419067859649658 0.13800664246082306
vt 0.38342130184173584 0.13800664246082306
vt 0.38499021530151367 0.14200016856193542
vt 0.38578975200653076 0.13800664246082306
vt 0.38499021530151367 0.13800664246082306
vt 0.38808465003967285 0.14200016856193542
vt 0.38731968402862549 0.13800664246082306
vt 0.3888496458530426 0.13800664246082306
vt 0.38808465003967285 0.13800664246082306
vt 0.38961902260780334 0.14200016856193542
vt 0.39038839936256409 0.13800664246082306
vt 0.38961902260780334 0.13800664246082306
vt 0.39118790626525879 0.14200016856193542
vt 0.39198744297027588 0.13800664246082306
vt 0.39118790626525879 0.13800664246082306
vt 0.39275243878364563 0.14200016856193542
vt 0.39351740479469299 0.13800664246082306
vt 0.39275243878364563 0.13800664246082306
vt 0.39428237080574036 0.14200016856193542
vt 0.39504733681678772 0.13800664246082306
vt 0.39428237080574036 0.13800664246082306
vt 0.39581671357154846 0.14200016856193542
vt 0.3965860903263092 0.13800664246082306
vt 0.39581671357154846 0.13800664246082306
vt 0.39738562703132629 0.14200016856193542
vt 0.39818516373634338 0.13800664246082306
vt 0.39738562703132629 0.13800664246082306
vt 0.3966357409954071 0.18193542957305908
vt 0.39508631825447083 0.18193542957305908
vt 0.39353689551353455 0.18193542957305908
vt 0.39198744297027588 0.18193542957305908
vt 0.3965860903263092 0.17794190347194672
vt 0.39738562703132629 0.17394837737083435
vt 0.39818516373634338 0.17794190347194672
vt 0.39738562703132629 0.17794190347194672
vt 0.39504733681678772 0.17794190347194672
vt 0.39581671357154846 0.17394837737083435
vt 0.39581671357154846 0.17794190347194672
vt 0.39351740479469299 0.17794190347194672
vt 0.39428237080574036 0.17394837737083435
vt 0.39428237080574036 0.17794190347194672
vt 0.39198744297027588 0.17794190347194672
vt 0.39275243878364563 0.17394837737083435
vt 0.39275243878364563 0.17794190347194672
vt 0.37804260849952698 0.18193542957305908
vt 0.3764931857585907 0.18193542957305908
vt 0.37494373321533203 0.18193542957305908
vt 0.37799295783042908 0.17794190347194672
vt 0.37879249453544617 0.17394837737083435
vt 0.37959203124046326 0.17794190347194672
vt 0.37879249453544617 0.17794190347194672
vt 0.37645420432090759 0.17794190347194672
vt 0.37722358107566833 0.17394837737083435
vt 0.37722358107566833 0.17794190347194672
vt 0.37492427229881287 0.17794190347194672
vt 0.37568923830986023 0.17394837737083435
vt 0.37568923830986023 0.17794190347194672
vt 0.37339431047439575 0.17794190347194672
vt 0.37415927648544312 0.17394837737083435
vt 0.37415927648544312 0.17794190347194672
vt 0.3904380202293396 0.18193542957305908
vt 0.38888859748840332 0.18193542957305908
vt 0.38733917474746704 0.18193542957305908
vt 0.38424029946327209 0.18193542957305908
vt 0.38269087672233582 0.18193542957305908
vt 0.38114145398139954 0.18193542957305908
vt 0.39038839936256409 0.17794190347194672
vt 0.39118790626525879 0.17394837737083435
vt 0.39118790626525879 0.17794190347194672
vt 0.3888496458530426 0.17794190347194672
vt 0.38961902260780334 0.17394837737083435
vt 0.38961902260780334 0.17794190347194672
vt 0.38731968402862549 0.17794190347194672
vt 0.38808465003967285 0.17394837737083435
vt 0.38808465003967285 0.17794190347194672
vt 0.38419067859649658 0.17794190347194672
vt 0.38499021530151367 0.17394837737083435
vt 0.38578975200653076 0.17794190347194672
vt 0.38499021530151367 0.17794190347194672
vt 0.3826519250869751 0.17794190347194672
vt 0.38342130184173584 0.17394837737083435
vt 0.38342130184173584 0.17794190347194672
vt 0.38112196326255798 0.17794190347194672
vt 0.38188695907592773 0.17394837737083435
vt 0.38188695907592773 0.17794190347194672
vt 0.38035699725151062 0.17394837737083435
vt 0.38035699725151062 0.17794190347194672
vt 0.54408162832260132 0.13401311635971069
vt 0.50952517986297607 0.13401311635971069
vt 0.47496867179870605 0.13401311635971069
vt 0.54408162832260132 0.14600610733032227
vt 0.50952517986297607 0.14600610733032227
vt 0.47496867179870605 0.14600610733032227
vt 0.54408162832260132 0.1575467437505722
vt 0.50952517986297607 0.1575467437505722
vt 0.47496867179870605 0.1575467437505722
vt 0.54408162832260132 0.1690213531255722
vt 0.50952517986297607 0.1690213531255722
vt 0.47496867179870605 0.1690213531255722
vt 0.50952517986297607 0.1804959625005722
vt 0.47496867179870605 0.1804959625005722
vt 0.50952517986297607 0.19248895347118378
vt 0.47496867179870605 0.19248895347118378
vt 0.54408162832260132 0.20402958989143372
vt 0.47496867179870605 0.20402958989143372
vt 0.54408162832260132 0.21550419926643372
vt 0.47496867179870605 0.21550419926643372
vt 0.54408162832260132 0.22697880864143372
vt 0.47496867179870605 0.22697880864143372
vt 0.54408162832260132 0.23897178471088409
vt 0.47496867179870605 0.23897178471088409
vt 0.54408162832260132 0.25051242113113403
vt 0.50952517986297607 0.25051242113113403
vt 0.47496867179870605 0.25051242113113403
vt 0.54408162832260132 0.26198703050613403
vt 0.50952517986297607 0.26198703050613403
vt 0.47496867179870605 0.26198703050613403
vt 0.50952517986297607 0.27346163988113403
vt 0.47496867179870605 0.27346163988113403
vt 0.50952517986297607 0.28545463085174561
vt 0.47496867179870605 0.28545463085174561
vt 0.54408162832260132 0.29699528217315674
vt 0.50952517986297607 0.29699528217315674
vt 0.47496867179870605 0.29699528217315674
vt 0.54408162832260132 0.30846989154815674
vt 0.50952517986297607 0.30846989154815674
vt 0.47496867179870605 0.30846989154815674
vt 0.54408162832260132 0.31994450092315674
vt 0.50952517986297607 0.31994450092315674
vt 0.47496867179870605 0.31994450092315674
vt 0.49818640947341919 0.31994450092315674
vt 0.49805861711502075 0.31829077005386353
vt 0.49724087119102478 0.31648370623588562
vt 0.49575924873352051 0.31578883528709412
vt 0.49432283639907837 0.31570306420326233
vt 0.49224692583084106 0.30846989154815674
vt 0.50952517986297607 0.31420719623565674
vt 0.49224692583084106 0.31420719623565674
vt 0.50088602304458618 0.31994450092315674
vt 0.50088602304458618 0.31420719623565674
vt 0.50952517986297607 0.31707584857940674
vt 0.50088602304458618 0.31707584857940674
vt 0.52680337429046631 0.31994450092315674
vt 0.52680337429046631 0.30846989154815674
vt 0.52680337429046631 0.31420719623565674
vt 0.49224692583084106 0.14600610733032227
vt 0.50952517986297607 0.14000961184501648
vt 0.49224692583084106 0.14000961184501648
vt 0.50088602304458618 0.31851017475128174
vt 0.50088602304458618 0.14000961184501648
vt 0.50088602304458618 0.13401311635971069
vt 0.50952517986297607 0.13701136410236359
vt 0.50088602304458618 0.13701136410236359
vt 0.52680337429046631 0.14600610733032227
vt 0.52680337429046631 0.13401311635971069
vt 0.52680337429046631 0.14000961184501648
vt 0.48360779881477356 0.31994450092315674
vt 0.48360779881477356 0.31420719623565674
vt 0.48360779881477356 0.31707584857940674
vt 0.49656647443771362 0.31420719623565674
vt 0.50088602304458618 0.31564152240753174
vt 0.49224692583084106 0.31133854389190674
vt 0.50088602304458618 0.30846989154815674
vt 0.50952517986297607 0.31133854389190674
vt 0.50088602304458618 0.31133854389190674
vt 0.49224692583084106 0.29699528217315674
vt 0.50952517986297607 0.30273258686065674
vt 0.49224692583084106 0.30273258686065674
vt 0.49288648366928101 0.31578764319419861
vt 0.49140515923500061 0.31648203730583191
vt 0.4905872642993927 0.31828907132148743
vt 0.49045926332473755 0.31994450092315674
vt 0.48792734742164612 0.31707584857940674
vt 0.48360779881477356 0.31564152240753174
vt 0.48792734742164612 0.31420719623565674
vt 0.48792734742164612 0.31564152240753174
vt 0.48360779881477356 0.30846989154815674
vt 0.48360779881477356 0.31133854389190674
vt 0.48792734742164612 0.31994450092315674
vt 0.48360779881477356 0.31851017475128174
vt 0.48792734742164612 0.31851017475128174
vt 0.48360779881477356 0.14000961184501648
vt 0.48360779881477356 0.13401311635971069
vt 0.48360779881477356 0.13701136410236359
vt 0.54408162832260132 0.17137368023395538
vt 0.52680337429046631 0.1804959625005722
vt 0.50952517986297607 0.1747586578130722
vt 0.52680337429046631 0.1690213531255722
vt 0.52680337429046631 0.1747586578130722
vt 0.5354425311088562 0.1747586578130722
vt 0.52680337429046631 0.1718900054693222
vt 0.5354425311088562 0.1690213531255722
vt 0.5354425311088562 0.1718900054693222
vt 0.50952517986297607 0.1632840484380722
vt 0.52680337429046631 0.1575467437505722
vt 0.52680337429046631 0.1632840484380722
vt 0.49045926332473755 0.13401311635971069
vt 0.4905872642993927 0.13566851615905762
vt 0.49140515923500061 0.13747556507587433
vt 0.49288648366928101 0.13816995918750763
vt 0.49432283639907837 0.13825453817844391
vt 0.49575924873352051 0.13816876709461212
vt 0.49724087119102478 0.13747389614582062
vt 0.49805861711502075 0.13566684722900391
vt 0.49818640947341919 0.13401311635971069
vt 0.48792734742164612 0.13701136410236359
vt 0.48360779881477356 0.13551223278045654
vt 0.48792734742164612 0.13401311635971069
vt 0.48792734742164612 0.13551223278045654
vt 0.48792734742164612 0.14000961184501648
vt 0.48360779881477356 0.13851048052310944
vt 0.48792734742164612 0.13851048052310944
vt 0.48360779881477356 0.14600610733032227
vt 0.49224692583084106 0.14300785958766937
vt 0.48360779881477356 0.14300785958766937
vt 0.49224692583084106 0.1575467437505722
vt 0.50952517986297607 0.15177643299102783
vt 0.49224692583084106 0.15177643299102783
vt 0.49656647443771362 0.14000961184501648
vt 0.50088602304458618 0.13851048052310944
vt 0.50088602304458618 0.14600610733032227
vt 0.50952517986297607 0.14300785958766937
vt 0.50088602304458618 0.14300785958766937
vt 0.50088602304458618 0.13551223278045654
vt 0.54408162832260132 0.27346163988113403
vt 0.54408162832260132 0.28258392214775085
vt 0.52680337429046631 0.27346163988113403
vt 0.50952517986297607 0.26772433519363403
vt 0.52680337429046631 0.26198703050613403
vt 0.52680337429046631 0.26772433519363403
vt 0.52680337429046631 0.28545463085174561
vt 0.50952517986297607 0.27945813536643982
vt 0.52680337429046631 0.27945813536643982
vt 0.54408162832260132 0.1804959625005722
vt 0.54408162832260132 0.18961822986602783
vt 0.52680337429046631 0.19248895347118378
vt 0.50952517986297607 0.18649245798587799
vt 0.52680337429046631 0.18649245798587799
vt 0.54408162832260132 0.26433935761451721
vt 0.5354425311088562 0.26772433519363403
vt 0.52680337429046631 0.26485568284988403
vt 0.5354425311088562 0.26198703050613403
vt 0.5354425311088562 0.26485568284988403
vt 0.50952517986297607 0.25624972581863403
vt 0.52680337429046631 0.25051242113113403
vt 0.52680337429046631 0.25624972581863403
vt 0.50952517986297607 0.21550419926643372
vt 0.50952517986297607 0.22697880864143372
vt 0.50952517986297607 0.23897178471088409
vt 0.63921600580215454 0.3537030816078186
vt 0.63774681091308594 0.34620842337608337
vt 0.63333159685134888 0.33960911631584167
vt 0.62674260139465332 0.33532470464706421
vt 0.619620680809021 0.33397561311721802
vt 0.61217623949050903 0.33545470237731934
vt 0.60562121868133545 0.3398996889591217
vt 0.60136550664901733 0.3465331494808197
vt 0.60002541542053223 0.3537030816078186
vt 0.60149461030960083 0.36119773983955383
vt 0.60590982437133789 0.36779701709747314
vt 0.61249881982803345 0.372081458568573
vt 0.619620680809021 0.37343055009841919
vt 0.62706518173217773 0.37195143103599548
vt 0.63362020254135132 0.36750644445419312
vt 0.63787591457366943 0.3608730137348175
vt 0.59022778272628784 0.3537030816078186
vt 0.59243160486221313 0.34246107935905457
vt 0.59905439615249634 0.3325621485710144
vt 0.60893785953521729 0.32613551616668701
vt 0.619620680809021 0.32411187887191772
vt 0.63078737258911133 0.32633054256439209
vt 0.64061999320983887 0.33299800753593445
vt 0.64700353145599365 0.34294816851615906
vt 0.64901363849639893 0.3537030816078186
vt 0.64680981636047363 0.36494508385658264
vt 0.64018702507019043 0.3748440146446228
vt 0.63030356168746948 0.3812706470489502
vt 0.619620680809021 0.38329425454139709
vt 0.60845404863357544 0.38107562065124512
vt 0.5986214280128479 0.37440812587738037
vt 0.59223788976669312 0.36445796489715576
vt 0.17611971497535706 0.10364075750112534
vt 0.17611971497535706 0.13323195278644562
vt 0.2011914849281311 0.10364075750112534
vt 0.2011914849281311 0.13323195278644562
vt 0.22631838917732239 0.10364075750112534
vt 0.22631838917732239 0.13323195278644562
vt 0.22631838917732239 0.10675562173128128
vt 0.21375493705272675 0.11843635141849518
vt 0.22003667056560516 0.11843635141849518
vt 0.21375493705272675 0.11103855818510056
vt 0.22003667056560516 0.11103855818510056
vt 0.22631838917732239 0.13011708855628967
vt 0.21375493705272675 0.1258341521024704
vt 0.22003667056560516 0.1258341521024704
vt 0.22631838917732239 0.11843635141849518
vt 0.83031594753265381 0
vt 0.80072474479675293 0
vt 0.83031594753265381 0.012766171246767044
vt 0.80072474479675293 0.012766171246767044
vt 0.83031594753265381 0.025387503206729889
vt 0.80072474479675293 0.025387503206729889
vt 0.82720106840133667 0
vt 0.81552034616470337 0.006383085623383522
vt 0.82291817665100098 0.006383085623383522
vt 0.81552034616470337 0.003191542811691761
vt 0.82291817665100098 0.003191542811691761
vt 0.80383962392807007 0
vt 0.80812257528305054 0.006383085623383522
vt 0.80812257528305054 0.003191542811691761
vt 0.81552034616470337 0
vt 0.86392241716384888 0.26041701436042786
vt 0.834331214427948 0.26041701436042786
vt 0.86392241716384888 0.28317379951477051
vt 0.834331214427948 0.28317379951477051
vt 0.86392241716384888 0.30525478720664978
vt 0.834331214427948 0.30525478720664978
vt 0.064880087971687317 0.14094337821006775
vt 0.035288900136947632 0.14094337821006775
vt 0.064880087971687317 0.18039828538894653
vt 0.035288900136947632 0.18039828538894653
vt 0.834331214427948 0.23069950938224792
vt 0.834331214427948 0.25895217061042786
vt 0.87461286783218384 0.23069950938224792
vt 0.87461286783218384 0.25895217061042786
vt 0.91485780477523804 0.23069950938224792
vt 0.91485780477523804 0.25895217061042786
vt 0.89312463998794556 0.24859285354614258
vt 0.89681816101074219 0.24779447913169861
vt 0.89837104082107544 0.24662964046001434
vt 0.89886099100112915 0.24581727385520935
vt 0.89904934167861938 0.24482583999633789
vt 0.89886099100112915 0.24383440613746643
vt 0.89837104082107544 0.24302202463150024
vt 0.89681816101074219 0.24185718595981598
vt 0.89312463998794556 0.24105881154537201
vt 0.88924610614776611 0.24185933172702789
vt 0.88749754428863525 0.24302636086940765
vt 0.88693714141845703 0.24383650720119476
vt 0.88671964406967163 0.24482583999633789
vt 0.88693714141845703 0.24581515789031982
vt 0.88749754428863525 0.24662530422210693
vt 0.88924610614776611 0.24779233336448669
vt 0.87461286783218384 0.24482583999633789
vt 0.87461286783218384 0.25188899040222168
vt 0.88467413187026978 0.24482583999633789
vt 0.88467413187026978 0.25188899040222168
vt 0.85447204113006592 0.24482583999633789
vt 0.90479660034179688 0.24482583999633789
vt 0.90479660034179688 0.25188899040222168
vt 0.90479660034179688 0.24835741519927979
vt 0.89976596832275391 0.25188899040222168
vt 0.89976596832275391 0.24482583999633789
vt 0.89976596832275391 0.24835741519927979
vt 0.90479660034179688 0.23776267468929291
vt 0.89976596832275391 0.24659162759780884
vt 0.88970476388931274 0.25188899040222168
vt 0.88467413187026978 0.24835741519927979
vt 0.88970476388931274 0.24835741519927979
vt 0.87461286783218384 0.23776267468929291
vt 0.88467413187026978 0.23776267468929291
vt 0.90479660034179688 0.2412942498922348
vt 0.89976596832275391 0.23776267468929291
vt 0.89976596832275391 0.2412942498922348
vt 0.89976596832275391 0.24306003749370575
vt 0.88467413187026978 0.2412942498922348
vt 0.88970476388931274 0.23776267468929291
vt 0.88970476388931274 0.2412942498922348
vt 0.88467413187026978 0.24306003749370575
vt 0.88718944787979126 0.2412942498922348
vt 0.87964349985122681 0.24482583999633789
vt 0.87461286783218384 0.2412942498922348
vt 0.87964349985122681 0.23776267468929291
vt 0.87964349985122681 0.2412942498922348
vt 0.86454248428344727 0.24482583999633789
vt 0.85447204113006592 0.23776267468929291
vt 0.86454248428344727 0.23776267468929291
vt 0.88718944787979126 0.24835741519927979
vt 0.88467413187026978 0.24659162759780884
vt 0.87964349985122681 0.25188899040222168
vt 0.87461286783218384 0.24835741519927979
vt 0.87964349985122681 0.24835741519927979
vt 0.85447204113006592 0.25188899040222168
vt 0.86454248428344727 0.25188899040222168
vt 0.75950759649276733 0.18917900323867798
vt 0.74413007497787476 0.14226329326629639
vt 0.75557029247283936 0.16456332802772522
vt 0.75147050619125366 0.18917900323867798
vt 0.72005271911621094 0.18917900323867798
vt 0.71802908182144165 0.17672371864318848
vt 0.71222144365310669 0.16546955704689026
vt 0.72808980941772461 0.18917900323867798
vt 0.75950759649276733 0.13046029210090637
vt 0.74413007497787476 0.083544574677944183
vt 0.75557029247283936 0.10584460943937302
vt 0.75147050619125366 0.13046029210090637
vt 0.72005271911621094 0.13046029210090637
vt 0.71802908182144165 0.11800500750541687
vt 0.71222144365310669 0.10675083845853806
vt 0.72808980941772461 0.13046029210090637
vt 0.91632264852523804 0.28268659114837646
vt 0.91632264852523804 0.30241402983665466
vt 0.92022585868835449 0.28268659114837646
vt 0.92398178577423096 0.28268659114837646
vt 0.92771625518798828 0.28268659114837646
vt 0.93145072460174561 0.28268659114837646
vt 0.93535393476486206 0.28268659114837646
vt 0.93910986185073853 0.28268659114837646
vt 0.94284433126449585 0.28268659114837646
vt 0.94657880067825317 0.28268659114837646
vt 0.94657880067825317 0.30241402983665466
vt 0.95048201084136963 0.28268659114837646
vt 0.95423793792724609 0.28268659114837646
vt 0.95797240734100342 0.28268659114837646
vt 0.96170687675476074 0.28268659114837646
vt 0.96170687675476074 0.30241402983665466
vt 0.9656100869178772 0.28268659114837646
vt 0.96936601400375366 0.28268659114837646
vt 0.97310048341751099 0.28268659114837646
vt 0.97683495283126831 0.26295912265777588
vt 0.97683495283126831 0.28268659114837646
vt 0.97683495283126831 0.30241402983665466
vt 0.91632264852523804 0.26295912265777588
vt 0.92010468244552612 0.26295912265777588
vt 0.92388671636581421 0.26295912265777588
vt 0.92766875028610229 0.26295912265777588
vt 0.93145072460174561 0.26295912265777588
vt 0.93523275852203369 0.26295912265777588
vt 0.93901479244232178 0.26295912265777588
vt 0.94279676675796509 0.26295912265777588
vt 0.94657880067825317 0.26295912265777588
vt 0.95036083459854126 0.26295912265777588
vt 0.95414286851882935 0.26295912265777588
vt 0.95792484283447266 0.26295912265777588
vt 0.96170687675476074 0.26295912265777588
vt 0.96548891067504883 0.26295912265777588
vt 0.96927094459533691 0.26295912265777588
vt 0.97305291891098022 0.26295912265777588
vt 0.92022585868835449 0.27282285690307617
vt 0.91827428340911865 0.28268659114837646
vt 0.91632264852523804 0.27282285690307617
vt 0.91827428340911865 0.27282285690307617
vt 0.92398178577423096 0.27282285690307617
vt 0.92210382223129272 0.28268659114837646
vt 0.92210382223129272 0.27282285690307617
vt 0.92771625518798828 0.27282285690307617
vt 0.92584902048110962 0.28268659114837646
vt 0.92584902048110962 0.27282285690307617
vt 0.93535393476486206 0.27282285690307617
vt 0.93340229988098145 0.28268659114837646
vt 0.93145072460174561 0.27282285690307617
vt 0.93340229988098145 0.27282285690307617
vt 0.93910986185073853 0.27282285690307617
vt 0.93723189830780029 0.28268659114837646
vt 0.93723189830780029 0.27282285690307617
vt 0.94284433126449585 0.27282285690307617
vt 0.94097709655761719 0.28268659114837646
vt 0.94097709655761719 0.27282285690307617
vt 0.94657880067825317 0.27282285690307617
vt 0.94471156597137451 0.28268659114837646
vt 0.94471156597137451 0.27282285690307617
vt 0.95048201084136963 0.27282285690307617
vt 0.94853037595748901 0.28268659114837646
vt 0.94853037595748901 0.27282285690307617
vt 0.95423793792724609 0.27282285690307617
vt 0.95235997438430786 0.28268659114837646
vt 0.95235997438430786 0.27282285690307617
vt 0.95797240734100342 0.27282285690307617
vt 0.95610517263412476 0.28268659114837646
vt 0.95610517263412476 0.27282285690307617
vt 0.9656100869178772 0.27282285690307617
vt 0.96365845203399658 0.28268659114837646
vt 0.96170687675476074 0.27282285690307617
vt 0.96365845203399658 0.27282285690307617
vt 0.96936601400375366 0.27282285690307617
vt 0.96748805046081543 0.28268659114837646
vt 0.96748805046081543 0.27282285690307617
vt 0.97310048341751099 0.27282285690307617
vt 0.97123324871063232 0.28268659114837646
vt 0.97123324871063232 0.27282285690307617
vt 0.97683495283126831 0.27282285690307617
vt 0.97496771812438965 0.28268659114837646
vt 0.97496771812438965 0.27282285690307617
vt 0.97305291891098022 0.30241402983665466
vt 0.96927094459533691 0.30241402983665466
vt 0.96548891067504883 0.30241402983665466
vt 0.95792484283447266 0.30241402983665466
vt 0.95414286851882935 0.30241402983665466
vt 0.95036083459854126 0.30241402983665466
vt 0.94279676675796509 0.30241402983665466
vt 0.93901479244232178 0.30241402983665466
vt 0.93523275852203369 0.30241402983665466
vt 0.93145072460174561 0.30241402983665466
vt 0.92766875028610229 0.30241402983665466
vt 0.92388671636581421 0.30241402983665466
vt 0.92010468244552612 0.30241402983665466
vt 0.97683495283126831 0.29255032539367676
vt 0.97310048341751099 0.29255032539367676
vt 0.97496771812438965 0.29255032539367676
vt 0.96936601400375366 0.29255032539367676
vt 0.97123324871063232 0.29255032539367676
vt 0.9656100869178772 0.29255032539367676
vt 0.96748805046081543 0.29255032539367676
vt 0.96170687675476074 0.29255032539367676
vt 0.96365845203399658 0.29255032539367676
vt 0.95797240734100342 0.29255032539367676
vt 0.95983964204788208 0.28268659114837646
vt 0.95983964204788208 0.29255032539367676
vt 0.95423793792724609 0.29255032539367676
vt 0.95610517263412476 0.29255032539367676
vt 0.95048201084136963 0.29255032539367676
vt 0.95235997438430786 0.29255032539367676
vt 0.94657880067825317 0.29255032539367676
vt 0.94853037595748901 0.29255032539367676
vt 0.94284433126449585 0.29255032539367676
vt 0.94471156597137451 0.29255032539367676
vt 0.93910986185073853 0.29255032539367676
vt 0.94097709655761719 0.29255032539367676
vt 0.93535393476486206 0.29255032539367676
vt 0.93723189830780029 0.29255032539367676
vt 0.93145072460174561 0.29255032539367676
vt 0.93340229988098145 0.29255032539367676
vt 0.92771625518798828 0.29255032539367676
vt 0.92958348989486694 0.28268659114837646
vt 0.92958348989486694 0.29255032539367676
vt 0.92398178577423096 0.29255032539367676
vt 0.92584902048110962 0.29255032539367676
vt 0.92022585868835449 0.29255032539367676
vt 0.92210382223129272 0.29255032539367676
vt 0.91632264852523804 0.29255032539367676
vt 0.91827428340911865 0.29255032539367676
vt 0.9976162314414978 0.20098200440406799
vt 0.97788882255554199 0.20098200440406799
vt 0.95816135406494141 0.20098200440406799
vt 0.97788882255554199 0.20488516986370087
vt 0.97788882255554199 0.20864114165306091
vt 0.97788882255554199 0.21237559616565704
vt 0.97788882255554199 0.21611006557941437
vt 0.97788882255554199 0.22001324594020844
vt 0.97788882255554199 0.22376920282840729
vt 0.97788882255554199 0.22750367224216461
vt 0.9976162314414978 0.23123814165592194
vt 0.97788882255554199 0.23123814165592194
vt 0.97788882255554199 0.235141322016716
vt 0.97788882255554199 0.23889727890491486
vt 0.97788882255554199 0.24263174831867218
vt 0.97788882255554199 0.24636620283126831
vt 0.97788882255554199 0.25026938319206238
vt 0.97788882255554199 0.25402534008026123
vt 0.97788882255554199 0.25775980949401855
vt 0.97788882255554199 0.26149427890777588
vt 0.9976162314414978 0.20476402342319489
vt 0.9976162314414978 0.20854602754116058
vt 0.9976162314414978 0.21232804656028748
vt 0.9976162314414978 0.21611006557941437
vt 0.9976162314414978 0.21989208459854126
vt 0.9976162314414978 0.22367410361766815
vt 0.9976162314414978 0.22745612263679504
vt 0.9976162314414978 0.23502016067504883
vt 0.9976162314414978 0.23880217969417572
vt 0.9976162314414978 0.24258419871330261
vt 0.9976162314414978 0.24636620283126831
vt 0.9976162314414978 0.2501482367515564
vt 0.9976162314414978 0.25393024086952209
vt 0.9976162314414978 0.25771227478981018
vt 0.9976162314414978 0.26149427890777588
vt 0.98775249719619751 0.20488516986370087
vt 0.97788882255554199 0.20293359458446503
vt 0.98775249719619751 0.20098200440406799
vt 0.98775249719619751 0.20293359458446503
vt 0.98775249719619751 0.20864114165306091
vt 0.97788882255554199 0.20676316320896149
vt 0.98775249719619751 0.20676316320896149
vt 0.98775249719619751 0.21237559616565704
vt 0.97788882255554199 0.21050837635993958
vt 0.98775249719619751 0.21050837635993958
vt 0.98775249719619751 0.22001324594020844
vt 0.97788882255554199 0.2180616557598114
vt 0.98775249719619751 0.21611006557941437
vt 0.98775249719619751 0.2180616557598114
vt 0.98775249719619751 0.22376920282840729
vt 0.97788882255554199 0.22189122438430786
vt 0.98775249719619751 0.22189122438430786
vt 0.98775249719619751 0.22750367224216461
vt 0.97788882255554199 0.22563643753528595
vt 0.98775249719619751 0.22563643753528595
vt 0.98775249719619751 0.23123814165592194
vt 0.97788882255554199 0.22937090694904327
vt 0.98775249719619751 0.22937090694904327
vt 0.98775249719619751 0.235141322016716
vt 0.97788882255554199 0.23318973183631897
vt 0.98775249719619751 0.23318973183631897
vt 0.98775249719619751 0.23889727890491486
vt 0.97788882255554199 0.23701930046081543
vt 0.98775249719619751 0.23701930046081543
vt 0.98775249719619751 0.24263174831867218
vt 0.97788882255554199 0.24076451361179352
vt 0.98775249719619751 0.24076451361179352
vt 0.98775249719619751 0.24636620283126831
vt 0.97788882255554199 0.24449898302555084
vt 0.98775249719619751 0.24449898302555084
vt 0.98775249719619751 0.25026938319206238
vt 0.97788882255554199 0.24831779301166534
vt 0.98775249719619751 0.24831779301166534
vt 0.98775249719619751 0.25402534008026123
vt 0.97788882255554199 0.252147376537323
vt 0.98775249719619751 0.252147376537323
vt 0.98775249719619751 0.25775980949401855
vt 0.97788882255554199 0.25589257478713989
vt 0.98775249719619751 0.25589257478713989
vt 0.98775249719619751 0.26149427890777588
vt 0.97788882255554199 0.25962704420089722
vt 0.98775249719619751 0.25962704420089722
vt 0.95816135406494141 0.26149427890777588
vt 0.95816135406494141 0.25771227478981018
vt 0.95816135406494141 0.25393024086952209
vt 0.95816135406494141 0.2501482367515564
vt 0.95816135406494141 0.24636620283126831
vt 0.95816135406494141 0.24258419871330261
vt 0.95816135406494141 0.23880217969417572
vt 0.95816135406494141 0.23502016067504883
vt 0.95816135406494141 0.23123814165592194
vt 0.95816135406494141 0.22745612263679504
vt 0.95816135406494141 0.22367410361766815
vt 0.95816135406494141 0.21989208459854126
vt 0.95816135406494141 0.21611006557941437
vt 0.95816135406494141 0.21232804656028748
vt 0.95816135406494141 0.20854602754116058
vt 0.95816135406494141 0.20476402342319489
vt 0.9680250883102417 0.26149427890777588
vt 0.9680250883102417 0.25775980949401855
vt 0.9680250883102417 0.25962704420089722
vt 0.9680250883102417 0.25402534008026123
vt 0.9680250883102417 0.25589257478713989
vt 0.9680250883102417 0.25026938319206238
vt 0.9680250883102417 0.252147376537323
vt 0.9680250883102417 0.24636620283126831
vt 0.9680250883102417 0.24831779301166534
vt 0.9680250883102417 0.24263174831867218
vt 0.9680250883102417 0.24449898302555084
vt 0.9680250883102417 0.23889727890491486
vt 0.9680250883102417 0.24076451361179352
vt 0.9680250883102417 0.235141322016716
vt 0.9680250883102417 0.23701930046081543
vt 0.9680250883102417 0.23123814165592194
vt 0.9680250883102417 0.23318973183631897
vt 0.9680250883102417 0.22750367224216461
vt 0.9680250883102417 0.22937090694904327
vt 0.9680250883102417 0.22376920282840729
vt 0.9680250883102417 0.22563643753528595
vt 0.9680250883102417 0.22001324594020844
vt 0.9680250883102417 0.22189122438430786
vt 0.9680250883102417 0.21611006557941437
vt 0.9680250883102417 0.2180616557598114
vt 0.9680250883102417 0.21237559616565704
vt 0.9680250883102417 0.20864114165306091
vt 0.9680250883102417 0.21050837635993958
vt 0.9680250883102417 0.20488516986370087
vt 0.9680250883102417 0.20676316320896149
vt 0.9680250883102417 0.20098200440406799
vt 0.9680250883102417 0.20293359458446503
vt 0.54949194192886353 0.64704012870788574
vt 0.54949194192886353 0.68649506568908691
vt 0.64960145950317383 0.64704012870788574
vt 0.64960145950317383 0.68649506568908691
vt 0.64110511541366577 0.68649506568908691
vt 0.59954673051834106 0.67663133144378662
vt 0.59954673051834106 0.68156319856643677
vt 0.62457412481307983 0.67663133144378662
vt 0.62457412481307983 0.68156319856643677
vt 0.37339431047439575 0.71955877542495728
vt 0.37339431047439575 0.75901371240615845
vt 0.47350382804870605 0.71955877542495728
vt 0.47350382804870605 0.75901371240615845
vt 0.38189065456390381 0.75901371240615845
vt 0.4234490692615509 0.74914997816085815
vt 0.4234490692615509 0.7540818452835083
vt 0.39842170476913452 0.74914997816085815
vt 0.39842170476913452 0.7540818452835083
vt 0.37339431047439575 0
vt 0.37339431047439575 0.039454922080039978
vt 0.47496867179870605 0
vt 0.47496867179870605 0.039454922080039978
vt 0.46634799242019653 0.039454922080039978
vt 0.4241814911365509 0.029591189697384834
vt 0.4241814911365509 0.034523054957389832
vt 0.44957509636878967 0.029591189697384834
vt 0.44957509636878967 0.034523054957389832
vt 0.37339431047439575 0.30276167392730713
vt 0.37339431047439575 0.3422166109085083
vt 0.4234490692615509 0.32248914241790771
vt 0.47350382804870605 0.30276167392730713
vt 0.47350382804870605 0.3422166109085083
vt 0.38189065456390381 0.3422166109085083
vt 0.4234490692615509 0.33235287666320801
vt 0.39842170476913452 0.32248914241790771
vt 0.39842170476913452 0.33235287666320801
vt 0.085007183253765106 0.14094337821006775
vt 0.11386594921350479 0.34192538261413574
vt 0.099436566233634949 0.16652955114841461
vt 0.095895648002624512 0.16722209751605988
vt 0.092634491622447968 0.16941855847835541
vt 0.090492382645606995 0.17276248335838318
vt 0.089816980063915253 0.17639327049255371
vt 0.090492382645606995 0.18002405762672424
vt 0.092634491622447968 0.18336798250675201
vt 0.095895648002624512 0.18556445837020874
vt 0.099436566233634949 0.186257004737854
vt 0.10297749191522598 0.18556445837020874
vt 0.10623864829540253 0.18336798250675201
vt 0.1083807498216629 0.18002405762672424
vt 0.10905615985393524 0.17639327049255371
vt 0.1083807498216629 0.17276248335838318
vt 0.10623864829540253 0.16941855847835541
vt 0.10297749191522598 0.16722209751605988
vt 0.099436566233634949 0.24143436551094055
vt 0.099436566233634949 0.19118887186050415
vt 0.11386594921350479 0.19118887186050415
vt 0.10665126144886017 0.19118887186050415
vt 0.11386594921350479 0.24143436551094055
vt 0.099436566233634949 0.21631161868572235
vt 0.11386594921350479 0.21631161868572235
vt 0.099436566233634949 0.29167985916137695
vt 0.085007183253765106 0.19118887186050415
vt 0.092221878468990326 0.19118887186050415
vt 0.085007183253765106 0.24143436551094055
vt 0.085007183253765106 0.21631161868572235
vt 0.099436566233634949 0.2966117262840271
vt 0.095895648002624512 0.29730430245399475
vt 0.092634491622447968 0.29950076341629028
vt 0.090492382645606995 0.30284467339515686
vt 0.089816980063915253 0.30647546052932739
vt 0.090492382645606995 0.31010624766349792
vt 0.092634491622447968 0.31345018744468689
vt 0.095895648002624512 0.31564664840698242
vt 0.099436566233634949 0.31633919477462769
vt 0.10297749191522598 0.31564664840698242
vt 0.10623864829540253 0.31345018744468689
vt 0.1083807498216629 0.31010624766349792
vt 0.10905615985393524 0.30647546052932739
vt 0.1083807498216629 0.30284467339515686
vt 0.10623864829540253 0.29950076341629028
vt 0.10297749191522598 0.29730430245399475
vt 0.085007183253765106 0.29167985916137695
vt 0.092221878468990326 0.29167985916137695
vt 0.099436566233634949 0.26655712723731995
vt 0.085007183253765106 0.26655712723731995
vt 0.11386594921350479 0.29167985916137695
vt 0.10665126144886017 0.29167985916137695
vt 0.11386594921350479 0.26655712723731995
vt 0.11386594921350479 0.14094337821006775
vt 0.12829533219337463 0.24143436551094055
vt 0.085007183253765106 0.34192538261413574
vt 0.070577800273895264 0.24143436551094055
vt 0.038613967597484589 0.12895998358726501
vt 0.021588176488876343 0.1148327961564064
vt 0 0.10992660373449326
vt 0 0.070471689105033875
vt 0.039723366498947144 0.079855404794216156
vt 0.070371806621551514 0.10575371235609055
vt 0.49772390723228455 0.079906411468982697
vt 0.48359671235084534 0.097013033926486969
vt 0.478690505027771 0.1187037006020546
vt 0.43923559784889221 0.1187037006020546
vt 0.4486193060874939 0.078791745007038116
vt 0.47451761364936829 0.047997795045375824
vt 0.92711293697357178 0.100491002202034
vt 0.83515065908432007 0.14362207055091858
vt 0.86073684692382812 0.12882648408412933
vt 0.86142939329147339 0.13245727121829987
vt 0.86362588405609131 0.13580119609832764
vt 0.86696982383728027 0.13799765706062317
vt 0.87060058116912842 0.13869021832942963
vt 0.87423139810562134 0.13799765706062317
vt 0.87757527828216553 0.13580119609832764
vt 0.87977176904678345 0.13245727121829987
vt 0.88046431541442871 0.12882648408412933
vt 0.87977176904678345 0.1251956969499588
vt 0.87757527828216553 0.12185177206993103
vt 0.87423139810562134 0.1196553036570549
vt 0.87060058116912842 0.11896274983882904
vt 0.86696982383728027 0.1196553036570549
vt 0.86362588405609131 0.12185177206993103
vt 0.86142939329147339 0.1251956969499588
vt 0.85814124345779419 0.12882648408412933
vt 0.85814124345779419 0.142994225025177
vt 0.85814124345779419 0.13591034710407257
vt 0.84664595127105713 0.12882648408412933
vt 0.84664595127105713 0.142994225025177
vt 0.85814124345779419 0.11465874314308167
vt 0.89262712001800537 0.12882648408412933
vt 0.90412241220474243 0.11465874314308167
vt 0.89262712001800537 0.11465874314308167
vt 0.85814124345779419 0.1217426136136055
vt 0.84664595127105713 0.11465874314308167
vt 0.83515065908432007 0.11403088271617889
vt 0.92488676309585571 0.10125891864299774
vt 0.9149366021156311 0.10768555104732513
vt 0.90826916694641113 0.1175844818353653
vt 0.90605050325393677 0.12882648408412933
vt 0.90807414054870605 0.13958138227462769
vt 0.91450077295303345 0.14953154325485229
vt 0.92711293697357178 0.15716196596622467
vt 0.071836650371551514 0
vt 0.071836650371551514 0.056670960038900375
vt 0.074062831699848175 0.05590304359793663
vt 0.084012992680072784 0.049476411193609238
vt 0.090680472552776337 0.039577480405569077
vt 0.092899121344089508 0.028335480019450188
vt 0.094827219843864441 0.042503222823143005
vt 0.16379892826080322 0.013539885170757771
vt 0.11848529428243637 0.028335480019450188
vt 0.11917784810066223 0.031966265290975571
vt 0.12137431651353836 0.03531019389629364
vt 0.12471824139356613 0.037506662309169769
vt 0.12834902107715607 0.038199212402105331
vt 0.1319798082113266 0.037506662309169769
vt 0.13532373309135437 0.03531019389629364
vt 0.1375202089548111 0.031966265290975571
vt 0.13821275532245636 0.028335480019450188
vt 0.1375202089548111 0.024704694747924805
vt 0.13532373309135437 0.021360771730542183
vt 0.1319798082113266 0.019164299592375755
vt 0.12834902107715607 0.018471751362085342
vt 0.12471824139356613 0.019164299592375755
vt 0.12137431651353836 0.021360771730542183
vt 0.11917784810066223 0.024704694747924805
vt 0.1408083587884903 0.028335480019450188
vt 0.1408083587884903 0.042503222823143005
vt 0.1063225045800209 0.028335480019450188
vt 0.1063225045800209 0.042503222823143005
vt 0.1408083587884903 0.014167740009725094
vt 0.1408083587884903 0.035419352352619171
vt 0.15230365097522736 0.028335480019450188
vt 0.15230365097522736 0.042503222823143005
vt 0.1408083587884903 0.021251611411571503
vt 0.15230365097522736 0.014167740009725094
vt 0.16379892826080322 0.043131075799465179
vt 0.090875498950481415 0.017580578103661537
vt 0.084448859095573425 0.0076304185204207897
vt 0.71222144365310669 0.0071302140131592751
vt 0.71222144365310669 0.011075706221163273
vt 0.71753323078155518 0.0071302140131592751
vt 0.72284501791000366 0.0071302140131592751
vt 0.72284501791000366 0.011075706221163273
vt 0.71930384635925293 0.011075706221163273
vt 0.71576261520385742 0.011075706221163273
vt 0.85000520944595337 0.78699362277984619
vt 0.85000520944595337 0.79784369468688965
vt 0.86421436071395874 0.78699362277984619
vt 0.86421436071395874 0.79784369468688965
vt 0.85474163293838501 0.78699362277984619
vt 0.85947799682617188 0.78699362277984619
vt 0.85710978507995605 0.79784369468688965
vt 0.83228868246078491 0.060765717178583145
vt 0.80072474479675293 0.060765717178583145
vt 0.83228868246078491 0.0683775395154953
vt 0.80072474479675293 0.0683775395154953
vt 0.83228868246078491 0.075989358127117157
vt 0.80072474479675293 0.075989358127117157
vt 0.834331214427948 0.78699362277984619
vt 0.834331214427948 0.79784369468688965
vt 0.84143579006195068 0.78699362277984619
vt 0.84854036569595337 0.78699362277984619
vt 0.84854036569595337 0.79784369468688965
vt 0.8438040018081665 0.79784369468688965
vt 0.83906763792037964 0.79784369468688965
vt 0.72943443059921265 0.0071302140131592751
vt 0.72943443059921265 0.011075706221163273
vt 0.73474621772766113 0.011075706221163273
vt 0.74005800485610962 0.0071302140131592751
vt 0.74005800485610962 0.011075706221163273
vt 0.73297560214996338 0.0071302140131592751
vt 0.73651677370071411 0.0071302140131592751
vt 0.72943443059921265 0.021390641108155251
vt 0.72943443059921265 0.025336133316159248
vt 0.74005800485610962 0.021390641108155251
vt 0.74005800485610962 0.025336133316159248
vt 0.73474621772766113 0.025336133316159248
vt 0.86567920446395874 0.5521349310874939
vt 0.86567920446395874 0.56298506259918213
vt 0.87278378009796143 0.5521349310874939
vt 0.87988835573196411 0.5521349310874939
vt 0.87988835573196411 0.56298506259918213
vt 0.87278378009796143 0.56298506259918213
vt 0.74378538131713867 0.0285208560526371
vt 0.71222144365310669 0.0285208560526371
vt 0.74378538131713867 0.043744497001171112
vt 0.71222144365310669 0.043744497001171112
vt 0.74378538131713867 0.036132674664258957
vt 0.71222144365310669 0.036132674664258957
vt 0.88135319948196411 0.5521349310874939
vt 0.88135319948196411 0.56298506259918213
vt 0.89556235074996948 0.5521349310874939
vt 0.89556235074996948 0.56298506259918213
vt 0.8884577751159668 0.5521349310874939
vt 0.8884577751159668 0.56298506259918213
vt 0.71222144365310669 0.021390641108155251
vt 0.71222144365310669 0.025336133316159248
vt 0.72284501791000366 0.021390641108155251
vt 0.72284501791000366 0.025336133316159248
vt 0.71753323078155518 0.021390641108155251
vt 0.75284510850906372 0
vt 0.77143824100494385 0.008343920111656189
vt 0.76983916759490967 0.008343920111656189
vt 0.76057273149490356 0.008343920111656189
vt 0.75904279947280884 0.008343920111656189
vt 0.75744372606277466 0.008343920111656189
vt 0.75590497255325317 0.008343920111656189
vt 0.75437504053115845 0.008343920111656189
vt 0.75284510850906372 0.008343920111656189
vt 0.75124603509902954 0.008343920111656189
vt 0.74970728158950806 0.008343920111656189
vt 0.74817728996276855 0.008343920111656189
vt 0.74664735794067383 0.008343920111656189
vt 0.77143824100494385 0.016687840223312378
vt 0.76983916759490967 0.016687840223312378
vt 0.76830041408538818 0.016687840223312378
vt 0.76677048206329346 0.016687840223312378
vt 0.76524049043655396 0.016687840223312378
vt 0.76364141702651978 0.016687840223312378
vt 0.76210266351699829 0.016687840223312378
vt 0.76057273149490356 0.016687840223312378
vt 0.75904279947280884 0.016687840223312378
vt 0.75744372606277466 0.016687840223312378
vt 0.75590497255325317 0.016687840223312378
vt 0.75437504053115845 0.016687840223312378
vt 0.75284510850906372 0.016687840223312378
vt 0.75124603509902954 0.016687840223312378
vt 0.74970728158950806 0.016687840223312378
vt 0.74817728996276855 0.016687840223312378
vt 0.74664735794067383 0.016687840223312378
vt 0.77143824100494385 0.025031762197613716
vt 0.76983916759490967 0.025031762197613716
vt 0.76830041408538818 0.025031762197613716
vt 0.76677048206329346 0.025031762197613716
vt 0.76524049043655396 0.025031762197613716
vt 0.76364141702651978 0.025031762197613716
vt 0.76210266351699829 0.025031762197613716
vt 0.76057273149490356 0.025031762197613716
vt 0.75904279947280884 0.025031762197613716
vt 0.75744372606277466 0.025031762197613716
vt 0.75590497255325317 0.025031762197613716
vt 0.75437504053115845 0.025031762197613716
vt 0.75284510850906372 0.025031762197613716
vt 0.75124603509902954 0.025031762197613716
vt 0.74970728158950806 0.025031762197613716
vt 0.74817728996276855 0.025031762197613716
vt 0.74664735794067383 0.025031762197613716
vt 0.77143824100494385 0.033375680446624756
vt 0.76983916759490967 0.033375680446624756
vt 0.76830041408538818 0.033375680446624756
vt 0.76677048206329346 0.033375680446624756
vt 0.76524049043655396 0.033375680446624756
vt 0.76364141702651978 0.033375680446624756
vt 0.76210266351699829 0.033375680446624756
vt 0.76057273149490356 0.033375680446624756
vt 0.75904279947280884 0.033375680446624756
vt 0.75744372606277466 0.033375680446624756
vt 0.75590497255325317 0.033375680446624756
vt 0.75437504053115845 0.033375680446624756
vt 0.75284510850906372 0.033375680446624756
vt 0.75124603509902954 0.033375680446624756
vt 0.74970728158950806 0.033375680446624756
vt 0.74817728996276855 0.033375680446624756
vt 0.74664735794067383 0.033375680446624756
vt 0.77143824100494385 0.041719604283571243
vt 0.76983916759490967 0.041719604283571243
vt 0.76830041408538818 0.041719604283571243
vt 0.76677048206329346 0.041719604283571243
vt 0.76524049043655396 0.041719604283571243
vt 0.76364141702651978 0.041719604283571243
vt 0.76210266351699829 0.041719604283571243
vt 0.76057273149490356 0.041719604283571243
vt 0.75904279947280884 0.041719604283571243
vt 0.75744372606277466 0.041719604283571243
vt 0.75590497255325317 0.041719604283571243
vt 0.75437504053115845 0.041719604283571243
vt 0.75284510850906372 0.041719604283571243
vt 0.75124603509902954 0.041719604283571243
vt 0.74970728158950806 0.041719604283571243
vt 0.74817728996276855 0.041719604283571243
vt 0.74664735794067383 0.041719604283571243
vt 0.77143824100494385 0.050063524395227432
vt 0.76983916759490967 0.050063524395227432
vt 0.76830041408538818 0.050063524395227432
vt 0.76677048206329346 0.050063524395227432
vt 0.76524049043655396 0.050063524395227432
vt 0.76364141702651978 0.050063524395227432
vt 0.76210266351699829 0.050063524395227432
vt 0.76057273149490356 0.050063524395227432
vt 0.75904279947280884 0.050063524395227432
vt 0.75744372606277466 0.050063524395227432
vt 0.75590497255325317 0.050063524395227432
vt 0.75437504053115845 0.050063524395227432
vt 0.75284510850906372 0.050063524395227432
vt 0.75124603509902954 0.050063524395227432
vt 0.74970728158950806 0.050063524395227432
vt 0.74817728996276855 0.050063524395227432
vt 0.74664735794067383 0.050063524395227432
vt 0.77143824100494385 0.058407444506883621
vt 0.76983916759490967 0.058407444506883621
vt 0.76830041408538818 0.058407444506883621
vt 0.76677048206329346 0.058407444506883621
vt 0.76524049043655396 0.058407444506883621
vt 0.76364141702651978 0.058407444506883621
vt 0.76210266351699829 0.058407444506883621
vt 0.76057273149490356 0.058407444506883621
vt 0.75904279947280884 0.058407444506883621
vt 0.75744372606277466 0.058407444506883621
vt 0.75590497255325317 0.058407444506883621
vt 0.75437504053115845 0.058407444506883621
vt 0.75284510850906372 0.058407444506883621
vt 0.75124603509902954 0.058407444506883621
vt 0.74970728158950806 0.058407444506883621
vt 0.74817728996276855 0.058407444506883621
vt 0.74664735794067383 0.058407444506883621
vt 0.77143824100494385 0.066751360893249512
vt 0.76524049043655396 0.066751360893249512
vt 0.75904279947280884 0.066751360893249512
vt 0.75284510850906372 0.066751360893249512
vt 0.74664735794067383 0.066751360893249512
vt 0.76988881826400757 0.066751360893249512
vt 0.76833933591842651 0.066751360893249512
vt 0.76678991317749023 0.066751360893249512
vt 0.76369106769561768 0.066751360893249512
vt 0.7621416449546814 0.066751360893249512
vt 0.76059222221374512 0.066751360893249512
vt 0.75749337673187256 0.066751360893249512
vt 0.75594395399093628 0.066751360893249512
vt 0.75439453125 0.066751360893249512
vt 0.75129562616348267 0.066751360893249512
vt 0.74974620342254639 0.066751360893249512
vt 0.74819678068161011 0.066751360893249512
vt 0.76983916759490967 0.062579400837421417
vt 0.77063870429992676 0.058407444506883621
vt 0.77143824100494385 0.062579400837421417
vt 0.77063870429992676 0.062579400837421417
vt 0.76830041408538818 0.062579400837421417
vt 0.76906979084014893 0.058407444506883621
vt 0.76906979084014893 0.062579400837421417
vt 0.76677048206329346 0.062579400837421417
vt 0.76753544807434082 0.058407444506883621
vt 0.76753544807434082 0.062579400837421417
vt 0.76524049043655396 0.062579400837421417
vt 0.76600545644760132 0.058407444506883621
vt 0.76600545644760132 0.062579400837421417
vt 0.76364141702651978 0.062579400837421417
vt 0.76444095373153687 0.058407444506883621
vt 0.76444095373153687 0.062579400837421417
vt 0.76210266351699829 0.062579400837421417
vt 0.76287204027175903 0.058407444506883621
vt 0.76287204027175903 0.062579400837421417
vt 0.76057273149490356 0.062579400837421417
vt 0.76133769750595093 0.058407444506883621
vt 0.76133769750595093 0.062579400837421417
vt 0.75904279947280884 0.062579400837421417
vt 0.7598077654838562 0.058407444506883621
vt 0.7598077654838562 0.062579400837421417
vt 0.75744372606277466 0.062579400837421417
vt 0.75824326276779175 0.058407444506883621
vt 0.75824326276779175 0.062579400837421417
vt 0.75590497255325317 0.062579400837421417
vt 0.75667434930801392 0.058407444506883621
vt 0.75667434930801392 0.062579400837421417
vt 0.75437504053115845 0.062579400837421417
vt 0.75514000654220581 0.058407444506883621
vt 0.75514000654220581 0.062579400837421417
vt 0.75124603509902954 0.062579400837421417
vt 0.75204557180404663 0.058407444506883621
vt 0.75284510850906372 0.062579400837421417
vt 0.75204557180404663 0.062579400837421417
vt 0.74970728158950806 0.062579400837421417
vt 0.7504766583442688 0.058407444506883621
vt 0.7504766583442688 0.062579400837421417
vt 0.74817728996276855 0.062579400837421417
vt 0.74894231557846069 0.058407444506883621
vt 0.74894231557846069 0.062579400837421417
vt 0.74664735794067383 0.062579400837421417
vt 0.74741232395172119 0.058407444506883621
vt 0.74741232395172119 0.062579400837421417
vt 0.74664735794067383 0.0052406312897801399
vt 0.74929779767990112 0.0021037606056779623
vt 0.75087082386016846 0.00065297272522002459
vt 0.75175333023071289 0.00019332446390762925
vt 0.75393688678741455 0.00019332446390762925
vt 0.75481933355331421 0.00065297272522002459
vt 0.75639235973358154 0.0021037606056779623
vt 0.75904279947280884 0.0052406312897801399
vt 0.76167941093444824 0.0080869384109973907
vt 0.76324248313903809 0.0092520322650671005
vt 0.76413780450820923 0.0096061583608388901
vt 0.76524049043655396 0.009748353622853756
vt 0.76634317636489868 0.0096061583608388901
vt 0.7672385573387146 0.0092520322650671005
vt 0.76880162954330444 0.0080869384109973907
vt 0.77143824100494385 0.0052406312897801399
vt 0.7504766583442688 0.008343920111656189
vt 0.74970728158950806 0.0041719600558280945
vt 0.75124603509902954 0.0041719600558280945
vt 0.7504766583442688 0.0041719600558280945
vt 0.75204557180404663 0.008343920111656189
vt 0.75284510850906372 0.0041719600558280945
vt 0.75204557180404663 0.0041719600558280945
vt 0.75361007452011108 0.008343920111656189
vt 0.75437504053115845 0.0041719600558280945
vt 0.75361007452011108 0.0041719600558280945
vt 0.75514000654220581 0.008343920111656189
vt 0.75590497255325317 0.0041719600558280945
vt 0.75514000654220581 0.0041719600558280945
vt 0.76287204027175903 0.016687840223312378
vt 0.76210266351699829 0.012515881098806858
vt 0.76364141702651978 0.012515881098806858
vt 0.76287204027175903 0.012515881098806858
vt 0.7632567286491394 0.012515881098806858
vt 0.76287204027175903 0.010429901070892811
vt 0.76364141702651978 0.010429901070892811
vt 0.7632567286491394 0.010429901070892811
vt 0.76444095373153687 0.016687840223312378
vt 0.76524049043655396 0.012515881098806858
vt 0.76444095373153687 0.012515881098806858
vt 0.76404118537902832 0.012515881098806858
vt 0.76444095373153687 0.010429901070892811
vt 0.76404118537902832 0.010429901070892811
vt 0.76600545644760132 0.016687840223312378
vt 0.76677048206329346 0.012515881098806858
vt 0.76600545644760132 0.012515881098806858
vt 0.766387939453125 0.012515881098806858
vt 0.76600545644760132 0.010429901070892811
vt 0.76677048206329346 0.010429901070892811
vt 0.766387939453125 0.010429901070892811
vt 0.76753544807434082 0.016687840223312378
vt 0.76830041408538818 0.012515881098806858
vt 0.76753544807434082 0.012515881098806858
vt 0.76715296506881714 0.012515881098806858
vt 0.76753544807434082 0.010429901070892811
vt 0.76715296506881714 0.010429901070892811
vt 0.85000520944595337 0.5521349310874939
vt 0.85000520944595337 0.55833262205123901
vt 0.85000520944595337 0.56453037261962891
vt 0.85000520944595337 0.57072806358337402
vt 0.85000520944595337 0.57692581415176392
vt 0.8565400242805481 0.5521349310874939
vt 0.8565400242805481 0.56766819953918457
vt 0.8565400242805481 0.5691981315612793
vt 0.8565400242805481 0.57072806358337402
vt 0.8565400242805481 0.5723271369934082
vt 0.8565400242805481 0.57692581415176392
vt 0.86307597160339355 0.5521349310874939
vt 0.86307597160339355 0.55833262205123901
vt 0.86307597160339355 0.56453037261962891
vt 0.86307597160339355 0.57072806358337402
vt 0.86307597160339355 0.57692581415176392
vt 0.85000520944595337 0.57537633180618286
vt 0.85000520944595337 0.57382690906524658
vt 0.85000520944595337 0.5722774863243103
vt 0.85000520944595337 0.56917864084243774
vt 0.85000520944595337 0.56762921810150146
vt 0.85000520944595337 0.56607979536056519
vt 0.85000520944595337 0.56298094987869263
vt 0.85000520944595337 0.56143152713775635
vt 0.85000520944595337 0.55988210439682007
vt 0.85000520944595337 0.55678319931030273
vt 0.85000520944595337 0.55523377656936646
vt 0.85000520944595337 0.55368435382843018
vt 0.8565400242805481 0.57152760028839111
vt 0.85327261686325073 0.5723271369934082
vt 0.85327261686325073 0.57072806358337402
vt 0.85327261686325073 0.57152760028839111
vt 0.8565400242805481 0.56843316555023193
vt 0.85327261686325073 0.5691981315612793
vt 0.85327261686325073 0.56766819953918457
vt 0.85327261686325073 0.56843316555023193
vt 0.86307597160339355 0.55368435382843018
vt 0.86307597160339355 0.55523377656936646
vt 0.86307597160339355 0.55678319931030273
vt 0.86307597160339355 0.55988210439682007
vt 0.86307597160339355 0.56143152713775635
vt 0.86307597160339355 0.56298094987869263
vt 0.86307597160339355 0.56607979536056519
vt 0.86307597160339355 0.56762921810150146
vt 0.86307597160339355 0.56917864084243774
vt 0.86307597160339355 0.5722774863243103
vt 0.86307597160339355 0.57382690906524658
vt 0.86307597160339355 0.57537633180618286
vt 0.85980796813964844 0.5691981315612793
vt 0.85980796813964844 0.56766819953918457
vt 0.85980796813964844 0.56843316555023193
vt 0.85980796813964844 0.5723271369934082
vt 0.85980796813964844 0.57072806358337402
vt 0.85980796813964844 0.57152760028839111
vt 0.8565400242805481 0.55527275800704956
vt 0.8565400242805481 0.55680269002914429
vt 0.8565400242805481 0.55833262205123901
vt 0.8565400242805481 0.55993169546127319
vt 0.8565400242805481 0.56147044897079468
vt 0.8565400242805481 0.56300044059753418
vt 0.8565400242805481 0.56453037261962891
vt 0.8565400242805481 0.56612944602966309
vt 0.8565400242805481 0.57539582252502441
vt 0.44897234439849854 0.13401311635971069
vt 0.44277462363243103 0.13401311635971069
vt 0.43657693266868591 0.13401311635971069
vt 0.43037921190261841 0.13401311635971069
vt 0.4241814911365509 0.13401311635971069
vt 0.44897234439849854 0.14200016856193542
vt 0.44737327098846436 0.14200016856193542
vt 0.44583451747894287 0.14200016856193542
vt 0.44430458545684814 0.14200016856193542
vt 0.44277462363243103 0.14200016856193542
vt 0.44117558002471924 0.14200016856193542
vt 0.43963682651519775 0.14200016856193542
vt 0.43810686469078064 0.14200016856193542
vt 0.43657693266868591 0.14200016856193542
vt 0.43497785925865173 0.14200016856193542
vt 0.43343910574913025 0.14200016856193542
vt 0.43190914392471313 0.14200016856193542
vt 0.43037921190261841 0.14200016856193542
vt 0.42878013849258423 0.14200016856193542
vt 0.42724138498306274 0.14200016856193542
vt 0.42571145296096802 0.14200016856193542
vt 0.4241814911365509 0.14200016856193542
vt 0.44897234439849854 0.14998722076416016
vt 0.44737327098846436 0.14998722076416016
vt 0.44583451747894287 0.14998722076416016
vt 0.44430458545684814 0.14998722076416016
vt 0.44277462363243103 0.14998722076416016
vt 0.44117558002471924 0.14998722076416016
vt 0.43963682651519775 0.14998722076416016
vt 0.43810686469078064 0.14998722076416016
vt 0.43657693266868591 0.14998722076416016
vt 0.43497785925865173 0.14998722076416016
vt 0.43343910574913025 0.14998722076416016
vt 0.43190914392471313 0.14998722076416016
vt 0.43037921190261841 0.14998722076416016
vt 0.42878013849258423 0.14998722076416016
vt 0.42724138498306274 0.14998722076416016
vt 0.42571145296096802 0.14998722076416016
vt 0.4241814911365509 0.14998722076416016
vt 0.44897234439849854 0.15797427296638489
vt 0.44737327098846436 0.15797427296638489
vt 0.44583451747894287 0.15797427296638489
vt 0.44430458545684814 0.15797427296638489
vt 0.44277462363243103 0.15797427296638489
vt 0.44117558002471924 0.15797427296638489
vt 0.43963682651519775 0.15797427296638489
vt 0.43810686469078064 0.15797427296638489
vt 0.43657693266868591 0.15797427296638489
vt 0.43497785925865173 0.15797427296638489
vt 0.43343910574913025 0.15797427296638489
vt 0.43190914392471313 0.15797427296638489
vt 0.43037921190261841 0.15797427296638489
vt 0.42878013849258423 0.15797427296638489
vt 0.42724138498306274 0.15797427296638489
vt 0.42571145296096802 0.15797427296638489
vt 0.4241814911365509 0.15797427296638489
vt 0.44897234439849854 0.16596132516860962
vt 0.44737327098846436 0.16596132516860962
vt 0.44583451747894287 0.16596132516860962
vt 0.44430458545684814 0.16596132516860962
vt 0.44277462363243103 0.16596132516860962
vt 0.44117558002471924 0.16596132516860962
vt 0.43963682651519775 0.16596132516860962
vt 0.43810686469078064 0.16596132516860962
vt 0.43657693266868591 0.16596132516860962
vt 0.43497785925865173 0.16596132516860962
vt 0.43343910574913025 0.16596132516860962
vt 0.43190914392471313 0.16596132516860962
vt 0.43037921190261841 0.16596132516860962
vt 0.42878013849258423 0.16596132516860962
vt 0.42724138498306274 0.16596132516860962
vt 0.42571145296096802 0.16596132516860962
vt 0.4241814911365509 0.16596132516860962
vt 0.44897234439849854 0.17394837737083435
vt 0.44737327098846436 0.17394837737083435
vt 0.44583451747894287 0.17394837737083435
vt 0.44430458545684814 0.17394837737083435
vt 0.44277462363243103 0.17394837737083435
vt 0.44117558002471924 0.17394837737083435
vt 0.43963682651519775 0.17394837737083435
vt 0.43810686469078064 0.17394837737083435
vt 0.43657693266868591 0.17394837737083435
vt 0.43497785925865173 0.17394837737083435
vt 0.43343910574913025 0.17394837737083435
vt 0.43190914392471313 0.17394837737083435
vt 0.43037921190261841 0.17394837737083435
vt 0.42878013849258423 0.17394837737083435
vt 0.42724138498306274 0.17394837737083435
vt 0.42571145296096802 0.17394837737083435
vt 0.4241814911365509 0.17394837737083435
vt 0.44897234439849854 0.18193542957305908
vt 0.43657693266868591 0.18193542957305908
vt 0.43037921190261841 0.18193542957305908
vt 0.4241814911365509 0.18193542957305908
vt 0.42573091387748718 0.13401311635971069
vt 0.42728036642074585 0.13401311635971069
vt 0.42882978916168213 0.13401311635971069
vt 0.43192863464355469 0.13401311635971069
vt 0.43347805738449097 0.13401311635971069
vt 0.43502748012542725 0.13401311635971069
vt 0.43812635540962219 0.13401311635971069
vt 0.43967577815055847 0.13401311635971069
vt 0.44122520089149475 0.13401311635971069
vt 0.44432404637336731 0.13401311635971069
vt 0.44587349891662598 0.13401311635971069
vt 0.44742292165756226 0.13401311635971069
vt 0.42494645714759827 0.14200016856193542
vt 0.4241814911365509 0.13800664246082306
vt 0.42571145296096802 0.13800664246082306
vt 0.42494645714759827 0.13800664246082306
vt 0.42647641897201538 0.14200016856193542
vt 0.42724138498306274 0.13800664246082306
vt 0.42647641897201538 0.13800664246082306
vt 0.42801076173782349 0.14200016856193542
vt 0.42878013849258423 0.13800664246082306
vt 0.42801076173782349 0.13800664246082306
vt 0.42957967519760132 0.14200016856193542
vt 0.43037921190261841 0.13800664246082306
vt 0.42957967519760132 0.13800664246082306
vt 0.43267413973808289 0.14200016856193542
vt 0.43190914392471313 0.13800664246082306
vt 0.43343910574913025 0.13800664246082306
vt 0.43267413973808289 0.13800664246082306
vt 0.43420848250389099 0.14200016856193542
vt 0.43497785925865173 0.13800664246082306
vt 0.43420848250389099 0.13800664246082306
vt 0.43577739596366882 0.14200016856193542
vt 0.43657693266868591 0.13800664246082306
vt 0.43577739596366882 0.13800664246082306
vt 0.43734189867973328 0.14200016856193542
vt 0.43810686469078064 0.13800664246082306
vt 0.43734189867973328 0.13800664246082306
vt 0.438871830701828 0.14200016856193542
vt 0.43963682651519775 0.13800664246082306
vt 0.438871830701828 0.13800664246082306
vt 0.4404062032699585 0.14200016856193542
vt 0.44117558002471924 0.13800664246082306
vt 0.4404062032699585 0.13800664246082306
vt 0.44197508692741394 0.14200016856193542
vt 0.44277462363243103 0.13800664246082306
vt 0.44197508692741394 0.13800664246082306
vt 0.44353961944580078 0.14200016856193542
vt 0.44430458545684814 0.13800664246082306
vt 0.44353961944580078 0.13800664246082306
vt 0.44506955146789551 0.14200016856193542
vt 0.44583451747894287 0.13800664246082306
vt 0.44506955146789551 0.13800664246082306
vt 0.44660389423370361 0.14200016856193542
vt 0.44737327098846436 0.13800664246082306
vt 0.44660389423370361 0.13800664246082306
vt 0.44817280769348145 0.14200016856193542
vt 0.44897234439849854 0.13800664246082306
vt 0.44817280769348145 0.13800664246082306
vt 0.44742292165756226 0.18193542957305908
vt 0.44587349891662598 0.18193542957305908
vt 0.44432404637336731 0.18193542957305908
vt 0.44277462363243103 0.18193542957305908
vt 0.44737327098846436 0.17794190347194672
vt 0.44817280769348145 0.17394837737083435
vt 0.44897234439849854 0.17794190347194672
vt 0.44817280769348145 0.17794190347194672
vt 0.44583451747894287 0.17794190347194672
vt 0.44660389423370361 0.17394837737083435
vt 0.44660389423370361 0.17794190347194672
vt 0.44430458545684814 0.17794190347194672
vt 0.44506955146789551 0.17394837737083435
vt 0.44506955146789551 0.17794190347194672
vt 0.44277462363243103 0.17794190347194672
vt 0.44353961944580078 0.17394837737083435
vt 0.44353961944580078 0.17794190347194672
vt 0.42882978916168213 0.18193542957305908
vt 0.42728036642074585 0.18193542957305908
vt 0.42573091387748718 0.18193542957305908
vt 0.42878013849258423 0.17794190347194672
vt 0.42957967519760132 0.17394837737083435
vt 0.43037921190261841 0.17794190347194672
vt 0.42957967519760132 0.17794190347194672
vt 0.42724138498306274 0.17794190347194672
vt 0.42801076173782349 0.17394837737083435
vt 0.42801076173782349 0.17794190347194672
vt 0.42571145296096802 0.17794190347194672
vt 0.42647641897201538 0.17394837737083435
vt 0.42647641897201538 0.17794190347194672
vt 0.4241814911365509 0.17794190347194672
vt 0.42494645714759827 0.17394837737083435
vt 0.42494645714759827 0.17794190347194672
vt 0.44122520089149475 0.18193542957305908
vt 0.43967577815055847 0.18193542957305908
vt 0.43812635540962219 0.18193542957305908
vt 0.43502748012542725 0.18193542957305908
vt 0.43347805738449097 0.18193542957305908
vt 0.43192863464355469 0.18193542957305908
vt 0.44117558002471924 0.17794190347194672
vt 0.44197508692741394 0.17394837737083435
vt 0.44197508692741394 0.17794190347194672
vt 0.43963682651519775 0.17794190347194672
vt 0.4404062032699585 0.17394837737083435
vt 0.4404062032699585 0.17794190347194672
vt 0.43810686469078064 0.17794190347194672
vt 0.438871830701828 0.17394837737083435
vt 0.438871830701828 0.17794190347194672
vt 0.43497785925865173 0.17794190347194672
vt 0.43577739596366882 0.17394837737083435
vt 0.43657693266868591 0.17794190347194672
vt 0.43577739596366882 0.17794190347194672
vt 0.43343910574913025 0.17794190347194672
vt 0.43420848250389099 0.17394837737083435
vt 0.43420848250389099 0.17794190347194672
vt 0.43190914392471313 0.17794190347194672
vt 0.43267413973808289 0.17394837737083435
vt 0.43267413973808289 0.17794190347194672
vt 0.43114417791366577 0.17394837737083435
vt 0.43114417791366577 0.17794190347194672
vt 0.069112956523895264 0.26655346155166626
vt 0.034556478261947632 0.26655346155166626
vt 0 0.26655346155166626
vt 0.069112956523895264 0.27854645252227783
vt 0.034556478261947632 0.27854645252227783
vt 0 0.27854645252227783
vt 0.069112956523895264 0.29008707404136658
vt 0.034556478261947632 0.29008707404136658
vt 0 0.29008707404136658
vt 0.069112956523895264 0.30156168341636658
vt 0.034556478261947632 0.30156168341636658
vt 0 0.30156168341636658
vt 0.034556478261947632 0.31303629279136658
vt 0 0.31303629279136658
vt 0.034556478261947632 0.32502928376197815
vt 0 0.32502928376197815
vt 0.069112956523895264 0.33656993508338928
vt 0 0.33656993508338928
vt 0.069112956523895264 0.34804454445838928
vt 0 0.34804454445838928
vt 0.069112956523895264 0.35951912403106689
vt 0 0.35951912403106689
vt 0.069112956523895264 0.37151211500167847
vt 0 0.37151211500167847
vt 0.069112956523895264 0.3830527663230896
vt 0.034556478261947632 0.3830527663230896
vt 0 0.3830527663230896
vt 0.069112956523895264 0.3945273756980896
vt 0.034556478261947632 0.3945273756980896
vt 0 0.3945273756980896
vt 0.034556478261947632 0.4060019850730896
vt 0 0.4060019850730896
vt 0.034556478261947632 0.41799497604370117
vt 0 0.41799497604370117
vt 0.069112956523895264 0.42953559756278992
vt 0.034556478261947632 0.42953559756278992
vt 0 0.42953559756278992
vt 0.069112956523895264 0.4410102367401123
vt 0.034556478261947632 0.4410102367401123
vt 0 0.4410102367401123
vt 0.069112956523895264 0.45248481631278992
vt 0.034556478261947632 0.45248481631278992
vt 0 0.45248481631278992
vt 0.023217732086777687 0.45248481631278992
vt 0.023089934140443802 0.45083111524581909
vt 0.022272206842899323 0.44902405142784119
vt 0.020790588110685349 0.44832918047904968
vt 0.019354168325662613 0.4482434093952179
vt 0.017278239130973816 0.4410102367401123
vt 0.034556478261947632 0.44674751162528992
vt 0.017278239130973816 0.44674751162528992
vt 0.025917358696460724 0.45248481631278992
vt 0.025917358696460724 0.44674751162528992
vt 0.034556478261947632 0.44961616396903992
vt 0.025917358696460724 0.44961616396903992
vt 0.051834717392921448 0.45248481631278992
vt 0.051834717392921448 0.4410102367401123
vt 0.051834717392921448 0.44674751162528992
vt 0.017278239130973816 0.27854645252227783
vt 0.034556478261947632 0.27254995703697205
vt 0.017278239130973816 0.27254995703697205
vt 0.025917358696460724 0.45105049014091492
vt 0.025917358696460724 0.27254995703697205
vt 0.025917358696460724 0.26655346155166626
vt 0.034556478261947632 0.26955169439315796
vt 0.025917358696460724 0.26955169439315796
vt 0.051834717392921448 0.27854645252227783
vt 0.051834717392921448 0.26655346155166626
vt 0.051834717392921448 0.27254995703697205
vt 0.008639119565486908 0.45248481631278992
vt 0.008639119565486908 0.44674751162528992
vt 0.008639119565486908 0.44961616396903992
vt 0.02159779891371727 0.44674751162528992
vt 0.025917358696460724 0.44818183779716492
vt 0.017278239130973816 0.4438788890838623
vt 0.025917358696460724 0.4410102367401123
vt 0.034556478261947632 0.4438788890838623
vt 0.025917358696460724 0.4438788890838623
vt 0.017278239130973816 0.42953559756278992
vt 0.034556478261947632 0.43527290225028992
vt 0.017278239130973816 0.43527290225028992
vt 0.017917821183800697 0.44832798838615417
vt 0.016436494886875153 0.44902238249778748
vt 0.01561859343200922 0.45082941651344299
vt 0.01549060270190239 0.45248481631278992
vt 0.012958679348230362 0.44961616396903992
vt 0.008639119565486908 0.44818183779716492
vt 0.012958679348230362 0.44674751162528992
vt 0.012958679348230362 0.44818183779716492
vt 0.008639119565486908 0.4410102367401123
vt 0.008639119565486908 0.4438788890838623
vt 0.012958679348230362 0.45248481631278992
vt 0.008639119565486908 0.45105049014091492
vt 0.012958679348230362 0.45105049014091492
vt 0.008639119565486908 0.27254995703697205
vt 0.008639119565486908 0.26655346155166626
vt 0.008639119565486908 0.26955169439315796
vt 0.069112956523895264 0.30391401052474976
vt 0.051834717392921448 0.31303629279136658
vt 0.034556478261947632 0.30729898810386658
vt 0.051834717392921448 0.30156168341636658
vt 0.051834717392921448 0.30729898810386658
vt 0.060473836958408356 0.30729898810386658
vt 0.051834717392921448 0.30443033576011658
vt 0.060473836958408356 0.30156168341636658
vt 0.060473836958408356 0.30443033576011658
vt 0.034556478261947632 0.29582437872886658
vt 0.051834717392921448 0.29008707404136658
vt 0.051834717392921448 0.29582437872886658
vt 0.01549060270190239 0.26655346155166626
vt 0.01561859343200922 0.26820886135101318
vt 0.016436494886875153 0.2700158953666687
vt 0.017917821183800697 0.270710289478302
vt 0.019354168325662613 0.27079486846923828
vt 0.020790588110685349 0.27070909738540649
vt 0.022272206842899323 0.27001422643661499
vt 0.023089934140443802 0.26820719242095947
vt 0.023217732086777687 0.26655346155166626
vt 0.012958679348230362 0.26955169439315796
vt 0.008639119565486908 0.26805257797241211
vt 0.012958679348230362 0.26655346155166626
vt 0.012958679348230362 0.26805257797241211
vt 0.012958679348230362 0.27254995703697205
vt 0.008639119565486908 0.27105081081390381
vt 0.012958679348230362 0.27105081081390381
vt 0.008639119565486908 0.27854645252227783
vt 0.017278239130973816 0.27554818987846375
vt 0.008639119565486908 0.27554818987846375
vt 0.017278239130973816 0.29008707404136658
vt 0.034556478261947632 0.28431674838066101
vt 0.017278239130973816 0.28431674838066101
vt 0.02159779891371727 0.27254995703697205
vt 0.025917358696460724 0.27105081081390381
vt 0.025917358696460724 0.27854645252227783
vt 0.034556478261947632 0.27554818987846375
vt 0.025917358696460724 0.27554818987846375
vt 0.025917358696460724 0.26805257797241211
vt 0.069112956523895264 0.4060019850730896
vt 0.069112956523895264 0.41512426733970642
vt 0.051834717392921448 0.4060019850730896
vt 0.034556478261947632 0.4002646803855896
vt 0.051834717392921448 0.3945273756980896
vt 0.051834717392921448 0.4002646803855896
vt 0.051834717392921448 0.41799497604370117
vt 0.034556478261947632 0.41199848055839539
vt 0.051834717392921448 0.41199848055839539
vt 0.069112956523895264 0.31303629279136658
vt 0.069112956523895264 0.3221585750579834
vt 0.051834717392921448 0.32502928376197815
vt 0.034556478261947632 0.31903278827667236
vt 0.051834717392921448 0.31903278827667236
vt 0.069112956523895264 0.39687970280647278
vt 0.060473836958408356 0.4002646803855896
vt 0.051834717392921448 0.3973960280418396
vt 0.060473836958408356 0.3945273756980896
vt 0.060473836958408356 0.3973960280418396
vt 0.034556478261947632 0.3887900710105896
vt 0.051834717392921448 0.3830527663230896
vt 0.051834717392921448 0.3887900710105896
vt 0.034556478261947632 0.34804454445838928
vt 0.034556478261947632 0.35951912403106689
vt 0.034556478261947632 0.37151211500167847
vt 0.63921600580215454 0.030183013528585434
vt 0.63787591457366943 0.023013077676296234
vt 0.63362020254135132 0.016379639506340027
vt 0.62706518173217773 0.011934653855860233
vt 0.619620680809021 0.010455554351210594
vt 0.61249881982803345 0.011804637499153614
vt 0.60590982437133789 0.01608906127512455
vt 0.60149461030960083 0.022688345983624458
vt 0.60002541542053223 0.030183013528585434
vt 0.60136550664901733 0.037352949380874634
vt 0.60562121868133545 0.043986387550830841
vt 0.61217623949050903 0.048431374132633209
vt 0.619620680809021 0.049910474568605423
vt 0.62674260139465332 0.048561390489339828
vt 0.63333159685134888 0.044276967644691467
vt 0.63774681091308594 0.037677682936191559
vt 0.59022778272628784 0.030183013528585434
vt 0.59243160486221313 0.018941013142466545
vt 0.59905439615249634 0.0090420832857489586
vt 0.60893785953521729 0.0026154499500989914
vt 0.619620680809021 0.00059182383120059967
vt 0.63078737258911133 0.002810474019497633
vt 0.64061999320983887 0.0094779524952173233
vt 0.64700353145599365 0.019428111612796783
vt 0.64901363849639893 0.030183013528585434
vt 0.64680981636047363 0.041425015777349472
vt 0.64018702507019043 0.051323946565389633
vt 0.63030356168746948 0.057750578969717026
vt 0.619620680809021 0.059774201363325119
vt 0.60845404863357544 0.057555556297302246
vt 0.5986214280128479 0.050888076424598694
vt 0.59223788976669312 0.040937915444374084
vt 0.17611971497535706 0
vt 0.17611971497535706 0.029591189697384834
vt 0.2011914849281311 0
vt 0.2011914849281311 0.029591189697384834
vt 0.22631838917732239 0
vt 0.22631838917732239 0.029591189697384834
vt 0.22631838917732239 0.0031148621346801519
vt 0.21375493705272675 0.014795594848692417
vt 0.22003667056560516 0.014795594848692417
vt 0.21375493705272675 0.0073977974243462086
vt 0.22003667056560516 0.0073977974243462086
vt 0.22631838917732239 0.026476327329874039
vt 0.21375493705272675 0.022193392738699913
vt 0.22003667056560516 0.022193392738699913
vt 0.22631838917732239 0.014795594848692417
vt 0.89527040719985962 0.69331812858581543
vt 0.86567920446395874 0.69331812858581543
vt 0.89527040719985962 0.70608431100845337
vt 0.86567920446395874 0.70608431100845337
vt 0.89527040719985962 0.71870565414428711
vt 0.86567920446395874 0.71870565414428711
vt 0.89215552806854248 0.69331812858581543
vt 0.88047480583190918 0.69970118999481201
vt 0.88787263631820679 0.69970118999481201
vt 0.88047480583190918 0.69650965929031372
vt 0.88787263631820679 0.69650965929031372
vt 0.86879408359527588 0.69331812858581543
vt 0.87307703495025635 0.69970118999481201
vt 0.87307703495025635 0.69650965929031372
vt 0.88047480583190918 0.69331812858581543
vt 0.89527040719985962 0.26041701436042786
vt 0.86567920446395874 0.26041701436042786
vt 0.89527040719985962 0.28317379951477051
vt 0.86567920446395874 0.28317379951477051
vt 0.89527040719985962 0.30525478720664978
vt 0.86567920446395874 0.30525478720664978
vt 0.029591189697384834 0.14094337821006775
vt 0 0.14094337821006775
vt 0.029591189697384834 0.18039828538894653
vt 0 0.18039828538894653
vt 0.834331214427948 0.20098200440406799
vt 0.834331214427948 0.22923466563224792
vt 0.87461286783218384 0.20098200440406799
vt 0.87461286783218384 0.22923466563224792
vt 0.91485780477523804 0.20098200440406799
vt 0.91485780477523804 0.22923466563224792
vt 0.89312463998794556 0.21887534856796265
vt 0.89681816101074219 0.21807697415351868
vt 0.89837104082107544 0.21691213548183441
vt 0.89886099100112915 0.21609976887702942
vt 0.89904934167861938 0.21510833501815796
vt 0.89886099100112915 0.2141169011592865
vt 0.89837104082107544 0.21330451965332031
vt 0.89681816101074219 0.21213968098163605
vt 0.89312463998794556 0.21134130656719208
vt 0.88924610614776611 0.21214182674884796
vt 0.88749754428863525 0.21330885589122772
vt 0.88693714141845703 0.21411900222301483
vt 0.88671964406967163 0.21510833501815796
vt 0.88693714141845703 0.21609765291213989
vt 0.88749754428863525 0.216907799243927
vt 0.88924610614776611 0.21807482838630676
vt 0.87461286783218384 0.21510833501815796
vt 0.87461286783218384 0.22217150032520294
vt 0.88467413187026978 0.21510833501815796
vt 0.88467413187026978 0.22217150032520294
vt 0.85447204113006592 0.21510833501815796
vt 0.90479660034179688 0.21510833501815796
vt 0.90479660034179688 0.22217150032520294
vt 0.90479660034179688 0.21863991022109985
vt 0.89976596832275391 0.22217150032520294
vt 0.89976596832275391 0.21510833501815796
vt 0.89976596832275391 0.21863991022109985
vt 0.90479660034179688 0.20804516971111298
vt 0.89976596832275391 0.21687412261962891
vt 0.88970476388931274 0.22217150032520294
vt 0.88467413187026978 0.21863991022109985
vt 0.88970476388931274 0.21863991022109985
vt 0.87461286783218384 0.20804516971111298
vt 0.88467413187026978 0.20804516971111298
vt 0.90479660034179688 0.21157674491405487
vt 0.89976596832275391 0.20804516971111298
vt 0.89976596832275391 0.21157674491405487
vt 0.89976596832275391 0.21334253251552582
vt 0.88467413187026978 0.21157674491405487
vt 0.88970476388931274 0.20804516971111298
vt 0.88970476388931274 0.21157674491405487
vt 0.88467413187026978 0.21334253251552582
vt 0.88718944787979126 0.21157674491405487
vt 0.87964349985122681 0.21510833501815796
vt 0.87461286783218384 0.21157674491405487
vt 0.87964349985122681 0.20804516971111298
vt 0.87964349985122681 0.21157674491405487
vt 0.86454248428344727 0.21510833501815796
vt 0.85447204113006592 0.20804516971111298
vt 0.86454248428344727 0.20804516971111298
vt 0.88718944787979126 0.21863991022109985
vt 0.88467413187026978 0.21687412261962891
vt 0.87964349985122681 0.22217150032520294
vt 0.87461286783218384 0.21863991022109985
vt 0.87964349985122681 0.21863991022109985
vt 0.85447204113006592 0.22217150032520294
vt 0.86454248428344727 0.22217150032520294
vt 0.8209722638130188 0.18917900323867798
vt 0.80559468269348145 0.14226329326629639
vt 0.81703495979309082 0.16456332802772522
vt 0.81293511390686035 0.18917900323867798
vt 0.78151732683181763 0.18917900323867798
vt 0.77949368953704834 0.17672371864318848
vt 0.77368605136871338 0.16546955704689026
vt 0.7895544171333313 0.18917900323867798
vt 0.8209722638130188 0.13046029210090637
vt 0.80559468269348145 0.083544574677944183
vt 0.81703495979309082 0.10584460943937302
vt 0.81293511390686035 0.13046029210090637
vt 0.78151732683181763 0.13046029210090637
vt 0.77949368953704834 0.11800500750541687
vt 0.77368605136871338 0.10675083845853806
vt 0.7895544171333313 0.13046029210090637
vt 0.91632264852523804 0.58045262098312378
vt 0.91632264852523804 0.60018002986907959
vt 0.92022585868835449 0.58045262098312378
vt 0.92398178577423096 0.58045262098312378
vt 0.92771625518798828 0.58045262098312378
vt 0.93145072460174561 0.58045262098312378
vt 0.93535393476486206 0.58045262098312378
vt 0.93910986185073853 0.58045262098312378
vt 0.94284433126449585 0.58045262098312378
vt 0.94657880067825317 0.58045262098312378
vt 0.94657880067825317 0.60018002986907959
vt 0.95048201084136963 0.58045262098312378
vt 0.95423793792724609 0.58045262098312378
vt 0.95797240734100342 0.58045262098312378
vt 0.96170687675476074 0.58045262098312378
vt 0.96170687675476074 0.60018002986907959
vt 0.9656100869178772 0.58045262098312378
vt 0.96936601400375366 0.58045262098312378
vt 0.97310048341751099 0.58045262098312378
vt 0.97683495283126831 0.56072515249252319
vt 0.97683495283126831 0.58045262098312378
vt 0.97683495283126831 0.60018002986907959
vt 0.91632264852523804 0.56072515249252319
vt 0.92010468244552612 0.56072515249252319
vt 0.92388671636581421 0.56072515249252319
vt 0.92766875028610229 0.56072515249252319
vt 0.93145072460174561 0.56072515249252319
vt 0.93523275852203369 0.56072515249252319
vt 0.93901479244232178 0.56072515249252319
vt 0.94279676675796509 0.56072515249252319
vt 0.94657880067825317 0.56072515249252319
vt 0.95036083459854126 0.56072515249252319
vt 0.95414286851882935 0.56072515249252319
vt 0.95792484283447266 0.56072515249252319
vt 0.96170687675476074 0.56072515249252319
vt 0.96548891067504883 0.56072515249252319
vt 0.96927094459533691 0.56072515249252319
vt 0.97305291891098022 0.56072515249252319
vt 0.92022585868835449 0.57058888673782349
vt 0.91827428340911865 0.58045262098312378
vt 0.91632264852523804 0.57058888673782349
vt 0.91827428340911865 0.57058888673782349
vt 0.92398178577423096 0.57058888673782349
vt 0.92210382223129272 0.58045262098312378
vt 0.92210382223129272 0.57058888673782349
vt 0.92771625518798828 0.57058888673782349
vt 0.92584902048110962 0.58045262098312378
vt 0.92584902048110962 0.57058888673782349
vt 0.93145072460174561 0.57058888673782349
vt 0.92958348989486694 0.58045262098312378
vt 0.92958348989486694 0.57058888673782349
vt 0.93535393476486206 0.57058888673782349
vt 0.93340229988098145 0.58045262098312378
vt 0.93340229988098145 0.57058888673782349
vt 0.93910986185073853 0.57058888673782349
vt 0.93723189830780029 0.58045262098312378
vt 0.93723189830780029 0.57058888673782349
vt 0.94284433126449585 0.57058888673782349
vt 0.94097709655761719 0.58045262098312378
vt 0.94097709655761719 0.57058888673782349
vt 0.94657880067825317 0.57058888673782349
vt 0.94471156597137451 0.58045262098312378
vt 0.94471156597137451 0.57058888673782349
vt 0.95048201084136963 0.57058888673782349
vt 0.94853037595748901 0.58045262098312378
vt 0.94853037595748901 0.57058888673782349
vt 0.95423793792724609 0.57058888673782349
vt 0.95235997438430786 0.58045262098312378
vt 0.95235997438430786 0.57058888673782349
vt 0.95797240734100342 0.57058888673782349
vt 0.95610517263412476 0.58045262098312378
vt 0.95610517263412476 0.57058888673782349
vt 0.9656100869178772 0.57058888673782349
vt 0.96365845203399658 0.58045262098312378
vt 0.96170687675476074 0.57058888673782349
vt 0.96365845203399658 0.57058888673782349
vt 0.96936601400375366 0.57058888673782349
vt 0.96748805046081543 0.58045262098312378
vt 0.96748805046081543 0.57058888673782349
vt 0.97310048341751099 0.57058888673782349
vt 0.97123324871063232 0.58045262098312378
vt 0.97123324871063232 0.57058888673782349
vt 0.97683495283126831 0.57058888673782349
vt 0.97496771812438965 0.58045262098312378
vt 0.97496771812438965 0.57058888673782349
vt 0.97305291891098022 0.60018002986907959
vt 0.96927094459533691 0.60018002986907959
vt 0.96548891067504883 0.60018002986907959
vt 0.95792484283447266 0.60018002986907959
vt 0.95414286851882935 0.60018002986907959
vt 0.95036083459854126 0.60018002986907959
vt 0.94279676675796509 0.60018002986907959
vt 0.93901479244232178 0.60018002986907959
vt 0.93523275852203369 0.60018002986907959
vt 0.93145072460174561 0.60018002986907959
vt 0.92766875028610229 0.60018002986907959
vt 0.92388671636581421 0.60018002986907959
vt 0.92010468244552612 0.60018002986907959
vt 0.97683495283126831 0.5903162956237793
vt 0.97310048341751099 0.5903162956237793
vt 0.97496771812438965 0.5903162956237793
vt 0.96936601400375366 0.5903162956237793
vt 0.97123324871063232 0.5903162956237793
vt 0.9656100869178772 0.5903162956237793
vt 0.96748805046081543 0.5903162956237793
vt 0.96170687675476074 0.5903162956237793
vt 0.96365845203399658 0.5903162956237793
vt 0.95797240734100342 0.5903162956237793
vt 0.95423793792724609 0.5903162956237793
vt 0.95610517263412476 0.5903162956237793
vt 0.95048201084136963 0.5903162956237793
vt 0.95235997438430786 0.5903162956237793
vt 0.94657880067825317 0.5903162956237793
vt 0.94853037595748901 0.5903162956237793
vt 0.94284433126449585 0.5903162956237793
vt 0.94471156597137451 0.5903162956237793
vt 0.93910986185073853 0.5903162956237793
vt 0.94097709655761719 0.5903162956237793
vt 0.93535393476486206 0.5903162956237793
vt 0.93723189830780029 0.5903162956237793
vt 0.93145072460174561 0.5903162956237793
vt 0.93340229988098145 0.5903162956237793
vt 0.92771625518798828 0.5903162956237793
vt 0.92958348989486694 0.5903162956237793
vt 0.92398178577423096 0.5903162956237793
vt 0.92584902048110962 0.5903162956237793
vt 0.92022585868835449 0.5903162956237793
vt 0.92210382223129272 0.5903162956237793
vt 0.91632264852523804 0.5903162956237793
vt 0.91827428340911865 0.5903162956237793
vt 0.95577758550643921 0.20098200440406799
vt 0.93605011701583862 0.20098200440406799
vt 0.91632264852523804 0.20098200440406799
vt 0.93605011701583862 0.20488516986370087
vt 0.93605011701583862 0.20864114165306091
vt 0.93605011701583862 0.21237559616565704
vt 0.95577758550643921 0.21611006557941437
vt 0.93605011701583862 0.21611006557941437
vt 0.91632264852523804 0.21611006557941437
vt 0.93605011701583862 0.22001324594020844
vt 0.93605011701583862 0.22376920282840729
vt 0.93605011701583862 0.22750367224216461
vt 0.95577758550643921 0.23123814165592194
vt 0.93605011701583862 0.23123814165592194
vt 0.93605011701583862 0.235141322016716
vt 0.93605011701583862 0.23889727890491486
vt 0.93605011701583862 0.24263174831867218
vt 0.93605011701583862 0.24636620283126831
vt 0.93605011701583862 0.25026938319206238
vt 0.93605011701583862 0.25402534008026123
vt 0.93605011701583862 0.25775980949401855
vt 0.93605011701583862 0.26149427890777588
vt 0.95577758550643921 0.20476402342319489
vt 0.95577758550643921 0.20854602754116058
vt 0.95577758550643921 0.21232804656028748
vt 0.95577758550643921 0.21989208459854126
vt 0.95577758550643921 0.22367410361766815
vt 0.95577758550643921 0.22745612263679504
vt 0.95577758550643921 0.23502016067504883
vt 0.95577758550643921 0.23880217969417572
vt 0.95577758550643921 0.24258419871330261
vt 0.95577758550643921 0.24636620283126831
vt 0.95577758550643921 0.2501482367515564
vt 0.95577758550643921 0.25393024086952209
vt 0.95577758550643921 0.25771227478981018
vt 0.95577758550643921 0.26149427890777588
vt 0.94591385126113892 0.20488516986370087
vt 0.93605011701583862 0.20293359458446503
vt 0.94591385126113892 0.20098200440406799
vt 0.94591385126113892 0.20293359458446503
vt 0.94591385126113892 0.20864114165306091
vt 0.93605011701583862 0.20676316320896149
vt 0.94591385126113892 0.20676316320896149
vt 0.94591385126113892 0.21237559616565704
vt 0.93605011701583862 0.21050837635993958
vt 0.94591385126113892 0.21050837635993958
vt 0.94591385126113892 0.21611006557941437
vt 0.93605011701583862 0.21424283087253571
vt 0.94591385126113892 0.21424283087253571
vt 0.94591385126113892 0.22001324594020844
vt 0.93605011701583862 0.2180616557598114
vt 0.94591385126113892 0.2180616557598114
vt 0.94591385126113892 0.22376920282840729
vt 0.93605011701583862 0.22189122438430786
vt 0.94591385126113892 0.22189122438430786
vt 0.94591385126113892 0.22750367224216461
vt 0.93605011701583862 0.22563643753528595
vt 0.94591385126113892 0.22563643753528595
vt 0.94591385126113892 0.23123814165592194
vt 0.93605011701583862 0.22937090694904327
vt 0.94591385126113892 0.22937090694904327
vt 0.94591385126113892 0.235141322016716
vt 0.93605011701583862 0.23318973183631897
vt 0.94591385126113892 0.23318973183631897
vt 0.94591385126113892 0.23889727890491486
vt 0.93605011701583862 0.23701930046081543
vt 0.94591385126113892 0.23701930046081543
vt 0.94591385126113892 0.24263174831867218
vt 0.93605011701583862 0.24076451361179352
vt 0.94591385126113892 0.24076451361179352
vt 0.94591385126113892 0.25026938319206238
vt 0.93605011701583862 0.24831779301166534
vt 0.94591385126113892 0.24636620283126831
vt 0.94591385126113892 0.24831779301166534
vt 0.94591385126113892 0.25402534008026123
vt 0.93605011701583862 0.252147376537323
vt 0.94591385126113892 0.252147376537323
vt 0.94591385126113892 0.25775980949401855
vt 0.93605011701583862 0.25589257478713989
vt 0.94591385126113892 0.25589257478713989
vt 0.94591385126113892 0.26149427890777588
vt 0.93605011701583862 0.25962704420089722
vt 0.94591385126113892 0.25962704420089722
vt 0.91632264852523804 0.26149427890777588
vt 0.91632264852523804 0.25771227478981018
vt 0.91632264852523804 0.25393024086952209
vt 0.91632264852523804 0.2501482367515564
vt 0.91632264852523804 0.24636620283126831
vt 0.91632264852523804 0.24258419871330261
vt 0.91632264852523804 0.23880217969417572
vt 0.91632264852523804 0.23502016067504883
vt 0.91632264852523804 0.23123814165592194
vt 0.91632264852523804 0.22745612263679504
vt 0.91632264852523804 0.22367410361766815
vt 0.91632264852523804 0.21989208459854126
vt 0.91632264852523804 0.21232804656028748
vt 0.91632264852523804 0.20854602754116058
vt 0.91632264852523804 0.20476402342319489
vt 0.92618638277053833 0.26149427890777588
vt 0.92618638277053833 0.25775980949401855
vt 0.92618638277053833 0.25962704420089722
vt 0.92618638277053833 0.25402534008026123
vt 0.92618638277053833 0.25589257478713989
vt 0.92618638277053833 0.25026938319206238
vt 0.92618638277053833 0.252147376537323
vt 0.92618638277053833 0.24636620283126831
vt 0.92618638277053833 0.24831779301166534
vt 0.92618638277053833 0.24263174831867218
vt 0.92618638277053833 0.23889727890491486
vt 0.92618638277053833 0.24076451361179352
vt 0.92618638277053833 0.235141322016716
vt 0.92618638277053833 0.23701930046081543
vt 0.92618638277053833 0.23123814165592194
vt 0.92618638277053833 0.23318973183631897
vt 0.92618638277053833 0.22750367224216461
vt 0.92618638277053833 0.22937090694904327
vt 0.92618638277053833 0.22376920282840729
vt 0.92618638277053833 0.22563643753528595
vt 0.92618638277053833 0.22001324594020844
vt 0.92618638277053833 0.22189122438430786
vt 0.92618638277053833 0.21611006557941437
vt 0.92618638277053833 0.2180616557598114
vt 0.92618638277053833 0.21237559616565704
vt 0.92618638277053833 0.21424283087253571
vt 0.92618638277053833 0.20864114165306091
vt 0.92618638277053833 0.21050837635993958
vt 0.92618638277053833 0.20488516986370087
vt 0.92618638277053833 0.20676316320896149
vt 0.92618638277053833 0.20098200440406799
vt 0.92618638277053833 0.20293359458446503
vt 0.58817511796951294 0
vt 0.54949194192886353 0
vt 0.56883352994918823 0.050787180662155151
vt 0.58817511796951294 0.1015743613243103
vt 0.54949194192886353 0.1015743613243103
vt 0.54949194192886353 0.092953689396381378
vt 0.55916273593902588 0.050787180662155151
vt 0.56883352994918823 0.076180770993232727
vt 0.55916273593902588 0.076180770993232727
vt 0.37339431047439575 0.58062642812728882
vt 0.37339431047439575 0.62008130550384521
vt 0.47350382804870605 0.58062642812728882
vt 0.47350382804870605 0.62008130550384521
vt 0.38189065456390381 0.62008130550384521
vt 0.4234490692615509 0.6102176308631897
vt 0.4234490692615509 0.61514949798583984
vt 0.39842170476913452 0.6102176308631897
vt 0.39842170476913452 0.61514949798583984
vt 0.54453182220458984 0
vt 0.50507688522338867 0
vt 0.54453182220458984 0.1015743613243103
vt 0.50507688522338867 0.1015743613243103
vt 0.50507688522338867 0.092953689396381378
vt 0.51494061946868896 0.050787180662155151
vt 0.51000875234603882 0.050787180662155151
vt 0.51494061946868896 0.076180770993232727
vt 0.51000875234603882 0.076180770993232727
vt 0.37339431047439575 0.44169405102729797
vt 0.37339431047439575 0.48114895820617676
vt 0.4234490692615509 0.46142151951789856
vt 0.47350382804870605 0.44169405102729797
vt 0.47350382804870605 0.48114895820617676
vt 0.38189065456390381 0.48114895820617676
vt 0.4234490692615509 0.47128522396087646
vt 0.39842170476913452 0.46142151951789856
vt 0.39842170476913452 0.47128522396087646
vt 0.95024698972702026 0
vt 0.97983819246292114 0.19951716065406799
vt 0.9650425910949707 0.025399692356586456
vt 0.96141183376312256 0.026087192818522453
vt 0.95806789398193359 0.028267653658986092
vt 0.95587140321731567 0.031587205827236176
vt 0.95517885684967041 0.035191528499126434
vt 0.95587140321731567 0.038795854896306992
vt 0.95806789398193359 0.042115408927202225
vt 0.96141183376312256 0.044295869767665863
vt 0.9650425910949707 0.044983368366956711
vt 0.96867340803146362 0.044295869767665863
vt 0.97201728820800781 0.042115408927202225
vt 0.97421377897262573 0.038795854896306992
vt 0.974906325340271 0.035191528499126434
vt 0.97421377897262573 0.031587205827236176
vt 0.97201728820800781 0.028267653658986092
vt 0.96867340803146362 0.026087192818522453
vt 0.9650425910949707 0.15453377366065979
vt 0.96141183376312256 0.15522128343582153
vt 0.95806789398193359 0.15740175545215607
vt 0.95587140321731567 0.1607213020324707
vt 0.95517885684967041 0.16432562470436096
vt 0.95587140321731567 0.16792994737625122
vt 0.95806789398193359 0.17124950885772705
vt 0.96141183376312256 0.17342996597290039
vt 0.9650425910949707 0.17411746084690094
vt 0.96867340803146362 0.17342996597290039
vt 0.97201728820800781 0.17124950885772705
vt 0.97421377897262573 0.16792994737625122
vt 0.974906325340271 0.16432562470436096
vt 0.97421377897262573 0.1607213020324707
vt 0.97201728820800781 0.15740175545215607
vt 0.96867340803146362 0.15522128343582153
vt 0.97983819246292114 0
vt 0.99463379383087158 0.099758580327033997
vt 0.95024698972702026 0.19951716065406799
vt 0.93545138835906982 0.099758580327033997
vt 0.038613967597484589 0.05848829448223114
vt 0.021588176488876343 0.044361110776662827
vt 0 0.039454922080039978
vt 0 0
vt 0.039723366498947144 0.0093837166205048561
vt 0.070371806621551514 0.03528202697634697
vt 0.43188261985778809 0.079906411468982697
vt 0.41775542497634888 0.097013033926486969
vt 0.41284924745559692 0.1187037006020546
vt 0.37339431047439575 0.1187037006020546
vt 0.38277801871299744 0.078791745007038116
vt 0.40867635607719421 0.047997795045375824
vt 0.92711293697357178 0
vt 0.83515065908432007 0.043131075799465179
vt 0.86073684692382812 0.028335480019450188
vt 0.86142939329147339 0.031966265290975571
vt 0.86362588405609131 0.03531019389629364
vt 0.86696982383728027 0.037506662309169769
vt 0.87060058116912842 0.038199212402105331
vt 0.87423139810562134 0.037506662309169769
vt 0.87757527828216553 0.03531019389629364
vt 0.87977176904678345 0.031966265290975571
vt 0.88046431541442871 0.028335480019450188
vt 0.87977176904678345 0.024704694747924805
vt 0.87757527828216553 0.021360771730542183
vt 0.87423139810562134 0.019164299592375755
vt 0.87060058116912842 0.018471751362085342
vt 0.86696982383728027 0.019164299592375755
vt 0.86362588405609131 0.021360771730542183
vt 0.86142939329147339 0.024704694747924805
vt 0.85814124345779419 0.028335480019450188
vt 0.85814124345779419 0.042503222823143005
vt 0.85814124345779419 0.035419352352619171
vt 0.84664595127105713 0.028335480019450188
vt 0.84664595127105713 0.042503222823143005
vt 0.85814124345779419 0.014167740009725094
vt 0.89262712001800537 0.028335480019450188
vt 0.90412241220474243 0.014167740009725094
vt 0.89262712001800537 0.014167740009725094
vt 0.85814124345779419 0.021251611411571503
vt 0.84664595127105713 0.014167740009725094
vt 0.83515065908432007 0.013539885170757771
vt 0.92488676309585571 0.00076791644096374512
vt 0.9149366021156311 0.0071945497766137123
vt 0.90826916694641113 0.017093479633331299
vt 0.90605050325393677 0.028335480019450188
vt 0.90807414054870605 0.039090383797883987
vt 0.91450077295303345 0.049040541052818298
vt 0.92711293697357178 0.056670960038900375
vt 0.071836650371551514 0.070471689105033875
vt 0.071836650371551514 0.12714265286922455
vt 0.074062831699848175 0.1263747364282608
vt 0.084012992680072784 0.11994809657335281
vt 0.090680472552776337 0.11004916578531265
vt 0.092899121344089508 0.098807163536548615
vt 0.16379892826080322 0.084011569619178772
vt 0.11848529428243637 0.098807163536548615
vt 0.11917784810066223 0.10243795067071915
vt 0.12137431651353836 0.10578187555074692
vt 0.12471824139356613 0.10797834396362305
vt 0.12834902107715607 0.10867089778184891
vt 0.1319798082113266 0.10797834396362305
vt 0.13532373309135437 0.10578187555074692
vt 0.1375202089548111 0.10243795067071915
vt 0.13821275532245636 0.098807163536548615
vt 0.1375202089548111 0.095176383852958679
vt 0.13532373309135437 0.091832458972930908
vt 0.1319798082113266 0.089635983109474182
vt 0.12834902107715607 0.088943436741828918
vt 0.12471824139356613 0.089635983109474182
vt 0.12137431651353836 0.091832458972930908
vt 0.11917784810066223 0.095176383852958679
vt 0.16379892826080322 0.11360276490449905
vt 0.090875498950481415 0.088052265346050262
vt 0.084448859095573425 0.078102104365825653
vt 0.71222144365310669 0
vt 0.71222144365310669 0.0039454922080039978
vt 0.72284501791000366 0
vt 0.72284501791000366 0.0039454922080039978
vt 0.71753323078155518 0.0039454922080039978
vt 0.85000520944595337 0.71549606323242188
vt 0.85000520944595337 0.72634613513946533
vt 0.86421436071395874 0.71549606323242188
vt 0.86421436071395874 0.72634613513946533
vt 0.85710978507995605 0.71549606323242188
vt 0.85710978507995605 0.72634613513946533
vt 0.83228868246078491 0.037986859679222107
vt 0.80072474479675293 0.037986859679222107
vt 0.83228868246078491 0.053210500627756119
vt 0.80072474479675293 0.053210500627756119
vt 0.83228868246078491 0.045598678290843964
vt 0.80072474479675293 0.045598678290843964
vt 0.834331214427948 0.71549606323242188
vt 0.834331214427948 0.72634613513946533
vt 0.84854036569595337 0.71549606323242188
vt 0.84854036569595337 0.72634613513946533
vt 0.84143579006195068 0.71549606323242188
vt 0.8438040018081665 0.72634613513946533
vt 0.83906763792037964 0.72634613513946533
vt 0.72943443059921265 0
vt 0.72943443059921265 0.0039454922080039978
vt 0.73474621772766113 0.0039454922080039978
vt 0.74005800485610962 0
vt 0.74005800485610962 0.0019727461040019989
vt 0.74005800485610962 0.0039454922080039978
vt 0.73297560214996338 0
vt 0.73651677370071411 0
vt 0.73474621772766113 0.0019727461040019989
vt 0.72943443059921265 0.01426042802631855
vt 0.72943443059921265 0.018205920234322548
vt 0.74005800485610962 0.01426042802631855
vt 0.74005800485610962 0.018205920234322548
vt 0.73474621772766113 0.018205920234322548
vt 0.86567920446395874 0.62272650003433228
vt 0.86567920446395874 0.63357663154602051
vt 0.87988835573196411 0.62272650003433228
vt 0.87988835573196411 0.63357663154602051
vt 0.87278378009796143 0.62272650003433228
vt 0.87278378009796143 0.63357663154602051
vt 0.74378538131713867 0.056032713502645493
vt 0.71222144365310669 0.056032713502645493
vt 0.71222144365310669 0.063644535839557648
vt 0.74378538131713867 0.071256354451179504
vt 0.71222144365310669 0.071256354451179504
vt 0.74378538131713867 0.063644535839557648
vt 0.88135319948196411 0.62272650003433228
vt 0.88135319948196411 0.63357663154602051
vt 0.89556235074996948 0.62272650003433228
vt 0.89556235074996948 0.63357663154602051
vt 0.8884577751159668 0.62272650003433228
vt 0.8884577751159668 0.63357663154602051
vt 0.71222144365310669 0.01426042802631855
vt 0.71222144365310669 0.018205920234322548
vt 0.72284501791000366 0.01426042802631855
vt 0.72284501791000366 0.018205920234322548
vt 0.71753323078155518 0.01426042802631855
vt 0.89702719449996948 0.26041701436042786
vt 0.89702719449996948 0.8559490442276001
vt 0.90097266435623169 0.26041701436042786
vt 0.90097266435623169 0.8559490442276001
vt 0.16526961326599121 0
vt 0.16526961326599121 0.59553200006484985
vt 0.17465487122535706 0
vt 0.17465487122535706 0.59553200006484985
vt 0.65106630325317383 0
vt 0.65106630325317383 0.59553200006484985
vt 0.68116539716720581 0
vt 0.68116539716720581 0.59553200006484985
vt 0.9051516056060791 0.26041701436042786
vt 0.9051516056060791 0.8559490442276001
vt 0.91485780477523804 0.26041701436042786
vt 0.91485780477523804 0.8559490442276001
vt 0.54554647207260132 0.13401311635971069
vt 0.54554647207260132 0.72954511642456055
vt 0.54949194192886353 0.13401311635971069
vt 0.54949194192886353 0.72954511642456055
vt 0.70779591798782349 0
vt 0.70927625894546509 0.0049318652600049973
vt 0.71075659990310669 0.0098637305200099945
vt 0.68263024091720581 0.0098637305200099945
vt 0.68559092283248901 0
vt 0.69669342041015625 0
vt 0.71075659990310669 0.60539579391479492
vt 0.70927625894546509 0.61032760143280029
vt 0.70779591798782349 0.61525946855545044
vt 0.68559092283248901 0.61525946855545044
vt 0.68263024091720581 0.60539579391479492
vt 0.69669342041015625 0.61525946855545044
vt 0.9010893702507019 0.26041701436042786
vt 0.9010893702507019 0.8559490442276001
vt 0.90503489971160889 0.26041701436042786
vt 0.90503489971160889 0.8559490442276001
vt 0.90306216478347778 0.8559490442276001
vt 0.98914986848831177 0.26295912265777588
vt 0.98914986848831177 0.85702627897262573
vt 0.99853515625 0.26295912265777588
vt 0.99853515625 0.85702627897262573
vt 0.13370567560195923 0.14094337821006775
vt 0.13370567560195923 0.73647540807723999
vt 0.16380476951599121 0.14094337821006775
vt 0.16380476951599121 0.73647540807723999
vt 0.97829979658126831 0.26295912265777588
vt 0.97829979658126831 0.85702627897262573
vt 0.98768502473831177 0.26295912265777588
vt 0.98768502473831177 0.85702627897262573
vt 0.12976017594337463 0.14094337821006775
vt 0.12976017594337463 0.73647540807723999
vt 0.13370567560195923 0.14094337821006775
vt 0.13370567560195923 0.73647540807723999
vt 0.80398797988891602 0.2102392315864563
vt 0.80626785755157471 0.20561061799526215
vt 0.8085477352142334 0.20098200440406799
vt 0.83134645223617554 0.20462551712989807
vt 0.832866370677948 0.21485434472560883
vt 0.81994712352752686 0.20280376076698303
vt 0.71374136209487915 0.80871254205703735
vt 0.71222144365310669 0.79848372936248779
vt 0.74109989404678345 0.80309879779815674
vt 0.73654013872146606 0.81235605478286743
vt 0.72514075040817261 0.81053429841995239
vn -0.808736 0.000000 -0.588172
vn -0.808736 0.000000 -0.588172
vn -0.808736 0.000000 -0.588172
vn -0.808736 0.000000 -0.588172
vn -0.808736 0.000000 -0.588172
vn -0.808736 0.000000 -0.588172
vn -0.748100 -0.379910 -0.544073
vn -0.748100 -0.379910 -0.544073
vn -0.748100 -0.379910 -0.544073
vn -0.748100 -0.379910 -0.544073
vn -0.748100 -0.379910 -0.544073
vn -0.748100 -0.379910 -0.544073
vn -0.565876 -0.714433 -0.411546
vn -0.565876 -0.714433 -0.411546
vn -0.565876 -0.714433 -0.411546
vn -0.565876 -0.714433 -0.411546
vn -0.565876 -0.714433 -0.411546
vn -0.565876 -0.714433 -0.411546
vn -0.293935 -0.931614 -0.213771
vn -0.293935 -0.931614 -0.213771
vn -0.293935 -0.931614 -0.213771
vn -0.293935 -0.931614 -0.213771
vn -0.293935 -0.931614 -0.213771
vn -0.293935 -0.931614 -0.213771
vn 0.000000 -1.000000 0.000000
vn 0.000000 -1.000000 0.000000
vn 0.000000 -1.000000 0.000000
vn 0.000000 -1.000000 0.000000
vn 0.000000 -1.000000 0.000000
vn 0.000000 -1.000000 0.000000
vn 0.307247 -0.925023 0.223453
vn 0.307247 -0.925023 0.223453
vn 0.307247 -0.925023 0.223453
vn 0.307247 -0.925023 0.223453
vn 0.307247 -0.925023 0.223453
vn 0.307247 -0.925023 0.223453
vn 0.577788 -0.699704 0.420209
vn 0.577788 -0.699704 0.420209
vn 0.577788 -0.699704 0.420209
vn 0.577788 -0.699704 0.420209
vn 0.577788 -0.699704 0.420209
vn 0.577788 -0.699704 0.420209
vn 0.753430 -0.363449 0.547949
vn 0.753430 -0.363449 0.547949
vn 0.753430 -0.363449 0.547949
vn 0.753430 -0.363449 0.547949
vn 0.753430 -0.363449 0.547949
vn 0.753430 -0.363449 0.547949
vn 0.808736 0.000000 0.588172
vn 0.808736 0.000000 0.588172
vn 0.808736 0.000000 0.588172
vn 0.808736 0.000000 0.588172
vn 0.808736 0.000000 0.588172
vn 0.808736 0.000000 0.588172
vn 0.748100 0.379910 0.544073
vn 0.748100 0.379910 0.544073
vn 0.748100 0.379910 0.544073
vn 0.748100 0.379910 0.544073
vn 0.748100 0.379910 0.544073
vn 0.748100 0.379910 0.544073
vn 0.565876 0.714433 0.411546
vn 0.565876 0.714433 0.411546
vn 0.565876 0.714433 0.411546
vn 0.565876 0.714433 0.411546
vn 0.565876 0.714433 0.411546
vn 0.565876 0.714433 0.411546
vn 0.293935 0.931614 0.213771
vn 0.293935 0.931614 0.213771
vn 0.293935 0.931614 0.213771
vn 0.293935 0.931614 0.213771
vn 0.293935 0.931614 0.213771
vn 0.293935 0.931614 0.213771
vn 0.000000 1.000000 0.000000
vn 0.000000 1.000000 0.000000
vn 0.000000 1.000000 0.000000
vn 0.000000 1.000000 0.000000
vn 0.000000 1.000000 0.000000
vn 0.000000 1.000000 0.000000
vn -0.307247 0.925023 -0.223453
vn -0.307247 0.925023 -0.223453
vn -0.307247 0.925023 -0.223453
vn -0.307247 0.925023 -0.223453
vn -0.307247 0.925023 -0.223453
vn -0.307247 0.925023 -0.223453
vn -0.577788 0.699704 -0.420209
vn -0.577788 0.699704 -0.420209
vn -0.577788 0.699704 -0.420209
vn -0.577788 0.699704 -0.420209
vn -0.577788 0.699704 -0.420209
vn -0.577788 0.699704 -0.420209
vn -0.753430 0.363449 -0.547949
vn -0.753430 0.363449 -0.547949
vn -0.753430 0.363449 -0.547949
vn -0.753430 0.363449 -0.547949
vn -0.753430 0.363449 -0.547949
vn -0.753430 0.363449 -0.547949
vn -0.808736 0.000000 -0.588172
vn -0.808736 0.000000 -0.588172
vn -0.808736 0.000000 -0.588172
vn -0.808736 0.000000 -0.588172
vn -0.808736 0.000000 -0.588172
vn -0.808736 0.000000 -0.588172
vn -0.748100 -0.379910 -0.544073
vn -0.794329 -0.187915 -0.577694
vn -0.808736 0.000000 -0.588172
vn -0.794329 -0.187915 -0.577694
vn -0.293935 -0.931614 -0.213771
vn -0.437305 -0.841198 -0.318040
vn -0.565876 -0.714433 -0.411546
vn -0.437305 -0.841198 -0.318040
vn 0.000000 -1.000000 0.000000
vn -0.145272 -0.983735 -0.105652
vn -0.145272 -0.983735 -0.105652
vn 0.307247 -0.925023 0.223453
vn 0.151974 -0.982185 0.110526
vn 0.151974 -0.982185 0.110526
vn 0.753430 -0.363449 0.547949
vn 0.680307 -0.540727 0.494769
vn 0.577788 -0.699704 0.420209
vn 0.680307 -0.540727 0.494769
vn 0.808736 0.000000 0.588172
vn 0.795582 -0.179628 0.578605
vn 0.795582 -0.179628 0.578605
vn 0.748100 0.379910 0.544073
vn 0.794329 0.187915 0.577694
vn 0.794329 0.187915 0.577694
vn 0.293935 0.931614 0.213771
vn 0.437305 0.841198 0.318040
vn 0.565876 0.714433 0.411546
vn 0.437305 0.841198 0.318040
vn 0.000000 1.000000 0.000000
vn 0.145272 0.983735 0.105652
vn 0.145272 0.983735 0.105652
vn -0.307247 0.925023 -0.223453
vn -0.151974 0.982185 -0.110526
vn -0.151974 0.982185 -0.110526
vn -0.753430 0.363449 -0.547949
vn -0.680307 0.540727 -0.494769
vn -0.577788 0.699704 -0.420209
vn -0.680307 0.540727 -0.494769
vn -0.808736 0.000000 -0.588172
vn -0.795582 0.179628 -0.578605
vn -0.795582 0.179628 -0.578605
vn -0.808736 0.000000 -0.588172
vn -0.753430 0.363449 -0.547949
vn -0.795582 0.179628 -0.578605
vn -0.795582 0.179628 -0.578605
vn -0.577788 0.699704 -0.420209
vn -0.680307 0.540727 -0.494769
vn -0.680307 0.540727 -0.494769
vn -0.307247 0.925023 -0.223453
vn 0.000000 1.000000 0.000000
vn -0.151974 0.982185 -0.110526
vn -0.151974 0.982185 -0.110526
vn 0.293935 0.931614 0.213771
vn 0.145272 0.983735 0.105652
vn 0.145272 0.983735 0.105652
vn 0.565876 0.714433 0.411546
vn 0.437305 0.841198 0.318040
vn 0.437305 0.841198 0.318040
vn 0.748100 0.379910 0.544073
vn 0.808736 0.000000 0.588172
vn 0.794329 0.187915 0.577694
vn 0.794329 0.187915 0.577694
vn 0.753430 -0.363449 0.547949
vn 0.795582 -0.179628 0.578605
vn 0.795582 -0.179628 0.578605
vn 0.577788 -0.699704 0.420209
vn 0.680307 -0.540727 0.494769
vn 0.680307 -0.540727 0.494769
vn 0.307247 -0.925023 0.223453
vn 0.000000 -1.000000 0.000000
vn 0.151974 -0.982185 0.110526
vn 0.151974 -0.982185 0.110526
vn -0.293935 -0.931614 -0.213771
vn -0.145272 -0.983735 -0.105652
vn -0.145272 -0.983735 -0.105652
vn -0.565876 -0.714433 -0.411546
vn -0.437305 -0.841198 -0.318040
vn -0.437305 -0.841198 -0.318040
vn -0.748100 -0.379910 -0.544073
vn -0.808736 0.000000 -0.588172
vn -0.794329 -0.187915 -0.577694
vn -0.794329 -0.187915 -0.577694
vn 0.588172 0.000000 -0.808736
vn 0.588172 0.000000 -0.808736
vn 0.588172 0.000000 -0.808736
vn 0.588172 0.000000 -0.808736
vn 0.588172 0.000000 -0.808736
vn 0.588172 0.000000 -0.808736
vn 0.588172 0.000000 -0.808736
vn 0.588172 0.000000 -0.808736
vn 0.588172 0.000000 -0.808736
vn 0.588172 0.000000 -0.808736
vn 0.588172 0.000000 -0.808736
vn 0.588172 0.000000 -0.808736
vn 0.588172 0.000000 -0.808736
vn 0.588172 0.000000 -0.808736
vn 0.588172 0.000000 -0.808736
vn 0.588172 0.000000 -0.808736
vn 0.808736 0.000000 -0.588172
vn 0.808736 0.000000 -0.588172
vn 0.808736 0.000000 -0.588172
vn 0.808736 0.000000 -0.588172
vn 0.808736 0.000000 -0.588172
vn 0.808736 0.000000 -0.588172
vn 0.748100 0.379910 -0.544073
vn 0.748100 0.379910 -0.544073
vn 0.748100 0.379910 -0.544073
vn 0.748100 0.379910 -0.544073
vn 0.748100 0.379910 -0.544073
vn 0.748100 0.379910 -0.544073
vn 0.565876 0.714433 -0.411546
vn 0.565876 0.714433 -0.411546
vn 0.565876 0.714433 -0.411546
vn 0.565876 0.714433 -0.411546
vn 0.565876 0.714433 -0.411546
vn 0.565876 0.714433 -0.411546
vn 0.293935 0.931614 -0.213771
vn 0.293935 0.931614 -0.213771
vn 0.293935 0.931614 -0.213771
vn 0.293935 0.931614 -0.213771
vn 0.293935 0.931614 -0.213771
vn 0.293935 0.931614 -0.213771
vn 0.000000 1.000000 0.000000
vn 0.000000 1.000000 0.000000
vn 0.000000 1.000000 0.000000
vn 0.000000 1.000000 0.000000
vn 0.000000 1.000000 0.000000
vn 0.000000 1.000000 0.000000
vn -0.307247 0.925023 0.223453
vn -0.307247 0.925023 0.223453
vn -0.307247 0.925023 0.223453
vn -0.307247 0.925023 0.223453
vn -0.307247 0.925023 0.223453
vn -0.307247 0.925023 0.223453
vn -0.577788 0.699704 0.420209
vn -0.577788 0.699704 0.420209
vn -0.577788 0.699704 0.420209
vn -0.577788 0.699704 0.420209
vn -0.577788 0.699704 0.420209
vn -0.577788 0.699704 0.420209
vn -0.753430 0.363449 0.547949
vn -0.753430 0.363449 0.547949
vn -0.753430 0.363449 0.547949
vn -0.753430 0.363449 0.547949
vn -0.753430 0.363449 0.547949
vn -0.753430 0.363449 0.547949
vn -0.808736 0.000000 0.588172
vn -0.808736 0.000000 0.588172
vn -0.808736 0.000000 0.588172
vn -0.808736 0.000000 0.588172
vn -0.808736 0.000000 0.588172
vn -0.808736 0.000000 0.588172
vn -0.748100 -0.379910 0.544073
vn -0.748100 -0.379910 0.544073
vn -0.748100 -0.379910 0.544073
vn -0.748100 -0.379910 0.544073
vn -0.748100 -0.379910 0.544073
vn -0.748100 -0.379910 0.544073
vn -0.565876 -0.714433 0.411546
vn -0.565876 -0.714433 0.411546
vn -0.565876 -0.714433 0.411546
vn -0.565876 -0.714433 0.411546
vn -0.565876 -0.714433 0.411546
vn -0.565876 -0.714433 0.411546
vn -0.293935 -0.931614 0.213771
vn -0.293935 -0.931614 0.213771
vn -0.293935 -0.931614 0.213771
vn -0.293935 -0.931614 0.213771
vn -0.293935 -0.931614 0.213771
vn -0.293935 -0.931614 0.213771
vn 0.000000 -1.000000 0.000000
vn 0.000000 -1.000000 0.000000
vn 0.000000 -1.000000 0.000000
vn 0.000000 -1.000000 0.000000
vn 0.000000 -1.000000 0.000000
vn 0.000000 -1.000000 0.000000
vn 0.307247 -0.925023 -0.223453
vn 0.307247 -0.925023 -0.223453
vn 0.307247 -0.925023 -0.223453
vn 0.307247 -0.925023 -0.223453
vn 0.307247 -0.925023 -0.223453
vn 0.307247 -0.925023 -0.223453
vn 0.577788 -0.699704 -0.420209
vn 0.577788 -0.699704 -0.420209
vn 0.577788 -0.699704 -0.420209
vn 0.577788 -0.699704 -0.420209
vn 0.577788 -0.699704 -0.420209
vn 0.577788 -0.699704 -0.420209
vn 0.753430 -0.363449 -0.547949
vn 0.753430 -0.363449 -0.547949
vn 0.753430 -0.363449 -0.547949
vn 0.753430 -0.363449 -0.547949
vn 0.753430 -0.363449 -0.547949
vn 0.753430 -0.363449 -0.547949
vn 0.808736 0.000000 -0.588172
vn 0.808736 0.000000 -0.588172
vn 0.808736 0.000000 -0.588172
vn 0.808736 0.000000 -0.588172
vn 0.808736 0.000000 -0.588172
vn 0.808736 0.000000 -0.588172
vn 0.748100 0.379910 -0.544073
vn 0.794329 0.187915 -0.577694
vn 0.808736 0.000000 -0.588172
vn 0.794329 0.187915 -0.577694
vn 0.293935 0.931614 -0.213771
vn 0.437305 0.841198 -0.318040
vn 0.565876 0.714433 -0.411546
vn 0.437305 0.841198 -0.318040
vn 0.000000 1.000000 0.000000
vn 0.145272 0.983735 -0.105652
vn 0.145272 0.983735 -0.105652
vn -0.307247 0.925023 0.223453
vn -0.151974 0.982185 0.110526
vn -0.151974 0.982185 0.110526
vn -0.753430 0.363449 0.547949
vn -0.680307 0.540727 0.494769
vn -0.577788 0.699704 0.420209
vn -0.680307 0.540727 0.494769
vn -0.808736 0.000000 0.588172
vn -0.795582 0.179628 0.578605
vn -0.795582 0.179628 0.578605
vn -0.748100 -0.379910 0.544073
vn -0.794329 -0.187915 0.577694
vn -0.794329 -0.187915 0.577694
vn -0.293935 -0.931614 0.213771
vn -0.437305 -0.841198 0.318040
vn -0.565876 -0.714433 0.411546
vn -0.437305 -0.841198 0.318040
vn 0.000000 -1.000000 0.000000
vn -0.145272 -0.983735 0.105652
vn -0.145272 -0.983735 0.105652
vn 0.307247 -0.925023 -0.223453
vn 0.151974 -0.982185 -0.110526
vn 0.151974 -0.982185 -0.110526
vn 0.753430 -0.363449 -0.547949
vn 0.680307 -0.540727 -0.494769
vn 0.577788 -0.699704 -0.420209
vn 0.680307 -0.540727 -0.494769
vn 0.808736 0.000000 -0.588172
vn 0.795582 -0.179628 -0.578605
vn 0.795582 -0.179628 -0.578605
vn 0.808736 0.000000 -0.588172
vn 0.753430 -0.363449 -0.547949
vn 0.795582 -0.179628 -0.578605
vn 0.795582 -0.179628 -0.578605
vn 0.577788 -0.699704 -0.420209
vn 0.680307 -0.540727 -0.494769
vn 0.680307 -0.540727 -0.494769
vn 0.307247 -0.925023 -0.223453
vn 0.000000 -1.000000 0.000000
vn 0.151974 -0.982185 -0.110526
vn 0.151974 -0.982185 -0.110526
vn -0.293935 -0.931614 0.213771
vn -0.145272 -0.983735 0.105652
vn -0.145272 -0.983735 0.105652
vn -0.565876 -0.714433 0.411546
vn -0.437305 -0.841198 0.318040
vn -0.437305 -0.841198 0.318040
vn -0.748100 -0.379910 0.544073
vn -0.808736 0.000000 0.588172
vn -0.794329 -0.187915 0.577694
vn -0.794329 -0.187915 0.577694
vn -0.753430 0.363449 0.547949
vn -0.795582 0.179628 0.578605
vn -0.795582 0.179628 0.578605
vn -0.577788 0.699704 0.420209
vn -0.680307 0.540727 0.494769
vn -0.680307 0.540727 0.494769
vn -0.307247 0.925023 0.223453
vn 0.000000 1.000000 0.000000
vn -0.151974 0.982185 0.110526
vn -0.151974 0.982185 0.110526
vn 0.293935 0.931614 -0.213771
vn 0.145272 0.983735 -0.105652
vn 0.145272 0.983735 -0.105652
vn 0.565876 0.714433 -0.411546
vn 0.437305 0.841198 -0.318040
vn 0.437305 0.841198 -0.318040
vn 0.748100 0.379910 -0.544073
vn 0.808736 0.000000 -0.588172
vn 0.794329 0.187915 -0.577694
vn 0.794329 0.187915 -0.577694
vn -0.588172 0.000000 -0.808736
vn -0.588172 0.000000 -0.808736
vn -0.588172 0.000000 -0.808736
vn -0.588172 0.000000 -0.808736
vn -0.588172 0.000000 -0.808736
vn -0.588172 0.000000 -0.808736
vn -0.588172 0.000000 -0.808736
vn -0.588172 0.000000 -0.808736
vn -0.588172 0.000000 -0.808736
vn -0.588172 0.000000 -0.808736
vn -0.588172 0.000000 -0.808736
vn -0.588172 0.000000 -0.808736
vn -0.588172 0.000000 -0.808736
vn -0.588172 0.000000 -0.808736
vn -0.588172 0.000000 -0.808736
vn -0.588172 0.000000 -0.808736
vn 1.000000 0.000000 0.000000
vn 0.000000 1.000000 0.000000
vn -0.379910 0.925023 0.000000
vn -0.363449 -0.931614 0.000000
vn 0.000000 -1.000000 0.000000
vn 0.379910 -0.925023 0.000000
vn 0.714433 -0.699704 0.000000
vn 0.931614 -0.363449 0.000000
vn 1.000000 0.000000 0.000000
vn 0.925023 0.379910 0.000000
vn 0.699704 0.714433 0.000000
vn 0.363449 0.931614 0.000000
vn 0.000000 1.000000 0.000000
vn 0.000000 1.000000 0.000000
vn -0.379910 0.925023 0.000000
vn -0.714433 0.699704 0.000000
vn -0.931614 0.363449 0.000000
vn -1.000000 0.000000 0.000000
vn -0.925023 -0.379910 0.000000
vn -0.699704 -0.714433 0.000000
vn -0.363449 -0.931614 0.000000
vn 0.000000 -1.000000 0.000000
vn 0.379910 -0.925023 0.000000
vn 0.714433 -0.699704 0.000000
vn 0.931614 -0.363449 0.000000
vn 1.000000 0.000000 0.000000
vn 0.925023 0.379910 0.000000
vn 0.699704 0.714433 0.000000
vn 0.363449 0.931614 0.000000
vn 0.000000 1.000000 0.000000
vn 0.000000 1.000000 0.000000
vn -0.379910 0.925023 0.000000
vn -0.714433 0.699704 0.000000
vn -0.931614 0.363449 0.000000
vn -1.000000 0.000000 0.000000
vn -0.925023 -0.379910 0.000000
vn -0.699704 -0.714433 0.000000
vn -0.363449 -0.931614 0.000000
vn 0.000000 -1.000000 0.000000
vn 0.379910 -0.925023 0.000000
vn 0.714433 -0.699704 0.000000
vn 0.931614 -0.363449 0.000000
vn 1.000000 0.000000 0.000000
vn 0.925023 0.379910 0.000000
vn 0.699704 0.714433 0.000000
vn 0.363449 0.931614 0.000000
vn 0.000000 1.000000 0.000000
vn 0.000000 1.000000 0.000000
vn -0.379910 0.925023 0.000000
vn -0.714433 0.699704 0.000000
vn -0.931614 0.363449 0.000000
vn -1.000000 0.000000 0.000000
vn -0.925023 -0.379910 0.000000
vn -0.699704 -0.714433 0.000000
vn -0.363449 -0.931614 0.000000
vn 0.000000 -1.000000 0.000000
vn 0.379910 -0.925023 0.000000
vn 0.714433 -0.699704 0.000000
vn 0.931614 -0.363449 0.000000
vn 1.000000 0.000000 0.000000
vn 0.925023 0.379910 0.000000
vn 0.699704 0.714433 0.000000
vn 0.363449 0.931614 0.000000
vn 0.000000 1.000000 0.000000
vn 0.000000 1.000000 0.000000
vn -0.379910 0.925023 0.000000
vn -0.714433 0.699704 0.000000
vn -0.931614 0.363449 0.000000
vn -1.000000 0.000000 0.000000
vn -0.925023 -0.379910 0.000000
vn -0.699704 -0.714433 0.000000
vn -0.363449 -0.931614 0.000000
vn 0.000000 -1.000000 0.000000
vn 0.379910 -0.925023 0.000000
vn 0.714433 -0.699704 0.000000
vn 0.931614 -0.363449 0.000000
vn 1.000000 0.000000 0.000000
vn 0.925023 0.379910 0.000000
vn 0.699704 0.714433 0.000000
vn 0.363449 0.931614 0.000000
vn 0.000000 1.000000 0.000000
vn 0.000000 1.000000 0.000000
vn -0.379910 0.925023 0.000000
vn -0.714433 0.699704 0.000000
vn -0.931614 0.363449 0.000000
vn -1.000000 0.000000 0.000000
vn -0.925023 -0.379910 0.000000
vn -0.699704 -0.714433 0.000000
vn -0.363449 -0.931614 0.000000
vn 0.000000 -1.000000 0.000000
vn 0.379910 -0.925023 0.000000
vn 0.714433 -0.699704 0.000000
vn 0.931614 -0.363449 0.000000
vn 1.000000 0.000000 0.000000
vn 0.925023 0.379910 0.000000
vn 0.699704 0.714433 0.000000
vn 0.363449 0.931614 0.000000
vn 0.000000 1.000000 0.000000
vn 0.000000 1.000000 0.000000
vn -0.379910 0.925023 0.000000
vn -0.714433 0.699704 0.000000
vn -0.931614 0.363449 0.000000
vn -1.000000 0.000000 0.000000
vn -0.925023 -0.379910 0.000000
vn -0.699704 -0.714433 0.000000
vn -0.363449 -0.931614 0.000000
vn 0.000000 -1.000000 0.000000
vn 0.379910 -0.925023 0.000000
vn 0.714433 -0.699704 0.000000
vn 0.931614 -0.363449 0.000000
vn 1.000000 0.000000 0.000000
vn 0.925023 0.379910 0.000000
vn 0.699704 0.714433 0.000000
vn 0.363449 0.931614 0.000000
vn 0.000000 1.000000 0.000000
vn 0.000000 1.000000 0.000000
vn -1.000000 0.000000 0.000000
vn 0.000000 -1.000000 0.000000
vn 1.000000 0.000000 0.000000
vn 0.000000 1.000000 0.000000
vn -0.368095 0.929788 0.000000
vn -0.707107 0.707107 0.000000
vn -0.929788 0.368095 0.000000
vn -0.929788 -0.368095 0.000000
vn -0.707107 -0.707107 0.000000
vn -0.368095 -0.929788 0.000000
vn 0.368095 -0.929788 0.000000
vn 0.707107 -0.707107 0.000000
vn 0.929788 -0.368095 0.000000
vn 0.929788 0.368095 0.000000
vn 0.707107 0.707107 0.000000
vn 0.368095 0.929788 0.000000
vn -0.379910 0.925023 0.000000
vn -0.187915 0.982185 0.000000
vn 0.000000 1.000000 0.000000
vn -0.187915 0.982185 0.000000
vn -0.714433 0.699704 0.000000
vn -0.556985 0.830523 0.000000
vn -0.556985 0.830523 0.000000
vn -0.931614 0.363449 0.000000
vn -0.841198 0.540727 0.000000
vn -0.841198 0.540727 0.000000
vn -1.000000 0.000000 0.000000
vn -0.983735 0.179628 0.000000
vn -0.983735 0.179628 0.000000
vn -0.925023 -0.379910 0.000000
vn -0.982185 -0.187915 0.000000
vn -0.982185 -0.187915 0.000000
vn -0.699704 -0.714433 0.000000
vn -0.830523 -0.556985 0.000000
vn -0.830523 -0.556985 0.000000
vn -0.363449 -0.931614 0.000000
vn -0.540727 -0.841198 0.000000
vn -0.540727 -0.841198 0.000000
vn 0.379910 -0.925023 0.000000
vn 0.187915 -0.982185 0.000000
vn 0.000000 -1.000000 0.000000
vn 0.187915 -0.982185 0.000000
vn 0.714433 -0.699704 0.000000
vn 0.556985 -0.830523 0.000000
vn 0.556985 -0.830523 0.000000
vn 0.931614 -0.363449 0.000000
vn 0.841198 -0.540727 0.000000
vn 0.841198 -0.540727 0.000000
vn 0.925023 0.379910 0.000000
vn 0.982185 0.187915 0.000000
vn 1.000000 0.000000 0.000000
vn 0.982185 0.187915 0.000000
vn 0.699704 0.714433 0.000000
vn 0.830523 0.556985 0.000000
vn 0.830523 0.556985 0.000000
vn 0.363449 0.931614 0.000000
vn 0.540727 0.841198 0.000000
vn 0.540727 0.841198 0.000000
vn 0.000000 1.000000 0.000000
vn 0.179628 0.983735 0.000000
vn 0.179628 0.983735 0.000000
vn 0.000000 1.000000 0.000000
vn 0.617577 0.786510 0.000000
vn 0.883747 0.467966 0.000000
vn 0.966085 0.258225 0.000000
vn 0.966085 -0.258225 0.000000
vn 0.883747 -0.467966 0.000000
vn 0.617577 -0.786510 0.000000
vn 0.000000 -1.000000 0.000000
vn -0.614679 -0.788777 0.000000
vn -0.880820 -0.473451 0.000000
vn -0.965379 -0.260852 0.000000
vn -1.000000 0.000000 0.000000
vn -0.965379 0.260852 0.000000
vn -0.880820 0.473451 0.000000
vn -0.614679 0.788777 0.000000
vn 0.000000 1.000000 0.000000
vn 0.830523 0.556985 0.000000
vn 0.699704 0.714433 0.000000
vn 0.925023 0.379910 0.000000
vn 0.830523 0.556985 0.000000
vn 0.982185 0.187915 0.000000
vn 1.000000 0.000000 0.000000
vn 0.982185 0.187915 0.000000
vn 0.983735 -0.179628 0.000000
vn 0.931614 -0.363449 0.000000
vn 0.983735 -0.179628 0.000000
vn 0.841198 -0.540727 0.000000
vn 0.714433 -0.699704 0.000000
vn 0.841198 -0.540727 0.000000
vn -0.830523 -0.556985 0.000000
vn -0.699704 -0.714433 0.000000
vn -0.925023 -0.379910 0.000000
vn -0.830523 -0.556985 0.000000
vn -0.882581 -0.470161 0.000000
vn -0.830523 -0.556985 0.000000
vn -0.925023 -0.379910 0.000000
vn -0.882581 -0.470161 0.000000
vn -0.982185 -0.187915 0.000000
vn -1.000000 0.000000 0.000000
vn -0.982185 -0.187915 0.000000
vn -0.958788 -0.284124 0.000000
vn -0.982185 -0.187915 0.000000
vn -0.958788 -0.284124 0.000000
vn -0.983735 0.179628 0.000000
vn -0.931614 0.363449 0.000000
vn -0.983735 0.179628 0.000000
vn -0.962399 0.271639 0.000000
vn -0.983735 0.179628 0.000000
vn -0.931614 0.363449 0.000000
vn -0.962399 0.271639 0.000000
vn -0.841198 0.540727 0.000000
vn -0.714433 0.699704 0.000000
vn -0.841198 0.540727 0.000000
vn -0.891184 0.453642 0.000000
vn -0.841198 0.540727 0.000000
vn -0.891184 0.453642 0.000000
vn 0.000000 1.000000 0.000000
vn -0.999974 0.000000 -0.007186
vn 0.000000 -1.000000 0.000000
vn 0.999974 0.000000 0.007186
vn 0.000000 1.000000 0.000000
vn 0.000000 1.000000 0.000000
vn 0.636010 -0.699621 -0.325608
vn 0.829283 -0.363377 -0.424555
vn 0.890130 0.000000 -0.455706
vn 0.823418 0.379836 -0.421553
vn 0.000000 1.000000 0.000000
vn 0.000000 1.000000 0.000000
vn -0.578756 0.000000 0.815500
vn 0.000000 -1.000000 0.000000
vn 0.578756 0.000000 -0.815500
vn 0.000000 1.000000 0.000000
vn 0.368093 0.929785 0.002645
vn 0.707098 0.707098 0.005081
vn 0.929768 0.368086 0.006682
vn 0.929768 -0.368086 0.006682
vn 0.707098 -0.707098 0.005081
vn 0.368093 -0.929785 0.002645
vn -0.368093 -0.929785 -0.002645
vn -0.707098 -0.707098 -0.005081
vn -0.929768 -0.368086 -0.006682
vn -0.929768 0.368086 -0.006682
vn -0.707098 0.707098 -0.005081
vn -0.368093 0.929785 -0.002645
vn 0.874280 0.187873 -0.447592
vn 0.898655 0.379978 -0.219169
vn 0.971524 0.000000 -0.236941
vn 0.954210 0.187953 -0.232718
vn 0.748826 -0.540639 -0.383365
vn 0.905060 -0.363515 -0.220731
vn 0.694018 -0.699778 -0.169261
vn 0.817194 -0.540807 -0.199302
vn -0.213042 0.929785 0.300188
vn -0.409248 0.707098 0.576653
vn -0.538123 0.368086 0.758245
vn -0.538123 -0.368086 0.758245
vn -0.409248 -0.707098 0.576653
vn -0.213042 -0.929785 0.300188
vn 0.213042 -0.929785 -0.300188
vn 0.409248 -0.707098 -0.576653
vn 0.538123 -0.368086 -0.758245
vn 0.538123 0.368086 -0.758245
vn 0.409248 0.707098 -0.576653
vn 0.213042 0.929785 -0.300188
vn 0.708207 -0.363515 -0.605227
vn 0.543067 -0.699778 -0.464100
vn 0.639452 -0.540807 -0.546469
vn 0.703195 0.379978 -0.600943
vn 0.760215 0.000000 -0.649672
vn 0.746666 0.187953 -0.638093
vn -0.636010 0.699621 0.325608
vn -0.829283 0.363377 0.424555
vn -0.890130 0.000000 0.455706
vn -0.823418 -0.379836 0.421553
vn -0.622900 -0.714353 0.318897
vn -0.323582 -0.931586 0.165659
vn 0.000000 -1.000000 0.000000
vn 0.338236 -0.924993 -0.173162
vn 0.323582 0.931586 -0.165659
vn 0.000000 1.000000 0.000000
vn -0.584602 0.000000 0.811320
vn 0.000000 -1.000000 0.000000
vn 0.584602 0.000000 -0.811320
vn 0.000000 1.000000 0.000000
vn 0.000000 1.000000 0.000000
vn -0.222096 0.925023 0.308229
vn -0.417659 0.699704 0.579634
vn -0.544623 0.363449 0.755837
vn -0.584602 0.000000 0.811320
vn -0.540770 -0.379910 0.750490
vn -0.409048 -0.714433 0.567684
vn -0.212473 -0.931614 0.294874
vn 0.000000 -1.000000 0.000000
vn 0.222096 -0.925023 -0.308229
vn 0.417659 -0.699704 -0.579634
vn 0.544623 -0.363449 -0.755837
vn 0.584602 0.000000 -0.811320
vn 0.540770 0.379910 -0.750490
vn 0.409048 0.714433 -0.567684
vn 0.212473 0.931614 -0.294874
vn 0.000000 1.000000 0.000000
vn 0.000000 1.000000 0.000000
vn -0.222096 0.925023 0.308229
vn -0.417659 0.699704 0.579634
vn -0.544623 0.363449 0.755837
vn -0.584602 0.000000 0.811320
vn -0.540770 -0.379910 0.750490
vn -0.409048 -0.714433 0.567684
vn -0.212473 -0.931614 0.294874
vn 0.000000 -1.000000 0.000000
vn 0.222096 -0.925023 -0.308229
vn 0.417659 -0.699704 -0.579634
vn 0.544623 -0.363449 -0.755837
vn 0.584602 0.000000 -0.811320
vn 0.540770 0.379910 -0.750490
vn 0.409048 0.714433 -0.567684
vn 0.212473 0.931614 -0.294874
vn 0.000000 1.000000 0.000000
vn 0.000000 1.000000 0.000000
vn -0.222096 0.925023 0.308229
vn -0.417659 0.699704 0.579634
vn -0.544623 0.363449 0.755837
vn -0.584602 0.000000 0.811320
vn -0.540770 -0.379910 0.750490
vn -0.409048 -0.714433 0.567684
vn -0.212473 -0.931614 0.294874
vn 0.000000 -1.000000 0.000000
vn 0.222096 -0.925023 -0.308229
vn 0.417659 -0.699704 -0.579634
vn 0.544623 -0.363449 -0.755837
vn 0.584602 0.000000 -0.811320
vn 0.540770 0.379910 -0.750490
vn 0.409048 0.714433 -0.567684
vn 0.212473 0.931614 -0.294874
vn 0.000000 1.000000 0.000000
vn 0.000000 1.000000 0.000000
vn -0.222096 0.925023 0.308229
vn -0.417659 0.699704 0.579634
vn -0.544623 0.363449 0.755837
vn -0.584602 0.000000 0.811320
vn -0.540770 -0.379910 0.750490
vn -0.409048 -0.714433 0.567684
vn -0.212473 -0.931614 0.294874
vn 0.000000 -1.000000 0.000000
vn 0.222096 -0.925023 -0.308229
vn 0.417659 -0.699704 -0.579634
vn 0.544623 -0.363449 -0.755837
vn 0.584602 0.000000 -0.811320
vn 0.540770 0.379910 -0.750490
vn 0.409048 0.714433 -0.567684
vn 0.212473 0.931614 -0.294874
vn 0.000000 1.000000 0.000000
vn 0.000000 1.000000 0.000000
vn -0.222096 0.925023 0.308229
vn -0.417659 0.699704 0.579634
vn -0.544623 0.363449 0.755837
vn -0.584602 0.000000 0.811320
vn -0.540770 -0.379910 0.750490
vn -0.409048 -0.714433 0.567684
vn -0.212473 -0.931614 0.294874
vn 0.000000 -1.000000 0.000000
vn 0.222096 -0.925023 -0.308229
vn 0.417659 -0.699704 -0.579634
vn 0.544623 -0.363449 -0.755837
vn 0.584602 0.000000 -0.811320
vn 0.540770 0.379910 -0.750490
vn 0.409048 0.714433 -0.567684
vn 0.212473 0.931614 -0.294874
vn 0.000000 1.000000 0.000000
vn 0.000000 1.000000 0.000000
vn 0.000000 -1.000000 0.000000
vn 0.584602 0.000000 -0.811320
vn 0.000000 1.000000 0.000000
vn 0.215189 0.929788 -0.298643
vn 0.413376 0.707107 -0.573690
vn 0.543556 0.368095 -0.754356
vn 0.543556 -0.368095 -0.754356
vn 0.413376 -0.707107 -0.573690
vn 0.215189 -0.929788 -0.298643
vn -0.215189 -0.929788 0.298643
vn -0.413376 -0.707107 0.573690
vn -0.543556 -0.368095 0.754356
vn -0.543556 0.368095 0.754356
vn -0.413376 0.707107 0.573690
vn -0.215189 0.929788 0.298643
vn 0.105011 0.983735 -0.145736
vn 0.000000 1.000000 0.000000
vn 0.212473 0.931614 -0.294874
vn 0.105011 0.983735 -0.145736
vn 0.316110 0.841198 -0.438703
vn 0.409048 0.714433 -0.567684
vn 0.316110 0.841198 -0.438703
vn 0.485525 0.556985 -0.673820
vn 0.540770 0.379910 -0.750490
vn 0.485525 0.556985 -0.673820
vn 0.574187 0.187915 -0.796867
vn 0.584602 0.000000 -0.811320
vn 0.574187 0.187915 -0.796867
vn 0.491766 -0.540727 -0.682481
vn 0.544623 -0.363449 -0.755837
vn 0.417659 -0.699704 -0.579634
vn 0.491766 -0.540727 -0.682481
vn 0.325614 -0.830523 -0.451893
vn 0.222096 -0.925023 -0.308229
vn 0.325614 -0.830523 -0.451893
vn 0.109855 -0.982185 -0.152459
vn 0.000000 -1.000000 0.000000
vn 0.109855 -0.982185 -0.152459
vn -0.316110 -0.841198 0.438703
vn -0.212473 -0.931614 0.294874
vn -0.409048 -0.714433 0.567684
vn -0.316110 -0.841198 0.438703
vn -0.485525 -0.556985 0.673820
vn -0.540770 -0.379910 0.750490
vn -0.485525 -0.556985 0.673820
vn -0.574187 -0.187915 0.796867
vn -0.584602 0.000000 0.811320
vn -0.574187 -0.187915 0.796867
vn -0.575093 0.179628 0.798124
vn -0.544623 0.363449 0.755837
vn -0.575093 0.179628 0.798124
vn -0.491766 0.540727 0.682481
vn -0.417659 0.699704 0.579634
vn -0.491766 0.540727 0.682481
vn -0.325614 0.830523 0.451893
vn -0.222096 0.925023 0.308229
vn -0.325614 0.830523 0.451893
vn -0.109855 0.982185 0.152459
vn 0.000000 1.000000 0.000000
vn -0.109855 0.982185 0.152459
vn -0.215189 0.929788 0.298643
vn -0.413376 0.707107 0.573690
vn -0.543556 0.368095 0.754356
vn -0.584602 0.000000 0.811320
vn -0.222096 0.925023 0.308229
vn -0.109855 0.982185 0.152459
vn 0.000000 1.000000 0.000000
vn -0.109855 0.982185 0.152459
vn -0.417659 0.699704 0.579634
vn -0.325614 0.830523 0.451893
vn -0.325614 0.830523 0.451893
vn -0.544623 0.363449 0.755837
vn -0.491766 0.540727 0.682481
vn -0.491766 0.540727 0.682481
vn -0.584602 0.000000 0.811320
vn -0.575093 0.179628 0.798124
vn -0.575093 0.179628 0.798124
vn 0.543556 0.368095 -0.754356
vn 0.413376 0.707107 -0.573690
vn 0.215189 0.929788 -0.298643
vn 0.540770 0.379910 -0.750490
vn 0.574187 0.187915 -0.796867
vn 0.584602 0.000000 -0.811320
vn 0.574187 0.187915 -0.796867
vn 0.409048 0.714433 -0.567684
vn 0.485525 0.556985 -0.673820
vn 0.485525 0.556985 -0.673820
vn 0.212473 0.931614 -0.294874
vn 0.316110 0.841198 -0.438703
vn 0.316110 0.841198 -0.438703
vn 0.000000 1.000000 0.000000
vn 0.105011 0.983735 -0.145736
vn 0.105011 0.983735 -0.145736
vn -0.543556 -0.368095 0.754356
vn -0.413376 -0.707107 0.573690
vn -0.215189 -0.929788 0.298643
vn 0.215189 -0.929788 -0.298643
vn 0.413376 -0.707107 -0.573690
vn 0.543556 -0.368095 -0.754356
vn -0.540770 -0.379910 0.750490
vn -0.574187 -0.187915 0.796867
vn -0.574187 -0.187915 0.796867
vn -0.409048 -0.714433 0.567684
vn -0.485525 -0.556985 0.673820
vn -0.485525 -0.556985 0.673820
vn -0.212473 -0.931614 0.294874
vn -0.316110 -0.841198 0.438703
vn -0.316110 -0.841198 0.438703
vn 0.222096 -0.925023 -0.308229
vn 0.109855 -0.982185 -0.152459
vn 0.000000 -1.000000 0.000000
vn 0.109855 -0.982185 -0.152459
vn 0.417659 -0.699704 -0.579634
vn 0.325614 -0.830523 -0.451893
vn 0.325614 -0.830523 -0.451893
vn 0.544623 -0.363449 -0.755837
vn 0.491766 -0.540727 -0.682481
vn 0.491766 -0.540727 -0.682481
vn 0.575093 -0.179628 -0.798124
vn 0.575093 -0.179628 -0.798124
vn 0.808736 0.000000 0.588172
vn 0.808736 0.000000 0.588172
vn 0.808736 0.000000 0.588172
vn 0.748100 -0.379910 0.544073
vn 0.748100 -0.379910 0.544073
vn 0.748100 -0.379910 0.544073
vn 0.565876 -0.714433 0.411546
vn 0.565876 -0.714433 0.411546
vn 0.565876 -0.714433 0.411546
vn 0.293935 -0.931614 0.213771
vn 0.293935 -0.931614 0.213771
vn 0.293935 -0.931614 0.213771
vn 0.000000 -1.000000 0.000000
vn 0.000000 -1.000000 0.000000
vn -0.307247 -0.925023 -0.223453
vn -0.307247 -0.925023 -0.223453
vn -0.577788 -0.699704 -0.420209
vn -0.577788 -0.699704 -0.420209
vn -0.753430 -0.363449 -0.547949
vn -0.753430 -0.363449 -0.547949
vn -0.808736 0.000000 -0.588172
vn -0.808736 0.000000 -0.588172
vn -0.748100 0.379910 -0.544073
vn -0.748100 0.379910 -0.544073
vn -0.565876 0.714433 -0.411546
vn -0.565876 0.714433 -0.411546
vn -0.565876 0.714433 -0.411546
vn -0.293935 0.931614 -0.213771
vn -0.293935 0.931614 -0.213771
vn -0.293935 0.931614 -0.213771
vn 0.000000 1.000000 0.000000
vn 0.000000 1.000000 0.000000
vn 0.307247 0.925023 0.223453
vn 0.307247 0.925023 0.223453
vn 0.577788 0.699704 0.420209
vn 0.577788 0.699704 0.420209
vn 0.577788 0.699704 0.420209
vn 0.753430 0.363449 0.547949
vn 0.753430 0.363449 0.547949
vn 0.753430 0.363449 0.547949
vn 0.808736 0.000000 0.588172
vn 0.808736 0.000000 0.588172
vn 0.808736 0.000000 0.588172
vn 0.808736 0.000000 0.588172
vn 0.807691 0.050811 0.587412
vn 0.804065 0.107329 0.584774
vn 0.801948 0.129288 0.583235
vn 0.801659 0.132006 0.583025
vn 0.753430 0.363449 0.547949
vn 0.795582 0.179628 0.578605
vn 0.795582 0.179628 0.578605
vn 0.808736 0.000000 0.588172
vn 0.795582 0.179628 0.578605
vn 0.805548 0.088708 0.585853
vn 0.805548 0.088708 0.585853
vn 0.808736 0.000000 0.588172
vn 0.753430 0.363449 0.547949
vn 0.795582 0.179628 0.578605
vn 0.748100 -0.379910 0.544073
vn 0.794329 -0.187915 0.577694
vn 0.794329 -0.187915 0.577694
vn 0.807952 0.044015 0.587602
vn 0.794329 -0.187915 0.577694
vn 0.808736 0.000000 0.588172
vn 0.805248 -0.092776 0.585635
vn 0.805248 -0.092776 0.585635
vn 0.748100 -0.379910 0.544073
vn 0.808736 0.000000 0.588172
vn 0.794329 -0.187915 0.577694
vn 0.808736 0.000000 0.588172
vn 0.795582 0.179628 0.578605
vn 0.805548 0.088708 0.585853
vn 0.795582 0.179628 0.578605
vn 0.801447 0.133958 0.582871
vn 0.778327 0.271639 0.566056
vn 0.753430 0.363449 0.547949
vn 0.778327 0.271639 0.566056
vn 0.778327 0.271639 0.566056
vn 0.577788 0.699704 0.420209
vn 0.680307 0.540727 0.494769
vn 0.680307 0.540727 0.494769
vn 0.801944 0.129326 0.583232
vn 0.804060 0.107381 0.584771
vn 0.807689 0.050863 0.587410
vn 0.808736 0.000000 0.588172
vn 0.805548 0.088708 0.585853
vn 0.801447 0.133958 0.582871
vn 0.795582 0.179628 0.578605
vn 0.801447 0.133958 0.582871
vn 0.753430 0.363449 0.547949
vn 0.778327 0.271639 0.566056
vn 0.808736 0.000000 0.588172
vn 0.807952 0.044015 0.587602
vn 0.807952 0.044015 0.587602
vn 0.794329 -0.187915 0.577694
vn 0.808736 0.000000 0.588172
vn 0.805248 -0.092776 0.585635
vn 0.233093 -0.957565 0.169522
vn 0.000000 -1.000000 0.000000
vn 0.145272 -0.983735 0.105652
vn 0.293935 -0.931614 0.213771
vn 0.145272 -0.983735 0.105652
vn 0.145272 -0.983735 0.105652
vn 0.219684 -0.962399 0.159770
vn 0.293935 -0.931614 0.213771
vn 0.219684 -0.962399 0.159770
vn 0.437305 -0.841198 0.318040
vn 0.565876 -0.714433 0.411546
vn 0.437305 -0.841198 0.318040
vn 0.808736 0.000000 0.588172
vn 0.807689 -0.050863 0.587410
vn 0.804060 -0.107381 0.584771
vn 0.801944 -0.129326 0.583232
vn 0.801659 -0.132006 0.583025
vn 0.801948 -0.129288 0.583235
vn 0.804065 -0.107329 0.584774
vn 0.807691 -0.050811 0.587412
vn 0.808736 0.000000 0.588172
vn 0.805248 -0.092776 0.585635
vn 0.807879 -0.046021 0.587549
vn 0.808736 0.000000 0.588172
vn 0.807879 -0.046021 0.587549
vn 0.794329 -0.187915 0.577694
vn 0.800757 -0.140126 0.582369
vn 0.800757 -0.140126 0.582369
vn 0.748100 -0.379910 0.544073
vn 0.775406 -0.284124 0.563932
vn 0.775406 -0.284124 0.563932
vn 0.565876 -0.714433 0.411546
vn 0.671674 -0.556985 0.488490
vn 0.671674 -0.556985 0.488490
vn 0.794329 -0.187915 0.577694
vn 0.800757 -0.140126 0.582369
vn 0.748100 -0.379910 0.544073
vn 0.775406 -0.284124 0.563932
vn 0.775406 -0.284124 0.563932
vn 0.807879 -0.046021 0.587549
vn 0.000000 1.000000 0.000000
vn 0.233093 0.957565 0.169522
vn 0.000000 1.000000 0.000000
vn -0.145272 0.983735 -0.105652
vn -0.293935 0.931614 -0.213771
vn -0.145272 0.983735 -0.105652
vn 0.307247 0.925023 0.223453
vn 0.151974 0.982185 0.110526
vn 0.151974 0.982185 0.110526
vn 0.000000 -1.000000 0.000000
vn -0.233093 -0.957565 -0.169522
vn -0.307247 -0.925023 -0.223453
vn -0.151974 -0.982185 -0.110526
vn -0.151974 -0.982185 -0.110526
vn -0.233093 0.957565 -0.169522
vn -0.145272 0.983735 -0.105652
vn -0.219684 0.962399 -0.159770
vn -0.293935 0.931614 -0.213771
vn -0.219684 0.962399 -0.159770
vn -0.437305 0.841198 -0.318040
vn -0.565876 0.714433 -0.411546
vn -0.437305 0.841198 -0.318040
vn -0.753430 -0.363449 -0.547949
vn -0.808736 0.000000 -0.588172
vn -0.748100 0.379910 -0.544073
vn 0.588172 0.000000 -0.808736
vn 0.588172 0.000000 -0.808736
vn 0.588172 0.000000 -0.808736
vn 0.588172 0.000000 -0.808736
vn 0.588172 0.000000 -0.808736
vn 0.588172 0.000000 -0.808736
vn 0.588172 0.000000 -0.808736
vn 0.588172 0.000000 -0.808736
vn 0.588172 0.000000 -0.808736
vn 0.588172 0.000000 -0.808736
vn 0.588172 0.000000 -0.808736
vn 0.588172 0.000000 -0.808736
vn 0.588172 0.000000 -0.808736
vn 0.588172 0.000000 -0.808736
vn 0.588172 0.000000 -0.808736
vn 0.588172 0.000000 -0.808736
vn 0.588172 0.000000 -0.808736
vn 0.588172 0.000000 -0.808736
vn 0.588172 0.000000 -0.808736
vn 0.588172 0.000000 -0.808736
vn 0.588172 0.000000 -0.808736
vn 0.588172 0.000000 -0.808736
vn 0.588172 0.000000 -0.808736
vn 0.588172 0.000000 -0.808736
vn 0.588172 0.000000 -0.808736
vn 0.588172 0.000000 -0.808736
vn 0.588172 0.000000 -0.808736
vn 0.588172 0.000000 -0.808736
vn 0.588172 0.000000 -0.808736
vn 0.588172 0.000000 -0.808736
vn 0.588172 0.000000 -0.808736
vn 0.588172 0.000000 -0.808736
vn 0.588172 0.000000 -0.808736
vn 0.588172 0.000000 -0.808736
vn 0.311797 0.000000 -0.950149
vn 0.311797 0.000000 -0.950149
vn 0.000000 0.000000 -1.000000
vn 0.000000 0.000000 -1.000000
vn 0.000000 0.000000 -1.000000
vn 0.157092 0.000000 -0.987584
vn 0.078419 0.000000 -0.996921
vn 0.157092 0.000000 -0.987584
vn 0.078419 0.000000 -0.996921
vn 0.000000 0.000000 -1.000000
vn 0.157092 0.000000 -0.987584
vn 0.078419 0.000000 -0.996921
vn 0.000000 0.000000 -1.000000
vn 0.000000 0.000000 1.000000
vn 0.000000 0.000000 1.000000
vn -0.315357 0.000000 0.948973
vn -0.315357 0.000000 0.948973
vn -0.588172 0.000000 0.808736
vn -0.588172 0.000000 0.808736
vn 0.000000 0.000000 1.000000
vn -0.159507 0.000000 0.987197
vn -0.159507 0.000000 0.987197
vn -0.079766 0.000000 0.996814
vn -0.079766 0.000000 0.996814
vn 0.000000 0.000000 1.000000
vn -0.159507 0.000000 0.987197
vn -0.079766 0.000000 0.996814
vn 0.000000 0.000000 1.000000
vn -0.588172 0.000000 0.808736
vn -0.588172 0.000000 0.808736
vn -0.900922 0.000000 0.433981
vn -0.900922 0.000000 0.433981
vn -1.000000 0.000000 0.000000
vn -1.000000 0.000000 0.000000
vn 0.000000 0.000000 1.000000
vn 0.000000 0.000000 1.000000
vn 0.000000 0.000000 1.000000
vn 0.000000 0.000000 1.000000
vn 1.000000 0.000000 0.000000
vn 1.000000 0.000000 0.000000
vn 0.894689 0.000000 -0.446690
vn 0.894689 0.000000 -0.446690
vn 0.588172 0.000000 -0.808736
vn 0.588172 0.000000 -0.808736
vn 0.775257 0.000000 -0.631646
vn 0.746637 0.000000 -0.665232
vn 0.734174 0.000000 -0.678961
vn 0.730191 0.000000 -0.683243
vn 0.728653 0.000000 -0.684883
vn 0.730191 0.000000 -0.683243
vn 0.734174 0.000000 -0.678961
vn 0.746637 0.000000 -0.665232
vn 0.775257 0.000000 -0.631646
vn 0.803689 0.000000 -0.595050
vn 0.815941 0.000000 -0.578135
vn 0.819792 0.000000 -0.572662
vn 0.821276 0.000000 -0.570530
vn 0.819792 0.000000 -0.572662
vn 0.815941 0.000000 -0.578135
vn 0.803689 0.000000 -0.595050
vn 0.894689 0.000000 -0.446690
vn 0.894689 0.000000 -0.446690
vn 0.834960 0.000000 -0.550311
vn 0.834960 0.000000 -0.550311
vn 0.974261 0.000000 -0.225423
vn 0.680076 0.000000 -0.733141
vn 0.680076 0.000000 -0.733141
vn 0.680076 0.000000 -0.733141
vn 0.722770 0.000000 -0.691089
vn 0.722770 0.000000 -0.691089
vn 0.722770 0.000000 -0.691089
vn 0.680076 0.000000 -0.733141
vn 0.722770 0.000000 -0.691089
vn 0.800416 0.000000 -0.599445
vn 0.834960 0.000000 -0.550311
vn 0.800416 0.000000 -0.599445
vn 0.894689 0.000000 -0.446690
vn 0.834960 0.000000 -0.550311
vn 0.680076 0.000000 -0.733141
vn 0.722770 0.000000 -0.691089
vn 0.722770 0.000000 -0.691089
vn 0.722770 0.000000 -0.691089
vn 0.834960 0.000000 -0.550311
vn 0.800416 0.000000 -0.599445
vn 0.800416 0.000000 -0.599445
vn 0.834960 0.000000 -0.550311
vn 0.818063 0.000000 -0.575128
vn 0.866427 0.000000 -0.499304
vn 0.894689 0.000000 -0.446690
vn 0.866427 0.000000 -0.499304
vn 0.866427 0.000000 -0.499304
vn 0.941279 0.000000 -0.337630
vn 0.974261 0.000000 -0.225423
vn 0.941279 0.000000 -0.337630
vn 0.818063 0.000000 -0.575128
vn 0.834960 0.000000 -0.550311
vn 0.866427 0.000000 -0.499304
vn 0.894689 0.000000 -0.446690
vn 0.866427 0.000000 -0.499304
vn 0.974261 0.000000 -0.225423
vn 0.941279 0.000000 -0.337630
vn 0.000000 -1.000000 0.000000
vn 0.000000 -1.000000 0.000000
vn 0.000000 -1.000000 0.000000
vn 0.000000 -1.000000 0.000000
vn 0.000000 -1.000000 0.000000
vn 0.000000 -1.000000 0.000000
vn 0.000000 -1.000000 0.000000
vn 0.000000 -1.000000 0.000000
vn 0.000000 1.000000 0.000000
vn 0.000000 1.000000 0.000000
vn 0.000000 1.000000 0.000000
vn 0.000000 1.000000 0.000000
vn 0.000000 1.000000 0.000000
vn 0.000000 1.000000 0.000000
vn 0.000000 1.000000 0.000000
vn 0.000000 1.000000 0.000000
vn 0.808736 0.000000 0.588172
vn 0.808736 0.000000 0.588172
vn 0.748100 -0.379910 0.544073
vn 0.565876 -0.714433 0.411546
vn 0.293935 -0.931614 0.213771
vn 0.000000 -1.000000 0.000000
vn -0.307247 -0.925023 -0.223453
vn -0.577788 -0.699704 -0.420209
vn -0.753430 -0.363449 -0.547949
vn -0.808736 0.000000 -0.588172
vn -0.808736 0.000000 -0.588172
vn -0.748100 0.379910 -0.544073
vn -0.565876 0.714433 -0.411546
vn -0.293935 0.931614 -0.213771
vn 0.000000 1.000000 0.000000
vn 0.000000 1.000000 0.000000
vn 0.307247 0.925023 0.223453
vn 0.577788 0.699704 0.420209
vn 0.753430 0.363449 0.547949
vn 0.808736 0.000000 0.588172
vn 0.808736 0.000000 0.588172
vn 0.808736 0.000000 0.588172
vn 0.808736 0.000000 0.588172
vn 0.751953 -0.368095 0.546875
vn 0.571863 -0.707107 0.415900
vn 0.297691 -0.929788 0.216503
vn 0.000000 -1.000000 0.000000
vn -0.297691 -0.929788 -0.216503
vn -0.571863 -0.707107 -0.415900
vn -0.751953 -0.368095 -0.546875
vn -0.808736 0.000000 -0.588172
vn -0.751953 0.368095 -0.546875
vn -0.571863 0.707107 -0.415900
vn -0.297691 0.929788 -0.216503
vn 0.000000 1.000000 0.000000
vn 0.297691 0.929788 0.216503
vn 0.571863 0.707107 0.415900
vn 0.751953 0.368095 0.546875
vn 0.748100 -0.379910 0.544073
vn 0.794329 -0.187915 0.577694
vn 0.808736 0.000000 0.588172
vn 0.794329 -0.187915 0.577694
vn 0.565876 -0.714433 0.411546
vn 0.671674 -0.556985 0.488490
vn 0.671674 -0.556985 0.488490
vn 0.293935 -0.931614 0.213771
vn 0.437305 -0.841198 0.318040
vn 0.437305 -0.841198 0.318040
vn -0.307247 -0.925023 -0.223453
vn -0.151974 -0.982185 -0.110526
vn 0.000000 -1.000000 0.000000
vn -0.151974 -0.982185 -0.110526
vn -0.577788 -0.699704 -0.420209
vn -0.450454 -0.830523 -0.327603
vn -0.450454 -0.830523 -0.327603
vn -0.753430 -0.363449 -0.547949
vn -0.680307 -0.540727 -0.494769
vn -0.680307 -0.540727 -0.494769
vn -0.808736 0.000000 -0.588172
vn -0.795582 -0.179628 -0.578605
vn -0.795582 -0.179628 -0.578605
vn -0.748100 0.379910 -0.544073
vn -0.794329 0.187915 -0.577694
vn -0.794329 0.187915 -0.577694
vn -0.565876 0.714433 -0.411546
vn -0.671674 0.556985 -0.488490
vn -0.671674 0.556985 -0.488490
vn -0.293935 0.931614 -0.213771
vn -0.437305 0.841198 -0.318040
vn -0.437305 0.841198 -0.318040
vn 0.307247 0.925023 0.223453
vn 0.151974 0.982185 0.110526
vn 0.000000 1.000000 0.000000
vn 0.151974 0.982185 0.110526
vn 0.577788 0.699704 0.420209
vn 0.450454 0.830523 0.327603
vn 0.450454 0.830523 0.327603
vn 0.753430 0.363449 0.547949
vn 0.680307 0.540727 0.494769
vn 0.680307 0.540727 0.494769
vn 0.808736 0.000000 0.588172
vn 0.795582 0.179628 0.578605
vn 0.795582 0.179628 0.578605
vn 0.751953 0.368095 0.546875
vn 0.571863 0.707107 0.415900
vn 0.297691 0.929788 0.216503
vn -0.297691 0.929788 -0.216503
vn -0.571863 0.707107 -0.415900
vn -0.751953 0.368095 -0.546875
vn -0.751953 -0.368095 -0.546875
vn -0.571863 -0.707107 -0.415900
vn -0.297691 -0.929788 -0.216503
vn 0.000000 -1.000000 0.000000
vn 0.297691 -0.929788 0.216503
vn 0.571863 -0.707107 0.415900
vn 0.751953 -0.368095 0.546875
vn 0.808736 0.000000 0.588172
vn 0.753430 0.363449 0.547949
vn 0.795582 0.179628 0.578605
vn 0.577788 0.699704 0.420209
vn 0.680307 0.540727 0.494769
vn 0.307247 0.925023 0.223453
vn 0.450454 0.830523 0.327603
vn 0.000000 1.000000 0.000000
vn 0.151974 0.982185 0.110526
vn -0.293935 0.931614 -0.213771
vn -0.145272 0.983735 -0.105652
vn -0.145272 0.983735 -0.105652
vn -0.565876 0.714433 -0.411546
vn -0.437305 0.841198 -0.318040
vn -0.748100 0.379910 -0.544073
vn -0.671674 0.556985 -0.488490
vn -0.808736 0.000000 -0.588172
vn -0.794329 0.187915 -0.577694
vn -0.753430 -0.363449 -0.547949
vn -0.795582 -0.179628 -0.578605
vn -0.577788 -0.699704 -0.420209
vn -0.680307 -0.540727 -0.494769
vn -0.307247 -0.925023 -0.223453
vn -0.450454 -0.830523 -0.327603
vn 0.000000 -1.000000 0.000000
vn -0.151974 -0.982185 -0.110526
vn 0.293935 -0.931614 0.213771
vn 0.145272 -0.983735 0.105652
vn 0.145272 -0.983735 0.105652
vn 0.565876 -0.714433 0.411546
vn 0.437305 -0.841198 0.318040
vn 0.748100 -0.379910 0.544073
vn 0.671674 -0.556985 0.488490
vn 0.808736 0.000000 0.588172
vn 0.794329 -0.187915 0.577694
vn 0.808736 0.000000 0.588172
vn 0.808736 0.000000 0.588172
vn 0.808736 0.000000 0.588172
vn 0.748100 -0.379910 0.544073
vn 0.565876 -0.714433 0.411546
vn 0.293935 -0.931614 0.213771
vn 0.000000 -1.000000 0.000000
vn -0.307247 -0.925023 -0.223453
vn -0.577788 -0.699704 -0.420209
vn -0.753430 -0.363449 -0.547949
vn -0.808736 0.000000 -0.588172
vn -0.808736 0.000000 -0.588172
vn -0.748100 0.379910 -0.544073
vn -0.565876 0.714433 -0.411546
vn -0.293935 0.931614 -0.213771
vn 0.000000 1.000000 0.000000
vn 0.307247 0.925023 0.223453
vn 0.577788 0.699704 0.420209
vn 0.753430 0.363449 0.547949
vn 0.808736 0.000000 0.588172
vn 0.751953 -0.368095 0.546875
vn 0.571863 -0.707107 0.415900
vn 0.297691 -0.929788 0.216503
vn 0.000000 -1.000000 0.000000
vn -0.297691 -0.929788 -0.216503
vn -0.571863 -0.707107 -0.415900
vn -0.751953 -0.368095 -0.546875
vn -0.751953 0.368095 -0.546875
vn -0.571863 0.707107 -0.415900
vn -0.297691 0.929788 -0.216503
vn 0.000000 1.000000 0.000000
vn 0.297691 0.929788 0.216503
vn 0.571863 0.707107 0.415900
vn 0.751953 0.368095 0.546875
vn 0.808736 0.000000 0.588172
vn 0.748100 -0.379910 0.544073
vn 0.794329 -0.187915 0.577694
vn 0.808736 0.000000 0.588172
vn 0.794329 -0.187915 0.577694
vn 0.565876 -0.714433 0.411546
vn 0.671674 -0.556985 0.488490
vn 0.671674 -0.556985 0.488490
vn 0.293935 -0.931614 0.213771
vn 0.437305 -0.841198 0.318040
vn 0.437305 -0.841198 0.318040
vn -0.307247 -0.925023 -0.223453
vn -0.151974 -0.982185 -0.110526
vn 0.000000 -1.000000 0.000000
vn -0.151974 -0.982185 -0.110526
vn -0.577788 -0.699704 -0.420209
vn -0.450454 -0.830523 -0.327603
vn -0.450454 -0.830523 -0.327603
vn -0.753430 -0.363449 -0.547949
vn -0.680307 -0.540727 -0.494769
vn -0.680307 -0.540727 -0.494769
vn -0.808736 0.000000 -0.588172
vn -0.795582 -0.179628 -0.578605
vn -0.795582 -0.179628 -0.578605
vn -0.748100 0.379910 -0.544073
vn -0.794329 0.187915 -0.577694
vn -0.794329 0.187915 -0.577694
vn -0.565876 0.714433 -0.411546
vn -0.671674 0.556985 -0.488490
vn -0.671674 0.556985 -0.488490
vn -0.293935 0.931614 -0.213771
vn -0.437305 0.841198 -0.318040
vn -0.437305 0.841198 -0.318040
vn 0.000000 1.000000 0.000000
vn -0.145272 0.983735 -0.105652
vn -0.145272 0.983735 -0.105652
vn 0.307247 0.925023 0.223453
vn 0.151974 0.982185 0.110526
vn 0.151974 0.982185 0.110526
vn 0.577788 0.699704 0.420209
vn 0.450454 0.830523 0.327603
vn 0.450454 0.830523 0.327603
vn 0.753430 0.363449 0.547949
vn 0.680307 0.540727 0.494769
vn 0.680307 0.540727 0.494769
vn 0.808736 0.000000 0.588172
vn 0.795582 0.179628 0.578605
vn 0.795582 0.179628 0.578605
vn 0.808736 0.000000 0.588172
vn 0.751953 0.368095 0.546875
vn 0.571863 0.707107 0.415900
vn 0.297691 0.929788 0.216503
vn 0.000000 1.000000 0.000000
vn -0.297691 0.929788 -0.216503
vn -0.571863 0.707107 -0.415900
vn -0.751953 0.368095 -0.546875
vn -0.808736 0.000000 -0.588172
vn -0.751953 -0.368095 -0.546875
vn -0.571863 -0.707107 -0.415900
vn -0.297691 -0.929788 -0.216503
vn 0.000000 -1.000000 0.000000
vn 0.297691 -0.929788 0.216503
vn 0.571863 -0.707107 0.415900
vn 0.751953 -0.368095 0.546875
vn 0.808736 0.000000 0.588172
vn 0.753430 0.363449 0.547949
vn 0.795582 0.179628 0.578605
vn 0.577788 0.699704 0.420209
vn 0.680307 0.540727 0.494769
vn 0.307247 0.925023 0.223453
vn 0.450454 0.830523 0.327603
vn 0.000000 1.000000 0.000000
vn 0.151974 0.982185 0.110526
vn -0.293935 0.931614 -0.213771
vn -0.145272 0.983735 -0.105652
vn -0.565876 0.714433 -0.411546
vn -0.437305 0.841198 -0.318040
vn -0.748100 0.379910 -0.544073
vn -0.671674 0.556985 -0.488490
vn -0.808736 0.000000 -0.588172
vn -0.794329 0.187915 -0.577694
vn -0.753430 -0.363449 -0.547949
vn -0.795582 -0.179628 -0.578605
vn -0.577788 -0.699704 -0.420209
vn -0.680307 -0.540727 -0.494769
vn -0.307247 -0.925023 -0.223453
vn -0.450454 -0.830523 -0.327603
vn 0.000000 -1.000000 0.000000
vn -0.151974 -0.982185 -0.110526
vn 0.293935 -0.931614 0.213771
vn 0.565876 -0.714433 0.411546
vn 0.437305 -0.841198 0.318040
vn 0.748100 -0.379910 0.544073
vn 0.671674 -0.556985 0.488490
vn 0.808736 0.000000 0.588172
vn 0.794329 -0.187915 0.577694
vn -0.117803 0.989334 -0.085675
vn -0.117803 0.989334 -0.085675
vn -0.117803 0.989334 -0.085675
vn -0.117803 0.989334 -0.085675
vn -0.117803 0.989334 -0.085675
vn -0.117803 0.989334 -0.085675
vn -0.117803 0.989334 -0.085675
vn -0.117803 0.989334 -0.085675
vn -0.117803 0.989334 -0.085675
vn 0.117803 0.989334 0.085675
vn 0.117803 0.989334 0.085675
vn 0.117803 0.989334 0.085675
vn 0.117803 0.989334 0.085675
vn 0.117803 0.989334 0.085675
vn 0.117803 0.989334 0.085675
vn 0.117803 0.989334 0.085675
vn 0.117803 0.989334 0.085675
vn 0.117803 0.989334 0.085675
vn 0.117803 -0.989334 0.085675
vn 0.117803 -0.989334 0.085675
vn 0.117803 -0.989334 0.085675
vn 0.117803 -0.989334 0.085675
vn 0.117803 -0.989334 0.085675
vn 0.117803 -0.989334 0.085675
vn 0.117803 -0.989334 0.085675
vn 0.117803 -0.989334 0.085675
vn 0.117803 -0.989334 0.085675
vn -0.117803 -0.989334 -0.085675
vn -0.117803 -0.989334 -0.085675
vn -0.117803 -0.989334 -0.085675
vn -0.117803 -0.989334 -0.085675
vn -0.117803 -0.989334 -0.085675
vn -0.117803 -0.989334 -0.085675
vn -0.117803 -0.989334 -0.085675
vn -0.117803 -0.989334 -0.085675
vn -0.117803 -0.989334 -0.085675
vn -0.588172 0.000000 0.808736
vn -0.588172 0.000000 0.808736
vn -0.588172 0.000000 0.808736
vn -0.588172 0.000000 0.808736
vn -0.588172 0.000000 0.808736
vn -0.588172 0.000000 0.808736
vn -0.588172 0.000000 0.808736
vn -0.588172 0.000000 0.808736
vn -0.588172 0.000000 0.808736
vn -0.588172 0.000000 0.808736
vn -0.588172 0.000000 0.808736
vn -0.588172 0.000000 0.808736
vn -0.588172 0.000000 0.808736
vn -0.588172 0.000000 0.808736
vn -0.588172 0.000000 0.808736
vn -0.588172 0.000000 0.808736
vn -0.588172 0.000000 0.808736
vn -0.588172 0.000000 0.808736
vn -0.588172 0.000000 0.808736
vn -0.588172 0.000000 0.808736
vn -0.588172 0.000000 0.808736
vn -0.588172 0.000000 0.808736
vn -0.588172 0.000000 0.808736
vn -0.588172 0.000000 0.808736
vn -0.588172 0.000000 0.808736
vn -0.588172 0.000000 0.808736
vn -0.588172 0.000000 0.808736
vn -0.588172 0.000000 0.808736
vn -0.588172 0.000000 0.808736
vn -0.588172 0.000000 0.808736
vn -0.588172 0.000000 0.808736
vn -0.588172 0.000000 0.808736
vn -0.588172 0.000000 0.808736
vn -0.588172 0.000000 0.808736
vn -0.588172 0.000000 0.808736
vn -0.588172 0.000000 0.808736
vn -0.588172 0.000000 0.808736
vn -0.588172 0.000000 0.808736
vn -0.588172 0.000000 0.808736
vn -0.588172 0.000000 0.808736
vn -0.588172 0.000000 0.808736
vn -0.588172 0.000000 0.808736
vn -0.588172 0.000000 0.808736
vn -0.588172 0.000000 0.808736
vn -0.588172 0.000000 0.808736
vn -0.588172 0.000000 0.808736
vn -0.588172 0.000000 0.808736
vn -0.588172 0.000000 0.808736
vn -0.588172 0.000000 0.808736
vn -0.588172 0.000000 0.808736
vn -0.588172 0.000000 0.808736
vn -0.588172 0.000000 0.808736
vn -0.588172 0.000000 0.808736
vn -0.588172 0.000000 0.808736
vn -0.588172 0.000000 0.808736
vn -0.588172 0.000000 0.808736
vn -0.588172 0.000000 0.808736
vn 0.000000 -1.000000 0.000000
vn 0.000000 -1.000000 0.000000
vn 0.000000 -1.000000 0.000000
vn 0.000000 -1.000000 0.000000
vn 0.000000 -1.000000 0.000000
vn 0.000000 -1.000000 0.000000
vn 0.000000 1.000000 0.000000
vn 0.000000 1.000000 0.000000
vn 0.000000 1.000000 0.000000
vn 0.000000 1.000000 0.000000
vn 0.000000 1.000000 0.000000
vn 0.000000 1.000000 0.000000
vn 0.588172 0.000000 -0.808736
vn 0.588172 0.000000 -0.808736
vn 0.588172 0.000000 -0.808736
vn 0.588172 0.000000 -0.808736
vn 0.588172 0.000000 -0.808736
vn 0.588172 0.000000 -0.808736
vn 0.588172 0.000000 -0.808736
vn 0.588172 0.000000 -0.808736
vn 0.588172 0.000000 -0.808736
vn 0.588172 0.000000 -0.808736
vn 0.588172 0.000000 -0.808736
vn 0.588172 0.000000 -0.808736
vn 0.588172 0.000000 -0.808736
vn 0.588172 0.000000 -0.808736
vn 0.588172 0.000000 -0.808736
vn 0.588172 0.000000 -0.808736
vn 0.588172 0.000000 -0.808736
vn 0.588172 0.000000 -0.808736
vn 0.588172 0.000000 -0.808736
vn 0.588172 0.000000 -0.808736
vn 0.588172 0.000000 -0.808736
vn 0.588172 0.000000 -0.808736
vn 0.588172 0.000000 -0.808736
vn 0.588172 0.000000 -0.808736
vn 0.588172 0.000000 -0.808736
vn 0.588172 0.000000 -0.808736
vn 0.588172 0.000000 -0.808736
vn 0.588172 0.000000 -0.808736
vn 0.588172 0.000000 -0.808736
vn 0.588172 0.000000 -0.808736
vn 0.588172 0.000000 -0.808736
vn 0.588172 0.000000 -0.808736
vn 0.588172 0.000000 -0.808736
vn 0.588172 0.000000 -0.808736
vn 0.588172 0.000000 -0.808736
vn 0.588172 0.000000 -0.808736
vn 0.588172 0.000000 -0.808736
vn 0.588172 0.000000 -0.808736
vn 0.588172 0.000000 -0.808736
vn 0.588172 0.000000 -0.808736
vn 0.588172 0.000000 -0.808736
vn 0.588172 0.000000 -0.808736
vn 0.588172 0.000000 -0.808736
vn 0.588172 0.000000 -0.808736
vn 0.588172 0.000000 -0.808736
vn 0.588172 0.000000 -0.808736
vn 0.588172 0.000000 -0.808736
vn 0.588172 0.000000 -0.808736
vn 0.588172 0.000000 -0.808736
vn 0.588172 0.000000 -0.808736
vn 0.588172 0.000000 -0.808736
vn 0.588172 0.000000 -0.808736
vn 0.588172 0.000000 -0.808736
vn 0.588172 0.000000 -0.808736
vn 0.588172 0.000000 -0.808736
vn 0.588172 0.000000 -0.808736
vn 0.588172 0.000000 -0.808736
vn 0.588172 0.000000 -0.808736
vn 0.588172 0.000000 -0.808736
vn 0.588172 0.000000 -0.808736
vn 0.588172 0.000000 -0.808736
vn 0.588172 0.000000 -0.808736
vn 0.588172 0.000000 -0.808736
vn 0.588172 0.000000 -0.808736
vn 0.588172 0.000000 -0.808736
vn 0.588172 0.000000 -0.808736
vn 0.588172 0.000000 -0.808736
vn 0.588172 0.000000 -0.808736
vn 0.588172 0.000000 -0.808736
vn 0.588172 0.000000 -0.808736
vn 0.588172 0.000000 -0.808736
vn 0.588172 0.000000 -0.808736
vn 0.588172 0.000000 -0.808736
vn 0.588172 0.000000 -0.808736
vn 0.000000 0.000000 1.000000
vn -0.371391 0.000000 0.928477
vn 0.240578 -0.761831 0.601445
vn 0.301131 -0.953583 0.000000
vn 0.000000 -1.000000 0.000000
vn -0.145308 -0.920283 0.363270
vn -0.320142 -0.506892 0.800356
vn 0.000000 -1.000000 0.000000
vn -0.739940 -0.672673 0.000000
vn 0.371391 0.000000 -0.928477
vn -0.383157 0.000000 -0.923683
vn 0.218387 -0.808842 -0.545968
vn 0.351205 -0.325190 -0.878013
vn -0.702854 -0.423406 -0.571598
vn -0.739940 -0.672673 0.000000
vn -0.739940 -0.672673 0.000000
vn -0.739940 -0.672673 0.000000
vn -0.739940 -0.672673 0.000000
vn -0.739940 -0.672673 0.000000
vn -0.739940 -0.672673 0.000000
vn -0.739940 -0.672673 0.000000
vn 0.000000 -1.000000 0.000000
vn -0.702854 -0.423406 0.571598
vn -0.383157 0.000000 0.923683
vn 0.371391 0.000000 0.928477
vn 0.351205 -0.325190 0.878013
vn 0.218387 -0.808842 0.545968
vn -0.371391 0.000000 -0.928477
vn 0.000000 0.000000 -1.000000
vn 0.240578 -0.761831 -0.601445
vn 0.000000 -1.000000 0.000000
vn 0.301131 -0.953583 0.000000
vn -0.320142 -0.506892 -0.800356
vn -0.145308 -0.920283 -0.363270
vn 0.000000 0.000000 -1.000000
vn -0.371391 0.000000 -0.928477
vn 0.301131 0.953583 0.000000
vn 0.000000 1.000000 0.000000
vn -0.240578 0.761831 -0.601445
vn 0.000000 1.000000 0.000000
vn -0.739940 0.672673 0.000000
vn 0.306004 0.566675 0.765011
vn 0.371391 0.000000 0.928477
vn -0.383157 0.000000 0.923683
vn -0.702854 0.423406 0.571598
vn -0.739940 0.672673 0.000000
vn -0.739940 0.672673 0.000000
vn -0.739940 0.672673 0.000000
vn -0.739940 0.672673 0.000000
vn -0.739940 0.672673 0.000000
vn -0.739940 0.672673 0.000000
vn -0.739940 0.672673 0.000000
vn 0.000000 1.000000 0.000000
vn -0.383157 0.000000 -0.923683
vn 0.371391 0.000000 -0.928477
vn -0.702854 0.423406 -0.571598
vn 0.306004 0.566675 -0.765011
vn -0.371391 0.000000 0.928477
vn 0.000000 0.000000 1.000000
vn 0.000000 1.000000 0.000000
vn 0.301131 0.953583 0.000000
vn -0.240578 0.761831 0.601445
vn -1.000000 0.000000 0.000000
vn 0.000000 1.000000 0.000000
vn 0.379910 0.925023 0.000000
vn 0.363449 -0.931614 0.000000
vn 0.000000 -1.000000 0.000000
vn -0.379910 -0.925023 0.000000
vn -0.714433 -0.699704 0.000000
vn -0.931614 -0.363449 0.000000
vn -1.000000 0.000000 0.000000
vn -0.925023 0.379910 0.000000
vn -0.699704 0.714433 0.000000
vn -0.363449 0.931614 0.000000
vn 0.000000 1.000000 0.000000
vn 0.000000 1.000000 0.000000
vn 0.379910 0.925023 0.000000
vn 0.714433 0.699704 0.000000
vn 0.931614 0.363449 0.000000
vn 1.000000 0.000000 0.000000
vn 0.925023 -0.379910 0.000000
vn 0.699704 -0.714433 0.000000
vn 0.363449 -0.931614 0.000000
vn 0.000000 -1.000000 0.000000
vn -0.379910 -0.925023 0.000000
vn -0.714433 -0.699704 0.000000
vn -0.931614 -0.363449 0.000000
vn -1.000000 0.000000 0.000000
vn -0.925023 0.379910 0.000000
vn -0.699704 0.714433 0.000000
vn -0.363449 0.931614 0.000000
vn 0.000000 1.000000 0.000000
vn 0.000000 1.000000 0.000000
vn 0.379910 0.925023 0.000000
vn 0.714433 0.699704 0.000000
vn 0.931614 0.363449 0.000000
vn 1.000000 0.000000 0.000000
vn 0.925023 -0.379910 0.000000
vn 0.699704 -0.714433 0.000000
vn 0.363449 -0.931614 0.000000
vn 0.000000 -1.000000 0.000000
vn -0.379910 -0.925023 0.000000
vn -0.714433 -0.699704 0.000000
vn -0.931614 -0.363449 0.000000
vn -1.000000 0.000000 0.000000
vn -0.925023 0.379910 0.000000
vn -0.699704 0.714433 0.000000
vn -0.363449 0.931614 0.000000
vn 0.000000 1.000000 0.000000
vn 0.000000 1.000000 0.000000
vn 0.379910 0.925023 0.000000
vn 0.714433 0.699704 0.000000
vn 0.931614 0.363449 0.000000
vn 1.000000 0.000000 0.000000
vn 0.925023 -0.379910 0.000000
vn 0.699704 -0.714433 0.000000
vn 0.363449 -0.931614 0.000000
vn 0.000000 -1.000000 0.000000
vn -0.379910 -0.925023 0.000000
vn -0.714433 -0.699704 0.000000
vn -0.931614 -0.363449 0.000000
vn -1.000000 0.000000 0.000000
vn -0.925023 0.379910 0.000000
vn -0.699704 0.714433 0.000000
vn -0.363449 0.931614 0.000000
vn 0.000000 1.000000 0.000000
vn 0.000000 1.000000 0.000000
vn 0.379910 0.925023 0.000000
vn 0.714433 0.699704 0.000000
vn 0.931614 0.363449 0.000000
vn 1.000000 0.000000 0.000000
vn 0.925023 -0.379910 0.000000
vn 0.699704 -0.714433 0.000000
vn 0.363449 -0.931614 0.000000
vn 0.000000 -1.000000 0.000000
vn -0.379910 -0.925023 0.000000
vn -0.714433 -0.699704 0.000000
vn -0.931614 -0.363449 0.000000
vn -1.000000 0.000000 0.000000
vn -0.925023 0.379910 0.000000
vn -0.699704 0.714433 0.000000
vn -0.363449 0.931614 0.000000
vn 0.000000 1.000000 0.000000
vn 0.000000 1.000000 0.000000
vn 0.379910 0.925023 0.000000
vn 0.714433 0.699704 0.000000
vn 0.931614 0.363449 0.000000
vn 1.000000 0.000000 0.000000
vn 0.925023 -0.379910 0.000000
vn 0.699704 -0.714433 0.000000
vn 0.363449 -0.931614 0.000000
vn 0.000000 -1.000000 0.000000
vn -0.379910 -0.925023 0.000000
vn -0.714433 -0.699704 0.000000
vn -0.931614 -0.363449 0.000000
vn -1.000000 0.000000 0.000000
vn -0.925023 0.379910 0.000000
vn -0.699704 0.714433 0.000000
vn -0.363449 0.931614 0.000000
vn 0.000000 1.000000 0.000000
vn 0.000000 1.000000 0.000000
vn 0.379910 0.925023 0.000000
vn 0.714433 0.699704 0.000000
vn 0.931614 0.363449 0.000000
vn 1.000000 0.000000 0.000000
vn 0.925023 -0.379910 0.000000
vn 0.699704 -0.714433 0.000000
vn 0.363449 -0.931614 0.000000
vn 0.000000 -1.000000 0.000000
vn -0.379910 -0.925023 0.000000
vn -0.714433 -0.699704 0.000000
vn -0.931614 -0.363449 0.000000
vn -1.000000 0.000000 0.000000
vn -0.925023 0.379910 0.000000
vn -0.699704 0.714433 0.000000
vn -0.363449 0.931614 0.000000
vn 0.000000 1.000000 0.000000
vn 0.000000 1.000000 0.000000
vn 1.000000 0.000000 0.000000
vn 0.000000 -1.000000 0.000000
vn -1.000000 0.000000 0.000000
vn 0.000000 1.000000 0.000000
vn 0.368095 0.929788 0.000000
vn 0.707107 0.707107 0.000000
vn 0.929788 0.368095 0.000000
vn 0.929788 -0.368095 0.000000
vn 0.707107 -0.707107 0.000000
vn 0.368095 -0.929788 0.000000
vn -0.368095 -0.929788 0.000000
vn -0.707107 -0.707107 0.000000
vn -0.929788 -0.368095 0.000000
vn -0.929788 0.368095 0.000000
vn -0.707107 0.707107 0.000000
vn -0.368095 0.929788 0.000000
vn 0.379910 0.925023 0.000000
vn 0.187915 0.982185 0.000000
vn 0.000000 1.000000 0.000000
vn 0.187915 0.982185 0.000000
vn 0.714433 0.699704 0.000000
vn 0.556985 0.830523 0.000000
vn 0.556985 0.830523 0.000000
vn 0.931614 0.363449 0.000000
vn 0.841198 0.540727 0.000000
vn 0.841198 0.540727 0.000000
vn 1.000000 0.000000 0.000000
vn 0.983735 0.179628 0.000000
vn 0.983735 0.179628 0.000000
vn 0.925023 -0.379910 0.000000
vn 0.982185 -0.187915 0.000000
vn 0.982185 -0.187915 0.000000
vn 0.699704 -0.714433 0.000000
vn 0.830523 -0.556985 0.000000
vn 0.830523 -0.556985 0.000000
vn 0.363449 -0.931614 0.000000
vn 0.540727 -0.841198 0.000000
vn 0.540727 -0.841198 0.000000
vn 0.000000 -1.000000 0.000000
vn 0.179628 -0.983735 0.000000
vn 0.179628 -0.983735 0.000000
vn -0.379910 -0.925023 0.000000
vn -0.187915 -0.982185 0.000000
vn -0.187915 -0.982185 0.000000
vn -0.714433 -0.699704 0.000000
vn -0.556985 -0.830523 0.000000
vn -0.556985 -0.830523 0.000000
vn -0.931614 -0.363449 0.000000
vn -0.841198 -0.540727 0.000000
vn -0.841198 -0.540727 0.000000
vn -0.925023 0.379910 0.000000
vn -0.982185 0.187915 0.000000
vn -1.000000 0.000000 0.000000
vn -0.982185 0.187915 0.000000
vn -0.699704 0.714433 0.000000
vn -0.830523 0.556985 0.000000
vn -0.830523 0.556985 0.000000
vn -0.363449 0.931614 0.000000
vn -0.540727 0.841198 0.000000
vn -0.540727 0.841198 0.000000
vn 0.000000 1.000000 0.000000
vn -0.179628 0.983735 0.000000
vn -0.179628 0.983735 0.000000
vn 0.000000 1.000000 0.000000
vn -0.617577 0.786510 0.000000
vn -0.883747 0.467966 0.000000
vn -0.966085 0.258225 0.000000
vn -0.966085 -0.258225 0.000000
vn -0.883747 -0.467966 0.000000
vn -0.617577 -0.786510 0.000000
vn 0.000000 -1.000000 0.000000
vn 0.614679 -0.788777 0.000000
vn 0.880820 -0.473451 0.000000
vn 0.965379 -0.260852 0.000000
vn 1.000000 0.000000 0.000000
vn 0.965379 0.260852 0.000000
vn 0.880820 0.473451 0.000000
vn 0.614679 0.788777 0.000000
vn 0.000000 1.000000 0.000000
vn -0.830523 0.556985 0.000000
vn -0.699704 0.714433 0.000000
vn -0.925023 0.379910 0.000000
vn -0.830523 0.556985 0.000000
vn -0.982185 0.187915 0.000000
vn -1.000000 0.000000 0.000000
vn -0.982185 0.187915 0.000000
vn -0.983735 -0.179628 0.000000
vn -0.931614 -0.363449 0.000000
vn -0.983735 -0.179628 0.000000
vn -0.841198 -0.540727 0.000000
vn -0.714433 -0.699704 0.000000
vn -0.841198 -0.540727 0.000000
vn 0.830523 -0.556985 0.000000
vn 0.699704 -0.714433 0.000000
vn 0.925023 -0.379910 0.000000
vn 0.830523 -0.556985 0.000000
vn 0.882581 -0.470161 0.000000
vn 0.830523 -0.556985 0.000000
vn 0.925023 -0.379910 0.000000
vn 0.882581 -0.470161 0.000000
vn 0.982185 -0.187915 0.000000
vn 1.000000 0.000000 0.000000
vn 0.982185 -0.187915 0.000000
vn 0.958788 -0.284124 0.000000
vn 0.982185 -0.187915 0.000000
vn 0.958788 -0.284124 0.000000
vn 0.983735 0.179628 0.000000
vn 0.931614 0.363449 0.000000
vn 0.983735 0.179628 0.000000
vn 0.962399 0.271639 0.000000
vn 0.983735 0.179628 0.000000
vn 0.931614 0.363449 0.000000
vn 0.962399 0.271639 0.000000
vn 0.841198 0.540727 0.000000
vn 0.714433 0.699704 0.000000
vn 0.841198 0.540727 0.000000
vn 0.891184 0.453642 0.000000
vn 0.841198 0.540727 0.000000
vn 0.891184 0.453642 0.000000
vn 0.000000 1.000000 0.000000
vn 0.999974 0.000000 -0.007186
vn 0.000000 -1.000000 0.000000
vn -0.999974 0.000000 0.007186
vn 0.000000 1.000000 0.000000
vn 0.000000 1.000000 0.000000
vn -0.636010 -0.699621 -0.325608
vn -0.829283 -0.363377 -0.424555
vn -0.890130 0.000000 -0.455706
vn -0.823418 0.379836 -0.421553
vn 0.000000 1.000000 0.000000
vn 0.000000 1.000000 0.000000
vn 0.578756 0.000000 0.815500
vn 0.000000 -1.000000 0.000000
vn -0.578756 0.000000 -0.815500
vn 0.000000 1.000000 0.000000
vn -0.368093 0.929785 0.002645
vn -0.707098 0.707098 0.005081
vn -0.929768 0.368086 0.006682
vn -0.929768 -0.368086 0.006682
vn -0.707098 -0.707098 0.005081
vn -0.368093 -0.929785 0.002645
vn 0.368093 -0.929785 -0.002645
vn 0.707098 -0.707098 -0.005081
vn 0.929768 -0.368086 -0.006682
vn 0.929768 0.368086 -0.006682
vn 0.707098 0.707098 -0.005081
vn 0.368093 0.929785 -0.002645
vn -0.874280 0.187873 -0.447592
vn -0.898655 0.379978 -0.219169
vn -0.971524 0.000000 -0.236941
vn -0.954210 0.187953 -0.232718
vn -0.748826 -0.540639 -0.383365
vn -0.905060 -0.363515 -0.220731
vn -0.694018 -0.699778 -0.169261
vn -0.817194 -0.540807 -0.199302
vn 0.213042 0.929785 0.300188
vn 0.409248 0.707098 0.576653
vn 0.538123 0.368086 0.758245
vn 0.538123 -0.368086 0.758245
vn 0.409248 -0.707098 0.576653
vn 0.213042 -0.929785 0.300188
vn -0.213042 -0.929785 -0.300188
vn -0.409248 -0.707098 -0.576653
vn -0.538123 -0.368086 -0.758245
vn -0.538123 0.368086 -0.758245
vn -0.409248 0.707098 -0.576653
vn -0.213042 0.929785 -0.300188
vn -0.708207 -0.363515 -0.605227
vn -0.543067 -0.699778 -0.464100
vn -0.639452 -0.540807 -0.546469
vn -0.703195 0.379978 -0.600943
vn -0.760215 0.000000 -0.649672
vn -0.746666 0.187953 -0.638093
vn 0.636010 0.699621 0.325608
vn 0.829283 0.363377 0.424555
vn 0.890130 0.000000 0.455706
vn 0.823418 -0.379836 0.421553
vn 0.622900 -0.714353 0.318897
vn 0.323582 -0.931586 0.165659
vn 0.000000 -1.000000 0.000000
vn -0.338236 -0.924993 -0.173162
vn -0.323582 0.931586 -0.165659
vn 0.000000 1.000000 0.000000
vn 0.584602 0.000000 0.811320
vn 0.000000 -1.000000 0.000000
vn -0.584602 0.000000 -0.811320
vn 0.000000 1.000000 0.000000
vn 0.000000 1.000000 0.000000
vn 0.222096 0.925023 0.308229
vn 0.417659 0.699704 0.579634
vn 0.544623 0.363449 0.755837
vn 0.584602 0.000000 0.811320
vn 0.540770 -0.379910 0.750490
vn 0.409048 -0.714433 0.567684
vn 0.212473 -0.931614 0.294874
vn 0.000000 -1.000000 0.000000
vn -0.222096 -0.925023 -0.308229
vn -0.417659 -0.699704 -0.579634
vn -0.544623 -0.363449 -0.755837
vn -0.584602 0.000000 -0.811320
vn -0.540770 0.379910 -0.750490
vn -0.409048 0.714433 -0.567684
vn -0.212473 0.931614 -0.294874
vn 0.000000 1.000000 0.000000
vn 0.000000 1.000000 0.000000
vn 0.222096 0.925023 0.308229
vn 0.417659 0.699704 0.579634
vn 0.544623 0.363449 0.755837
vn 0.584602 0.000000 0.811320
vn 0.540770 -0.379910 0.750490
vn 0.409048 -0.714433 0.567684
vn 0.212473 -0.931614 0.294874
vn 0.000000 -1.000000 0.000000
vn -0.222096 -0.925023 -0.308229
vn -0.417659 -0.699704 -0.579634
vn -0.544623 -0.363449 -0.755837
vn -0.584602 0.000000 -0.811320
vn -0.540770 0.379910 -0.750490
vn -0.409048 0.714433 -0.567684
vn -0.212473 0.931614 -0.294874
vn 0.000000 1.000000 0.000000
vn 0.000000 1.000000 0.000000
vn 0.222096 0.925023 0.308229
vn 0.417659 0.699704 0.579634
vn 0.544623 0.363449 0.755837
vn 0.584602 0.000000 0.811320
vn 0.540770 -0.379910 0.750490
vn 0.409048 -0.714433 0.567684
vn 0.212473 -0.931614 0.294874
vn 0.000000 -1.000000 0.000000
vn -0.222096 -0.925023 -0.308229
vn -0.417659 -0.699704 -0.579634
vn -0.544623 -0.363449 -0.755837
vn -0.584602 0.000000 -0.811320
vn -0.540770 0.379910 -0.750490
vn -0.409048 0.714433 -0.567684
vn -0.212473 0.931614 -0.294874
vn 0.000000 1.000000 0.000000
vn 0.000000 1.000000 0.000000
vn 0.222096 0.925023 0.308229
vn 0.417659 0.699704 0.579634
vn 0.544623 0.363449 0.755837
vn 0.584602 0.000000 0.811320
vn 0.540770 -0.379910 0.750490
vn 0.409048 -0.714433 0.567684
vn 0.212473 -0.931614 0.294874
vn 0.000000 -1.000000 0.000000
vn -0.222096 -0.925023 -0.308229
vn -0.417659 -0.699704 -0.579634
vn -0.544623 -0.363449 -0.755837
vn -0.584602 0.000000 -0.811320
vn -0.540770 0.379910 -0.750490
vn -0.409048 0.714433 -0.567684
vn -0.212473 0.931614 -0.294874
vn 0.000000 1.000000 0.000000
vn 0.000000 1.000000 0.000000
vn 0.222096 0.925023 0.308229
vn 0.417659 0.699704 0.579634
vn 0.544623 0.363449 0.755837
vn 0.584602 0.000000 0.811320
vn 0.540770 -0.379910 0.750490
vn 0.409048 -0.714433 0.567684
vn 0.212473 -0.931614 0.294874
vn 0.000000 -1.000000 0.000000
vn -0.222096 -0.925023 -0.308229
vn -0.417659 -0.699704 -0.579634
vn -0.544623 -0.363449 -0.755837
vn -0.584602 0.000000 -0.811320
vn -0.540770 0.379910 -0.750490
vn -0.409048 0.714433 -0.567684
vn -0.212473 0.931614 -0.294874
vn 0.000000 1.000000 0.000000
vn 0.000000 1.000000 0.000000
vn 0.000000 -1.000000 0.000000
vn -0.584602 0.000000 -0.811320
vn 0.000000 1.000000 0.000000
vn -0.215189 0.929788 -0.298643
vn -0.413376 0.707107 -0.573690
vn -0.543556 0.368095 -0.754356
vn -0.543556 -0.368095 -0.754356
vn -0.413376 -0.707107 -0.573690
vn -0.215189 -0.929788 -0.298643
vn 0.215189 -0.929788 0.298643
vn 0.413376 -0.707107 0.573690
vn 0.543556 -0.368095 0.754356
vn 0.543556 0.368095 0.754356
vn 0.413376 0.707107 0.573690
vn 0.215189 0.929788 0.298643
vn -0.105011 0.983735 -0.145736
vn 0.000000 1.000000 0.000000
vn -0.212473 0.931614 -0.294874
vn -0.105011 0.983735 -0.145736
vn -0.316110 0.841198 -0.438703
vn -0.409048 0.714433 -0.567684
vn -0.316110 0.841198 -0.438703
vn -0.485525 0.556985 -0.673820
vn -0.540770 0.379910 -0.750490
vn -0.485525 0.556985 -0.673820
vn -0.574187 0.187915 -0.796867
vn -0.584602 0.000000 -0.811320
vn -0.574187 0.187915 -0.796867
vn -0.491766 -0.540727 -0.682481
vn -0.544623 -0.363449 -0.755837
vn -0.417659 -0.699704 -0.579634
vn -0.491766 -0.540727 -0.682481
vn -0.325614 -0.830523 -0.451893
vn -0.222096 -0.925023 -0.308229
vn -0.325614 -0.830523 -0.451893
vn -0.109855 -0.982185 -0.152459
vn 0.000000 -1.000000 0.000000
vn -0.109855 -0.982185 -0.152459
vn 0.105011 -0.983735 0.145736
vn 0.212473 -0.931614 0.294874
vn 0.105011 -0.983735 0.145736
vn 0.316110 -0.841198 0.438703
vn 0.409048 -0.714433 0.567684
vn 0.316110 -0.841198 0.438703
vn 0.485525 -0.556985 0.673820
vn 0.540770 -0.379910 0.750490
vn 0.485525 -0.556985 0.673820
vn 0.574187 -0.187915 0.796867
vn 0.584602 0.000000 0.811320
vn 0.574187 -0.187915 0.796867
vn 0.575093 0.179628 0.798124
vn 0.544623 0.363449 0.755837
vn 0.575093 0.179628 0.798124
vn 0.491766 0.540727 0.682481
vn 0.417659 0.699704 0.579634
vn 0.491766 0.540727 0.682481
vn 0.325614 0.830523 0.451893
vn 0.222096 0.925023 0.308229
vn 0.325614 0.830523 0.451893
vn 0.109855 0.982185 0.152459
vn 0.000000 1.000000 0.000000
vn 0.109855 0.982185 0.152459
vn 0.215189 0.929788 0.298643
vn 0.413376 0.707107 0.573690
vn 0.543556 0.368095 0.754356
vn 0.584602 0.000000 0.811320
vn 0.222096 0.925023 0.308229
vn 0.109855 0.982185 0.152459
vn 0.000000 1.000000 0.000000
vn 0.109855 0.982185 0.152459
vn 0.417659 0.699704 0.579634
vn 0.325614 0.830523 0.451893
vn 0.325614 0.830523 0.451893
vn 0.544623 0.363449 0.755837
vn 0.491766 0.540727 0.682481
vn 0.491766 0.540727 0.682481
vn 0.584602 0.000000 0.811320
vn 0.575093 0.179628 0.798124
vn 0.575093 0.179628 0.798124
vn -0.543556 0.368095 -0.754356
vn -0.413376 0.707107 -0.573690
vn -0.215189 0.929788 -0.298643
vn -0.540770 0.379910 -0.750490
vn -0.574187 0.187915 -0.796867
vn -0.584602 0.000000 -0.811320
vn -0.574187 0.187915 -0.796867
vn -0.409048 0.714433 -0.567684
vn -0.485525 0.556985 -0.673820
vn -0.485525 0.556985 -0.673820
vn -0.212473 0.931614 -0.294874
vn -0.316110 0.841198 -0.438703
vn -0.316110 0.841198 -0.438703
vn 0.000000 1.000000 0.000000
vn -0.105011 0.983735 -0.145736
vn -0.105011 0.983735 -0.145736
vn 0.543556 -0.368095 0.754356
vn 0.413376 -0.707107 0.573690
vn 0.215189 -0.929788 0.298643
vn -0.215189 -0.929788 -0.298643
vn -0.413376 -0.707107 -0.573690
vn -0.543556 -0.368095 -0.754356
vn 0.540770 -0.379910 0.750490
vn 0.574187 -0.187915 0.796867
vn 0.574187 -0.187915 0.796867
vn 0.409048 -0.714433 0.567684
vn 0.485525 -0.556985 0.673820
vn 0.485525 -0.556985 0.673820
vn 0.212473 -0.931614 0.294874
vn 0.316110 -0.841198 0.438703
vn 0.316110 -0.841198 0.438703
vn -0.222096 -0.925023 -0.308229
vn -0.109855 -0.982185 -0.152459
vn 0.000000 -1.000000 0.000000
vn -0.109855 -0.982185 -0.152459
vn -0.417659 -0.699704 -0.579634
vn -0.325614 -0.830523 -0.451893
vn -0.325614 -0.830523 -0.451893
vn -0.544623 -0.363449 -0.755837
vn -0.491766 -0.540727 -0.682481
vn -0.491766 -0.540727 -0.682481
vn -0.575093 -0.179628 -0.798124
vn -0.575093 -0.179628 -0.798124
vn -0.808736 0.000000 0.588172
vn -0.808736 0.000000 0.588172
vn -0.808736 0.000000 0.588172
vn -0.748100 -0.379910 0.544073
vn -0.748100 -0.379910 0.544073
vn -0.748100 -0.379910 0.544073
vn -0.565876 -0.714433 0.411546
vn -0.565876 -0.714433 0.411546
vn -0.565876 -0.714433 0.411546
vn -0.293935 -0.931614 0.213771
vn -0.293935 -0.931614 0.213771
vn -0.293935 -0.931614 0.213771
vn 0.000000 -1.000000 0.000000
vn 0.000000 -1.000000 0.000000
vn 0.307247 -0.925023 -0.223453
vn 0.307247 -0.925023 -0.223453
vn 0.577788 -0.699704 -0.420209
vn 0.577788 -0.699704 -0.420209
vn 0.753430 -0.363449 -0.547949
vn 0.753430 -0.363449 -0.547949
vn 0.808736 0.000000 -0.588172
vn 0.808736 0.000000 -0.588172
vn 0.748100 0.379910 -0.544073
vn 0.748100 0.379910 -0.544073
vn 0.565876 0.714433 -0.411546
vn 0.565876 0.714433 -0.411546
vn 0.565876 0.714433 -0.411546
vn 0.293935 0.931614 -0.213771
vn 0.293935 0.931614 -0.213771
vn 0.293935 0.931614 -0.213771
vn 0.000000 1.000000 0.000000
vn 0.000000 1.000000 0.000000
vn -0.307247 0.925023 0.223453
vn -0.307247 0.925023 0.223453
vn -0.577788 0.699704 0.420209
vn -0.577788 0.699704 0.420209
vn -0.577788 0.699704 0.420209
vn -0.753430 0.363449 0.547949
vn -0.753430 0.363449 0.547949
vn -0.753430 0.363449 0.547949
vn -0.808736 0.000000 0.588172
vn -0.808736 0.000000 0.588172
vn -0.808736 0.000000 0.588172
vn -0.808736 0.000000 0.588172
vn -0.807691 0.050811 0.587412
vn -0.804065 0.107329 0.584774
vn -0.801948 0.129288 0.583235
vn -0.801659 0.132006 0.583025
vn -0.753430 0.363449 0.547949
vn -0.795582 0.179628 0.578605
vn -0.795582 0.179628 0.578605
vn -0.808736 0.000000 0.588172
vn -0.795582 0.179628 0.578605
vn -0.805548 0.088708 0.585853
vn -0.805548 0.088708 0.585853
vn -0.808736 0.000000 0.588172
vn -0.753430 0.363449 0.547949
vn -0.795582 0.179628 0.578605
vn -0.748100 -0.379910 0.544073
vn -0.794329 -0.187915 0.577694
vn -0.794329 -0.187915 0.577694
vn -0.807952 0.044015 0.587602
vn -0.794329 -0.187915 0.577694
vn -0.808736 0.000000 0.588172
vn -0.805248 -0.092776 0.585635
vn -0.805248 -0.092776 0.585635
vn -0.748100 -0.379910 0.544073
vn -0.808736 0.000000 0.588172
vn -0.794329 -0.187915 0.577694
vn -0.808736 0.000000 0.588172
vn -0.795582 0.179628 0.578605
vn -0.805548 0.088708 0.585853
vn -0.795582 0.179628 0.578605
vn -0.801447 0.133958 0.582871
vn -0.778327 0.271639 0.566056
vn -0.753430 0.363449 0.547949
vn -0.778327 0.271639 0.566056
vn -0.778327 0.271639 0.566056
vn -0.577788 0.699704 0.420209
vn -0.680307 0.540727 0.494769
vn -0.680307 0.540727 0.494769
vn -0.801944 0.129326 0.583232
vn -0.804060 0.107381 0.584771
vn -0.807689 0.050863 0.587410
vn -0.808736 0.000000 0.588172
vn -0.805548 0.088708 0.585853
vn -0.801447 0.133958 0.582871
vn -0.795582 0.179628 0.578605
vn -0.801447 0.133958 0.582871
vn -0.753430 0.363449 0.547949
vn -0.778327 0.271639 0.566056
vn -0.808736 0.000000 0.588172
vn -0.807952 0.044015 0.587602
vn -0.807952 0.044015 0.587602
vn -0.794329 -0.187915 0.577694
vn -0.808736 0.000000 0.588172
vn -0.805248 -0.092776 0.585635
vn -0.233093 -0.957565 0.169522
vn 0.000000 -1.000000 0.000000
vn -0.145272 -0.983735 0.105652
vn -0.293935 -0.931614 0.213771
vn -0.145272 -0.983735 0.105652
vn -0.145272 -0.983735 0.105652
vn -0.219684 -0.962399 0.159770
vn -0.293935 -0.931614 0.213771
vn -0.219684 -0.962399 0.159770
vn -0.437305 -0.841198 0.318040
vn -0.565876 -0.714433 0.411546
vn -0.437305 -0.841198 0.318040
vn -0.808736 0.000000 0.588172
vn -0.807689 -0.050863 0.587410
vn -0.804060 -0.107381 0.584771
vn -0.801944 -0.129326 0.583232
vn -0.801659 -0.132006 0.583025
vn -0.801948 -0.129288 0.583235
vn -0.804065 -0.107329 0.584774
vn -0.807691 -0.050811 0.587412
vn -0.808736 0.000000 0.588172
vn -0.805248 -0.092776 0.585635
vn -0.807879 -0.046021 0.587549
vn -0.808736 0.000000 0.588172
vn -0.807879 -0.046021 0.587549
vn -0.794329 -0.187915 0.577694
vn -0.800757 -0.140126 0.582369
vn -0.800757 -0.140126 0.582369
vn -0.748100 -0.379910 0.544073
vn -0.775406 -0.284124 0.563932
vn -0.775406 -0.284124 0.563932
vn -0.565876 -0.714433 0.411546
vn -0.671674 -0.556985 0.488490
vn -0.671674 -0.556985 0.488490
vn -0.794329 -0.187915 0.577694
vn -0.800757 -0.140126 0.582369
vn -0.748100 -0.379910 0.544073
vn -0.775406 -0.284124 0.563932
vn -0.775406 -0.284124 0.563932
vn -0.807879 -0.046021 0.587549
vn 0.000000 1.000000 0.000000
vn -0.233093 0.957565 0.169522
vn 0.000000 1.000000 0.000000
vn 0.145272 0.983735 -0.105652
vn 0.293935 0.931614 -0.213771
vn 0.145272 0.983735 -0.105652
vn -0.307247 0.925023 0.223453
vn -0.151974 0.982185 0.110526
vn -0.151974 0.982185 0.110526
vn 0.000000 -1.000000 0.000000
vn 0.233093 -0.957565 -0.169522
vn 0.307247 -0.925023 -0.223453
vn 0.151974 -0.982185 -0.110526
vn 0.151974 -0.982185 -0.110526
vn 0.233093 0.957565 -0.169522
vn 0.145272 0.983735 -0.105652
vn 0.219684 0.962399 -0.159770
vn 0.293935 0.931614 -0.213771
vn 0.219684 0.962399 -0.159770
vn 0.437305 0.841198 -0.318040
vn 0.565876 0.714433 -0.411546
vn 0.437305 0.841198 -0.318040
vn 0.753430 -0.363449 -0.547949
vn 0.808736 0.000000 -0.588172
vn 0.748100 0.379910 -0.544073
vn -0.588172 0.000000 -0.808736
vn -0.588172 0.000000 -0.808736
vn -0.588172 0.000000 -0.808736
vn -0.588172 0.000000 -0.808736
vn -0.588172 0.000000 -0.808736
vn -0.588172 0.000000 -0.808736
vn -0.588172 0.000000 -0.808736
vn -0.588172 0.000000 -0.808736
vn -0.588172 0.000000 -0.808736
vn -0.588172 0.000000 -0.808736
vn -0.588172 0.000000 -0.808736
vn -0.588172 0.000000 -0.808736
vn -0.588172 0.000000 -0.808736
vn -0.588172 0.000000 -0.808736
vn -0.588172 0.000000 -0.808736
vn -0.588172 0.000000 -0.808736
vn -0.588172 0.000000 -0.808736
vn -0.588172 0.000000 -0.808736
vn -0.588172 0.000000 -0.808736
vn -0.588172 0.000000 -0.808736
vn -0.588172 0.000000 -0.808736
vn -0.588172 0.000000 -0.808736
vn -0.588172 0.000000 -0.808736
vn -0.588172 0.000000 -0.808736
vn -0.588172 0.000000 -0.808736
vn -0.588172 0.000000 -0.808736
vn -0.588172 0.000000 -0.808736
vn -0.588172 0.000000 -0.808736
vn -0.588172 0.000000 -0.808736
vn -0.588172 0.000000 -0.808736
vn -0.588172 0.000000 -0.808736
vn -0.588172 0.000000 -0.808736
vn -0.588172 0.000000 -0.808736
vn -0.588172 0.000000 -0.808736
vn -0.311797 0.000000 -0.950149
vn -0.311797 0.000000 -0.950149
vn 0.000000 0.000000 -1.000000
vn 0.000000 0.000000 -1.000000
vn 0.000000 0.000000 -1.000000
vn -0.157092 0.000000 -0.987584
vn -0.078419 0.000000 -0.996921
vn -0.157092 0.000000 -0.987584
vn -0.078419 0.000000 -0.996921
vn 0.000000 0.000000 -1.000000
vn -0.157092 0.000000 -0.987584
vn -0.078419 0.000000 -0.996921
vn 0.000000 0.000000 -1.000000
vn 0.000000 0.000000 1.000000
vn 0.000000 0.000000 1.000000
vn 0.315357 0.000000 0.948973
vn 0.315357 0.000000 0.948973
vn 0.588172 0.000000 0.808736
vn 0.588172 0.000000 0.808736
vn 0.000000 0.000000 1.000000
vn 0.159507 0.000000 0.987197
vn 0.159507 0.000000 0.987197
vn 0.079766 0.000000 0.996814
vn 0.079766 0.000000 0.996814
vn 0.000000 0.000000 1.000000
vn 0.159507 0.000000 0.987197
vn 0.079766 0.000000 0.996814
vn 0.000000 0.000000 1.000000
vn 0.588172 0.000000 0.808736
vn 0.588172 0.000000 0.808736
vn 0.900922 0.000000 0.433981
vn 0.900922 0.000000 0.433981
vn 1.000000 0.000000 0.000000
vn 1.000000 0.000000 0.000000
vn 0.000000 0.000000 1.000000
vn 0.000000 0.000000 1.000000
vn 0.000000 0.000000 1.000000
vn 0.000000 0.000000 1.000000
vn -1.000000 0.000000 0.000000
vn -1.000000 0.000000 0.000000
vn -0.894689 0.000000 -0.446690
vn -0.894689 0.000000 -0.446690
vn -0.588172 0.000000 -0.808736
vn -0.588172 0.000000 -0.808736
vn -0.775257 0.000000 -0.631646
vn -0.746637 0.000000 -0.665232
vn -0.734174 0.000000 -0.678961
vn -0.730191 0.000000 -0.683243
vn -0.728653 0.000000 -0.684883
vn -0.730191 0.000000 -0.683243
vn -0.734174 0.000000 -0.678961
vn -0.746637 0.000000 -0.665232
vn -0.775257 0.000000 -0.631646
vn -0.803689 0.000000 -0.595050
vn -0.815941 0.000000 -0.578135
vn -0.819792 0.000000 -0.572662
vn -0.821276 0.000000 -0.570530
vn -0.819792 0.000000 -0.572662
vn -0.815941 0.000000 -0.578135
vn -0.803689 0.000000 -0.595050
vn -0.894689 0.000000 -0.446690
vn -0.894689 0.000000 -0.446690
vn -0.834960 0.000000 -0.550311
vn -0.834960 0.000000 -0.550311
vn -0.974261 0.000000 -0.225423
vn -0.680076 0.000000 -0.733141
vn -0.680076 0.000000 -0.733141
vn -0.680076 0.000000 -0.733141
vn -0.722770 0.000000 -0.691089
vn -0.722770 0.000000 -0.691089
vn -0.722770 0.000000 -0.691089
vn -0.680076 0.000000 -0.733141
vn -0.722770 0.000000 -0.691089
vn -0.800416 0.000000 -0.599445
vn -0.834960 0.000000 -0.550311
vn -0.800416 0.000000 -0.599445
vn -0.894689 0.000000 -0.446690
vn -0.834960 0.000000 -0.550311
vn -0.680076 0.000000 -0.733141
vn -0.722770 0.000000 -0.691089
vn -0.722770 0.000000 -0.691089
vn -0.722770 0.000000 -0.691089
vn -0.834960 0.000000 -0.550311
vn -0.800416 0.000000 -0.599445
vn -0.800416 0.000000 -0.599445
vn -0.834960 0.000000 -0.550311
vn -0.818063 0.000000 -0.575128
vn -0.866427 0.000000 -0.499304
vn -0.894689 0.000000 -0.446690
vn -0.866427 0.000000 -0.499304
vn -0.866427 0.000000 -0.499304
vn -0.941279 0.000000 -0.337630
vn -0.974261 0.000000 -0.225423
vn -0.941279 0.000000 -0.337630
vn -0.818063 0.000000 -0.575128
vn -0.834960 0.000000 -0.550311
vn -0.866427 0.000000 -0.499304
vn -0.894689 0.000000 -0.446690
vn -0.866427 0.000000 -0.499304
vn -0.974261 0.000000 -0.225423
vn -0.941279 0.000000 -0.337630
vn 0.000000 -1.000000 0.000000
vn 0.000000 -1.000000 0.000000
vn 0.000000 -1.000000 0.000000
vn 0.000000 -1.000000 0.000000
vn 0.000000 -1.000000 0.000000
vn 0.000000 -1.000000 0.000000
vn 0.000000 -1.000000 0.000000
vn 0.000000 -1.000000 0.000000
vn 0.000000 1.000000 0.000000
vn 0.000000 1.000000 0.000000
vn 0.000000 1.000000 0.000000
vn 0.000000 1.000000 0.000000
vn 0.000000 1.000000 0.000000
vn 0.000000 1.000000 0.000000
vn 0.000000 1.000000 0.000000
vn 0.000000 1.000000 0.000000
vn -0.808736 0.000000 0.588172
vn -0.808736 0.000000 0.588172
vn -0.748100 -0.379910 0.544073
vn -0.565876 -0.714433 0.411546
vn -0.293935 -0.931614 0.213771
vn 0.000000 -1.000000 0.000000
vn 0.307247 -0.925023 -0.223453
vn 0.577788 -0.699704 -0.420209
vn 0.753430 -0.363449 -0.547949
vn 0.808736 0.000000 -0.588172
vn 0.808736 0.000000 -0.588172
vn 0.748100 0.379910 -0.544073
vn 0.565876 0.714433 -0.411546
vn 0.293935 0.931614 -0.213771
vn 0.000000 1.000000 0.000000
vn 0.000000 1.000000 0.000000
vn -0.307247 0.925023 0.223453
vn -0.577788 0.699704 0.420209
vn -0.753430 0.363449 0.547949
vn -0.808736 0.000000 0.588172
vn -0.808736 0.000000 0.588172
vn -0.808736 0.000000 0.588172
vn -0.808736 0.000000 0.588172
vn -0.751953 -0.368095 0.546875
vn -0.571863 -0.707107 0.415900
vn -0.297691 -0.929788 0.216503
vn 0.000000 -1.000000 0.000000
vn 0.297691 -0.929788 -0.216503
vn 0.571863 -0.707107 -0.415900
vn 0.751953 -0.368095 -0.546875
vn 0.808736 0.000000 -0.588172
vn 0.751953 0.368095 -0.546875
vn 0.571863 0.707107 -0.415900
vn 0.297691 0.929788 -0.216503
vn 0.000000 1.000000 0.000000
vn -0.297691 0.929788 0.216503
vn -0.571863 0.707107 0.415900
vn -0.751953 0.368095 0.546875
vn -0.748100 -0.379910 0.544073
vn -0.794329 -0.187915 0.577694
vn -0.808736 0.000000 0.588172
vn -0.794329 -0.187915 0.577694
vn -0.565876 -0.714433 0.411546
vn -0.671674 -0.556985 0.488490
vn -0.671674 -0.556985 0.488490
vn -0.293935 -0.931614 0.213771
vn -0.437305 -0.841198 0.318040
vn -0.437305 -0.841198 0.318040
vn 0.000000 -1.000000 0.000000
vn -0.145272 -0.983735 0.105652
vn -0.145272 -0.983735 0.105652
vn 0.307247 -0.925023 -0.223453
vn 0.151974 -0.982185 -0.110526
vn 0.151974 -0.982185 -0.110526
vn 0.577788 -0.699704 -0.420209
vn 0.450454 -0.830523 -0.327603
vn 0.450454 -0.830523 -0.327603
vn 0.753430 -0.363449 -0.547949
vn 0.680307 -0.540727 -0.494769
vn 0.680307 -0.540727 -0.494769
vn 0.808736 0.000000 -0.588172
vn 0.795582 -0.179628 -0.578605
vn 0.795582 -0.179628 -0.578605
vn 0.748100 0.379910 -0.544073
vn 0.794329 0.187915 -0.577694
vn 0.794329 0.187915 -0.577694
vn 0.565876 0.714433 -0.411546
vn 0.671674 0.556985 -0.488490
vn 0.671674 0.556985 -0.488490
vn 0.293935 0.931614 -0.213771
vn 0.437305 0.841198 -0.318040
vn 0.437305 0.841198 -0.318040
vn -0.307247 0.925023 0.223453
vn -0.151974 0.982185 0.110526
vn 0.000000 1.000000 0.000000
vn -0.151974 0.982185 0.110526
vn -0.577788 0.699704 0.420209
vn -0.450454 0.830523 0.327603
vn -0.450454 0.830523 0.327603
vn -0.753430 0.363449 0.547949
vn -0.680307 0.540727 0.494769
vn -0.680307 0.540727 0.494769
vn -0.808736 0.000000 0.588172
vn -0.795582 0.179628 0.578605
vn -0.795582 0.179628 0.578605
vn -0.751953 0.368095 0.546875
vn -0.571863 0.707107 0.415900
vn -0.297691 0.929788 0.216503
vn 0.297691 0.929788 -0.216503
vn 0.571863 0.707107 -0.415900
vn 0.751953 0.368095 -0.546875
vn 0.751953 -0.368095 -0.546875
vn 0.571863 -0.707107 -0.415900
vn 0.297691 -0.929788 -0.216503
vn 0.000000 -1.000000 0.000000
vn -0.297691 -0.929788 0.216503
vn -0.571863 -0.707107 0.415900
vn -0.751953 -0.368095 0.546875
vn -0.808736 0.000000 0.588172
vn -0.753430 0.363449 0.547949
vn -0.795582 0.179628 0.578605
vn -0.577788 0.699704 0.420209
vn -0.680307 0.540727 0.494769
vn -0.307247 0.925023 0.223453
vn -0.450454 0.830523 0.327603
vn 0.000000 1.000000 0.000000
vn -0.151974 0.982185 0.110526
vn 0.293935 0.931614 -0.213771
vn 0.565876 0.714433 -0.411546
vn 0.437305 0.841198 -0.318040
vn 0.748100 0.379910 -0.544073
vn 0.671674 0.556985 -0.488490
vn 0.808736 0.000000 -0.588172
vn 0.794329 0.187915 -0.577694
vn 0.753430 -0.363449 -0.547949
vn 0.795582 -0.179628 -0.578605
vn 0.577788 -0.699704 -0.420209
vn 0.680307 -0.540727 -0.494769
vn 0.307247 -0.925023 -0.223453
vn 0.450454 -0.830523 -0.327603
vn 0.000000 -1.000000 0.000000
vn 0.151974 -0.982185 -0.110526
vn -0.293935 -0.931614 0.213771
vn -0.145272 -0.983735 0.105652
vn -0.565876 -0.714433 0.411546
vn -0.437305 -0.841198 0.318040
vn -0.748100 -0.379910 0.544073
vn -0.671674 -0.556985 0.488490
vn -0.808736 0.000000 0.588172
vn -0.794329 -0.187915 0.577694
vn -0.808736 0.000000 0.588172
vn -0.808736 0.000000 0.588172
vn -0.808736 0.000000 0.588172
vn -0.748100 -0.379910 0.544073
vn -0.565876 -0.714433 0.411546
vn -0.293935 -0.931614 0.213771
vn 0.000000 -1.000000 0.000000
vn 0.000000 -1.000000 0.000000
vn 0.000000 -1.000000 0.000000
vn 0.307247 -0.925023 -0.223453
vn 0.577788 -0.699704 -0.420209
vn 0.753430 -0.363449 -0.547949
vn 0.808736 0.000000 -0.588172
vn 0.808736 0.000000 -0.588172
vn 0.748100 0.379910 -0.544073
vn 0.565876 0.714433 -0.411546
vn 0.293935 0.931614 -0.213771
vn 0.000000 1.000000 0.000000
vn -0.307247 0.925023 0.223453
vn -0.577788 0.699704 0.420209
vn -0.753430 0.363449 0.547949
vn -0.808736 0.000000 0.588172
vn -0.751953 -0.368095 0.546875
vn -0.571863 -0.707107 0.415900
vn -0.297691 -0.929788 0.216503
vn 0.297691 -0.929788 -0.216503
vn 0.571863 -0.707107 -0.415900
vn 0.751953 -0.368095 -0.546875
vn 0.751953 0.368095 -0.546875
vn 0.571863 0.707107 -0.415900
vn 0.297691 0.929788 -0.216503
vn 0.000000 1.000000 0.000000
vn -0.297691 0.929788 0.216503
vn -0.571863 0.707107 0.415900
vn -0.751953 0.368095 0.546875
vn -0.808736 0.000000 0.588172
vn -0.748100 -0.379910 0.544073
vn -0.794329 -0.187915 0.577694
vn -0.808736 0.000000 0.588172
vn -0.794329 -0.187915 0.577694
vn -0.565876 -0.714433 0.411546
vn -0.671674 -0.556985 0.488490
vn -0.671674 -0.556985 0.488490
vn -0.293935 -0.931614 0.213771
vn -0.437305 -0.841198 0.318040
vn -0.437305 -0.841198 0.318040
vn 0.000000 -1.000000 0.000000
vn -0.145272 -0.983735 0.105652
vn -0.145272 -0.983735 0.105652
vn 0.307247 -0.925023 -0.223453
vn 0.151974 -0.982185 -0.110526
vn 0.151974 -0.982185 -0.110526
vn 0.577788 -0.699704 -0.420209
vn 0.450454 -0.830523 -0.327603
vn 0.450454 -0.830523 -0.327603
vn 0.753430 -0.363449 -0.547949
vn 0.680307 -0.540727 -0.494769
vn 0.680307 -0.540727 -0.494769
vn 0.808736 0.000000 -0.588172
vn 0.795582 -0.179628 -0.578605
vn 0.795582 -0.179628 -0.578605
vn 0.748100 0.379910 -0.544073
vn 0.794329 0.187915 -0.577694
vn 0.794329 0.187915 -0.577694
vn 0.565876 0.714433 -0.411546
vn 0.671674 0.556985 -0.488490
vn 0.671674 0.556985 -0.488490
vn 0.293935 0.931614 -0.213771
vn 0.437305 0.841198 -0.318040
vn 0.437305 0.841198 -0.318040
vn -0.307247 0.925023 0.223453
vn -0.151974 0.982185 0.110526
vn 0.000000 1.000000 0.000000
vn -0.151974 0.982185 0.110526
vn -0.577788 0.699704 0.420209
vn -0.450454 0.830523 0.327603
vn -0.450454 0.830523 0.327603
vn -0.753430 0.363449 0.547949
vn -0.680307 0.540727 0.494769
vn -0.680307 0.540727 0.494769
vn -0.808736 0.000000 0.588172
vn -0.795582 0.179628 0.578605
vn -0.795582 0.179628 0.578605
vn -0.808736 0.000000 0.588172
vn -0.751953 0.368095 0.546875
vn -0.571863 0.707107 0.415900
vn -0.297691 0.929788 0.216503
vn 0.000000 1.000000 0.000000
vn 0.297691 0.929788 -0.216503
vn 0.571863 0.707107 -0.415900
vn 0.751953 0.368095 -0.546875
vn 0.808736 0.000000 -0.588172
vn 0.751953 -0.368095 -0.546875
vn 0.571863 -0.707107 -0.415900
vn 0.297691 -0.929788 -0.216503
vn -0.297691 -0.929788 0.216503
vn -0.571863 -0.707107 0.415900
vn -0.751953 -0.368095 0.546875
vn -0.808736 0.000000 0.588172
vn -0.753430 0.363449 0.547949
vn -0.795582 0.179628 0.578605
vn -0.577788 0.699704 0.420209
vn -0.680307 0.540727 0.494769
vn -0.307247 0.925023 0.223453
vn -0.450454 0.830523 0.327603
vn 0.000000 1.000000 0.000000
vn -0.151974 0.982185 0.110526
vn 0.293935 0.931614 -0.213771
vn 0.565876 0.714433 -0.411546
vn 0.437305 0.841198 -0.318040
vn 0.748100 0.379910 -0.544073
vn 0.671674 0.556985 -0.488490
vn 0.808736 0.000000 -0.588172
vn 0.794329 0.187915 -0.577694
vn 0.753430 -0.363449 -0.547949
vn 0.795582 -0.179628 -0.578605
vn 0.577788 -0.699704 -0.420209
vn 0.680307 -0.540727 -0.494769
vn 0.307247 -0.925023 -0.223453
vn 0.450454 -0.830523 -0.327603
vn 0.000000 -1.000000 0.000000
vn 0.151974 -0.982185 -0.110526
vn -0.293935 -0.931614 0.213771
vn -0.145272 -0.983735 0.105652
vn -0.565876 -0.714433 0.411546
vn -0.437305 -0.841198 0.318040
vn -0.748100 -0.379910 0.544073
vn -0.671674 -0.556985 0.488490
vn -0.808736 0.000000 0.588172
vn -0.794329 -0.187915 0.577694
vn 0.117803 0.989334 -0.085675
vn 0.117803 0.989334 -0.085675
vn 0.117803 0.989334 -0.085675
vn 0.117803 0.989334 -0.085675
vn 0.117803 0.989334 -0.085675
vn 0.117803 0.989334 -0.085675
vn 0.117803 0.989334 -0.085675
vn 0.117803 0.989334 -0.085675
vn 0.117803 0.989334 -0.085675
vn -0.117803 0.989334 0.085675
vn -0.117803 0.989334 0.085675
vn -0.117803 0.989334 0.085675
vn -0.117803 0.989334 0.085675
vn -0.117803 0.989334 0.085675
vn -0.117803 0.989334 0.085675
vn -0.117803 0.989334 0.085675
vn -0.117803 0.989334 0.085675
vn -0.117803 0.989334 0.085675
vn -0.117803 -0.989334 0.085675
vn -0.117803 -0.989334 0.085675
vn -0.117803 -0.989334 0.085675
vn -0.117803 -0.989334 0.085675
vn -0.117803 -0.989334 0.085675
vn -0.117803 -0.989334 0.085675
vn -0.117803 -0.989334 0.085675
vn -0.117803 -0.989334 0.085675
vn -0.117803 -0.989334 0.085675
vn 0.117803 -0.989334 -0.085675
vn 0.117803 -0.989334 -0.085675
vn 0.117803 -0.989334 -0.085675
vn 0.117803 -0.989334 -0.085675
vn 0.117803 -0.989334 -0.085675
vn 0.117803 -0.989334 -0.085675
vn 0.117803 -0.989334 -0.085675
vn 0.117803 -0.989334 -0.085675
vn 0.117803 -0.989334 -0.085675
vn 0.588172 0.000000 0.808736
vn 0.588172 0.000000 0.808736
vn 0.588172 0.000000 0.808736
vn 0.588172 0.000000 0.808736
vn 0.588172 0.000000 0.808736
vn 0.588172 0.000000 0.808736
vn 0.588172 0.000000 0.808736
vn 0.588172 0.000000 0.808736
vn 0.588172 0.000000 0.808736
vn 0.588172 0.000000 0.808736
vn 0.588172 0.000000 0.808736
vn 0.588172 0.000000 0.808736
vn 0.588172 0.000000 0.808736
vn 0.588172 0.000000 0.808736
vn 0.588172 0.000000 0.808736
vn 0.588172 0.000000 0.808736
vn 0.588172 0.000000 0.808736
vn 0.588172 0.000000 0.808736
vn 0.588172 0.000000 0.808736
vn 0.588172 0.000000 0.808736
vn 0.588172 0.000000 0.808736
vn 0.588172 0.000000 0.808736
vn 0.588172 0.000000 0.808736
vn 0.588172 0.000000 0.808736
vn 0.588172 0.000000 0.808736
vn 0.588172 0.000000 0.808736
vn 0.588172 0.000000 0.808736
vn 0.588172 0.000000 0.808736
vn 0.588172 0.000000 0.808736
vn 0.588172 0.000000 0.808736
vn 0.588172 0.000000 0.808736
vn 0.588172 0.000000 0.808736
vn 0.588172 0.000000 0.808736
vn 0.588172 0.000000 0.808736
vn 0.588172 0.000000 0.808736
vn 0.588172 0.000000 0.808736
vn 0.588172 0.000000 0.808736
vn 0.588172 0.000000 0.808736
vn 0.000000 -1.000000 0.000000
vn 0.000000 -1.000000 0.000000
vn 0.000000 -1.000000 0.000000
vn 0.000000 -1.000000 0.000000
vn 0.000000 -1.000000 0.000000
vn 0.000000 -1.000000 0.000000
vn 0.000000 1.000000 0.000000
vn 0.000000 1.000000 0.000000
vn 0.000000 1.000000 0.000000
vn 0.000000 1.000000 0.000000
vn 0.000000 1.000000 0.000000
vn 0.000000 1.000000 0.000000
vn -0.588172 0.000000 -0.808736
vn -0.588172 0.000000 -0.808736
vn -0.588172 0.000000 -0.808736
vn -0.588172 0.000000 -0.808736
vn -0.588172 0.000000 -0.808736
vn -0.588172 0.000000 -0.808736
vn -0.588172 0.000000 -0.808736
vn -0.588172 0.000000 -0.808736
vn -0.588172 0.000000 -0.808736
vn -0.588172 0.000000 -0.808736
vn -0.588172 0.000000 -0.808736
vn -0.588172 0.000000 -0.808736
vn -0.588172 0.000000 -0.808736
vn -0.588172 0.000000 -0.808736
vn -0.588172 0.000000 -0.808736
vn -0.588172 0.000000 -0.808736
vn -0.588172 0.000000 -0.808736
vn -0.588172 0.000000 -0.808736
vn -0.588172 0.000000 -0.808736
vn -0.588172 0.000000 -0.808736
vn -0.588172 0.000000 -0.808736
vn -0.588172 0.000000 -0.808736
vn -0.588172 0.000000 -0.808736
vn -0.588172 0.000000 -0.808736
vn -0.588172 0.000000 -0.808736
vn -0.588172 0.000000 -0.808736
vn -0.588172 0.000000 -0.808736
vn -0.588172 0.000000 -0.808736
vn -0.588172 0.000000 -0.808736
vn -0.588172 0.000000 -0.808736
vn -0.588172 0.000000 -0.808736
vn -0.588172 0.000000 -0.808736
vn -0.588172 0.000000 -0.808736
vn -0.588172 0.000000 -0.808736
vn -0.588172 0.000000 -0.808736
vn -0.588172 0.000000 -0.808736
vn -0.588172 0.000000 -0.808736
vn -0.588172 0.000000 -0.808736
vn -0.588172 0.000000 -0.808736
vn -0.588172 0.000000 -0.808736
vn -0.588172 0.000000 -0.808736
vn -0.588172 0.000000 -0.808736
vn -0.588172 0.000000 -0.808736
vn -0.588172 0.000000 -0.808736
vn -0.588172 0.000000 -0.808736
vn -0.588172 0.000000 -0.808736
vn -0.588172 0.000000 -0.808736
vn -0.588172 0.000000 -0.808736
vn -0.588172 0.000000 -0.808736
vn -0.588172 0.000000 -0.808736
vn -0.588172 0.000000 -0.808736
vn -0.588172 0.000000 -0.808736
vn -0.588172 0.000000 -0.808736
vn -0.588172 0.000000 -0.808736
vn -0.588172 0.000000 -0.808736
vn -0.588172 0.000000 -0.808736
vn -0.588172 0.000000 -0.808736
vn -0.588172 0.000000 -0.808736
vn -0.588172 0.000000 -0.808736
vn -0.588172 0.000000 -0.808736
vn -0.588172 0.000000 -0.808736
vn -0.588172 0.000000 -0.808736
vn -0.588172 0.000000 -0.808736
vn 0.000000 0.000000 1.000000
vn 0.371391 0.000000 0.928477
vn -0.301131 -0.953583 0.000000
vn 0.000000 -1.000000 0.000000
vn 0.240578 -0.761831 0.601445
vn 0.000000 -1.000000 0.000000
vn 0.739940 -0.672673 0.000000
vn -0.371391 0.000000 -0.928477
vn 0.383157 0.000000 -0.923683
vn -0.306004 -0.566675 -0.765011
vn 0.702854 -0.423406 -0.571598
vn 0.739940 -0.672673 0.000000
vn 0.739940 -0.672673 0.000000
vn 0.739940 -0.672673 0.000000
vn 0.739940 -0.672673 0.000000
vn 0.739940 -0.672673 0.000000
vn 0.739940 -0.672673 0.000000
vn 0.739940 -0.672673 0.000000
vn 0.000000 -1.000000 0.000000
vn 0.383157 0.000000 0.923683
vn -0.371391 0.000000 0.928477
vn 0.702854 -0.423406 0.571598
vn -0.351205 -0.325190 0.878013
vn -0.218387 -0.808842 0.545968
vn 0.371391 0.000000 -0.928477
vn 0.000000 0.000000 -1.000000
vn -0.240578 -0.761831 -0.601445
vn 0.000000 -1.000000 0.000000
vn -0.155963 -0.987763 0.000000
vn -0.301131 -0.953583 0.000000
vn 0.320142 -0.506892 -0.800356
vn 0.145308 -0.920283 -0.363270
vn 0.000000 -0.784883 -0.619644
vn 0.000000 0.000000 -1.000000
vn 0.371391 0.000000 -0.928477
vn -0.301131 0.953583 0.000000
vn 0.000000 1.000000 0.000000
vn 0.240578 0.761831 -0.601445
vn 0.000000 1.000000 0.000000
vn 0.739940 0.672673 0.000000
vn -0.371391 0.000000 0.928477
vn 0.383157 0.000000 0.923683
vn -0.306004 0.566675 0.765011
vn 0.702854 0.423406 0.571598
vn 0.739940 0.672673 0.000000
vn 0.739940 0.672673 0.000000
vn 0.739940 0.672673 0.000000
vn 0.739940 0.672673 0.000000
vn 0.739940 0.672673 0.000000
vn 0.739940 0.672673 0.000000
vn 0.739940 0.672673 0.000000
vn 0.000000 1.000000 0.000000
vn 0.383157 0.000000 -0.923683
vn -0.371391 0.000000 -0.928477
vn 0.702854 0.423406 -0.571598
vn -0.306004 0.566675 -0.765011
vn 0.371391 0.000000 0.928477
vn 0.000000 0.000000 1.000000
vn 0.000000 1.000000 0.000000
vn -0.301131 0.953583 0.000000
vn 0.240578 0.761831 0.601445
vn 0.000000 1.000000 0.000000
vn 0.000000 1.000000 0.000000
vn 0.000000 1.000000 0.000000
vn 0.000000 1.000000 0.000000
vn 0.000000 0.000000 -1.000000
vn 0.000000 0.000000 -1.000000
vn 0.000000 0.000000 -1.000000
vn 0.000000 0.000000 -1.000000
vn 0.000000 1.000000 0.000000
vn 0.000000 1.000000 0.000000
vn 0.000000 1.000000 0.000000
vn 0.000000 1.000000 0.000000
vn 0.000000 0.000000 1.000000
vn 0.000000 0.000000 1.000000
vn 0.000000 0.000000 1.000000
vn 0.000000 0.000000 1.000000
vn 0.000000 1.000000 0.000000
vn 0.000000 1.000000 0.000000
vn 0.000000 1.000000 0.000000
vn 0.000000 1.000000 0.000000
vn 0.000000 0.000000 -1.000000
vn 0.000000 0.000000 -1.000000
vn 0.000000 0.000000 -1.000000
vn 0.000000 0.000000 -1.000000
vn 0.000000 0.000000 -1.000000
vn 0.000000 0.000000 -1.000000
vn 0.000000 0.000000 -1.000000
vn 0.000000 0.000000 -1.000000
vn 0.000000 0.000000 -1.000000
vn 0.000000 0.000000 -1.000000
vn 0.000000 0.000000 -1.000000
vn 0.000000 0.000000 -1.000000
vn 0.000000 -1.000000 0.000000
vn 0.000000 -1.000000 0.000000
vn 0.000000 -1.000000 0.000000
vn 0.000000 -1.000000 0.000000
vn 0.000000 -1.000000 0.000000
vn 0.000000 0.000000 1.000000
vn 0.000000 0.000000 1.000000
vn 0.000000 0.000000 1.000000
vn 0.000000 0.000000 1.000000
vn 0.000000 -1.000000 0.000000
vn 0.000000 -1.000000 0.000000
vn 0.000000 -1.000000 0.000000
vn 0.000000 -1.000000 0.000000
vn 0.000000 0.000000 -1.000000
vn 0.000000 0.000000 -1.000000
vn 0.000000 0.000000 -1.000000
vn 0.000000 0.000000 -1.000000
vn 0.000000 -1.000000 0.000000
vn 0.000000 -1.000000 0.000000
vn 0.000000 -1.000000 0.000000
vn 0.000000 -1.000000 0.000000
vn 0.000000 0.000000 1.000000
vn 0.000000 0.000000 1.000000
vn 0.000000 0.000000 1.000000
vn 0.000000 0.000000 1.000000
vn 0.000000 0.000000 1.000000
vn 0.000000 0.000000 1.000000
vn 0.000000 0.000000 1.000000
vn 0.000000 0.000000 1.000000
vn 0.000000 0.000000 1.000000
vn 0.000000 0.000000 1.000000
vn 0.000000 0.000000 1.000000
f 8/8/8 104/104/104 106/106/106 103/103/103
f 104/104/104 2/2/2 105/105/105 106/106/106
f 104/104/104 8/8/8 9/9/9
f 3/3/3 2/2/2 104/104/104
f 9/9/9 3/3/3 104/104/104
f 10/10/10 4/4/4 3/3/3 9/9/9
f 183/183/183 5/5/5 4/4/4
f 10/10/10 11/11/11 183/183/183
f 4/4/4 10/10/10 183/183/183
f 184/184/184 182/182/182 5/5/5 183/183/183
f 181/181/181 184/184/184 183/183/183 11/11/11
f 15/15/15 9/9/9 8/8/8 14/14/14
f 16/16/16 10/10/10 9/9/9 15/15/15
f 17/17/17 11/11/11 10/10/10 16/16/16
f 20/20/20 108/108/108 110/110/110 107/107/107
f 108/108/108 14/14/14 109/109/109 110/110/110
f 108/108/108 20/20/20 21/21/21
f 15/15/15 14/14/14 108/108/108
f 21/21/21 15/15/15 108/108/108
f 22/22/22 16/16/16 15/15/15 21/21/21
f 179/179/179 17/17/17 16/16/16
f 22/22/22 23/23/23 179/179/179
f 16/16/16 22/22/22 179/179/179
f 180/180/180 178/178/178 17/17/17 179/179/179
f 175/175/175 180/180/180 179/179/179 23/23/23
f 26/26/26 112/112/112 113/113/113 111/111/111
f 112/112/112 20/20/20 107/107/107 113/113/113
f 112/112/112 26/26/26 27/27/27
f 21/21/21 20/20/20 112/112/112
f 27/27/27 21/21/21 112/112/112
f 28/28/28 22/22/22 21/21/21 27/27/27
f 176/176/176 23/23/23 22/22/22
f 28/28/28 29/29/29 176/176/176
f 22/22/22 28/28/28 176/176/176
f 177/177/177 175/175/175 23/23/23 176/176/176
f 172/172/172 177/177/177 176/176/176 29/29/29
f 32/32/32 115/115/115 116/116/116 114/114/114
f 115/115/115 26/26/26 111/111/111 116/116/116
f 115/115/115 32/32/32 33/33/33
f 27/27/27 26/26/26 115/115/115
f 33/33/33 27/27/27 115/115/115
f 34/34/34 28/28/28 27/27/27 33/33/33
f 173/173/173 29/29/29 28/28/28
f 34/34/34 35/35/35 173/173/173
f 28/28/28 34/34/34 173/173/173
f 174/174/174 172/172/172 29/29/29 173/173/173
f 171/171/171 174/174/174 173/173/173 35/35/35
f 39/39/39 33/33/33 32/32/32 38/38/38
f 40/40/40 34/34/34 33/33/33 39/39/39
f 41/41/41 35/35/35 34/34/34 40/40/40
f 44/44/44 118/118/118 120/120/120 117/117/117
f 118/118/118 38/38/38 119/119/119 120/120/120
f 118/118/118 44/44/44 45/45/45
f 39/39/39 38/38/38 118/118/118
f 45/45/45 39/39/39 118/118/118
f 46/46/46 40/40/40 39/39/39 45/45/45
f 169/169/169 41/41/41 40/40/40
f 46/46/46 47/47/47 169/169/169
f 40/40/40 46/46/46 169/169/169
f 170/170/170 168/168/168 41/41/41 169/169/169
f 165/165/165 170/170/170 169/169/169 47/47/47
f 50/50/50 122/122/122 123/123/123 121/121/121
f 122/122/122 44/44/44 117/117/117 123/123/123
f 122/122/122 50/50/50 51/51/51
f 45/45/45 44/44/44 122/122/122
f 51/51/51 45/45/45 122/122/122
f 52/52/52 46/46/46 45/45/45 51/51/51
f 166/166/166 47/47/47 46/46/46
f 52/52/52 53/53/53 166/166/166
f 46/46/46 52/52/52 166/166/166
f 167/167/167 165/165/165 47/47/47 166/166/166
f 162/162/162 167/167/167 166/166/166 53/53/53
f 56/56/56 125/125/125 126/126/126 124/124/124
f 125/125/125 50/50/50 121/121/121 126/126/126
f 125/125/125 56/56/56 57/57/57
f 51/51/51 50/50/50 125/125/125
f 57/57/57 51/51/51 125/125/125
f 58/58/58 52/52/52 51/51/51 57/57/57
f 163/163/163 53/53/53 52/52/52
f 58/58/58 59/59/59 163/163/163
f 52/52/52 58/58/58 163/163/163
f 164/164/164 162/162/162 53/53/53 163/163/163
f 161/161/161 164/164/164 163/163/163 59/59/59
f 63/63/63 57/57/57 56/56/56 62/62/62
f 64/64/64 58/58/58 57/57/57 63/63/63
f 65/65/65 59/59/59 58/58/58 64/64/64
f 68/68/68 128/128/128 130/130/130 127/127/127
f 128/128/128 62/62/62 129/129/129 130/130/130
f 128/128/128 68/68/68 69/69/69
f 63/63/63 62/62/62 128/128/128
f 69/69/69 63/63/63 128/128/128
f 70/70/70 64/64/64 63/63/63 69/69/69
f 159/159/159 65/65/65 64/64/64
f 70/70/70 71/71/71 159/159/159
f 64/64/64 70/70/70 159/159/159
f 160/160/160 158/158/158 65/65/65 159/159/159
f 155/155/155 160/160/160 159/159/159 71/71/71
f 74/74/74 132/132/132 133/133/133 131/131/131
f 132/132/132 68/68/68 127/127/127 133/133/133
f 132/132/132 74/74/74 75/75/75
f 69/69/69 68/68/68 132/132/132
f 75/75/75 69/69/69 132/132/132
f 76/76/76 70/70/70 69/69/69 75/75/75
f 156/156/156 71/71/71 70/70/70
f 76/76/76 77/77/77 156/156/156
f 70/70/70 76/76/76 156/156/156
f 157/157/157 155/155/155 71/71/71 156/156/156
f 152/152/152 157/157/157 156/156/156 77/77/77
f 80/80/80 135/135/135 136/136/136 134/134/134
f 135/135/135 74/74/74 131/131/131 136/136/136
f 135/135/135 80/80/80 81/81/81
f 75/75/75 74/74/74 135/135/135
f 81/81/81 75/75/75 135/135/135
f 82/82/82 76/76/76 75/75/75 81/81/81
f 153/153/153 77/77/77 76/76/76
f 82/82/82 83/83/83 153/153/153
f 76/76/76 82/82/82 153/153/153
f 154/154/154 152/152/152 77/77/77 153/153/153
f 151/151/151 154/154/154 153/153/153 83/83/83
f 87/87/87 81/81/81 80/80/80 86/86/86
f 88/88/88 82/82/82 81/81/81 87/87/87
f 89/89/89 83/83/83 82/82/82 88/88/88
f 92/92/92 138/138/138 140/140/140 137/137/137
f 138/138/138 86/86/86 139/139/139 140/140/140
f 138/138/138 92/92/92 93/93/93
f 87/87/87 86/86/86 138/138/138
f 93/93/93 87/87/87 138/138/138
f 94/94/94 88/88/88 87/87/87 93/93/93
f 149/149/149 89/89/89 88/88/88
f 94/94/94 95/95/95 149/149/149
f 88/88/88 94/94/94 149/149/149
f 150/150/150 148/148/148 89/89/89 149/149/149
f 145/145/145 150/150/150 149/149/149 95/95/95
f 98/98/98 142/142/142 143/143/143 141/141/141
f 142/142/142 92/92/92 137/137/137 143/143/143
f 142/142/142 98/98/98 99/99/99
f 93/93/93 92/92/92 142/142/142
f 99/99/99 93/93/93 142/142/142
f 100/100/100 94/94/94 93/93/93 99/99/99
f 146/146/146 95/95/95 94/94/94
f 100/100/100 101/101/101 146/146/146
f 94/94/94 100/100/100 146/146/146
f 147/147/147 145/145/145 95/95/95 146/146/146
f 144/144/144 147/147/147 146/146/146 101/101/101
f 105/105/105 1/1/1 106/106/106
f 7/7/7 106/106/106 1/1/1
f 103/103/103 106/106/106 7/7/7
f 13/13/13 109/109/109 103/103/103 7/7/7
f 19/19/19 110/110/110 13/13/13
f 8/8/8 103/103/103 109/109/109 14/14/14
f 19/19/19 107/107/107 110/110/110
f 113/113/113 107/107/107 19/19/19
f 110/110/110 109/109/109 13/13/13
f 113/113/113 19/19/19 25/25/25
f 111/111/111 25/25/25 116/116/116
f 31/31/31 116/116/116 25/25/25
f 113/113/113 25/25/25 111/111/111
f 114/114/114 116/116/116 31/31/31
f 43/43/43 120/120/120 37/37/37
f 37/37/37 119/119/119 114/114/114 31/31/31
f 49/49/49 123/123/123 43/43/43
f 32/32/32 114/114/114 119/119/119 38/38/38
f 43/43/43 117/117/117 120/120/120
f 49/49/49 121/121/121 123/123/123
f 123/123/123 117/117/117 43/43/43
f 120/120/120 119/119/119 37/37/37
f 121/121/121 49/49/49 126/126/126
f 6/6/6 182/182/182 184/184/184
f 17/17/17 178/178/178 181/181/181 11/11/11
f 178/178/178 18/18/18 12/12/12 181/181/181
f 12/12/12 184/184/184 181/181/181
f 12/12/12 6/6/6 184/184/184
f 24/24/24 180/180/180 175/175/175
f 30/30/30 24/24/24 175/175/175 177/177/177
f 18/18/18 180/180/180 24/24/24
f 178/178/178 180/180/180 18/18/18
f 30/30/30 172/172/172 174/174/174
f 171/171/171 35/35/35 41/41/41 168/168/168
f 168/168/168 42/42/42 36/36/36 171/171/171
f 36/36/36 174/174/174 171/171/171
f 36/36/36 30/30/30 174/174/174
f 48/48/48 170/170/170 165/165/165
f 54/54/54 48/48/48 167/167/167
f 165/165/165 167/167/167 48/48/48
f 42/42/42 170/170/170 48/48/48
f 168/168/168 170/170/170 42/42/42
f 177/177/177 172/172/172 30/30/30
f 124/124/124 126/126/126 55/55/55
f 49/49/49 55/55/55 126/126/126
f 124/124/124 55/55/55 61/61/61 129/129/129
f 67/67/67 130/130/130 61/61/61
f 73/73/73 133/133/133 67/67/67
f 56/56/56 124/124/124 129/129/129 62/62/62
f 67/67/67 127/127/127 130/130/130
f 133/133/133 127/127/127 67/67/67
f 130/130/130 129/129/129 61/61/61
f 131/131/131 133/133/133 73/73/73
f 131/131/131 73/73/73 136/136/136
f 79/79/79 136/136/136 73/73/73
f 134/134/134 136/136/136 79/79/79
f 85/85/85 139/139/139 134/134/134 79/79/79
f 97/97/97 143/143/143 91/91/91
f 140/140/140 85/85/85 91/91/91
f 139/139/139 86/86/86 80/80/80 134/134/134
f 91/91/91 137/137/137 140/140/140
f 97/97/97 141/141/141 143/143/143
f 143/143/143 137/137/137 91/91/91
f 140/140/140 139/139/139 85/85/85
f 54/54/54 162/162/162 164/164/164
f 60/60/60 164/164/164 161/161/161
f 66/66/66 158/158/158 160/160/160
f 65/65/65 158/158/158 161/161/161 59/59/59
f 158/158/158 66/66/66 60/60/60 161/161/161
f 60/60/60 54/54/54 164/164/164
f 72/72/72 155/155/155 157/157/157
f 152/152/152 78/78/78 157/157/157
f 72/72/72 157/157/157 78/78/78
f 160/160/160 72/72/72 66/66/66
f 155/155/155 72/72/72 160/160/160
f 167/167/167 162/162/162 54/54/54
f 152/152/152 154/154/154 78/78/78
f 151/151/151 83/83/83 89/89/89 148/148/148
f 84/84/84 154/154/154 151/151/151
f 96/96/96 150/150/150 145/145/145
f 90/90/90 148/148/148 150/150/150
f 148/148/148 90/90/90 84/84/84 151/151/151
f 84/84/84 78/78/78 154/154/154
f 102/102/102 147/147/147 144/144/144
f 147/147/147 102/102/102 96/96/96
f 150/150/150 96/96/96 90/90/90
f 147/147/147 96/96/96 145/145/145
f 195/195/195 193/193/193 194/194/194
f 196/196/196 193/193/193 195/195/195
f 191/191/191 196/196/196 186/186/186
f 192/192/192 193/193/193 196/196/196
f 191/191/191 192/192/192 196/196/196
f 190/190/190 191/191/191 189/189/189
f 198/198/198 196/196/196 197/197/197
f 200/200/200 198/198/198 199/199/199
f 198/198/198 200/200/200 185/185/185
f 186/186/186 198/198/198 185/185/185
f 186/186/186 188/188/188 189/189/189
f 188/188/188 186/186/186 187/187/187
f 189/189/189 191/191/191 186/186/186
f 198/198/198 186/186/186 196/196/196
f 208/208/208 304/304/304 306/306/306 303/303/303
f 304/304/304 202/202/202 305/305/305 306/306/306
f 304/304/304 208/208/208 209/209/209
f 203/203/203 202/202/202 304/304/304
f 209/209/209 203/203/203 304/304/304
f 210/210/210 204/204/204 203/203/203 209/209/209
f 383/383/383 205/205/205 204/204/204
f 210/210/210 211/211/211 383/383/383
f 204/204/204 210/210/210 383/383/383
f 384/384/384 382/382/382 205/205/205 383/383/383
f 381/381/381 384/384/384 383/383/383 211/211/211
f 215/215/215 209/209/209 208/208/208 214/214/214
f 216/216/216 210/210/210 209/209/209 215/215/215
f 217/217/217 211/211/211 210/210/210 216/216/216
f 220/220/220 308/308/308 310/310/310 307/307/307
f 308/308/308 214/214/214 309/309/309 310/310/310
f 308/308/308 220/220/220 221/221/221
f 215/215/215 214/214/214 308/308/308
f 221/221/221 215/215/215 308/308/308
f 222/222/222 216/216/216 215/215/215 221/221/221
f 379/379/379 217/217/217 216/216/216
f 222/222/222 223/223/223 379/379/379
f 216/216/216 222/222/222 379/379/379
f 380/380/380 378/378/378 217/217/217 379/379/379
f 375/375/375 380/380/380 379/379/379 223/223/223
f 226/226/226 312/312/312 313/313/313 311/311/311
f 312/312/312 220/220/220 307/307/307 313/313/313
f 312/312/312 226/226/226 227/227/227
f 221/221/221 220/220/220 312/312/312
f 227/227/227 221/221/221 312/312/312
f 228/228/228 222/222/222 221/221/221 227/227/227
f 376/376/376 223/223/223 222/222/222
f 228/228/228 229/229/229 376/376/376
f 222/222/222 228/228/228 376/376/376
f 377/377/377 375/375/375 223/223/223 376/376/376
f 372/372/372 377/377/377 376/376/376 229/229/229
f 232/232/232 315/315/315 316/316/316 314/314/314
f 315/315/315 226/226/226 311/311/311 316/316/316
f 315/315/315 232/232/232 233/233/233
f 227/227/227 226/226/226 315/315/315
f 233/233/233 227/227/227 315/315/315
f 234/234/234 228/228/228 227/227/227 233/233/233
f 373/373/373 229/229/229 228/228/228
f 234/234/234 235/235/235 373/373/373
f 228/228/228 234/234/234 373/373/373
f 374/374/374 372/372/372 229/229/229 373/373/373
f 371/371/371 374/374/374 373/373/373 235/235/235
f 239/239/239 233/233/233 232/232/232 238/238/238
f 240/240/240 234/234/234 233/233/233 239/239/239
f 241/241/241 235/235/235 234/234/234 240/240/240
f 244/244/244 318/318/318 320/320/320 317/317/317
f 318/318/318 238/238/238 319/319/319 320/320/320
f 318/318/318 244/244/244 245/245/245
f 239/239/239 238/238/238 318/318/318
f 245/245/245 239/239/239 318/318/318
f 246/246/246 240/240/240 239/239/239 245/245/245
f 369/369/369 241/241/241 240/240/240
f 246/246/246 247/247/247 369/369/369
f 240/240/240 246/246/246 369/369/369
f 370/370/370 368/368/368 241/241/241 369/369/369
f 365/365/365 370/370/370 369/369/369 247/247/247
f 250/250/250 322/322/322 323/323/323 321/321/321
f 322/322/322 244/244/244 317/317/317 323/323/323
f 322/322/322 250/250/250 251/251/251
f 245/245/245 244/244/244 322/322/322
f 251/251/251 245/245/245 322/322/322
f 252/252/252 246/246/246 245/245/245 251/251/251
f 366/366/366 247/247/247 246/246/246
f 252/252/252 253/253/253 366/366/366
f 246/246/246 252/252/252 366/366/366
f 367/367/367 365/365/365 247/247/247 366/366/366
f 362/362/362 367/367/367 366/366/366 253/253/253
f 256/256/256 325/325/325 326/326/326 324/324/324
f 325/325/325 250/250/250 321/321/321 326/326/326
f 325/325/325 256/256/256 257/257/257
f 251/251/251 250/250/250 325/325/325
f 257/257/257 251/251/251 325/325/325
f 258/258/258 252/252/252 251/251/251 257/257/257
f 363/363/363 253/253/253 252/252/252
f 258/258/258 259/259/259 363/363/363
f 252/252/252 258/258/258 363/363/363
f 364/364/364 362/362/362 253/253/253 363/363/363
f 361/361/361 364/364/364 363/363/363 259/259/259
f 263/263/263 257/257/257 256/256/256 262/262/262
f 264/264/264 258/258/258 257/257/257 263/263/263
f 265/265/265 259/259/259 258/258/258 264/264/264
f 268/268/268 328/328/328 330/330/330 327/327/327
f 328/328/328 262/262/262 329/329/329 330/330/330
f 328/328/328 268/268/268 269/269/269
f 263/263/263 262/262/262 328/328/328
f 269/269/269 263/263/263 328/328/328
f 270/270/270 264/264/264 263/263/263 269/269/269
f 359/359/359 265/265/265 264/264/264
f 270/270/270 271/271/271 359/359/359
f 264/264/264 270/270/270 359/359/359
f 360/360/360 358/358/358 265/265/265 359/359/359
f 355/355/355 360/360/360 359/359/359 271/271/271
f 274/274/274 332/332/332 333/333/333 331/331/331
f 332/332/332 268/268/268 327/327/327 333/333/333
f 332/332/332 274/274/274 275/275/275
f 269/269/269 268/268/268 332/332/332
f 275/275/275 269/269/269 332/332/332
f 276/276/276 270/270/270 269/269/269 275/275/275
f 356/356/356 271/271/271 270/270/270
f 276/276/276 277/277/277 356/356/356
f 270/270/270 276/276/276 356/356/356
f 357/357/357 355/355/355 271/271/271 356/356/356
f 352/352/352 357/357/357 356/356/356 277/277/277
f 280/280/280 335/335/335 336/336/336 334/334/334
f 335/335/335 274/274/274 331/331/331 336/336/336
f 335/335/335 280/280/280 281/281/281
f 275/275/275 274/274/274 335/335/335
f 281/281/281 275/275/275 335/335/335
f 282/282/282 276/276/276 275/275/275 281/281/281
f 353/353/353 277/277/277 276/276/276
f 282/282/282 283/283/283 353/353/353
f 276/276/276 282/282/282 353/353/353
f 354/354/354 352/352/352 277/277/277 353/353/353
f 351/351/351 354/354/354 353/353/353 283/283/283
f 287/287/287 281/281/281 280/280/280 286/286/286
f 288/288/288 282/282/282 281/281/281 287/287/287
f 289/289/289 283/283/283 282/282/282 288/288/288
f 292/292/292 338/338/338 340/340/340 337/337/337
f 338/338/338 286/286/286 339/339/339 340/340/340
f 338/338/338 292/292/292 293/293/293
f 287/287/287 286/286/286 338/338/338
f 293/293/293 287/287/287 338/338/338
f 294/294/294 288/288/288 287/287/287 293/293/293
f 349/349/349 289/289/289 288/288/288
f 294/294/294 295/295/295 349/349/349
f 288/288/288 294/294/294 349/349/349
f 350/350/350 348/348/348 289/289/289 349/349/349
f 345/345/345 350/350/350 349/349/349 295/295/295
f 298/298/298 342/342/342 343/343/343 341/341/341
f 342/342/342 292/292/292 337/337/337 343/343/343
f 342/342/342 298/298/298 299/299/299
f 293/293/293 292/292/292 342/342/342
f 299/299/299 293/293/293 342/342/342
f 300/300/300 294/294/294 293/293/293 299/299/299
f 346/346/346 295/295/295 294/294/294
f 300/300/300 301/301/301 346/346/346
f 294/294/294 300/300/300 346/346/346
f 347/347/347 345/345/345 295/295/295 346/346/346
f 344/344/344 347/347/347 346/346/346 301/301/301
f 305/305/305 201/201/201 306/306/306
f 207/207/207 306/306/306 201/201/201
f 303/303/303 306/306/306 207/207/207
f 213/213/213 309/309/309 303/303/303 207/207/207
f 213/213/213 219/219/219 310/310/310 309/309/309
f 208/208/208 303/303/303 309/309/309 214/214/214
f 219/219/219 307/307/307 310/310/310
f 313/313/313 307/307/307 219/219/219
f 219/219/219 225/225/225 311/311/311 313/313/313
f 311/311/311 225/225/225 316/316/316
f 231/231/231 316/316/316 225/225/225
f 314/314/314 316/316/316 231/231/231
f 243/243/243 320/320/320 237/237/237
f 237/237/237 319/319/319 314/314/314 231/231/231
f 249/249/249 323/323/323 243/243/243
f 232/232/232 314/314/314 319/319/319 238/238/238
f 243/243/243 317/317/317 320/320/320
f 249/249/249 321/321/321 323/323/323
f 323/323/323 317/317/317 243/243/243
f 320/320/320 319/319/319 237/237/237
f 321/321/321 249/249/249 326/326/326
f 206/206/206 382/382/382 384/384/384
f 217/217/217 378/378/378 381/381/381 211/211/211
f 378/378/378 218/218/218 212/212/212 381/381/381
f 212/212/212 384/384/384 381/381/381
f 212/212/212 206/206/206 384/384/384
f 224/224/224 380/380/380 375/375/375
f 230/230/230 224/224/224 377/377/377 372/372/372
f 375/375/375 377/377/377 224/224/224
f 224/224/224 218/218/218 378/378/378 380/380/380
f 230/230/230 372/372/372 374/374/374
f 371/371/371 235/235/235 241/241/241 368/368/368
f 368/368/368 242/242/242 236/236/236 371/371/371
f 236/236/236 374/374/374 371/371/371
f 236/236/236 230/230/230 374/374/374
f 248/248/248 370/370/370 365/365/365
f 254/254/254 248/248/248 367/367/367
f 365/365/365 367/367/367 248/248/248
f 242/242/242 370/370/370 248/248/248
f 368/368/368 370/370/370 242/242/242
f 324/324/324 326/326/326 255/255/255
f 249/249/249 255/255/255 326/326/326
f 324/324/324 255/255/255 261/261/261 329/329/329
f 267/267/267 330/330/330 261/261/261
f 267/267/267 273/273/273 331/331/331 333/333/333
f 256/256/256 324/324/324 329/329/329 262/262/262
f 267/267/267 327/327/327 330/330/330
f 333/333/333 327/327/327 267/267/267
f 330/330/330 329/329/329 261/261/261
f 331/331/331 273/273/273 336/336/336
f 279/279/279 336/336/336 273/273/273
f 334/334/334 336/336/336 279/279/279
f 285/285/285 339/339/339 334/334/334 279/279/279
f 297/297/297 343/343/343 291/291/291
f 340/340/340 285/285/285 291/291/291
f 339/339/339 286/286/286 280/280/280 334/334/334
f 291/291/291 337/337/337 340/340/340
f 297/297/297 341/341/341 343/343/343
f 343/343/343 337/337/337 291/291/291
f 340/340/340 339/339/339 285/285/285
f 254/254/254 362/362/362 364/364/364
f 260/260/260 364/364/364 361/361/361
f 266/266/266 358/358/358 360/360/360
f 265/265/265 358/358/358 361/361/361 259/259/259
f 358/358/358 266/266/266 260/260/260 361/361/361
f 260/260/260 254/254/254 364/364/364
f 272/272/272 355/355/355 357/357/357
f 352/352/352 278/278/278 357/357/357
f 272/272/272 357/357/357 278/278/278
f 360/360/360 272/272/272 266/266/266
f 355/355/355 272/272/272 360/360/360
f 367/367/367 362/362/362 254/254/254
f 352/352/352 354/354/354 278/278/278
f 351/351/351 283/283/283 289/289/289 348/348/348
f 284/284/284 354/354/354 351/351/351
f 296/296/296 350/350/350 345/345/345
f 290/290/290 348/348/348 350/350/350
f 348/348/348 290/290/290 284/284/284 351/351/351
f 284/284/284 278/278/278 354/354/354
f 302/302/302 347/347/347 344/344/344
f 347/347/347 302/302/302 296/296/296
f 350/350/350 296/296/296 290/290/290
f 347/347/347 296/296/296 345/345/345
f 387/387/387 385/385/385 386/386/386
f 400/400/400 385/385/385 387/387/387
f 399/399/399 387/387/387 396/396/396
f 399/399/399 400/400/400 387/387/387
f 399/399/399 397/397/397 398/398/398
f 397/397/397 399/399/399 396/396/396
f 389/389/389 387/387/387 388/388/388
f 387/387/387 390/390/390 391/391/391
f 396/396/396 387/387/387 391/391/391
f 392/392/392 393/393/393 391/391/391
f 394/394/394 395/395/395 396/396/396
f 396/396/396 393/393/393 394/394/394
f 393/393/393 396/396/396 391/391/391
f 389/389/389 390/390/390 387/387/387
f 408/408/408 604/604/604 606/606/606 602/602/602
f 604/604/604 407/407/407 605/605/605 606/606/606
f 409/409/409 601/601/601 603/603/603 599/599/599
f 601/601/601 408/408/408 602/602/602 603/603/603
f 410/410/410 598/598/598 600/600/600 596/596/596
f 598/598/598 409/409/409 599/599/599 600/600/600
f 411/411/411 594/594/594 597/597/597 595/595/595
f 594/594/594 410/410/410 596/596/596 597/597/597
f 415/415/415 414/414/414 402/402/402 403/403/403
f 631/631/631 628/628/628 630/630/630
f 417/417/417 631/631/631 622/622/622
f 628/628/628 631/631/631 417/417/417
f 622/622/622 631/631/631 633/633/633 626/626/626
f 631/631/631 630/630/630 632/632/632 633/633/633
f 628/628/628 416/416/416 629/629/629 630/630/630
f 418/418/418 621/621/621 623/623/623 616/616/616
f 623/623/623 624/624/624 627/627/627 625/625/625
f 624/624/624 622/622/622 626/626/626 627/627/627
f 624/624/624 417/417/417 622/622/622
f 621/621/621 624/624/624 623/623/623
f 417/417/417 624/624/624 621/621/621
f 618/618/618 615/615/615 617/617/617
f 419/419/419 618/618/618 609/609/609
f 615/615/615 618/618/618 419/419/419
f 609/609/609 618/618/618 620/620/620 613/613/613
f 618/618/618 617/617/617 619/619/619 620/620/620
f 615/615/615 418/418/418 616/616/616 617/617/617
f 420/420/420 607/607/607 610/610/610 608/608/608
f 610/610/610 611/611/611 614/614/614 612/612/612
f 611/611/611 609/609/609 613/613/613 614/614/614
f 611/611/611 419/419/419 609/609/609
f 607/607/607 611/611/611 610/610/610
f 419/419/419 611/611/611 607/607/607
f 422/422/422 421/421/421 404/404/404 405/405/405
f 423/423/423 422/422/422 405/405/405 406/406/406
f 424/424/424 423/423/423 406/406/406 407/407/407
f 604/604/604 424/424/424 407/407/407
f 425/425/425 604/604/604 408/408/408
f 424/424/424 604/604/604 425/425/425
f 601/601/601 425/425/425 408/408/408
f 426/426/426 601/601/601 409/409/409
f 425/425/425 601/601/601 426/426/426
f 598/598/598 426/426/426 409/409/409
f 427/427/427 598/598/598 410/410/410
f 426/426/426 598/598/598 427/427/427
f 594/594/594 427/427/427 410/410/410
f 428/428/428 594/594/594 411/411/411
f 427/427/427 594/594/594 428/428/428
f 429/429/429 428/428/428 411/411/411 412/412/412
f 430/430/430 429/429/429 412/412/412 413/413/413
f 432/432/432 431/431/431 414/414/414 415/415/415
f 433/433/433 432/432/432 415/415/415 416/416/416
f 628/628/628 433/433/433 416/416/416
f 434/434/434 628/628/628 417/417/417
f 433/433/433 628/628/628 434/434/434
f 621/621/621 434/434/434 417/417/417
f 435/435/435 621/621/621 418/418/418
f 434/434/434 621/621/621 435/435/435
f 615/615/615 435/435/435 418/418/418
f 436/436/436 615/615/615 419/419/419
f 435/435/435 615/615/615 436/436/436
f 607/607/607 436/436/436 419/419/419
f 437/437/437 607/607/607 420/420/420
f 436/436/436 607/607/607 437/437/437
f 438/438/438 437/437/437 420/420/420 421/421/421
f 439/439/439 438/438/438 421/421/421 422/422/422
f 440/440/440 439/439/439 422/422/422 423/423/423
f 441/441/441 440/440/440 423/423/423 424/424/424
f 442/442/442 441/441/441 424/424/424 425/425/425
f 443/443/443 442/442/442 425/425/425 426/426/426
f 444/444/444 443/443/443 426/426/426 427/427/427
f 445/445/445 444/444/444 427/427/427 428/428/428
f 446/446/446 445/445/445 428/428/428 429/429/429
f 447/447/447 446/446/446 429/429/429 430/430/430
f 449/449/449 448/448/448 431/431/431 432/432/432
f 450/450/450 449/449/449 432/432/432 433/433/433
f 451/451/451 450/450/450 433/433/433 434/434/434
f 452/452/452 451/451/451 434/434/434 435/435/435
f 453/453/453 452/452/452 435/435/435 436/436/436
f 454/454/454 453/453/453 436/436/436 437/437/437
f 455/455/455 454/454/454 437/437/437 438/438/438
f 456/456/456 455/455/455 438/438/438 439/439/439
f 457/457/457 456/456/456 439/439/439 440/440/440
f 458/458/458 457/457/457 440/440/440 441/441/441
f 459/459/459 458/458/458 441/441/441 442/442/442
f 460/460/460 459/459/459 442/442/442 443/443/443
f 461/461/461 460/460/460 443/443/443 444/444/444
f 462/462/462 461/461/461 444/444/444 445/445/445
f 463/463/463 462/462/462 445/445/445 446/446/446
f 464/464/464 463/463/463 446/446/446 447/447/447
f 466/466/466 465/465/465 448/448/448 449/449/449
f 467/467/467 466/466/466 449/449/449 450/450/450
f 468/468/468 467/467/467 450/450/450 451/451/451
f 469/469/469 468/468/468 451/451/451 452/452/452
f 470/470/470 469/469/469 452/452/452 453/453/453
f 471/471/471 470/470/470 453/453/453 454/454/454
f 472/472/472 471/471/471 454/454/454 455/455/455
f 473/473/473 472/472/472 455/455/455 456/456/456
f 474/474/474 473/473/473 456/456/456 457/457/457
f 475/475/475 474/474/474 457/457/457 458/458/458
f 476/476/476 475/475/475 458/458/458 459/459/459
f 477/477/477 476/476/476 459/459/459 460/460/460
f 478/478/478 477/477/477 460/460/460 461/461/461
f 479/479/479 478/478/478 461/461/461 462/462/462
f 480/480/480 479/479/479 462/462/462 463/463/463
f 481/481/481 480/480/480 463/463/463 464/464/464
f 483/483/483 482/482/482 465/465/465 466/466/466
f 484/484/484 483/483/483 466/466/466 467/467/467
f 485/485/485 484/484/484 467/467/467 468/468/468
f 486/486/486 485/485/485 468/468/468 469/469/469
f 487/487/487 486/486/486 469/469/469 470/470/470
f 488/488/488 487/487/487 470/470/470 471/471/471
f 489/489/489 488/488/488 471/471/471 472/472/472
f 490/490/490 489/489/489 472/472/472 473/473/473
f 491/491/491 490/490/490 473/473/473 474/474/474
f 492/492/492 491/491/491 474/474/474 475/475/475
f 493/493/493 492/492/492 475/475/475 476/476/476
f 494/494/494 493/493/493 476/476/476 477/477/477
f 495/495/495 494/494/494 477/477/477 478/478/478
f 496/496/496 495/495/495 478/478/478 479/479/479
f 497/497/497 496/496/496 479/479/479 480/480/480
f 498/498/498 497/497/497 480/480/480 481/481/481
f 534/534/534 483/483/483 500/500/500
f 482/482/482 534/534/534 499/499/499
f 483/483/483 534/534/534 482/482/482
f 538/538/538 484/484/484 501/501/501
f 483/483/483 538/538/538 500/500/500
f 484/484/484 538/538/538 483/483/483
f 541/541/541 485/485/485 502/502/502
f 484/484/484 541/541/541 501/501/501
f 485/485/485 541/541/541 484/484/484
f 544/544/544 486/486/486 503/503/503
f 485/485/485 544/544/544 502/502/502
f 486/486/486 544/544/544 485/485/485
f 547/547/547 487/487/487 504/504/504
f 486/486/486 547/547/547 503/503/503
f 487/487/487 547/547/547 486/486/486
f 550/550/550 488/488/488 505/505/505
f 487/487/487 550/550/550 504/504/504
f 488/488/488 550/550/550 487/487/487
f 553/553/553 489/489/489 506/506/506
f 488/488/488 553/553/553 505/505/505
f 489/489/489 553/553/553 488/488/488
f 507/507/507 506/506/506 489/489/489 490/490/490
f 556/556/556 491/491/491 508/508/508
f 490/490/490 556/556/556 507/507/507
f 491/491/491 556/556/556 490/490/490
f 560/560/560 492/492/492 509/509/509
f 491/491/491 560/560/560 508/508/508
f 492/492/492 560/560/560 491/491/491
f 563/563/563 493/493/493 510/510/510
f 492/492/492 563/563/563 509/509/509
f 493/493/493 563/563/563 492/492/492
f 511/511/511 510/510/510 493/493/493 494/494/494
f 566/566/566 495/495/495 512/512/512
f 494/494/494 566/566/566 511/511/511
f 495/495/495 566/566/566 494/494/494
f 570/570/570 496/496/496 513/513/513
f 495/495/495 570/570/570 512/512/512
f 496/496/496 570/570/570 495/495/495
f 573/573/573 497/497/497 514/514/514
f 496/496/496 573/573/573 513/513/513
f 497/497/497 573/573/573 496/496/496
f 576/576/576 498/498/498 515/515/515
f 497/497/497 576/576/576 514/514/514
f 498/498/498 576/576/576 497/497/497
f 533/533/533 536/536/536 534/534/534 500/500/500
f 536/536/536 535/535/535 499/499/499 534/534/534
f 537/537/537 539/539/539 538/538/538 501/501/501
f 539/539/539 533/533/533 500/500/500 538/538/538
f 540/540/540 542/542/542 541/541/541 502/502/502
f 542/542/542 537/537/537 501/501/501 541/541/541
f 543/543/543 545/545/545 544/544/544 503/503/503
f 545/545/545 540/540/540 502/502/502 544/544/544
f 546/546/546 548/548/548 547/547/547 504/504/504
f 548/548/548 543/543/543 503/503/503 547/547/547
f 549/549/549 551/551/551 550/550/550 505/505/505
f 551/551/551 546/546/546 504/504/504 550/550/550
f 552/552/552 554/554/554 553/553/553 506/506/506
f 554/554/554 549/549/549 505/505/505 553/553/553
f 555/555/555 558/558/558 556/556/556 508/508/508
f 558/558/558 557/557/557 507/507/507 556/556/556
f 559/559/559 561/561/561 560/560/560 509/509/509
f 561/561/561 555/555/555 508/508/508 560/560/560
f 562/562/562 564/564/564 563/563/563 510/510/510
f 564/564/564 559/559/559 509/509/509 563/563/563
f 565/565/565 568/568/568 566/566/566 512/512/512
f 568/568/568 567/567/567 511/511/511 566/566/566
f 569/569/569 571/571/571 570/570/570 513/513/513
f 571/571/571 565/565/565 512/512/512 570/570/570
f 572/572/572 574/574/574 573/573/573 514/514/514
f 574/574/574 569/569/569 513/513/513 573/573/573
f 575/575/575 577/577/577 576/576/576 515/515/515
f 577/577/577 572/572/572 514/514/514 576/576/576
f 403/403/403 593/593/593 592/592/592
f 402/402/402 593/593/593 403/403/403
f 592/592/592 591/591/591 632/632/632
f 592/592/592 415/415/415 403/403/403
f 633/633/633 632/632/632 591/591/591
f 592/592/592 632/632/632 629/629/629
f 613/613/613 588/588/588 587/587/587
f 626/626/626 590/590/590 627/627/627
f 619/619/619 589/589/589 588/588/588
f 590/590/590 589/589/589 625/625/625
f 626/626/626 591/591/591 590/590/590
f 626/626/626 633/633/633 591/591/591
f 590/590/590 625/625/625 627/627/627
f 629/629/629 632/632/632 630/630/630
f 625/625/625 589/589/589 616/616/616 623/623/623
f 415/415/415 629/629/629 416/416/416
f 415/415/415 592/592/592 629/629/629
f 589/589/589 619/619/619 617/617/617 616/616/616
f 588/588/588 620/620/620 619/619/619
f 588/588/588 613/613/613 620/620/620
f 608/608/608 610/610/610 612/612/612
f 587/587/587 612/612/612 614/614/614
f 587/587/587 614/614/614 613/613/613
f 586/586/586 612/612/612 587/587/587
f 583/583/583 582/582/582 602/602/602
f 584/584/584 583/583/583 605/605/605
f 583/583/583 606/606/606 605/605/605
f 583/583/583 602/602/602 606/606/606
f 605/605/605 407/407/407 584/584/584
f 603/603/603 602/602/602 582/582/582
f 596/596/596 581/581/581 580/580/580
f 401/401/401 581/581/581 600/600/600
f 599/599/599 401/401/401 600/600/600
f 581/581/581 596/596/596 600/600/600
f 580/580/580 579/579/579 595/595/595
f 603/603/603 401/401/401 599/599/599
f 603/603/603 582/582/582 401/401/401
f 404/404/404 586/586/586 585/585/585
f 608/608/608 586/586/586 404/404/404
f 405/405/405 404/404/404 585/585/585
f 406/406/406 584/584/584 407/407/407
f 585/585/585 406/406/406 405/405/405
f 608/608/608 612/612/612 586/586/586
f 580/580/580 597/597/597 596/596/596
f 580/580/580 595/595/595 597/597/597
f 412/412/412 579/579/579 578/578/578
f 412/412/412 578/578/578 413/413/413
f 412/412/412 411/411/411 579/579/579
f 411/411/411 595/595/595 579/579/579
f 421/421/421 608/608/608 404/404/404
f 406/406/406 585/585/585 584/584/584
f 516/516/516 535/535/535 536/536/536
f 521/521/521 536/536/536 533/533/533
f 522/522/522 539/539/539 537/537/537
f 522/522/522 537/537/537 542/542/542
f 539/539/539 521/521/521 533/533/533
f 608/608/608 421/421/421 420/420/420
f 523/523/523 540/540/540 545/545/545
f 507/507/507 557/557/557 552/552/552 506/506/506
f 543/543/543 517/517/517 545/545/545
f 540/540/540 523/523/523 542/542/542
f 539/539/539 522/522/522 521/521/521
f 516/516/516 536/536/536 521/521/521
f 542/542/542 523/523/523 522/522/522
f 523/523/523 545/545/545 517/517/517
f 517/517/517 543/543/543 548/548/548 524/524/524
f 546/546/546 524/524/524 548/548/548
f 551/551/551 524/524/524 546/546/546
f 525/525/525 551/551/551 549/549/549
f 525/525/525 549/549/549 554/554/554 526/526/526
f 554/554/554 552/552/552 526/526/526
f 551/551/551 525/525/525 524/524/524
f 526/526/526 552/552/552 557/557/557 518/518/518
f 518/518/518 557/557/557 558/558/558
f 527/527/527 558/558/558 555/555/555
f 528/528/528 561/561/561 559/559/559
f 528/528/528 559/559/559 564/564/564
f 561/561/561 527/527/527 555/555/555
f 511/511/511 567/567/567 562/562/562 510/510/510
f 519/519/519 567/567/567 568/568/568
f 530/530/530 565/565/565 571/571/571
f 565/565/565 530/530/530 568/568/568
f 567/567/567 519/519/519 529/529/529 562/562/562
f 562/562/562 529/529/529 564/564/564
f 527/527/527 561/561/561 528/528/528
f 528/528/528 564/564/564 529/529/529
f 519/519/519 568/568/568 530/530/530
f 571/571/571 569/569/569 531/531/531
f 530/530/530 571/571/571 531/531/531
f 574/574/574 531/531/531 569/569/569
f 532/532/532 574/574/574 572/572/572
f 532/532/532 572/572/572 577/577/577 520/520/520
f 577/577/577 575/575/575 520/520/520
f 574/574/574 532/532/532 531/531/531
f 518/518/518 558/558/558 527/527/527
f 641/641/641 666/666/666 669/669/669 667/667/667
f 666/666/666 640/640/640 668/668/668 669/669/669
f 643/643/643 662/662/662 665/665/665 663/663/663
f 662/662/662 642/642/642 664/664/664 665/665/665
f 682/682/682 684/684/684 666/666/666 641/641/641
f 684/684/684 683/683/683 640/640/640 666/666/666
f 685/685/685 687/687/687 662/662/662 643/643/643
f 687/687/687 686/686/686 642/642/642 662/662/662
f 639/639/639 634/634/634 661/661/661
f 688/688/688 661/661/661 660/660/660
f 635/635/635 690/690/690 689/689/689 659/659/659
f 657/657/657 692/692/692 691/691/691 658/658/658
f 658/658/658 691/691/691 690/690/690 635/635/635
f 659/659/659 689/689/689 688/688/688 660/660/660
f 639/639/639 661/661/661 670/670/670
f 690/690/690 646/646/646 672/672/672 689/689/689
f 689/689/689 672/672/672 671/671/671 688/688/688
f 656/656/656 693/693/693 692/692/692 657/657/657
f 693/693/693 675/675/675 674/674/674 692/692/692
f 692/692/692 674/674/674 673/673/673 691/691/691
f 636/636/636 694/694/694 693/693/693 656/656/656
f 691/691/691 673/673/673 646/646/646 690/690/690
f 661/661/661 688/688/688 670/670/670
f 655/655/655 695/695/695 694/694/694 636/636/636
f 668/668/668 655/655/655 654/654/654
f 637/637/637 664/664/664 667/667/667 653/653/653
f 663/663/663 652/652/652 651/651/651
f 652/652/652 665/665/665 664/664/664 637/637/637
f 653/653/653 669/669/669 668/668/668 654/654/654
f 669/669/669 653/653/653 667/667/667
f 664/664/664 642/642/642 641/641/641 667/667/667
f 638/638/638 644/644/644 696/696/696 650/650/650
f 650/650/650 696/696/696 651/651/651
f 652/652/652 663/663/663 665/665/665
f 651/651/651 643/643/643 663/663/663
f 668/668/668 695/695/695 655/655/655
f 670/670/670 688/688/688 671/671/671
f 676/676/676 695/695/695 683/683/683
f 695/695/695 640/640/640 683/683/683
f 695/695/695 676/676/676 647/647/647 694/694/694
f 668/668/668 640/640/640 695/695/695
f 645/645/645 639/639/639 670/670/670
f 694/694/694 647/647/647 675/675/675 693/693/693
f 683/683/683 677/677/677 676/676/676
f 684/684/684 677/677/677 683/683/683
f 642/642/642 686/686/686 682/682/682 641/641/641
f 678/678/678 684/684/684 682/682/682
f 651/651/651 696/696/696 643/643/643
f 696/696/696 681/681/681 680/680/680 643/643/643
f 644/644/644 649/649/649 681/681/681 696/696/696
f 686/686/686 648/648/648 678/678/678 682/682/682
f 687/687/687 648/648/648 686/686/686
f 687/687/687 679/679/679 648/648/648
f 685/685/685 679/679/679 687/687/687
f 679/679/679 685/685/685 680/680/680
f 680/680/680 685/685/685 643/643/643
f 678/678/678 677/677/677 684/684/684
f 703/703/703 845/845/845 847/847/847 843/843/843
f 845/845/845 702/702/702 846/846/846 847/847/847
f 704/704/704 842/842/842 844/844/844 840/840/840
f 842/842/842 703/703/703 843/843/843 844/844/844
f 705/705/705 839/839/839 841/841/841 837/837/837
f 839/839/839 704/704/704 840/840/840 841/841/841
f 706/706/706 836/836/836 838/838/838 834/834/834
f 836/836/836 705/705/705 837/837/837 838/838/838
f 707/707/707 833/833/833 835/835/835 831/831/831
f 833/833/833 706/706/706 834/834/834 835/835/835
f 708/708/708 830/830/830 832/832/832 828/828/828
f 830/830/830 707/707/707 831/831/831 832/832/832
f 709/709/709 826/826/826 829/829/829 827/827/827
f 826/826/826 708/708/708 828/828/828 829/829/829
f 711/711/711 823/823/823 825/825/825 821/821/821
f 823/823/823 710/710/710 824/824/824 825/825/825
f 712/712/712 820/820/820 822/822/822 818/818/818
f 820/820/820 711/711/711 821/821/821 822/822/822
f 713/713/713 816/816/816 819/819/819 817/817/817
f 816/816/816 712/712/712 818/818/818 819/819/819
f 715/715/715 813/813/813 815/815/815 811/811/811
f 813/813/813 714/714/714 814/814/814 815/815/815
f 716/716/716 810/810/810 812/812/812 808/808/808
f 810/810/810 715/715/715 811/811/811 812/812/812
f 717/717/717 807/807/807 809/809/809 805/805/805
f 807/807/807 716/716/716 808/808/808 809/809/809
f 718/718/718 803/803/803 806/806/806 804/804/804
f 803/803/803 717/717/717 805/805/805 806/806/806
f 845/845/845 719/719/719 702/702/702
f 720/720/720 845/845/845 703/703/703
f 719/719/719 845/845/845 720/720/720
f 842/842/842 720/720/720 703/703/703
f 721/721/721 842/842/842 704/704/704
f 720/720/720 842/842/842 721/721/721
f 839/839/839 721/721/721 704/704/704
f 722/722/722 839/839/839 705/705/705
f 721/721/721 839/839/839 722/722/722
f 836/836/836 722/722/722 705/705/705
f 723/723/723 836/836/836 706/706/706
f 722/722/722 836/836/836 723/723/723
f 833/833/833 723/723/723 706/706/706
f 724/724/724 833/833/833 707/707/707
f 723/723/723 833/833/833 724/724/724
f 830/830/830 724/724/724 707/707/707
f 725/725/725 830/830/830 708/708/708
f 724/724/724 830/830/830 725/725/725
f 826/826/826 725/725/725 708/708/708
f 726/726/726 826/826/826 709/709/709
f 725/725/725 826/826/826 726/726/726
f 727/727/727 726/726/726 709/709/709 710/710/710
f 823/823/823 727/727/727 710/710/710
f 728/728/728 823/823/823 711/711/711
f 727/727/727 823/823/823 728/728/728
f 820/820/820 728/728/728 711/711/711
f 729/729/729 820/820/820 712/712/712
f 728/728/728 820/820/820 729/729/729
f 816/816/816 729/729/729 712/712/712
f 730/730/730 816/816/816 713/713/713
f 729/729/729 816/816/816 730/730/730
f 731/731/731 730/730/730 713/713/713 714/714/714
f 813/813/813 731/731/731 714/714/714
f 732/732/732 813/813/813 715/715/715
f 731/731/731 813/813/813 732/732/732
f 810/810/810 732/732/732 715/715/715
f 733/733/733 810/810/810 716/716/716
f 732/732/732 810/810/810 733/733/733
f 807/807/807 733/733/733 716/716/716
f 734/734/734 807/807/807 717/717/717
f 733/733/733 807/807/807 734/734/734
f 803/803/803 734/734/734 717/717/717
f 735/735/735 803/803/803 718/718/718
f 734/734/734 803/803/803 735/735/735
f 737/737/737 736/736/736 719/719/719 720/720/720
f 738/738/738 737/737/737 720/720/720 721/721/721
f 739/739/739 738/738/738 721/721/721 722/722/722
f 740/740/740 739/739/739 722/722/722 723/723/723
f 741/741/741 740/740/740 723/723/723 724/724/724
f 742/742/742 741/741/741 724/724/724 725/725/725
f 743/743/743 742/742/742 725/725/725 726/726/726
f 744/744/744 743/743/743 726/726/726 727/727/727
f 745/745/745 744/744/744 727/727/727 728/728/728
f 746/746/746 745/745/745 728/728/728 729/729/729
f 747/747/747 746/746/746 729/729/729 730/730/730
f 748/748/748 747/747/747 730/730/730 731/731/731
f 749/749/749 748/748/748 731/731/731 732/732/732
f 750/750/750 749/749/749 732/732/732 733/733/733
f 751/751/751 750/750/750 733/733/733 734/734/734
f 752/752/752 751/751/751 734/734/734 735/735/735
f 754/754/754 753/753/753 736/736/736 737/737/737
f 755/755/755 754/754/754 737/737/737 738/738/738
f 756/756/756 755/755/755 738/738/738 739/739/739
f 757/757/757 756/756/756 739/739/739 740/740/740
f 758/758/758 757/757/757 740/740/740 741/741/741
f 759/759/759 758/758/758 741/741/741 742/742/742
f 760/760/760 759/759/759 742/742/742 743/743/743
f 761/761/761 760/760/760 743/743/743 744/744/744
f 762/762/762 761/761/761 744/744/744 745/745/745
f 763/763/763 762/762/762 745/745/745 746/746/746
f 764/764/764 763/763/763 746/746/746 747/747/747
f 765/765/765 764/764/764 747/747/747 748/748/748
f 766/766/766 765/765/765 748/748/748 749/749/749
f 767/767/767 766/766/766 749/749/749 750/750/750
f 768/768/768 767/767/767 750/750/750 751/751/751
f 769/769/769 768/768/768 751/751/751 752/752/752
f 853/853/853 754/754/754 771/771/771
f 753/753/753 853/853/853 770/770/770
f 754/754/754 853/853/853 753/753/753
f 857/857/857 755/755/755 772/772/772
f 754/754/754 857/857/857 771/771/771
f 755/755/755 857/857/857 754/754/754
f 860/860/860 756/756/756 773/773/773
f 755/755/755 860/860/860 772/772/772
f 756/756/756 860/860/860 755/755/755
f 863/863/863 757/757/757 774/774/774
f 756/756/756 863/863/863 773/773/773
f 757/757/757 863/863/863 756/756/756
f 888/888/888 758/758/758 775/775/775
f 757/757/757 888/888/888 774/774/774
f 758/758/758 888/888/888 757/757/757
f 891/891/891 759/759/759 776/776/776
f 758/758/758 891/891/891 775/775/775
f 759/759/759 891/891/891 758/758/758
f 894/894/894 760/760/760 777/777/777
f 759/759/759 894/894/894 776/776/776
f 760/760/760 894/894/894 759/759/759
f 778/778/778 777/777/777 760/760/760 761/761/761
f 897/897/897 762/762/762 779/779/779
f 761/761/761 897/897/897 778/778/778
f 762/762/762 897/897/897 761/761/761
f 901/901/901 763/763/763 780/780/780
f 762/762/762 901/901/901 779/779/779
f 763/763/763 901/901/901 762/762/762
f 904/904/904 764/764/764 781/781/781
f 763/763/763 904/904/904 780/780/780
f 764/764/764 904/904/904 763/763/763
f 906/906/906 765/765/765 782/782/782
f 764/764/764 906/906/906 781/781/781
f 765/765/765 906/906/906 764/764/764
f 869/869/869 766/766/766 783/783/783
f 765/765/765 869/869/869 782/782/782
f 766/766/766 869/869/869 765/765/765
f 873/873/873 767/767/767 784/784/784
f 766/766/766 873/873/873 783/783/783
f 767/767/767 873/873/873 766/766/766
f 876/876/876 768/768/768 785/785/785
f 767/767/767 876/876/876 784/784/784
f 768/768/768 876/876/876 767/767/767
f 879/879/879 769/769/769 786/786/786
f 768/768/768 879/879/879 785/785/785
f 769/769/769 879/879/879 768/768/768
f 852/852/852 855/855/855 853/853/853 771/771/771
f 855/855/855 854/854/854 770/770/770 853/853/853
f 856/856/856 858/858/858 857/857/857 772/772/772
f 858/858/858 852/852/852 771/771/771 857/857/857
f 859/859/859 861/861/861 860/860/860 773/773/773
f 861/861/861 856/856/856 772/772/772 860/860/860
f 862/862/862 864/864/864 863/863/863 774/774/774
f 864/864/864 859/859/859 773/773/773 863/863/863
f 887/887/887 889/889/889 888/888/888 775/775/775
f 889/889/889 862/862/862 774/774/774 888/888/888
f 890/890/890 892/892/892 891/891/891 776/776/776
f 892/892/892 887/887/887 775/775/775 891/891/891
f 893/893/893 895/895/895 894/894/894 777/777/777
f 895/895/895 890/890/890 776/776/776 894/894/894
f 896/896/896 899/899/899 897/897/897 779/779/779
f 899/899/899 898/898/898 778/778/778 897/897/897
f 900/900/900 902/902/902 901/901/901 780/780/780
f 902/902/902 896/896/896 779/779/779 901/901/901
f 903/903/903 905/905/905 904/904/904 781/781/781
f 905/905/905 900/900/900 780/780/780 904/904/904
f 870/870/870 907/907/907 906/906/906 782/782/782
f 907/907/907 903/903/903 781/781/781 906/906/906
f 868/868/868 871/871/871 869/869/869 783/783/783
f 871/871/871 870/870/870 782/782/782 869/869/869
f 872/872/872 874/874/874 873/873/873 784/784/784
f 874/874/874 868/868/868 783/783/783 873/873/873
f 875/875/875 877/877/877 876/876/876 785/785/785
f 877/877/877 872/872/872 784/784/784 876/876/876
f 878/878/878 880/880/880 879/879/879 786/786/786
f 880/880/880 875/875/875 785/785/785 879/879/879
f 802/802/802 847/847/847 846/846/846 697/697/697
f 801/801/801 844/844/844 843/843/843 802/802/802
f 802/802/802 843/843/843 847/847/847
f 800/800/800 841/841/841 840/840/840 801/801/801
f 698/698/698 838/838/838 837/837/837 800/800/800
f 799/799/799 835/835/835 834/834/834 698/698/698
f 797/797/797 829/829/829 828/828/828 798/798/798
f 699/699/699 824/824/824 827/827/827 797/797/797
f 798/798/798 832/832/832 831/831/831 799/799/799
f 801/801/801 840/840/840 844/844/844
f 698/698/698 834/834/834 838/838/838
f 800/800/800 837/837/837 841/841/841
f 799/799/799 831/831/831 835/835/835
f 797/797/797 827/827/827 829/829/829
f 798/798/798 828/828/828 832/832/832
f 709/709/709 827/827/827 824/824/824 710/710/710
f 795/795/795 822/822/822 821/821/821 796/796/796
f 824/824/824 699/699/699 825/825/825
f 825/825/825 699/699/699 796/796/796
f 796/796/796 821/821/821 825/825/825
f 818/818/818 822/822/822 795/795/795
f 700/700/700 814/814/814 817/817/817 794/794/794
f 793/793/793 815/815/815 814/814/814 700/700/700
f 791/791/791 809/809/809 808/808/808 792/792/792
f 792/792/792 812/812/812 811/811/811 793/793/793
f 701/701/701 806/806/806 805/805/805 791/791/791
f 795/795/795 819/819/819 818/818/818
f 795/795/795 794/794/794 819/819/819
f 794/794/794 817/817/817 819/819/819
f 814/814/814 714/714/714 713/713/713 817/817/817
f 792/792/792 808/808/808 812/812/812
f 791/791/791 805/805/805 809/809/809
f 701/701/701 804/804/804 806/806/806
f 793/793/793 811/811/811 815/815/815
f 787/787/787 854/854/854 855/855/855
f 848/848/848 855/855/855 852/852/852
f 849/849/849 858/858/858 856/856/856
f 849/849/849 856/856/856 861/861/861
f 858/858/858 848/848/848 852/852/852
f 778/778/778 898/898/898 893/893/893 777/777/777
f 851/851/851 864/864/864 862/862/862
f 881/881/881 889/889/889 887/887/887
f 889/889/889 851/851/851 862/862/862
f 864/864/864 850/850/850 859/859/859
f 859/859/859 850/850/850 861/861/861
f 848/848/848 858/858/858 849/849/849
f 849/849/849 861/861/861 850/850/850
f 851/851/851 889/889/889 881/881/881
f 887/887/887 892/892/892 881/881/881
f 850/850/850 864/864/864 851/851/851
f 882/882/882 892/892/892 890/890/890
f 882/882/882 890/890/890 895/895/895
f 895/895/895 893/893/893 883/883/883
f 898/898/898 788/788/788 883/883/883 893/893/893
f 882/882/882 895/895/895 883/883/883
f 882/882/882 881/881/881 892/892/892
f 787/787/787 855/855/855 848/848/848
f 884/884/884 899/899/899 896/896/896
f 884/884/884 896/896/896 902/902/902
f 885/885/885 900/900/900 905/905/905
f 886/886/886 905/905/905 903/903/903
f 900/900/900 885/885/885 902/902/902
f 789/789/789 907/907/907 870/870/870
f 865/865/865 871/871/871 868/868/868
f 866/866/866 874/874/874 872/872/872
f 874/874/874 865/865/865 868/868/868
f 871/871/871 789/789/789 870/870/870
f 907/907/907 886/886/886 903/903/903
f 884/884/884 902/902/902 885/885/885
f 885/885/885 905/905/905 886/886/886
f 789/789/789 871/871/871 865/865/865
f 865/865/865 874/874/874 866/866/866
f 886/886/886 907/907/907 789/789/789
f 867/867/867 877/877/877 875/875/875
f 867/867/867 875/875/875 880/880/880
f 867/867/867 880/880/880 790/790/790
f 790/790/790 880/880/880 878/878/878
f 866/866/866 872/872/872 877/877/877 867/867/867
f 788/788/788 898/898/898 899/899/899 884/884/884
f 1042/1042/1042 976/976/976 967/967/967
f 974/974/974 1042/1042/1042 912/912/912
f 976/976/976 1042/1042/1042 974/974/974
f 972/972/972 975/975/975 909/909/909
f 976/976/976 972/972/972 967/967/967
f 975/975/975 972/972/972 976/976/976
f 1030/1030/1030 1034/1034/1034 968/968/968
f 1035/1035/1035 1030/1030/1030 1002/1002/1002
f 1034/1034/1034 1030/1030/1030 1035/1035/1035
f 1033/1033/1033 966/966/966 1034/1034/1034 1035/1035/1035
f 1004/1004/1004 1026/1026/1026 1029/1029/1029 1027/1027/1027
f 1002/1002/1002 1030/1030/1030 1032/1032/1032 1031/1031/1031
f 1031/1031/1031 1032/1032/1032 1026/1026/1026 1004/1004/1004
f 968/968/968 1032/1032/1032 1030/1030/1030
f 1040/1040/1040 1039/1039/1039 970/970/970
f 1044/1044/1044 909/909/909 971/971/971
f 972/972/972 1044/1044/1044 973/973/973
f 909/909/909 1044/1044/1044 972/972/972
f 1040/1040/1040 972/972/972 973/973/973
f 967/967/967 1040/1040/1040 970/970/970
f 972/972/972 1040/1040/1040 967/967/967
f 966/966/966 1041/1041/1041 1043/1043/1043 1034/1034/1034
f 1039/1039/1039 1043/1043/1043 970/970/970
f 1034/1034/1034 1039/1039/1039 968/968/968
f 1043/1043/1043 1039/1039/1039 1034/1034/1034
f 1043/1043/1043 1042/1042/1042 967/967/967 970/970/970
f 1041/1041/1041 912/912/912 1042/1042/1042 1043/1043/1043
f 1041/1041/1041 1037/1037/1037 912/912/912
f 1038/1038/1038 1041/1041/1041 966/966/966
f 1037/1037/1037 1041/1041/1041 1038/1038/1038
f 1036/1036/1036 915/915/915 1037/1037/1037 1038/1038/1038
f 918/918/918 1008/1008/1008 1016/1016/1016 1014/1014/1014
f 1014/1014/1014 1016/1016/1016 1015/1015/1015 915/915/915
f 920/920/920 1006/1006/1006 1009/1009/1009 1007/1007/1007
f 1011/1011/1011 1007/1007/1007 1009/1009/1009
f 918/918/918 1011/1011/1011 1008/1008/1008
f 1007/1007/1007 1011/1011/1011 918/918/918
f 1009/1009/1009 1010/1010/1010 1013/1013/1013 1011/1011/1011
f 1011/1011/1011 1013/1013/1013 1012/1012/1012 1008/1008/1008
f 922/922/922 1056/1056/1056 1058/1058/1058 1057/1057/1057
f 1057/1057/1057 1058/1058/1058 1006/1006/1006 920/920/920
f 936/936/936 1049/1049/1049 1066/1066/1066 1064/1064/1064
f 1064/1064/1064 1066/1066/1066 1065/1065/1065 933/933/933
f 938/938/938 1047/1047/1047 1050/1050/1050 1048/1048/1048
f 1061/1061/1061 1048/1048/1048 1050/1050/1050
f 936/936/936 1061/1061/1061 1049/1049/1049
f 1048/1048/1048 1061/1061/1061 936/936/936
f 1050/1050/1050 1060/1060/1060 1063/1063/1063 1061/1061/1061
f 1061/1061/1061 1063/1063/1063 1062/1062/1062 1049/1049/1049
f 940/940/940 1051/1051/1051 1053/1053/1053 1052/1052/1052
f 1052/1052/1052 1053/1053/1053 1047/1047/1047 938/938/938
f 988/988/988 987/987/987 943/943/943 986/986/986
f 983/983/983 988/988/988 956/956/956
f 987/987/987 983/983/983 946/946/946
f 988/988/988 983/983/983 987/987/987
f 961/961/961 965/965/965 957/957/957
f 963/963/963 961/961/961 949/949/949
f 965/965/965 961/961/961 963/963/963
f 984/984/984 964/964/964 946/946/946
f 965/965/965 984/984/984 957/957/957
f 964/964/964 984/984/984 965/965/965
f 979/979/979 993/993/993 996/996/996 994/994/994
f 994/994/994 996/996/996 995/995/995 978/978/978
f 996/996/996 958/958/958 995/995/995
f 977/977/977 999/999/999 1001/1001/1001 1000/1000/1000
f 1000/1000/1000 1001/1001/1001 993/993/993 979/979/979
f 998/998/998 982/982/982 956/956/956 997/997/997
f 995/995/995 998/998/998 978/978/978
f 982/982/982 995/995/995 958/958/958
f 998/998/998 995/995/995 982/982/982
f 980/980/980 982/982/982 958/958/958
f 985/985/985 980/980/980 960/960/960
f 982/982/982 980/980/980 985/985/985
f 982/982/982 985/985/985 983/983/983 956/956/956
f 985/985/985 984/984/984 946/946/946 983/983/983
f 960/960/960 957/957/957 984/984/984 985/985/985
f 980/980/980 981/981/981 960/960/960
f 981/981/981 957/957/957 960/960/960
f 961/961/961 981/981/981 962/962/962
f 957/957/957 981/981/981 961/961/961
f 969/969/969 961/961/961 962/962/962
f 949/949/949 969/969/969 959/959/959
f 961/961/961 969/969/969 949/949/949
f 976/976/976 911/911/911 908/908/908
f 908/908/908 975/975/975 976/976/976
f 976/976/976 974/974/974 911/911/911
f 914/914/914 1015/1015/1015 1016/1016/1016 917/917/917
f 917/917/917 1016/1016/1016 1012/1012/1012
f 914/914/914 911/911/911 974/974/974 1015/1015/1015
f 917/917/917 1012/1012/1012 1013/1013/1013 1005/1005/1005
f 912/912/912 1037/1037/1037 974/974/974
f 1037/1037/1037 915/915/915 1015/1015/1015
f 1037/1037/1037 1015/1015/1015 974/974/974
f 1012/1012/1012 1016/1016/1016 1008/1008/1008
f 1014/1014/1014 915/915/915 1036/1036/1036
f 1014/1014/1014 919/919/919 918/918/918
f 1010/1010/1010 1005/1005/1005 1013/1013/1013
f 1010/1010/1010 1009/1009/1009 1006/1006/1006
f 1010/1010/1010 1054/1054/1054 1005/1005/1005
f 1054/1054/1054 1010/1010/1010 1006/1006/1006
f 924/924/924 1055/1055/1055 1056/1056/1056
f 926/926/926 924/924/924 1067/1067/1067
f 1054/1054/1054 1006/1006/1006 1058/1058/1058 1055/1055/1055
f 928/928/928 926/926/926 1067/1067/1067 1068/1068/1068
f 1007/1007/1007 918/918/918 919/919/919
f 922/922/922 1057/1057/1057 923/923/923
f 924/924/924 1056/1056/1056 922/922/922
f 1067/1067/1067 924/924/924 922/922/922
f 922/922/922 923/923/923 925/925/925 1067/1067/1067
f 1057/1057/1057 920/920/920 921/921/921
f 1056/1056/1056 1055/1055/1055 1058/1058/1058
f 920/920/920 1007/1007/1007 921/921/921
f 1068/1068/1068 1069/1069/1069 930/930/930 928/928/928
f 927/927/927 929/929/929 1068/1068/1068 1067/1067/1067
f 1024/1024/1024 973/973/973 1044/1044/1044
f 1044/1044/1044 1025/1025/1025 1024/1024/1024
f 1024/1024/1024 1023/1023/1023 973/973/973
f 971/971/971 1025/1025/1025 1044/1044/1044
f 1023/1023/1023 1022/1022/1022 1040/1040/1040
f 968/968/968 1021/1021/1021 1020/1020/1020
f 1032/1032/1032 1019/1019/1019 1026/1026/1026
f 1021/1021/1021 1039/1039/1039 1022/1022/1022
f 1040/1040/1040 973/973/973 1023/1023/1023
f 1029/1029/1029 1017/1017/1017 1028/1028/1028
f 1027/1027/1027 1003/1003/1003 910/910/910
f 1003/1003/1003 1027/1027/1027 1029/1029/1029 1028/1028/1028
f 1026/1026/1026 1018/1018/1018 1029/1029/1029
f 1017/1017/1017 1029/1029/1029 1018/1018/1018
f 910/910/910 1004/1004/1004 1027/1027/1027
f 1026/1026/1026 1019/1019/1019 1018/1018/1018
f 1031/1031/1031 1004/1004/1004 910/910/910
f 1020/1020/1020 1019/1019/1019 1032/1032/1032
f 1039/1039/1039 1021/1021/1021 968/968/968
f 1032/1032/1032 968/968/968 1020/1020/1020
f 1040/1040/1040 1022/1022/1022 1039/1039/1039
f 966/966/966 1033/1033/1033 1038/1038/1038
f 1036/1036/1036 1038/1038/1038 916/916/916
f 910/910/910 913/913/913 1002/1002/1002
f 913/913/913 1033/1033/1033 1035/1035/1035
f 1038/1038/1038 1033/1033/1033 913/913/913
f 1038/1038/1038 913/913/913 916/916/916
f 1002/1002/1002 913/913/913 1035/1035/1035
f 919/919/919 1036/1036/1036 916/916/916
f 919/919/919 921/921/921 1007/1007/1007
f 921/921/921 923/923/923 1057/1057/1057
f 1036/1036/1036 919/919/919 1014/1014/1014
f 1067/1067/1067 925/925/925 927/927/927
f 1031/1031/1031 910/910/910 1002/1002/1002
f 932/932/932 930/930/930 1065/1065/1065
f 1066/1066/1066 935/935/935 932/932/932
f 935/935/935 1062/1062/1062 1063/1063/1063 1059/1059/1059
f 935/935/935 1066/1066/1066 1062/1062/1062
f 1060/1060/1060 1045/1045/1045 1059/1059/1059
f 1059/1059/1059 1063/1063/1063 1060/1060/1060
f 1050/1050/1050 1047/1047/1047 1060/1060/1060
f 932/932/932 1065/1065/1065 1066/1066/1066
f 933/933/933 1069/1069/1069 931/931/931 934/934/934
f 1065/1065/1065 1069/1069/1069 933/933/933
f 930/930/930 1069/1069/1069 1065/1065/1065
f 936/936/936 1064/1064/1064 937/937/937
f 1048/1048/1048 936/936/936 937/937/937
f 1049/1049/1049 1062/1062/1062 1066/1066/1066
f 1064/1064/1064 933/933/933 934/934/934
f 1045/1045/1045 1060/1060/1060 1047/1047/1047
f 929/929/929 931/931/931 1069/1069/1069 1068/1068/1068
f 1047/1047/1047 1053/1053/1053 1045/1045/1045
f 1046/1046/1046 1045/1045/1045 1053/1053/1053
f 1046/1046/1046 1053/1053/1053 1051/1051/1051
f 1051/1051/1051 942/942/942 1046/1046/1046
f 964/964/964 945/945/945 942/942/942
f 964/964/964 965/965/965 945/945/945
f 948/948/948 945/945/945 965/965/965
f 963/963/963 948/948/948 965/965/965
f 943/943/943 942/942/942 1051/1051/1051
f 964/964/964 942/942/942 987/987/987
f 1052/1052/1052 938/938/938 939/939/939
f 943/943/943 940/940/940 986/986/986
f 943/943/943 1051/1051/1051 940/940/940
f 940/940/940 1052/1052/1052 941/941/941
f 987/987/987 946/946/946 964/964/964
f 942/942/942 943/943/943 987/987/987
f 953/953/953 962/962/962 981/981/981
f 939/939/939 938/938/938 1048/1048/1048
f 988/988/988 986/986/986 944/944/944
f 988/988/988 997/997/997 956/956/956
f 997/997/997 988/988/988 947/947/947
f 989/989/989 958/958/958 996/996/996
f 947/947/947 978/978/978 998/998/998
f 955/955/955 980/980/980 958/958/958
f 947/947/947 998/998/998 997/997/997
f 934/934/934 937/937/937 1064/1064/1064
f 1052/1052/1052 939/939/939 941/941/941
f 939/939/939 1048/1048/1048 937/937/937
f 944/944/944 986/986/986 941/941/941
f 947/947/947 988/988/988 944/944/944
f 950/950/950 994/994/994 978/978/978
f 950/950/950 978/978/978 947/947/947
f 941/941/941 986/986/986 940/940/940
f 980/980/980 955/955/955 954/954/954
f 996/996/996 993/993/993 990/990/990
f 958/958/958 989/989/989 955/955/955
f 951/951/951 959/959/959 969/969/969
f 952/952/952 962/962/962 953/953/953
f 969/969/969 952/952/952 951/951/951
f 953/953/953 981/981/981 954/954/954
f 954/954/954 981/981/981 980/980/980
f 1001/1001/1001 991/991/991 993/993/993
f 990/990/990 993/993/993 991/991/991
f 1001/1001/1001 992/992/992 991/991/991
f 950/950/950 977/977/977 1000/1000/1000
f 979/979/979 950/950/950 1000/1000/1000
f 992/992/992 1001/1001/1001 999/999/999
f 994/994/994 950/950/950 979/979/979
f 990/990/990 989/989/989 996/996/996
f 962/962/962 952/952/952 969/969/969
f 1077/1077/1077 1088/1088/1088 1087/1087/1087
f 1077/1077/1077 1087/1087/1087 1078/1078/1078
f 1086/1086/1086 1078/1078/1078 1087/1087/1087
f 1077/1077/1077 1076/1076/1076 1088/1088/1088
f 1075/1075/1075 1090/1090/1090 1089/1089/1089
f 1089/1089/1089 1076/1076/1076 1075/1075/1075
f 1088/1088/1088 1076/1076/1076 1089/1089/1089
f 1101/1101/1101 1079/1079/1079 1078/1078/1078
f 1079/1079/1079 1101/1101/1101 1100/1100/1100
f 1100/1100/1100 1080/1080/1080 1079/1079/1079
f 1086/1086/1086 1101/1101/1101 1078/1078/1078
f 1099/1099/1099 1081/1081/1081 1080/1080/1080
f 1081/1081/1081 1099/1099/1099 1098/1098/1098
f 1082/1082/1082 1081/1081/1081 1098/1098/1098
f 1100/1100/1100 1099/1099/1099 1080/1080/1080
f 1090/1090/1090 1075/1075/1075 1074/1074/1074
f 1074/1074/1074 1073/1073/1073 1090/1090/1090
f 1091/1091/1091 1090/1090/1090 1073/1073/1073
f 1091/1091/1091 1073/1073/1073 1072/1072/1072
f 1072/1072/1072 1092/1092/1092 1091/1091/1091
f 1071/1071/1071 1093/1093/1093 1092/1092/1092
f 1094/1094/1094 1093/1093/1093 1070/1070/1070
f 1071/1071/1071 1070/1070/1070 1093/1093/1093
f 1072/1072/1072 1071/1071/1071 1092/1092/1092
f 1097/1097/1097 1084/1084/1084 1083/1083/1083
f 1082/1082/1082 1098/1098/1098 1083/1083/1083
f 1097/1097/1097 1083/1083/1083 1098/1098/1098
f 1097/1097/1097 1096/1096/1096 1084/1084/1084
f 1095/1095/1095 1070/1070/1070 1085/1085/1085
f 1085/1085/1085 1096/1096/1096 1095/1095/1095
f 1095/1095/1095 1094/1094/1094 1070/1070/1070
f 1084/1084/1084 1096/1096/1096 1085/1085/1085
f 1115/1115/1115 1110/1110/1110 1109/1109/1109 1114/1114/1114
f 1110/1110/1110 1112/1112/1112 1111/1111/1111 1109/1109/1109
f 1104/1104/1104 1102/1102/1102 1103/1103/1103 1105/1105/1105
f 1106/1106/1106 1104/1104/1104 1111/1111/1111
f 1111/1111/1111 1104/1104/1104 1109/1109/1109
f 1105/1105/1105 1114/1114/1114 1109/1109/1109
f 1105/1105/1105 1109/1109/1109 1104/1104/1104
f 1107/1107/1107 1114/1114/1114 1105/1105/1105
f 1108/1108/1108 1106/1106/1106 1112/1112/1112
f 1111/1111/1111 1112/1112/1112 1106/1106/1106
f 1108/1108/1108 1112/1112/1112 1110/1110/1110 1116/1116/1116
f 1115/1115/1115 1116/1116/1116 1110/1110/1110
f 1115/1115/1115 1107/1107/1107 1113/1113/1113
f 1115/1115/1115 1113/1113/1113 1116/1116/1116
f 1114/1114/1114 1107/1107/1107 1115/1115/1115
f 1129/1129/1129 1124/1124/1124 1126/1126/1126 1130/1130/1130
f 1124/1124/1124 1125/1125/1125 1127/1127/1127 1126/1126/1126
f 1123/1123/1123 1127/1127/1127 1117/1117/1117
f 1125/1125/1125 1117/1117/1117 1127/1127/1127
f 1131/1131/1131 1126/1126/1126 1127/1127/1127 1123/1123/1123
f 1128/1128/1128 1130/1130/1130 1126/1126/1126 1131/1131/1131
f 1118/1118/1118 1130/1130/1130 1128/1128/1128
f 1119/1119/1119 1125/1125/1125 1124/1124/1124
f 1120/1120/1120 1119/1119/1119 1124/1124/1124
f 1119/1119/1119 1117/1117/1117 1125/1125/1125
f 1121/1121/1121 1119/1119/1119 1120/1120/1120 1122/1122/1122
f 1120/1120/1120 1129/1129/1129 1130/1130/1130 1118/1118/1118
f 1124/1124/1124 1129/1129/1129 1120/1120/1120
f 1133/1133/1133 1135/1135/1135 1134/1134/1134 1132/1132/1132
f 1136/1136/1136 1134/1134/1134 1135/1135/1135 1137/1137/1137
f 1139/1139/1139 1141/1141/1141 1140/1140/1140 1138/1138/1138
f 1204/1204/1204 1195/1195/1195 1168/1168/1168 1203/1203/1203
f 1201/1201/1201 1204/1204/1204 1165/1165/1165
f 1195/1195/1195 1201/1201/1201 1164/1164/1164
f 1204/1204/1204 1201/1201/1201 1195/1195/1195
f 1192/1192/1192 1195/1195/1195 1164/1164/1164
f 1197/1197/1197 1192/1192/1192 1180/1180/1180
f 1195/1195/1195 1192/1192/1192 1197/1197/1197
f 1195/1195/1195 1197/1197/1197 1196/1196/1196 1168/1168/1168
f 1170/1170/1170 1171/1171/1171 1174/1174/1174 1172/1172/1172
f 1176/1176/1176 1169/1169/1169 1173/1173/1173
f 1171/1171/1171 1176/1176/1176 1174/1174/1174
f 1169/1169/1169 1176/1176/1176 1171/1171/1171
f 1167/1167/1167 1178/1178/1178 1202/1202/1202 1200/1200/1200
f 1200/1200/1200 1202/1202/1202 1201/1201/1201 1165/1165/1165
f 1202/1202/1202 1191/1191/1191 1164/1164/1164 1201/1201/1201
f 1199/1199/1199 1202/1202/1202 1178/1178/1178
f 1191/1191/1191 1199/1199/1199 1166/1166/1166
f 1202/1202/1202 1199/1199/1199 1191/1191/1191
f 1198/1198/1198 1177/1177/1177 1179/1179/1179
f 1167/1167/1167 1198/1198/1198 1178/1178/1178
f 1177/1177/1177 1198/1198/1198 1167/1167/1167
f 1190/1190/1190 1181/1181/1181 1186/1186/1186
f 1187/1187/1187 1190/1190/1190 1188/1188/1188
f 1181/1181/1181 1190/1190/1190 1187/1187/1187
f 1189/1189/1189 1191/1191/1191 1166/1166/1166
f 1194/1194/1194 1189/1189/1189 1186/1186/1186
f 1191/1191/1191 1189/1189/1189 1194/1194/1194
f 1191/1191/1191 1194/1194/1194 1192/1192/1192 1164/1164/1164
f 1194/1194/1194 1193/1193/1193 1180/1180/1180 1192/1192/1192
f 1186/1186/1186 1181/1181/1181 1193/1193/1193 1194/1194/1194
f 1185/1185/1185 1182/1182/1182 1184/1184/1184
f 1169/1169/1169 1185/1185/1185 1173/1173/1173
f 1182/1182/1182 1185/1185/1185 1169/1169/1169
f 1182/1182/1182 1175/1175/1175 1183/1183/1183 1184/1184/1184
f 1196/1196/1196 1144/1144/1144 1142/1142/1142
f 1197/1197/1197 1144/1144/1144 1196/1196/1196
f 1168/1168/1168 1196/1196/1196 1142/1142/1142
f 1144/1144/1144 1180/1180/1180 1193/1193/1193
f 1180/1180/1180 1144/1144/1144 1197/1197/1197
f 1193/1193/1193 1181/1181/1181 1144/1144/1144
f 1143/1143/1143 1168/1168/1168 1142/1142/1142
f 1189/1189/1189 1190/1190/1190 1186/1186/1186
f 1189/1189/1189 1166/1166/1166 1159/1159/1159
f 1189/1189/1189 1159/1159/1159 1158/1158/1158
f 1158/1158/1158 1190/1190/1190 1189/1189/1189
f 1181/1181/1181 1187/1187/1187 1144/1144/1144
f 1159/1159/1159 1166/1166/1166 1160/1160/1160
f 1145/1145/1145 1204/1204/1204 1203/1203/1203
f 1143/1143/1143 1145/1145/1145 1203/1203/1203
f 1165/1165/1165 1204/1204/1204 1145/1145/1145
f 1167/1167/1167 1200/1200/1200 1145/1145/1145
f 1165/1165/1165 1145/1145/1145 1200/1200/1200
f 1168/1168/1168 1143/1143/1143 1203/1203/1203
f 1162/1162/1162 1161/1161/1161 1199/1199/1199
f 1166/1166/1166 1199/1199/1199 1161/1161/1161
f 1198/1198/1198 1162/1162/1162 1199/1199/1199
f 1199/1199/1199 1178/1178/1178 1198/1198/1198
f 1198/1198/1198 1163/1163/1163 1162/1162/1162
f 1163/1163/1163 1198/1198/1198 1179/1179/1179
f 1161/1161/1161 1160/1160/1160 1166/1166/1166
f 1177/1177/1177 1167/1167/1167 1145/1145/1145
f 1157/1157/1157 1190/1190/1190 1158/1158/1158
f 1188/1188/1188 1156/1156/1156 1187/1187/1187
f 1183/1183/1183 1156/1156/1156 1155/1155/1155
f 1157/1157/1157 1156/1156/1156 1188/1188/1188
f 1190/1190/1190 1157/1157/1157 1188/1188/1188
f 1185/1185/1185 1154/1154/1154 1153/1153/1153
f 1154/1154/1154 1184/1184/1184 1155/1155/1155
f 1183/1183/1183 1187/1187/1187 1156/1156/1156
f 1175/1175/1175 1146/1146/1146 1183/1183/1183
f 1187/1187/1187 1183/1183/1183 1146/1146/1146
f 1182/1182/1182 1146/1146/1146 1175/1175/1175
f 1173/1173/1173 1153/1153/1153 1152/1152/1152
f 1185/1185/1185 1184/1184/1184 1154/1154/1154
f 1185/1185/1185 1153/1153/1153 1173/1173/1173
f 1182/1182/1182 1169/1169/1169 1146/1146/1146
f 1183/1183/1183 1155/1155/1155 1184/1184/1184
f 1146/1146/1146 1144/1144/1144 1187/1187/1187
f 1151/1151/1151 1150/1150/1150 1176/1176/1176
f 1173/1173/1173 1151/1151/1151 1176/1176/1176
f 1148/1148/1148 1179/1179/1179 1177/1177/1177
f 1172/1172/1172 1148/1148/1148 1177/1177/1177
f 1179/1179/1179 1148/1148/1148 1163/1163/1163
f 1149/1149/1149 1148/1148/1148 1172/1172/1172
f 1149/1149/1149 1174/1174/1174 1150/1150/1150
f 1173/1173/1173 1152/1152/1152 1151/1151/1151
f 1150/1150/1150 1174/1174/1174 1176/1176/1176
f 1172/1172/1172 1147/1147/1147 1170/1170/1170
f 1171/1171/1171 1170/1170/1170 1147/1147/1147
f 1147/1147/1147 1169/1169/1169 1171/1171/1171
f 1177/1177/1177 1147/1147/1147 1172/1172/1172
f 1147/1147/1147 1146/1146/1146 1169/1169/1169
f 1149/1149/1149 1172/1172/1172 1174/1174/1174
f 1145/1145/1145 1147/1147/1147 1177/1177/1177
f 1210/1210/1210 1206/1206/1206 1207/1207/1207
f 1206/1206/1206 1210/1210/1210 1211/1211/1211
f 1210/1210/1210 1207/1207/1207 1212/1212/1212
f 1207/1207/1207 1205/1205/1205 1208/1208/1208
f 1210/1210/1210 1212/1212/1212 1209/1209/1209
f 1207/1207/1207 1208/1208/1208 1212/1212/1212
f 1218/1218/1218 1215/1215/1215 1214/1214/1214
f 1214/1214/1214 1219/1219/1219 1218/1218/1218
f 1218/1218/1218 1220/1220/1220 1215/1215/1215
f 1215/1215/1215 1216/1216/1216 1213/1213/1213
f 1218/1218/1218 1217/1217/1217 1220/1220/1220
f 1215/1215/1215 1220/1220/1220 1216/1216/1216
f 1223/1223/1223 1260/1260/1260 1262/1262/1262 1259/1259/1259
f 1260/1260/1260 1221/1221/1221 1261/1261/1261 1262/1262/1262
f 1351/1351/1351 1350/1350/1350 1221/1221/1221 1260/1260/1260
f 1348/1348/1348 1351/1351/1351 1260/1260/1260 1223/1223/1223
f 1224/1224/1224 1264/1264/1264 1265/1265/1265 1263/1263/1263
f 1264/1264/1264 1223/1223/1223 1259/1259/1259 1265/1265/1265
f 1349/1349/1349 1348/1348/1348 1223/1223/1223 1264/1264/1264
f 1346/1346/1346 1349/1349/1349 1264/1264/1264 1224/1224/1224
f 1225/1225/1225 1267/1267/1267 1268/1268/1268 1266/1266/1266
f 1267/1267/1267 1224/1224/1224 1263/1263/1263 1268/1268/1268
f 1347/1347/1347 1346/1346/1346 1224/1224/1224 1267/1267/1267
f 1343/1343/1343 1347/1347/1347 1267/1267/1267 1225/1225/1225
f 1345/1345/1345 1343/1343/1343 1225/1225/1225 1344/1344/1344
f 1341/1341/1341 1345/1345/1345 1344/1344/1344 1226/1226/1226
f 1227/1227/1227 1270/1270/1270 1272/1272/1272 1269/1269/1269
f 1270/1270/1270 1226/1226/1226 1271/1271/1271 1272/1272/1272
f 1342/1342/1342 1341/1341/1341 1226/1226/1226 1270/1270/1270
f 1339/1339/1339 1342/1342/1342 1270/1270/1270 1227/1227/1227
f 1228/1228/1228 1274/1274/1274 1275/1275/1275 1273/1273/1273
f 1274/1274/1274 1227/1227/1227 1269/1269/1269 1275/1275/1275
f 1340/1340/1340 1339/1339/1339 1227/1227/1227 1274/1274/1274
f 1337/1337/1337 1340/1340/1340 1274/1274/1274 1228/1228/1228
f 1229/1229/1229 1277/1277/1277 1278/1278/1278 1276/1276/1276
f 1277/1277/1277 1228/1228/1228 1273/1273/1273 1278/1278/1278
f 1338/1338/1338 1337/1337/1337 1228/1228/1228 1277/1277/1277
f 1335/1335/1335 1338/1338/1338 1277/1277/1277 1229/1229/1229
f 1230/1230/1230 1280/1280/1280 1281/1281/1281 1279/1279/1279
f 1280/1280/1280 1229/1229/1229 1276/1276/1276 1281/1281/1281
f 1336/1336/1336 1335/1335/1335 1229/1229/1229 1280/1280/1280
f 1333/1333/1333 1336/1336/1336 1280/1280/1280 1230/1230/1230
f 1232/1232/1232 1283/1283/1283 1284/1284/1284 1282/1282/1282
f 1283/1283/1283 1230/1230/1230 1279/1279/1279 1284/1284/1284
f 1334/1334/1334 1333/1333/1333 1230/1230/1230 1283/1283/1283
f 1331/1331/1331 1334/1334/1334 1283/1283/1283 1232/1232/1232
f 1233/1233/1233 1286/1286/1286 1287/1287/1287 1285/1285/1285
f 1286/1286/1286 1232/1232/1232 1282/1282/1282 1287/1287/1287
f 1332/1332/1332 1331/1331/1331 1232/1232/1232 1286/1286/1286
f 1329/1329/1329 1332/1332/1332 1286/1286/1286 1233/1233/1233
f 1234/1234/1234 1289/1289/1289 1290/1290/1290 1288/1288/1288
f 1289/1289/1289 1233/1233/1233 1285/1285/1285 1290/1290/1290
f 1330/1330/1330 1329/1329/1329 1233/1233/1233 1289/1289/1289
f 1326/1326/1326 1330/1330/1330 1289/1289/1289 1234/1234/1234
f 1328/1328/1328 1326/1326/1326 1234/1234/1234 1327/1327/1327
f 1324/1324/1324 1328/1328/1328 1327/1327/1327 1235/1235/1235
f 1237/1237/1237 1292/1292/1292 1294/1294/1294 1291/1291/1291
f 1292/1292/1292 1235/1235/1235 1293/1293/1293 1294/1294/1294
f 1325/1325/1325 1324/1324/1324 1235/1235/1235 1292/1292/1292
f 1322/1322/1322 1325/1325/1325 1292/1292/1292 1237/1237/1237
f 1238/1238/1238 1296/1296/1296 1297/1297/1297 1295/1295/1295
f 1296/1296/1296 1237/1237/1237 1291/1291/1291 1297/1297/1297
f 1323/1323/1323 1322/1322/1322 1237/1237/1237 1296/1296/1296
f 1320/1320/1320 1323/1323/1323 1296/1296/1296 1238/1238/1238
f 1239/1239/1239 1299/1299/1299 1300/1300/1300 1298/1298/1298
f 1299/1299/1299 1238/1238/1238 1295/1295/1295 1300/1300/1300
f 1321/1321/1321 1320/1320/1320 1238/1238/1238 1299/1299/1299
f 1318/1318/1318 1321/1321/1321 1299/1299/1299 1239/1239/1239
f 1241/1241/1241 1302/1302/1302 1303/1303/1303 1301/1301/1301
f 1302/1302/1302 1239/1239/1239 1298/1298/1298 1303/1303/1303
f 1319/1319/1319 1318/1318/1318 1239/1239/1239 1302/1302/1302
f 1317/1317/1317 1319/1319/1319 1302/1302/1302 1241/1241/1241
f 1262/1262/1262 1261/1261/1261 1243/1243/1243
f 1243/1243/1243 1244/1244/1244 1262/1262/1262
f 1244/1244/1244 1245/1245/1245 1265/1265/1265 1259/1259/1259
f 1245/1245/1245 1246/1246/1246 1268/1268/1268 1263/1263/1263
f 1246/1246/1246 1247/1247/1247 1271/1271/1271 1266/1266/1266
f 1244/1244/1244 1259/1259/1259 1262/1262/1262
f 1225/1225/1225 1266/1266/1266 1344/1344/1344
f 1266/1266/1266 1268/1268/1268 1246/1246/1246
f 1263/1263/1263 1265/1265/1265 1245/1245/1245
f 1271/1271/1271 1247/1247/1247 1272/1272/1272
f 1248/1248/1248 1272/1272/1272 1247/1247/1247
f 1248/1248/1248 1269/1269/1269 1272/1272/1272
f 1271/1271/1271 1344/1344/1344 1266/1266/1266
f 1248/1248/1248 1249/1249/1249 1275/1275/1275 1269/1269/1269
f 1249/1249/1249 1250/1250/1250 1278/1278/1278 1273/1273/1273
f 1250/1250/1250 1251/1251/1251 1281/1281/1281 1276/1276/1276
f 1249/1249/1249 1273/1273/1273 1275/1275/1275
f 1250/1250/1250 1276/1276/1276 1278/1278/1278
f 1251/1251/1251 1279/1279/1279 1281/1281/1281
f 1279/1279/1279 1251/1251/1251 1284/1284/1284
f 1222/1222/1222 1350/1350/1350 1351/1351/1351
f 1316/1316/1316 1351/1351/1351 1348/1348/1348
f 1315/1315/1315 1349/1349/1349 1346/1346/1346
f 1316/1316/1316 1348/1348/1348 1349/1349/1349
f 1316/1316/1316 1222/1222/1222 1351/1351/1351
f 1315/1315/1315 1316/1316/1316 1349/1349/1349
f 1314/1314/1314 1347/1347/1347 1343/1343/1343
f 1313/1313/1313 1314/1314/1314 1343/1343/1343 1345/1345/1345
f 1314/1314/1314 1315/1315/1315 1346/1346/1346 1347/1347/1347
f 1313/1313/1313 1341/1341/1341 1342/1342/1342
f 1345/1345/1345 1341/1341/1341 1313/1313/1313
f 1312/1312/1312 1339/1339/1339 1340/1340/1340
f 1311/1311/1311 1340/1340/1340 1337/1337/1337
f 1312/1312/1312 1342/1342/1342 1339/1339/1339
f 1312/1312/1312 1313/1313/1313 1342/1342/1342
f 1311/1311/1311 1312/1312/1312 1340/1340/1340
f 1310/1310/1310 1338/1338/1338 1335/1335/1335
f 1231/1231/1231 1310/1310/1310 1335/1335/1335 1336/1336/1336
f 1310/1310/1310 1311/1311/1311 1337/1337/1337 1338/1338/1338
f 1226/1226/1226 1344/1344/1344 1271/1271/1271
f 1282/1282/1282 1284/1284/1284 1252/1252/1252
f 1251/1251/1251 1252/1252/1252 1284/1284/1284
f 1287/1287/1287 1282/1282/1282 1252/1252/1252
f 1253/1253/1253 1285/1285/1285 1287/1287/1287
f 1252/1252/1252 1253/1253/1253 1287/1287/1287
f 1253/1253/1253 1254/1254/1254 1290/1290/1290 1285/1285/1285
f 1254/1254/1254 1288/1288/1288 1290/1290/1290
f 1234/1234/1234 1288/1288/1288 1327/1327/1327
f 1293/1293/1293 1327/1327/1327 1288/1288/1288
f 1293/1293/1293 1235/1235/1235 1327/1327/1327
f 1293/1293/1293 1288/1288/1288 1254/1254/1254 1255/1255/1255
f 1255/1255/1255 1256/1256/1256 1294/1294/1294 1293/1293/1293
f 1256/1256/1256 1291/1291/1291 1294/1294/1294
f 1256/1256/1256 1257/1257/1257 1297/1297/1297 1291/1291/1291
f 1257/1257/1257 1258/1258/1258 1300/1300/1300 1295/1295/1295
f 1258/1258/1258 1240/1240/1240 1303/1303/1303 1298/1298/1298
f 1257/1257/1257 1295/1295/1295 1297/1297/1297
f 1258/1258/1258 1298/1298/1298 1300/1300/1300
f 1240/1240/1240 1301/1301/1301 1303/1303/1303
f 1231/1231/1231 1333/1333/1333 1334/1334/1334
f 1309/1309/1309 1334/1334/1334 1331/1331/1331
f 1308/1308/1308 1332/1332/1332 1329/1329/1329
f 1308/1308/1308 1329/1329/1329 1330/1330/1330
f 1309/1309/1309 1331/1331/1331 1332/1332/1332
f 1309/1309/1309 1231/1231/1231 1334/1334/1334
f 1308/1308/1308 1309/1309/1309 1332/1332/1332
f 1307/1307/1307 1326/1326/1326 1328/1328/1328
f 1324/1324/1324 1236/1236/1236 1328/1328/1328
f 1307/1307/1307 1328/1328/1328 1236/1236/1236
f 1330/1330/1330 1307/1307/1307 1308/1308/1308
f 1326/1326/1326 1307/1307/1307 1330/1330/1330
f 1336/1336/1336 1333/1333/1333 1231/1231/1231
f 1306/1306/1306 1325/1325/1325 1322/1322/1322
f 1306/1306/1306 1322/1322/1322 1323/1323/1323
f 1305/1305/1305 1320/1320/1320 1321/1321/1321
f 1304/1304/1304 1321/1321/1321 1318/1318/1318
f 1305/1305/1305 1323/1323/1323 1320/1320/1320
f 1306/1306/1306 1236/1236/1236 1324/1324/1324 1325/1325/1325
f 1305/1305/1305 1306/1306/1306 1323/1323/1323
f 1242/1242/1242 1319/1319/1319 1317/1317/1317
f 1242/1242/1242 1304/1304/1304 1318/1318/1318 1319/1319/1319
f 1321/1321/1321 1304/1304/1304 1305/1305/1305
f 1355/1355/1355 1388/1388/1388 1390/1390/1390 1387/1387/1387
f 1388/1388/1388 1353/1353/1353 1389/1389/1389 1390/1390/1390
f 1481/1481/1481 1480/1480/1480 1353/1353/1353 1388/1388/1388
f 1478/1478/1478 1481/1481/1481 1388/1388/1388 1355/1355/1355
f 1356/1356/1356 1392/1392/1392 1393/1393/1393 1391/1391/1391
f 1392/1392/1392 1355/1355/1355 1387/1387/1387 1393/1393/1393
f 1479/1479/1479 1478/1478/1478 1355/1355/1355 1392/1392/1392
f 1476/1476/1476 1479/1479/1479 1392/1392/1392 1356/1356/1356
f 1357/1357/1357 1395/1395/1395 1396/1396/1396 1394/1394/1394
f 1395/1395/1395 1356/1356/1356 1391/1391/1391 1396/1396/1396
f 1477/1477/1477 1476/1476/1476 1356/1356/1356 1395/1395/1395
f 1475/1475/1475 1477/1477/1477 1395/1395/1395 1357/1357/1357
f 1359/1359/1359 1398/1398/1398 1400/1400/1400 1397/1397/1397
f 1398/1398/1398 1358/1358/1358 1399/1399/1399 1400/1400/1400
f 1474/1474/1474 1473/1473/1473 1358/1358/1358 1398/1398/1398
f 1471/1471/1471 1474/1474/1474 1398/1398/1398 1359/1359/1359
f 1360/1360/1360 1402/1402/1402 1403/1403/1403 1401/1401/1401
f 1402/1402/1402 1359/1359/1359 1397/1397/1397 1403/1403/1403
f 1472/1472/1472 1471/1471/1471 1359/1359/1359 1402/1402/1402
f 1469/1469/1469 1472/1472/1472 1402/1402/1402 1360/1360/1360
f 1361/1361/1361 1405/1405/1405 1406/1406/1406 1404/1404/1404
f 1405/1405/1405 1360/1360/1360 1401/1401/1401 1406/1406/1406
f 1470/1470/1470 1469/1469/1469 1360/1360/1360 1405/1405/1405
f 1467/1467/1467 1470/1470/1470 1405/1405/1405 1361/1361/1361
f 1363/1363/1363 1408/1408/1408 1409/1409/1409 1407/1407/1407
f 1408/1408/1408 1361/1361/1361 1404/1404/1404 1409/1409/1409
f 1468/1468/1468 1467/1467/1467 1361/1361/1361 1408/1408/1408
f 1465/1465/1465 1468/1468/1468 1408/1408/1408 1363/1363/1363
f 1364/1364/1364 1411/1411/1411 1412/1412/1412 1410/1410/1410
f 1411/1411/1411 1363/1363/1363 1407/1407/1407 1412/1412/1412
f 1466/1466/1466 1465/1465/1465 1363/1363/1363 1411/1411/1411
f 1463/1463/1463 1466/1466/1466 1411/1411/1411 1364/1364/1364
f 1365/1365/1365 1414/1414/1414 1415/1415/1415 1413/1413/1413
f 1414/1414/1414 1364/1364/1364 1410/1410/1410 1415/1415/1415
f 1464/1464/1464 1463/1463/1463 1364/1364/1364 1414/1414/1414
f 1461/1461/1461 1464/1464/1464 1414/1414/1414 1365/1365/1365
f 1366/1366/1366 1417/1417/1417 1418/1418/1418 1416/1416/1416
f 1417/1417/1417 1365/1365/1365 1413/1413/1413 1418/1418/1418
f 1462/1462/1462 1461/1461/1461 1365/1365/1365 1417/1417/1417
f 1459/1459/1459 1462/1462/1462 1417/1417/1417 1366/1366/1366
f 1367/1367/1367 1420/1420/1420 1421/1421/1421 1419/1419/1419
f 1420/1420/1420 1366/1366/1366 1416/1416/1416 1421/1421/1421
f 1460/1460/1460 1459/1459/1459 1366/1366/1366 1420/1420/1420
f 1457/1457/1457 1460/1460/1460 1420/1420/1420 1367/1367/1367
f 1368/1368/1368 1423/1423/1423 1424/1424/1424 1422/1422/1422
f 1423/1423/1423 1367/1367/1367 1419/1419/1419 1424/1424/1424
f 1458/1458/1458 1457/1457/1457 1367/1367/1367 1423/1423/1423
f 1455/1455/1455 1458/1458/1458 1423/1423/1423 1368/1368/1368
f 1369/1369/1369 1426/1426/1426 1427/1427/1427 1425/1425/1425
f 1426/1426/1426 1368/1368/1368 1422/1422/1422 1427/1427/1427
f 1456/1456/1456 1455/1455/1455 1368/1368/1368 1426/1426/1426
f 1453/1453/1453 1456/1456/1456 1426/1426/1426 1369/1369/1369
f 1370/1370/1370 1429/1429/1429 1430/1430/1430 1428/1428/1428
f 1429/1429/1429 1369/1369/1369 1425/1425/1425 1430/1430/1430
f 1454/1454/1454 1453/1453/1453 1369/1369/1369 1429/1429/1429
f 1451/1451/1451 1454/1454/1454 1429/1429/1429 1370/1370/1370
f 1371/1371/1371 1432/1432/1432 1433/1433/1433 1431/1431/1431
f 1432/1432/1432 1370/1370/1370 1428/1428/1428 1433/1433/1433
f 1452/1452/1452 1451/1451/1451 1370/1370/1370 1432/1432/1432
f 1450/1450/1450 1452/1452/1452 1432/1432/1432 1371/1371/1371
f 1389/1389/1389 1352/1352/1352 1390/1390/1390
f 1372/1372/1372 1390/1390/1390 1352/1352/1352
f 1387/1387/1387 1390/1390/1390 1372/1372/1372
f 1372/1372/1372 1373/1373/1373 1393/1393/1393 1387/1387/1387
f 1373/1373/1373 1374/1374/1374 1396/1396/1396 1391/1391/1391
f 1373/1373/1373 1391/1391/1391 1393/1393/1393
f 1374/1374/1374 1394/1394/1394 1396/1396/1396
f 1399/1399/1399 1394/1394/1394 1374/1374/1374 1375/1375/1375
f 1399/1399/1399 1358/1358/1358 1357/1357/1357 1394/1394/1394
f 1375/1375/1375 1376/1376/1376 1400/1400/1400 1399/1399/1399
f 1376/1376/1376 1397/1397/1397 1400/1400/1400
f 1376/1376/1376 1377/1377/1377 1403/1403/1403 1397/1397/1397
f 1377/1377/1377 1378/1378/1378 1406/1406/1406 1401/1401/1401
f 1378/1378/1378 1362/1362/1362 1409/1409/1409 1404/1404/1404
f 1377/1377/1377 1401/1401/1401 1403/1403/1403
f 1378/1378/1378 1404/1404/1404 1406/1406/1406
f 1362/1362/1362 1407/1407/1407 1409/1409/1409
f 1407/1407/1407 1362/1362/1362 1412/1412/1412
f 1354/1354/1354 1480/1480/1480 1481/1481/1481
f 1449/1449/1449 1481/1481/1481 1478/1478/1478
f 1448/1448/1448 1479/1479/1479 1476/1476/1476
f 1449/1449/1449 1478/1478/1478 1479/1479/1479
f 1449/1449/1449 1354/1354/1354 1481/1481/1481
f 1448/1448/1448 1449/1449/1449 1479/1479/1479
f 1447/1447/1447 1477/1477/1477 1475/1475/1475
f 1446/1446/1446 1447/1447/1447 1475/1475/1475 1473/1473/1473
f 1447/1447/1447 1448/1448/1448 1476/1476/1476 1477/1477/1477
f 1475/1475/1475 1357/1357/1357 1358/1358/1358 1473/1473/1473
f 1446/1446/1446 1473/1473/1473 1474/1474/1474
f 1445/1445/1445 1471/1471/1471 1472/1472/1472
f 1444/1444/1444 1472/1472/1472 1469/1469/1469
f 1445/1445/1445 1474/1474/1474 1471/1471/1471
f 1445/1445/1445 1446/1446/1446 1474/1474/1474
f 1444/1444/1444 1445/1445/1445 1472/1472/1472
f 1443/1443/1443 1470/1470/1470 1467/1467/1467
f 1442/1442/1442 1443/1443/1443 1467/1467/1467 1468/1468/1468
f 1443/1443/1443 1444/1444/1444 1469/1469/1469 1470/1470/1470
f 1410/1410/1410 1412/1412/1412 1379/1379/1379
f 1362/1362/1362 1379/1379/1379 1412/1412/1412
f 1379/1379/1379 1415/1415/1415 1410/1410/1410
f 1380/1380/1380 1415/1415/1415 1379/1379/1379
f 1380/1380/1380 1381/1381/1381 1418/1418/1418 1413/1413/1413
f 1381/1381/1381 1382/1382/1382 1421/1421/1421 1416/1416/1416
f 1380/1380/1380 1413/1413/1413 1415/1415/1415
f 1381/1381/1381 1416/1416/1416 1418/1418/1418
f 1421/1421/1421 1382/1382/1382 1419/1419/1419
f 1419/1419/1419 1382/1382/1382 1424/1424/1424
f 1383/1383/1383 1424/1424/1424 1382/1382/1382
f 1383/1383/1383 1422/1422/1422 1424/1424/1424
f 1383/1383/1383 1384/1384/1384 1427/1427/1427 1422/1422/1422
f 1384/1384/1384 1385/1385/1385 1430/1430/1430 1425/1425/1425
f 1385/1385/1385 1386/1386/1386 1433/1433/1433 1428/1428/1428
f 1384/1384/1384 1425/1425/1425 1427/1427/1427
f 1385/1385/1385 1428/1428/1428 1430/1430/1430
f 1386/1386/1386 1431/1431/1431 1433/1433/1433
f 1441/1441/1441 1466/1466/1466 1463/1463/1463
f 1441/1441/1441 1463/1463/1463 1464/1464/1464
f 1440/1440/1440 1461/1461/1461 1462/1462/1462
f 1439/1439/1439 1462/1462/1462 1459/1459/1459
f 1440/1440/1440 1464/1464/1464 1461/1461/1461
f 1441/1441/1441 1442/1442/1442 1465/1465/1465 1466/1466/1466
f 1440/1440/1440 1441/1441/1441 1464/1464/1464
f 1438/1438/1438 1439/1439/1439 1459/1459/1459 1460/1460/1460
f 1462/1462/1462 1439/1439/1439 1440/1440/1440
f 1457/1457/1457 1438/1438/1438 1460/1460/1460
f 1437/1437/1437 1438/1438/1438 1457/1457/1457 1458/1458/1458
f 1437/1437/1437 1458/1458/1458 1455/1455/1455
f 1436/1436/1436 1456/1456/1456 1453/1453/1453
f 1436/1436/1436 1453/1453/1453 1454/1454/1454
f 1437/1437/1437 1455/1455/1455 1456/1456/1456
f 1436/1436/1436 1437/1437/1437 1456/1456/1456
f 1435/1435/1435 1436/1436/1436 1454/1454/1454
f 1434/1434/1434 1435/1435/1435 1451/1451/1451 1452/1452/1452
f 1452/1452/1452 1450/1450/1450 1434/1434/1434
f 1454/1454/1454 1451/1451/1451 1435/1435/1435
f 1468/1468/1468 1465/1465/1465 1442/1442/1442
f 1490/1490/1490 1489/1489/1489 1487/1487/1487 1488/1488/1488
f 1483/1483/1483 1487/1487/1487 1482/1482/1482
f 1484/1484/1484 1482/1482/1482 1487/1487/1487
f 1486/1486/1486 1488/1488/1488 1483/1483/1483
f 1487/1487/1487 1483/1483/1483 1488/1488/1488
f 1485/1485/1485 1484/1484/1484 1489/1489/1489
f 1487/1487/1487 1489/1489/1489 1484/1484/1484
f 1486/1486/1486 1485/1485/1485 1490/1490/1490
f 1489/1489/1489 1490/1490/1490 1485/1485/1485
f 1488/1488/1488 1486/1486/1486 1490/1490/1490
f 1497/1497/1497 1496/1496/1496 1498/1498/1498 1499/1499/1499
f 1492/1492/1492 1498/1498/1498 1491/1491/1491
f 1496/1496/1496 1491/1491/1491 1498/1498/1498
f 1492/1492/1492 1495/1495/1495 1499/1499/1499
f 1499/1499/1499 1498/1498/1498 1492/1492/1492
f 1494/1494/1494 1493/1493/1493 1496/1496/1496
f 1495/1495/1495 1494/1494/1494 1497/1497/1497
f 1496/1496/1496 1497/1497/1497 1494/1494/1494
f 1499/1499/1499 1495/1495/1495 1497/1497/1497
f 1493/1493/1493 1491/1491/1491 1496/1496/1496
f 1508/1508/1508 1507/1507/1507 1505/1505/1505 1506/1506/1506
f 1501/1501/1501 1505/1505/1505 1500/1500/1500
f 1502/1502/1502 1500/1500/1500 1505/1505/1505
f 1504/1504/1504 1506/1506/1506 1501/1501/1501
f 1505/1505/1505 1501/1501/1501 1506/1506/1506
f 1503/1503/1503 1502/1502/1502 1507/1507/1507
f 1505/1505/1505 1507/1507/1507 1502/1502/1502
f 1504/1504/1504 1503/1503/1503 1508/1508/1508
f 1507/1507/1507 1508/1508/1508 1503/1503/1503
f 1506/1506/1506 1504/1504/1504 1508/1508/1508
f 1515/1515/1515 1511/1511/1511 1516/1516/1516 1517/1517/1517
f 1510/1510/1510 1516/1516/1516 1509/1509/1509
f 1511/1511/1511 1509/1509/1509 1516/1516/1516
f 1510/1510/1510 1514/1514/1514 1517/1517/1517
f 1517/1517/1517 1516/1516/1516 1510/1510/1510
f 1513/1513/1513 1512/1512/1512 1511/1511/1511
f 1509/1509/1509 1511/1511/1511 1512/1512/1512
f 1514/1514/1514 1513/1513/1513 1515/1515/1515
f 1511/1511/1511 1515/1515/1515 1513/1513/1513
f 1517/1517/1517 1514/1514/1514 1515/1515/1515
f 1545/1545/1545 1537/1537/1537 1541/1541/1541
f 1547/1547/1547 1544/1544/1544 1545/1545/1545
f 1541/1541/1541 1547/1547/1547 1545/1545/1545
f 1546/1546/1546 1547/1547/1547 1541/1541/1541 1536/1536/1536
f 1536/1536/1536 1541/1541/1541 1542/1542/1542 1540/1540/1540
f 1539/1539/1539 1538/1538/1538 1542/1542/1542
f 1541/1541/1541 1537/1537/1537 1539/1539/1539
f 1542/1542/1542 1541/1541/1541 1539/1539/1539
f 1567/1567/1567 1546/1546/1546 1536/1536/1536 1566/1566/1566
f 1565/1565/1565 1564/1564/1564 1567/1567/1567
f 1566/1566/1566 1543/1543/1543 1565/1565/1565
f 1567/1567/1567 1566/1566/1566 1565/1565/1565
f 1569/1569/1569 1543/1543/1543 1566/1566/1566
f 1570/1570/1570 1568/1568/1568 1569/1569/1569
f 1566/1566/1566 1570/1570/1570 1569/1569/1569
f 1566/1566/1566 1536/1536/1536 1540/1540/1540 1570/1570/1570
f 1533/1533/1533 1571/1571/1571 1532/1532/1532
f 1538/1538/1538 1532/1532/1532 1571/1571/1571
f 1534/1534/1534 1571/1571/1571 1533/1533/1533
f 1571/1571/1571 1535/1535/1535 1520/1520/1520
f 1571/1571/1571 1534/1534/1534 1535/1535/1535
f 1518/1518/1518 1571/1571/1571 1520/1520/1520
f 1542/1542/1542 1538/1538/1538 1572/1572/1572
f 1571/1571/1571 1572/1572/1572 1538/1538/1538
f 1539/1539/1539 1530/1530/1530 1531/1531/1531
f 1539/1539/1539 1537/1537/1537 1529/1529/1529
f 1530/1530/1530 1539/1539/1539 1529/1529/1529
f 1539/1539/1539 1531/1531/1531 1538/1538/1538
f 1532/1532/1532 1538/1538/1538 1531/1531/1531
f 1518/1518/1518 1521/1521/1521 1522/1522/1522
f 1524/1524/1524 1518/1518/1518 1523/1523/1523
f 1522/1522/1522 1523/1523/1523 1518/1518/1518
f 1544/1544/1544 1524/1524/1524 1525/1525/1525
f 1544/1544/1544 1518/1518/1518 1524/1524/1524
f 1525/1525/1525 1526/1526/1526 1545/1545/1545
f 1520/1520/1520 1521/1521/1521 1518/1518/1518
f 1537/1537/1537 1527/1527/1527 1528/1528/1528
f 1529/1529/1529 1537/1537/1537 1528/1528/1528
f 1545/1545/1545 1527/1527/1527 1537/1537/1537
f 1545/1545/1545 1544/1544/1544 1525/1525/1525
f 1544/1544/1544 1547/1547/1547 1574/1574/1574
f 1547/1547/1547 1546/1546/1546 1574/1574/1574
f 1518/1518/1518 1544/1544/1544 1574/1574/1574
f 1527/1527/1527 1545/1545/1545 1526/1526/1526
f 1572/1572/1572 1540/1540/1540 1542/1542/1542
f 1570/1570/1570 1540/1540/1540 1572/1572/1572
f 1568/1568/1568 1570/1570/1570 1572/1572/1572
f 1543/1543/1543 1569/1569/1569 1563/1563/1563
f 1569/1569/1569 1562/1562/1562 1563/1563/1563
f 1563/1563/1563 1548/1548/1548 1543/1543/1543
f 1561/1561/1561 1569/1569/1569 1568/1568/1568
f 1568/1568/1568 1560/1560/1560 1561/1561/1561
f 1568/1568/1568 1519/1519/1519 1560/1560/1560
f 1519/1519/1519 1559/1559/1559 1560/1560/1560
f 1519/1519/1519 1557/1557/1557 1558/1558/1558
f 1558/1558/1558 1559/1559/1559 1519/1519/1519
f 1557/1557/1557 1519/1519/1519 1556/1556/1556
f 1569/1569/1569 1561/1561/1561 1562/1562/1562
f 1572/1572/1572 1519/1519/1519 1568/1568/1568
f 1565/1565/1565 1549/1549/1549 1550/1550/1550
f 1543/1543/1543 1549/1549/1549 1565/1565/1565
f 1574/1574/1574 1546/1546/1546 1567/1567/1567
f 1565/1565/1565 1551/1551/1551 1564/1564/1564
f 1574/1574/1574 1567/1567/1567 1564/1564/1564
f 1551/1551/1551 1565/1565/1565 1550/1550/1550
f 1543/1543/1543 1548/1548/1548 1549/1549/1549
f 1573/1573/1573 1555/1555/1555 1556/1556/1556
f 1573/1573/1573 1554/1554/1554 1555/1555/1555
f 1564/1564/1564 1551/1551/1551 1552/1552/1552
f 1552/1552/1552 1553/1553/1553 1573/1573/1573
f 1554/1554/1554 1573/1573/1573 1553/1553/1553
f 1564/1564/1564 1552/1552/1552 1573/1573/1573
f 1573/1573/1573 1556/1556/1556 1519/1519/1519
f 1574/1574/1574 1564/1564/1564 1573/1573/1573
f 1579/1579/1579 1577/1577/1577 1578/1578/1578
f 1580/1580/1580 1576/1576/1576 1579/1579/1579
f 1579/1579/1579 1576/1576/1576 1577/1577/1577
f 1580/1580/1580 1575/1575/1575 1576/1576/1576
f 1585/1585/1585 1584/1584/1584 1583/1583/1583
f 1586/1586/1586 1585/1585/1585 1582/1582/1582
f 1585/1585/1585 1583/1583/1583 1582/1582/1582
f 1586/1586/1586 1582/1582/1582 1581/1581/1581
f 1607/1607/1607 1609/1609/1609 1606/1606/1606
f 1608/1608/1608 1607/1607/1607 1605/1605/1605
f 1609/1609/1609 1607/1607/1607 1608/1608/1608
f 1614/1614/1614 1608/1608/1608 1605/1605/1605
f 1615/1615/1615 1614/1614/1614 1610/1610/1610
f 1608/1608/1608 1614/1614/1614 1615/1615/1615
f 1611/1611/1611 1612/1612/1612 1613/1613/1613
f 1608/1608/1608 1615/1615/1615 1616/1616/1616
f 1617/1617/1617 1615/1615/1615 1610/1610/1610
f 1617/1617/1617 1616/1616/1616 1615/1615/1615
f 1588/1588/1588 1608/1608/1608 1616/1616/1616
f 1614/1614/1614 1603/1603/1603 1610/1610/1610
f 1602/1602/1602 1610/1610/1610 1603/1603/1603
f 1605/1605/1605 1604/1604/1604 1614/1614/1614
f 1603/1603/1603 1614/1614/1614 1604/1604/1604
f 1604/1604/1604 1605/1605/1605 1589/1589/1589
f 1602/1602/1602 1601/1601/1601 1610/1610/1610
f 1606/1606/1606 1609/1609/1609 1623/1623/1623
f 1588/1588/1588 1623/1623/1623 1609/1609/1609
f 1606/1606/1606 1591/1591/1591 1607/1607/1607
f 1608/1608/1608 1588/1588/1588 1609/1609/1609
f 1605/1605/1605 1607/1607/1607 1590/1590/1590
f 1606/1606/1606 1593/1593/1593 1592/1592/1592
f 1606/1606/1606 1592/1592/1592 1591/1591/1591
f 1607/1607/1607 1591/1591/1591 1590/1590/1590
f 1589/1589/1589 1605/1605/1605 1590/1590/1590
f 1622/1622/1622 1593/1593/1593 1606/1606/1606
f 1600/1600/1600 1613/1613/1613 1601/1601/1601
f 1613/1613/1613 1610/1610/1610 1601/1601/1601
f 1613/1613/1613 1600/1600/1600 1599/1599/1599
f 1598/1598/1598 1613/1613/1613 1599/1599/1599
f 1617/1617/1617 1610/1610/1610 1613/1613/1613
f 1619/1619/1619 1618/1618/1618 1612/1612/1612
f 1618/1618/1618 1613/1613/1613 1612/1612/1612
f 1617/1617/1617 1613/1613/1613 1618/1618/1618
f 1617/1617/1617 1587/1587/1587 1616/1616/1616
f 1612/1612/1612 1620/1620/1620 1619/1619/1619
f 1611/1611/1611 1598/1598/1598 1597/1597/1597
f 1611/1611/1611 1596/1596/1596 1595/1595/1595
f 1622/1622/1622 1595/1595/1595 1594/1594/1594
f 1596/1596/1596 1611/1611/1611 1597/1597/1597
f 1621/1621/1621 1620/1620/1620 1611/1611/1611
f 1613/1613/1613 1598/1598/1598 1611/1611/1611
f 1622/1622/1622 1606/1606/1606 1623/1623/1623
f 1621/1621/1621 1595/1595/1595 1622/1622/1622
f 1611/1611/1611 1595/1595/1595 1621/1621/1621
f 1611/1611/1611 1620/1620/1620 1612/1612/1612
f 1594/1594/1594 1593/1593/1593 1622/1622/1622
f 1650/1650/1650 1630/1630/1630 1651/1651/1651
f 1653/1653/1653 1654/1654/1654 1648/1648/1648
f 1655/1655/1655 1653/1653/1653 1649/1649/1649
f 1654/1654/1654 1653/1653/1653 1655/1655/1655
f 1656/1656/1656 1657/1657/1657 1652/1652/1652
f 1654/1654/1654 1656/1656/1656 1648/1648/1648
f 1657/1657/1657 1656/1656/1656 1654/1654/1654
f 1644/1644/1644 1660/1660/1660 1645/1645/1645
f 1650/1650/1650 1659/1659/1659 1629/1629/1629
f 1659/1659/1659 1646/1646/1646 1660/1660/1660
f 1659/1659/1659 1650/1650/1650 1646/1646/1646
f 1632/1632/1632 1647/1647/1647 1650/1650/1650
f 1646/1646/1646 1650/1650/1650 1647/1647/1647
f 1630/1630/1630 1650/1650/1650 1629/1629/1629
f 1645/1645/1645 1660/1660/1660 1646/1646/1646
f 1652/1652/1652 1624/1624/1624 1660/1660/1660
f 1632/1632/1632 1650/1650/1650 1633/1633/1633
f 1630/1630/1630 1628/1628/1628 1627/1627/1627
f 1658/1658/1658 1626/1626/1626 1625/1625/1625
f 1626/1626/1626 1651/1651/1651 1627/1627/1627
f 1651/1651/1651 1634/1634/1634 1633/1633/1633
f 1629/1629/1629 1628/1628/1628 1630/1630/1630
f 1635/1635/1635 1634/1634/1634 1651/1651/1651
f 1649/1649/1649 1651/1651/1651 1626/1626/1626
f 1627/1627/1627 1651/1651/1651 1630/1630/1630
f 1651/1651/1651 1633/1633/1633 1650/1650/1650
f 1635/1635/1635 1651/1651/1651 1636/1636/1636
f 1652/1652/1652 1644/1644/1644 1643/1643/1643
f 1656/1656/1656 1642/1642/1642 1641/1641/1641
f 1642/1642/1642 1652/1652/1652 1643/1643/1643
f 1652/1652/1652 1657/1657/1657 1624/1624/1624
f 1631/1631/1631 1624/1624/1624 1657/1657/1657
f 1641/1641/1641 1648/1648/1648 1656/1656/1656
f 1654/1654/1654 1631/1631/1631 1657/1657/1657
f 1642/1642/1642 1656/1656/1656 1652/1652/1652
f 1652/1652/1652 1660/1660/1660 1644/1644/1644
f 1648/1648/1648 1641/1641/1641 1640/1640/1640
f 1639/1639/1639 1648/1648/1648 1640/1640/1640
f 1649/1649/1649 1638/1638/1638 1637/1637/1637
f 1649/1649/1649 1637/1637/1637 1636/1636/1636
f 1638/1638/1638 1653/1653/1653 1639/1639/1639
f 1653/1653/1653 1648/1648/1648 1639/1639/1639
f 1626/1626/1626 1658/1658/1658 1655/1655/1655
f 1654/1654/1654 1655/1655/1655 1658/1658/1658
f 1649/1649/1649 1626/1626/1626 1655/1655/1655
f 1658/1658/1658 1631/1631/1631 1654/1654/1654
f 1638/1638/1638 1649/1649/1649 1653/1653/1653
f 1651/1651/1651 1649/1649/1649 1636/1636/1636
f 1662/1662/1662 1667/1667/1667 1661/1661/1661
f 1663/1663/1663 1661/1661/1661 1667/1667/1667
f 1663/1663/1663 1666/1666/1666 1665/1665/1665 1664/1664/1664
f 1667/1667/1667 1666/1666/1666 1663/1663/1663
f 1669/1669/1669 1672/1672/1672 1668/1668/1668
f 1674/1674/1674 1672/1672/1672 1669/1669/1669
f 1673/1673/1673 1674/1674/1674 1671/1671/1671 1670/1670/1670
f 1672/1672/1672 1674/1674/1674 1673/1673/1673
f 1676/1676/1676 1678/1678/1678 1677/1677/1677 1675/1675/1675
f 1679/1679/1679 1677/1677/1677 1678/1678/1678 1680/1680/1680
f 1687/1687/1687 1683/1683/1683 1681/1681/1681 1682/1682/1682
f 1683/1683/1683 1686/1686/1686 1685/1685/1685 1684/1684/1684
f 1687/1687/1687 1686/1686/1686 1683/1683/1683
f 1689/1689/1689 1693/1693/1693 1688/1688/1688
f 1690/1690/1690 1693/1693/1693 1689/1689/1689
f 1694/1694/1694 1690/1690/1690 1692/1692/1692 1691/1691/1691
f 1693/1693/1693 1690/1690/1690 1694/1694/1694
f 1699/1699/1699 1695/1695/1695 1696/1696/1696
f 1698/1698/1698 1697/1697/1697 1699/1699/1699
f 1695/1695/1695 1699/1699/1699 1697/1697/1697
f 1700/1700/1700 1701/1701/1701 1705/1705/1705 1702/1702/1702
f 1704/1704/1704 1703/1703/1703 1702/1702/1702 1705/1705/1705
f 1711/1711/1711 1710/1710/1710 1706/1706/1706 1707/1707/1707
f 1710/1710/1710 1711/1711/1711 1709/1709/1709 1708/1708/1708
f 1717/1717/1717 1716/1716/1716 1712/1712/1712 1713/1713/1713
f 1716/1716/1716 1717/1717/1717 1715/1715/1715 1714/1714/1714
f 1722/1722/1722 1718/1718/1718 1719/1719/1719
f 1721/1721/1721 1720/1720/1720 1722/1722/1722
f 1719/1719/1719 1721/1721/1721 1722/1722/1722
f 1730/1730/1730 1926/1926/1926 1930/1930/1930 1928/1928/1928
f 1928/1928/1928 1930/1930/1930 1929/1929/1929 1729/1729/1729
f 1731/1731/1731 1923/1923/1923 1927/1927/1927 1925/1925/1925
f 1925/1925/1925 1927/1927/1927 1926/1926/1926 1730/1730/1730
f 1732/1732/1732 1920/1920/1920 1924/1924/1924 1922/1922/1922
f 1922/1922/1922 1924/1924/1924 1923/1923/1923 1731/1731/1731
f 1733/1733/1733 1919/1919/1919 1921/1921/1921 1918/1918/1918
f 1918/1918/1918 1921/1921/1921 1920/1920/1920 1732/1732/1732
f 1737/1737/1737 1725/1725/1725 1724/1724/1724 1736/1736/1736
f 1955/1955/1955 1954/1954/1954 1952/1952/1952
f 1739/1739/1739 1946/1946/1946 1955/1955/1955
f 1952/1952/1952 1739/1739/1739 1955/1955/1955
f 1946/1946/1946 1950/1950/1950 1957/1957/1957 1955/1955/1955
f 1955/1955/1955 1957/1957/1957 1956/1956/1956 1954/1954/1954
f 1952/1952/1952 1954/1954/1954 1953/1953/1953 1738/1738/1738
f 1740/1740/1740 1940/1940/1940 1947/1947/1947 1945/1945/1945
f 1947/1947/1947 1949/1949/1949 1951/1951/1951 1948/1948/1948
f 1948/1948/1948 1951/1951/1951 1950/1950/1950 1946/1946/1946
f 1948/1948/1948 1946/1946/1946 1739/1739/1739
f 1945/1945/1945 1947/1947/1947 1948/1948/1948
f 1739/1739/1739 1945/1945/1945 1948/1948/1948
f 1942/1942/1942 1941/1941/1941 1939/1939/1939
f 1741/1741/1741 1933/1933/1933 1942/1942/1942
f 1939/1939/1939 1741/1741/1741 1942/1942/1942
f 1933/1933/1933 1937/1937/1937 1944/1944/1944 1942/1942/1942
f 1942/1942/1942 1944/1944/1944 1943/1943/1943 1941/1941/1941
f 1939/1939/1939 1941/1941/1941 1940/1940/1940 1740/1740/1740
f 1742/1742/1742 1932/1932/1932 1934/1934/1934 1931/1931/1931
f 1934/1934/1934 1936/1936/1936 1938/1938/1938 1935/1935/1935
f 1935/1935/1935 1938/1938/1938 1937/1937/1937 1933/1933/1933
f 1935/1935/1935 1933/1933/1933 1741/1741/1741
f 1931/1931/1931 1934/1934/1934 1935/1935/1935
f 1741/1741/1741 1931/1931/1931 1935/1935/1935
f 1744/1744/1744 1727/1727/1727 1726/1726/1726 1743/1743/1743
f 1745/1745/1745 1728/1728/1728 1727/1727/1727 1744/1744/1744
f 1746/1746/1746 1729/1729/1729 1728/1728/1728 1745/1745/1745
f 1928/1928/1928 1729/1729/1729 1746/1746/1746
f 1747/1747/1747 1730/1730/1730 1928/1928/1928
f 1746/1746/1746 1747/1747/1747 1928/1928/1928
f 1925/1925/1925 1730/1730/1730 1747/1747/1747
f 1748/1748/1748 1731/1731/1731 1925/1925/1925
f 1747/1747/1747 1748/1748/1748 1925/1925/1925
f 1922/1922/1922 1731/1731/1731 1748/1748/1748
f 1749/1749/1749 1732/1732/1732 1922/1922/1922
f 1748/1748/1748 1749/1749/1749 1922/1922/1922
f 1918/1918/1918 1732/1732/1732 1749/1749/1749
f 1750/1750/1750 1733/1733/1733 1918/1918/1918
f 1749/1749/1749 1750/1750/1750 1918/1918/1918
f 1751/1751/1751 1734/1734/1734 1733/1733/1733 1750/1750/1750
f 1752/1752/1752 1735/1735/1735 1734/1734/1734 1751/1751/1751
f 1754/1754/1754 1737/1737/1737 1736/1736/1736 1753/1753/1753
f 1755/1755/1755 1738/1738/1738 1737/1737/1737 1754/1754/1754
f 1952/1952/1952 1738/1738/1738 1755/1755/1755
f 1756/1756/1756 1739/1739/1739 1952/1952/1952
f 1755/1755/1755 1756/1756/1756 1952/1952/1952
f 1945/1945/1945 1739/1739/1739 1756/1756/1756
f 1757/1757/1757 1740/1740/1740 1945/1945/1945
f 1756/1756/1756 1757/1757/1757 1945/1945/1945
f 1939/1939/1939 1740/1740/1740 1757/1757/1757
f 1758/1758/1758 1741/1741/1741 1939/1939/1939
f 1757/1757/1757 1758/1758/1758 1939/1939/1939
f 1931/1931/1931 1741/1741/1741 1758/1758/1758
f 1759/1759/1759 1742/1742/1742 1931/1931/1931
f 1758/1758/1758 1759/1759/1759 1931/1931/1931
f 1760/1760/1760 1743/1743/1743 1742/1742/1742 1759/1759/1759
f 1761/1761/1761 1744/1744/1744 1743/1743/1743 1760/1760/1760
f 1762/1762/1762 1745/1745/1745 1744/1744/1744 1761/1761/1761
f 1763/1763/1763 1746/1746/1746 1745/1745/1745 1762/1762/1762
f 1764/1764/1764 1747/1747/1747 1746/1746/1746 1763/1763/1763
f 1765/1765/1765 1748/1748/1748 1747/1747/1747 1764/1764/1764
f 1766/1766/1766 1749/1749/1749 1748/1748/1748 1765/1765/1765
f 1767/1767/1767 1750/1750/1750 1749/1749/1749 1766/1766/1766
f 1768/1768/1768 1751/1751/1751 1750/1750/1750 1767/1767/1767
f 1769/1769/1769 1752/1752/1752 1751/1751/1751 1768/1768/1768
f 1771/1771/1771 1754/1754/1754 1753/1753/1753 1770/1770/1770
f 1772/1772/1772 1755/1755/1755 1754/1754/1754 1771/1771/1771
f 1773/1773/1773 1756/1756/1756 1755/1755/1755 1772/1772/1772
f 1774/1774/1774 1757/1757/1757 1756/1756/1756 1773/1773/1773
f 1775/1775/1775 1758/1758/1758 1757/1757/1757 1774/1774/1774
f 1776/1776/1776 1759/1759/1759 1758/1758/1758 1775/1775/1775
f 1777/1777/1777 1760/1760/1760 1759/1759/1759 1776/1776/1776
f 1778/1778/1778 1761/1761/1761 1760/1760/1760 1777/1777/1777
f 1779/1779/1779 1762/1762/1762 1761/1761/1761 1778/1778/1778
f 1780/1780/1780 1763/1763/1763 1762/1762/1762 1779/1779/1779
f 1781/1781/1781 1764/1764/1764 1763/1763/1763 1780/1780/1780
f 1782/1782/1782 1765/1765/1765 1764/1764/1764 1781/1781/1781
f 1783/1783/1783 1766/1766/1766 1765/1765/1765 1782/1782/1782
f 1784/1784/1784 1767/1767/1767 1766/1766/1766 1783/1783/1783
f 1785/1785/1785 1768/1768/1768 1767/1767/1767 1784/1784/1784
f 1786/1786/1786 1769/1769/1769 1768/1768/1768 1785/1785/1785
f 1788/1788/1788 1771/1771/1771 1770/1770/1770 1787/1787/1787
f 1789/1789/1789 1772/1772/1772 1771/1771/1771 1788/1788/1788
f 1790/1790/1790 1773/1773/1773 1772/1772/1772 1789/1789/1789
f 1791/1791/1791 1774/1774/1774 1773/1773/1773 1790/1790/1790
f 1792/1792/1792 1775/1775/1775 1774/1774/1774 1791/1791/1791
f 1793/1793/1793 1776/1776/1776 1775/1775/1775 1792/1792/1792
f 1794/1794/1794 1777/1777/1777 1776/1776/1776 1793/1793/1793
f 1795/1795/1795 1778/1778/1778 1777/1777/1777 1794/1794/1794
f 1796/1796/1796 1779/1779/1779 1778/1778/1778 1795/1795/1795
f 1797/1797/1797 1780/1780/1780 1779/1779/1779 1796/1796/1796
f 1798/1798/1798 1781/1781/1781 1780/1780/1780 1797/1797/1797
f 1799/1799/1799 1782/1782/1782 1781/1781/1781 1798/1798/1798
f 1800/1800/1800 1783/1783/1783 1782/1782/1782 1799/1799/1799
f 1801/1801/1801 1784/1784/1784 1783/1783/1783 1800/1800/1800
f 1802/1802/1802 1785/1785/1785 1784/1784/1784 1801/1801/1801
f 1803/1803/1803 1786/1786/1786 1785/1785/1785 1802/1802/1802
f 1805/1805/1805 1788/1788/1788 1787/1787/1787 1804/1804/1804
f 1806/1806/1806 1789/1789/1789 1788/1788/1788 1805/1805/1805
f 1807/1807/1807 1790/1790/1790 1789/1789/1789 1806/1806/1806
f 1808/1808/1808 1791/1791/1791 1790/1790/1790 1807/1807/1807
f 1809/1809/1809 1792/1792/1792 1791/1791/1791 1808/1808/1808
f 1810/1810/1810 1793/1793/1793 1792/1792/1792 1809/1809/1809
f 1811/1811/1811 1794/1794/1794 1793/1793/1793 1810/1810/1810
f 1812/1812/1812 1795/1795/1795 1794/1794/1794 1811/1811/1811
f 1813/1813/1813 1796/1796/1796 1795/1795/1795 1812/1812/1812
f 1814/1814/1814 1797/1797/1797 1796/1796/1796 1813/1813/1813
f 1815/1815/1815 1798/1798/1798 1797/1797/1797 1814/1814/1814
f 1816/1816/1816 1799/1799/1799 1798/1798/1798 1815/1815/1815
f 1817/1817/1817 1800/1800/1800 1799/1799/1799 1816/1816/1816
f 1818/1818/1818 1801/1801/1801 1800/1800/1800 1817/1817/1817
f 1819/1819/1819 1802/1802/1802 1801/1801/1801 1818/1818/1818
f 1820/1820/1820 1803/1803/1803 1802/1802/1802 1819/1819/1819
f 1856/1856/1856 1822/1822/1822 1805/1805/1805
f 1804/1804/1804 1821/1821/1821 1856/1856/1856
f 1805/1805/1805 1804/1804/1804 1856/1856/1856
f 1860/1860/1860 1823/1823/1823 1806/1806/1806
f 1805/1805/1805 1822/1822/1822 1860/1860/1860
f 1806/1806/1806 1805/1805/1805 1860/1860/1860
f 1863/1863/1863 1824/1824/1824 1807/1807/1807
f 1806/1806/1806 1823/1823/1823 1863/1863/1863
f 1807/1807/1807 1806/1806/1806 1863/1863/1863
f 1866/1866/1866 1825/1825/1825 1808/1808/1808
f 1807/1807/1807 1824/1824/1824 1866/1866/1866
f 1808/1808/1808 1807/1807/1807 1866/1866/1866
f 1869/1869/1869 1826/1826/1826 1809/1809/1809
f 1808/1808/1808 1825/1825/1825 1869/1869/1869
f 1809/1809/1809 1808/1808/1808 1869/1869/1869
f 1872/1872/1872 1827/1827/1827 1810/1810/1810
f 1809/1809/1809 1826/1826/1826 1872/1872/1872
f 1810/1810/1810 1809/1809/1809 1872/1872/1872
f 1875/1875/1875 1828/1828/1828 1811/1811/1811
f 1810/1810/1810 1827/1827/1827 1875/1875/1875
f 1811/1811/1811 1810/1810/1810 1875/1875/1875
f 1878/1878/1878 1829/1829/1829 1812/1812/1812
f 1811/1811/1811 1828/1828/1828 1878/1878/1878
f 1812/1812/1812 1811/1811/1811 1878/1878/1878
f 1881/1881/1881 1830/1830/1830 1813/1813/1813
f 1812/1812/1812 1829/1829/1829 1881/1881/1881
f 1813/1813/1813 1812/1812/1812 1881/1881/1881
f 1884/1884/1884 1831/1831/1831 1814/1814/1814
f 1813/1813/1813 1830/1830/1830 1884/1884/1884
f 1814/1814/1814 1813/1813/1813 1884/1884/1884
f 1887/1887/1887 1832/1832/1832 1815/1815/1815
f 1814/1814/1814 1831/1831/1831 1887/1887/1887
f 1815/1815/1815 1814/1814/1814 1887/1887/1887
f 1833/1833/1833 1816/1816/1816 1815/1815/1815 1832/1832/1832
f 1890/1890/1890 1834/1834/1834 1817/1817/1817
f 1816/1816/1816 1833/1833/1833 1890/1890/1890
f 1817/1817/1817 1816/1816/1816 1890/1890/1890
f 1894/1894/1894 1835/1835/1835 1818/1818/1818
f 1817/1817/1817 1834/1834/1834 1894/1894/1894
f 1818/1818/1818 1817/1817/1817 1894/1894/1894
f 1897/1897/1897 1836/1836/1836 1819/1819/1819
f 1818/1818/1818 1835/1835/1835 1897/1897/1897
f 1819/1819/1819 1818/1818/1818 1897/1897/1897
f 1900/1900/1900 1837/1837/1837 1820/1820/1820
f 1819/1819/1819 1836/1836/1836 1900/1900/1900
f 1820/1820/1820 1819/1819/1819 1900/1900/1900
f 1855/1855/1855 1822/1822/1822 1856/1856/1856 1858/1858/1858
f 1858/1858/1858 1856/1856/1856 1821/1821/1821 1857/1857/1857
f 1859/1859/1859 1823/1823/1823 1860/1860/1860 1861/1861/1861
f 1861/1861/1861 1860/1860/1860 1822/1822/1822 1855/1855/1855
f 1862/1862/1862 1824/1824/1824 1863/1863/1863 1864/1864/1864
f 1864/1864/1864 1863/1863/1863 1823/1823/1823 1859/1859/1859
f 1865/1865/1865 1825/1825/1825 1866/1866/1866 1867/1867/1867
f 1867/1867/1867 1866/1866/1866 1824/1824/1824 1862/1862/1862
f 1868/1868/1868 1826/1826/1826 1869/1869/1869 1870/1870/1870
f 1870/1870/1870 1869/1869/1869 1825/1825/1825 1865/1865/1865
f 1871/1871/1871 1827/1827/1827 1872/1872/1872 1873/1873/1873
f 1873/1873/1873 1872/1872/1872 1826/1826/1826 1868/1868/1868
f 1874/1874/1874 1828/1828/1828 1875/1875/1875 1876/1876/1876
f 1876/1876/1876 1875/1875/1875 1827/1827/1827 1871/1871/1871
f 1877/1877/1877 1829/1829/1829 1878/1878/1878 1879/1879/1879
f 1879/1879/1879 1878/1878/1878 1828/1828/1828 1874/1874/1874
f 1880/1880/1880 1830/1830/1830 1881/1881/1881 1882/1882/1882
f 1882/1882/1882 1881/1881/1881 1829/1829/1829 1877/1877/1877
f 1883/1883/1883 1831/1831/1831 1884/1884/1884 1885/1885/1885
f 1885/1885/1885 1884/1884/1884 1830/1830/1830 1880/1880/1880
f 1886/1886/1886 1832/1832/1832 1887/1887/1887 1888/1888/1888
f 1888/1888/1888 1887/1887/1887 1831/1831/1831 1883/1883/1883
f 1889/1889/1889 1834/1834/1834 1890/1890/1890 1892/1892/1892
f 1892/1892/1892 1890/1890/1890 1833/1833/1833 1891/1891/1891
f 1893/1893/1893 1835/1835/1835 1894/1894/1894 1895/1895/1895
f 1895/1895/1895 1894/1894/1894 1834/1834/1834 1889/1889/1889
f 1896/1896/1896 1836/1836/1836 1897/1897/1897 1898/1898/1898
f 1898/1898/1898 1897/1897/1897 1835/1835/1835 1893/1893/1893
f 1899/1899/1899 1837/1837/1837 1900/1900/1900 1901/1901/1901
f 1901/1901/1901 1900/1900/1900 1836/1836/1836 1896/1896/1896
f 1725/1725/1725 1916/1916/1916 1917/1917/1917
f 1724/1724/1724 1725/1725/1725 1917/1917/1917
f 1916/1916/1916 1956/1956/1956 1915/1915/1915
f 1916/1916/1916 1725/1725/1725 1737/1737/1737
f 1957/1957/1957 1915/1915/1915 1956/1956/1956
f 1916/1916/1916 1953/1953/1953 1956/1956/1956
f 1937/1937/1937 1911/1911/1911 1912/1912/1912
f 1950/1950/1950 1951/1951/1951 1914/1914/1914
f 1943/1943/1943 1912/1912/1912 1913/1913/1913
f 1914/1914/1914 1949/1949/1949 1913/1913/1913
f 1950/1950/1950 1914/1914/1914 1915/1915/1915
f 1950/1950/1950 1915/1915/1915 1957/1957/1957
f 1914/1914/1914 1951/1951/1951 1949/1949/1949
f 1953/1953/1953 1954/1954/1954 1956/1956/1956
f 1949/1949/1949 1947/1947/1947 1940/1940/1940 1913/1913/1913
f 1737/1737/1737 1953/1953/1953 1916/1916/1916
f 1913/1913/1913 1940/1940/1940 1941/1941/1941 1943/1943/1943
f 1912/1912/1912 1943/1943/1943 1944/1944/1944
f 1912/1912/1912 1944/1944/1944 1937/1937/1937
f 1932/1932/1932 1936/1936/1936 1934/1934/1934
f 1911/1911/1911 1938/1938/1938 1936/1936/1936
f 1911/1911/1911 1937/1937/1937 1938/1938/1938
f 1910/1910/1910 1911/1911/1911 1936/1936/1936
f 1907/1907/1907 1926/1926/1926 1906/1906/1906
f 1908/1908/1908 1929/1929/1929 1907/1907/1907
f 1907/1907/1907 1929/1929/1929 1930/1930/1930
f 1907/1907/1907 1930/1930/1930 1926/1926/1926
f 1929/1929/1929 1908/1908/1908 1729/1729/1729
f 1927/1927/1927 1906/1906/1906 1926/1926/1926
f 1920/1920/1920 1904/1904/1904 1905/1905/1905
f 1723/1723/1723 1924/1924/1924 1905/1905/1905
f 1923/1923/1923 1924/1924/1924 1723/1723/1723
f 1905/1905/1905 1924/1924/1924 1920/1920/1920
f 1904/1904/1904 1919/1919/1919 1903/1903/1903
f 1927/1927/1927 1923/1923/1923 1723/1723/1723
f 1927/1927/1927 1723/1723/1723 1906/1906/1906
f 1726/1726/1726 1909/1909/1909 1910/1910/1910
f 1932/1932/1932 1726/1726/1726 1910/1910/1910
f 1727/1727/1727 1909/1909/1909 1726/1726/1726
f 1728/1728/1728 1729/1729/1729 1908/1908/1908
f 1909/1909/1909 1727/1727/1727 1728/1728/1728
f 1932/1932/1932 1910/1910/1910 1936/1936/1936
f 1904/1904/1904 1920/1920/1920 1921/1921/1921
f 1904/1904/1904 1921/1921/1921 1919/1919/1919
f 1734/1734/1734 1902/1902/1902 1903/1903/1903
f 1734/1734/1734 1735/1735/1735 1902/1902/1902
f 1734/1734/1734 1903/1903/1903 1733/1733/1733
f 1733/1733/1733 1903/1903/1903 1919/1919/1919
f 1743/1743/1743 1726/1726/1726 1932/1932/1932
f 1728/1728/1728 1908/1908/1908 1909/1909/1909
f 1738/1738/1738 1953/1953/1953 1737/1737/1737
f 1838/1838/1838 1858/1858/1858 1857/1857/1857
f 1843/1843/1843 1861/1861/1861 1855/1855/1855
f 1844/1844/1844 1859/1859/1859 1861/1861/1861
f 1855/1855/1855 1858/1858/1858 1843/1843/1843
f 1932/1932/1932 1742/1742/1742 1743/1743/1743
f 1845/1845/1845 1867/1867/1867 1862/1862/1862
f 1839/1839/1839 1870/1870/1870 1865/1865/1865
f 1865/1865/1865 1867/1867/1867 1839/1839/1839
f 1862/1862/1862 1864/1864/1864 1845/1845/1845
f 1864/1864/1864 1859/1859/1859 1844/1844/1844
f 1861/1861/1861 1843/1843/1843 1844/1844/1844
f 1838/1838/1838 1843/1843/1843 1858/1858/1858
f 1864/1864/1864 1844/1844/1844 1845/1845/1845
f 1845/1845/1845 1839/1839/1839 1867/1867/1867
f 1870/1870/1870 1846/1846/1846 1868/1868/1868
f 1839/1839/1839 1846/1846/1846 1870/1870/1870
f 1873/1873/1873 1868/1868/1868 1846/1846/1846
f 1847/1847/1847 1871/1871/1871 1873/1873/1873
f 1847/1847/1847 1876/1876/1876 1871/1871/1871
f 1876/1876/1876 1848/1848/1848 1874/1874/1874
f 1848/1848/1848 1879/1879/1879 1874/1874/1874
f 1879/1879/1879 1848/1848/1848 1840/1840/1840
f 1847/1847/1847 1848/1848/1848 1876/1876/1876
f 1847/1847/1847 1873/1873/1873 1846/1846/1846
f 1840/1840/1840 1882/1882/1882 1877/1877/1877
f 1849/1849/1849 1880/1880/1880 1882/1882/1882
f 1850/1850/1850 1883/1883/1883 1885/1885/1885
f 1850/1850/1850 1888/1888/1888 1883/1883/1883
f 1885/1885/1885 1880/1880/1880 1849/1849/1849
f 1833/1833/1833 1832/1832/1832 1886/1886/1886 1891/1891/1891
f 1841/1841/1841 1892/1892/1892 1891/1891/1891
f 1852/1852/1852 1895/1895/1895 1889/1889/1889
f 1889/1889/1889 1892/1892/1892 1852/1852/1852
f 1891/1891/1891 1886/1886/1886 1851/1851/1851 1841/1841/1841
f 1886/1886/1886 1888/1888/1888 1851/1851/1851
f 1849/1849/1849 1850/1850/1850 1885/1885/1885
f 1850/1850/1850 1851/1851/1851 1888/1888/1888
f 1841/1841/1841 1852/1852/1852 1892/1892/1892
f 1895/1895/1895 1853/1853/1853 1893/1893/1893
f 1852/1852/1852 1853/1853/1853 1895/1895/1895
f 1898/1898/1898 1893/1893/1893 1853/1853/1853
f 1854/1854/1854 1896/1896/1896 1898/1898/1898
f 1854/1854/1854 1842/1842/1842 1901/1901/1901 1896/1896/1896
f 1901/1901/1901 1842/1842/1842 1899/1899/1899
f 1898/1898/1898 1853/1853/1853 1854/1854/1854
f 1840/1840/1840 1849/1849/1849 1882/1882/1882
f 1840/1840/1840 1877/1877/1877 1879/1879/1879
f 1965/1965/1965 1991/1991/1991 1993/1993/1993 1990/1990/1990
f 1990/1990/1990 1993/1993/1993 1992/1992/1992 1964/1964/1964
f 1967/1967/1967 1987/1987/1987 1989/1989/1989 1986/1986/1986
f 1986/1986/1986 1989/1989/1989 1988/1988/1988 1966/1966/1966
f 2006/2006/2006 1965/1965/1965 1990/1990/1990 2008/2008/2008
f 2008/2008/2008 1990/1990/1990 1964/1964/1964 2007/2007/2007
f 2009/2009/2009 1967/1967/1967 1986/1986/1986 2011/2011/2011
f 2011/2011/2011 1986/1986/1986 1966/1966/1966 2010/2010/2010
f 1963/1963/1963 1985/1985/1985 1958/1958/1958
f 2012/2012/2012 1984/1984/1984 1985/1985/1985
f 1959/1959/1959 1983/1983/1983 2013/2013/2013 2014/2014/2014
f 1981/1981/1981 1982/1982/1982 2015/2015/2015 2016/2016/2016
f 1982/1982/1982 1959/1959/1959 2014/2014/2014 2015/2015/2015
f 1983/1983/1983 1984/1984/1984 2012/2012/2012 2013/2013/2013
f 1963/1963/1963 1994/1994/1994 1985/1985/1985
f 2014/2014/2014 2013/2013/2013 1996/1996/1996 1970/1970/1970
f 2013/2013/2013 2012/2012/2012 1995/1995/1995 1996/1996/1996
f 1980/1980/1980 1981/1981/1981 2016/2016/2016 2017/2017/2017
f 2017/2017/2017 2016/2016/2016 1998/1998/1998 1999/1999/1999
f 2016/2016/2016 2015/2015/2015 1997/1997/1997 1998/1998/1998
f 1960/1960/1960 1980/1980/1980 2017/2017/2017 2018/2018/2018
f 2015/2015/2015 2014/2014/2014 1970/1970/1970 1997/1997/1997
f 1985/1985/1985 1994/1994/1994 2012/2012/2012
f 1979/1979/1979 1960/1960/1960 2018/2018/2018 2019/2019/2019
f 1992/1992/1992 1978/1978/1978 1979/1979/1979
f 1961/1961/1961 1977/1977/1977 1991/1991/1991 1988/1988/1988
f 1987/1987/1987 1975/1975/1975 1976/1976/1976
f 1976/1976/1976 1961/1961/1961 1988/1988/1988 1989/1989/1989
f 1977/1977/1977 1978/1978/1978 1992/1992/1992 1993/1993/1993
f 1993/1993/1993 1991/1991/1991 1977/1977/1977
f 1988/1988/1988 1991/1991/1991 1965/1965/1965 1966/1966/1966
f 1962/1962/1962 1974/1974/1974 2020/2020/2020 1968/1968/1968
f 1974/1974/1974 1975/1975/1975 2020/2020/2020
f 1976/1976/1976 1989/1989/1989 1987/1987/1987
f 1975/1975/1975 1987/1987/1987 1967/1967/1967
f 1992/1992/1992 1979/1979/1979 2019/2019/2019
f 1994/1994/1994 1995/1995/1995 2012/2012/2012
f 2000/2000/2000 2007/2007/2007 2019/2019/2019
f 2019/2019/2019 2007/2007/2007 1964/1964/1964
f 2019/2019/2019 2018/2018/2018 1971/1971/1971 2000/2000/2000
f 1992/1992/1992 2019/2019/2019 1964/1964/1964
f 1969/1969/1969 1994/1994/1994 1963/1963/1963
f 2018/2018/2018 2017/2017/2017 1999/1999/1999 1971/1971/1971
f 2007/2007/2007 2000/2000/2000 2001/2001/2001
f 2008/2008/2008 2007/2007/2007 2001/2001/2001
f 1966/1966/1966 1965/1965/1965 2006/2006/2006 2010/2010/2010
f 2002/2002/2002 2006/2006/2006 2008/2008/2008
f 1975/1975/1975 1967/1967/1967 2020/2020/2020
f 2020/2020/2020 1967/1967/1967 2004/2004/2004 2005/2005/2005
f 1968/1968/1968 2020/2020/2020 2005/2005/2005 1973/1973/1973
f 2010/2010/2010 2006/2006/2006 2002/2002/2002 1972/1972/1972
f 2011/2011/2011 2010/2010/2010 1972/1972/1972
f 2011/2011/2011 1972/1972/1972 2003/2003/2003
f 2009/2009/2009 2011/2011/2011 2003/2003/2003
f 2003/2003/2003 2004/2004/2004 2009/2009/2009
f 2004/2004/2004 1967/1967/1967 2009/2009/2009
f 2002/2002/2002 2008/2008/2008 2001/2001/2001
f 2027/2027/2027 2169/2169/2169 2173/2173/2173 2171/2171/2171
f 2171/2171/2171 2173/2173/2173 2172/2172/2172 2026/2026/2026
f 2028/2028/2028 2166/2166/2166 2170/2170/2170 2168/2168/2168
f 2168/2168/2168 2170/2170/2170 2169/2169/2169 2027/2027/2027
f 2029/2029/2029 2163/2163/2163 2167/2167/2167 2165/2165/2165
f 2165/2165/2165 2167/2167/2167 2166/2166/2166 2028/2028/2028
f 2030/2030/2030 2160/2160/2160 2164/2164/2164 2162/2162/2162
f 2162/2162/2162 2164/2164/2164 2163/2163/2163 2029/2029/2029
f 2031/2031/2031 2157/2157/2157 2161/2161/2161 2159/2159/2159
f 2159/2159/2159 2161/2161/2161 2160/2160/2160 2030/2030/2030
f 2032/2032/2032 2154/2154/2154 2158/2158/2158 2156/2156/2156
f 2156/2156/2156 2158/2158/2158 2157/2157/2157 2031/2031/2031
f 2033/2033/2033 2151/2151/2151 2155/2155/2155 2153/2153/2153
f 2153/2153/2153 2155/2155/2155 2154/2154/2154 2032/2032/2032
f 2034/2034/2034 2148/2148/2148 2152/2152/2152 2150/2150/2150
f 2150/2150/2150 2152/2152/2152 2151/2151/2151 2033/2033/2033
f 2035/2035/2035 2145/2145/2145 2149/2149/2149 2147/2147/2147
f 2147/2147/2147 2149/2149/2149 2148/2148/2148 2034/2034/2034
f 2036/2036/2036 2142/2142/2142 2146/2146/2146 2144/2144/2144
f 2144/2144/2144 2146/2146/2146 2145/2145/2145 2035/2035/2035
f 2037/2037/2037 2141/2141/2141 2143/2143/2143 2140/2140/2140
f 2140/2140/2140 2143/2143/2143 2142/2142/2142 2036/2036/2036
f 2039/2039/2039 2135/2135/2135 2139/2139/2139 2137/2137/2137
f 2137/2137/2137 2139/2139/2139 2138/2138/2138 2038/2038/2038
f 2040/2040/2040 2132/2132/2132 2136/2136/2136 2134/2134/2134
f 2134/2134/2134 2136/2136/2136 2135/2135/2135 2039/2039/2039
f 2041/2041/2041 2129/2129/2129 2133/2133/2133 2131/2131/2131
f 2131/2131/2131 2133/2133/2133 2132/2132/2132 2040/2040/2040
f 2042/2042/2042 2128/2128/2128 2130/2130/2130 2127/2127/2127
f 2127/2127/2127 2130/2130/2130 2129/2129/2129 2041/2041/2041
f 2171/2171/2171 2026/2026/2026 2043/2043/2043
f 2044/2044/2044 2027/2027/2027 2171/2171/2171
f 2043/2043/2043 2044/2044/2044 2171/2171/2171
f 2168/2168/2168 2027/2027/2027 2044/2044/2044
f 2045/2045/2045 2028/2028/2028 2168/2168/2168
f 2044/2044/2044 2045/2045/2045 2168/2168/2168
f 2165/2165/2165 2028/2028/2028 2045/2045/2045
f 2046/2046/2046 2029/2029/2029 2165/2165/2165
f 2045/2045/2045 2046/2046/2046 2165/2165/2165
f 2162/2162/2162 2029/2029/2029 2046/2046/2046
f 2047/2047/2047 2030/2030/2030 2162/2162/2162
f 2046/2046/2046 2047/2047/2047 2162/2162/2162
f 2159/2159/2159 2030/2030/2030 2047/2047/2047
f 2048/2048/2048 2031/2031/2031 2159/2159/2159
f 2047/2047/2047 2048/2048/2048 2159/2159/2159
f 2156/2156/2156 2031/2031/2031 2048/2048/2048
f 2049/2049/2049 2032/2032/2032 2156/2156/2156
f 2048/2048/2048 2049/2049/2049 2156/2156/2156
f 2153/2153/2153 2032/2032/2032 2049/2049/2049
f 2050/2050/2050 2033/2033/2033 2153/2153/2153
f 2049/2049/2049 2050/2050/2050 2153/2153/2153
f 2150/2150/2150 2033/2033/2033 2050/2050/2050
f 2051/2051/2051 2034/2034/2034 2150/2150/2150
f 2050/2050/2050 2051/2051/2051 2150/2150/2150
f 2147/2147/2147 2034/2034/2034 2051/2051/2051
f 2052/2052/2052 2035/2035/2035 2147/2147/2147
f 2051/2051/2051 2052/2052/2052 2147/2147/2147
f 2144/2144/2144 2035/2035/2035 2052/2052/2052
f 2053/2053/2053 2036/2036/2036 2144/2144/2144
f 2052/2052/2052 2053/2053/2053 2144/2144/2144
f 2140/2140/2140 2036/2036/2036 2053/2053/2053
f 2054/2054/2054 2037/2037/2037 2140/2140/2140
f 2053/2053/2053 2054/2054/2054 2140/2140/2140
f 2055/2055/2055 2038/2038/2038 2037/2037/2037 2054/2054/2054
f 2137/2137/2137 2038/2038/2038 2055/2055/2055
f 2056/2056/2056 2039/2039/2039 2137/2137/2137
f 2055/2055/2055 2056/2056/2056 2137/2137/2137
f 2134/2134/2134 2039/2039/2039 2056/2056/2056
f 2057/2057/2057 2040/2040/2040 2134/2134/2134
f 2056/2056/2056 2057/2057/2057 2134/2134/2134
f 2131/2131/2131 2040/2040/2040 2057/2057/2057
f 2058/2058/2058 2041/2041/2041 2131/2131/2131
f 2057/2057/2057 2058/2058/2058 2131/2131/2131
f 2127/2127/2127 2041/2041/2041 2058/2058/2058
f 2059/2059/2059 2042/2042/2042 2127/2127/2127
f 2058/2058/2058 2059/2059/2059 2127/2127/2127
f 2061/2061/2061 2044/2044/2044 2043/2043/2043 2060/2060/2060
f 2062/2062/2062 2045/2045/2045 2044/2044/2044 2061/2061/2061
f 2063/2063/2063 2046/2046/2046 2045/2045/2045 2062/2062/2062
f 2064/2064/2064 2047/2047/2047 2046/2046/2046 2063/2063/2063
f 2065/2065/2065 2048/2048/2048 2047/2047/2047 2064/2064/2064
f 2066/2066/2066 2049/2049/2049 2048/2048/2048 2065/2065/2065
f 2067/2067/2067 2050/2050/2050 2049/2049/2049 2066/2066/2066
f 2068/2068/2068 2051/2051/2051 2050/2050/2050 2067/2067/2067
f 2069/2069/2069 2052/2052/2052 2051/2051/2051 2068/2068/2068
f 2070/2070/2070 2053/2053/2053 2052/2052/2052 2069/2069/2069
f 2071/2071/2071 2054/2054/2054 2053/2053/2053 2070/2070/2070
f 2072/2072/2072 2055/2055/2055 2054/2054/2054 2071/2071/2071
f 2073/2073/2073 2056/2056/2056 2055/2055/2055 2072/2072/2072
f 2074/2074/2074 2057/2057/2057 2056/2056/2056 2073/2073/2073
f 2075/2075/2075 2058/2058/2058 2057/2057/2057 2074/2074/2074
f 2076/2076/2076 2059/2059/2059 2058/2058/2058 2075/2075/2075
f 2078/2078/2078 2061/2061/2061 2060/2060/2060 2077/2077/2077
f 2079/2079/2079 2062/2062/2062 2061/2061/2061 2078/2078/2078
f 2080/2080/2080 2063/2063/2063 2062/2062/2062 2079/2079/2079
f 2081/2081/2081 2064/2064/2064 2063/2063/2063 2080/2080/2080
f 2082/2082/2082 2065/2065/2065 2064/2064/2064 2081/2081/2081
f 2083/2083/2083 2066/2066/2066 2065/2065/2065 2082/2082/2082
f 2084/2084/2084 2067/2067/2067 2066/2066/2066 2083/2083/2083
f 2085/2085/2085 2068/2068/2068 2067/2067/2067 2084/2084/2084
f 2086/2086/2086 2069/2069/2069 2068/2068/2068 2085/2085/2085
f 2087/2087/2087 2070/2070/2070 2069/2069/2069 2086/2086/2086
f 2088/2088/2088 2071/2071/2071 2070/2070/2070 2087/2087/2087
f 2089/2089/2089 2072/2072/2072 2071/2071/2071 2088/2088/2088
f 2090/2090/2090 2073/2073/2073 2072/2072/2072 2089/2089/2089
f 2091/2091/2091 2074/2074/2074 2073/2073/2073 2090/2090/2090
f 2092/2092/2092 2075/2075/2075 2074/2074/2074 2091/2091/2091
f 2093/2093/2093 2076/2076/2076 2075/2075/2075 2092/2092/2092
f 2179/2179/2179 2095/2095/2095 2078/2078/2078
f 2077/2077/2077 2094/2094/2094 2179/2179/2179
f 2078/2078/2078 2077/2077/2077 2179/2179/2179
f 2183/2183/2183 2096/2096/2096 2079/2079/2079
f 2078/2078/2078 2095/2095/2095 2183/2183/2183
f 2079/2079/2079 2078/2078/2078 2183/2183/2183
f 2186/2186/2186 2097/2097/2097 2080/2080/2080
f 2079/2079/2079 2096/2096/2096 2186/2186/2186
f 2080/2080/2080 2079/2079/2079 2186/2186/2186
f 2189/2189/2189 2098/2098/2098 2081/2081/2081
f 2080/2080/2080 2097/2097/2097 2189/2189/2189
f 2081/2081/2081 2080/2080/2080 2189/2189/2189
f 2214/2214/2214 2099/2099/2099 2082/2082/2082
f 2081/2081/2081 2098/2098/2098 2214/2214/2214
f 2082/2082/2082 2081/2081/2081 2214/2214/2214
f 2217/2217/2217 2100/2100/2100 2083/2083/2083
f 2082/2082/2082 2099/2099/2099 2217/2217/2217
f 2083/2083/2083 2082/2082/2082 2217/2217/2217
f 2220/2220/2220 2101/2101/2101 2084/2084/2084
f 2083/2083/2083 2100/2100/2100 2220/2220/2220
f 2084/2084/2084 2083/2083/2083 2220/2220/2220
f 2102/2102/2102 2085/2085/2085 2084/2084/2084 2101/2101/2101
f 2223/2223/2223 2103/2103/2103 2086/2086/2086
f 2085/2085/2085 2102/2102/2102 2223/2223/2223
f 2086/2086/2086 2085/2085/2085 2223/2223/2223
f 2227/2227/2227 2104/2104/2104 2087/2087/2087
f 2086/2086/2086 2103/2103/2103 2227/2227/2227
f 2087/2087/2087 2086/2086/2086 2227/2227/2227
f 2230/2230/2230 2105/2105/2105 2088/2088/2088
f 2087/2087/2087 2104/2104/2104 2230/2230/2230
f 2088/2088/2088 2087/2087/2087 2230/2230/2230
f 2232/2232/2232 2106/2106/2106 2089/2089/2089
f 2088/2088/2088 2105/2105/2105 2232/2232/2232
f 2089/2089/2089 2088/2088/2088 2232/2232/2232
f 2195/2195/2195 2107/2107/2107 2090/2090/2090
f 2089/2089/2089 2106/2106/2106 2195/2195/2195
f 2090/2090/2090 2089/2089/2089 2195/2195/2195
f 2199/2199/2199 2108/2108/2108 2091/2091/2091
f 2090/2090/2090 2107/2107/2107 2199/2199/2199
f 2091/2091/2091 2090/2090/2090 2199/2199/2199
f 2202/2202/2202 2109/2109/2109 2092/2092/2092
f 2091/2091/2091 2108/2108/2108 2202/2202/2202
f 2092/2092/2092 2091/2091/2091 2202/2202/2202
f 2205/2205/2205 2110/2110/2110 2093/2093/2093
f 2092/2092/2092 2109/2109/2109 2205/2205/2205
f 2093/2093/2093 2092/2092/2092 2205/2205/2205
f 2178/2178/2178 2095/2095/2095 2179/2179/2179 2181/2181/2181
f 2181/2181/2181 2179/2179/2179 2094/2094/2094 2180/2180/2180
f 2182/2182/2182 2096/2096/2096 2183/2183/2183 2184/2184/2184
f 2184/2184/2184 2183/2183/2183 2095/2095/2095 2178/2178/2178
f 2185/2185/2185 2097/2097/2097 2186/2186/2186 2187/2187/2187
f 2187/2187/2187 2186/2186/2186 2096/2096/2096 2182/2182/2182
f 2188/2188/2188 2098/2098/2098 2189/2189/2189 2190/2190/2190
f 2190/2190/2190 2189/2189/2189 2097/2097/2097 2185/2185/2185
f 2213/2213/2213 2099/2099/2099 2214/2214/2214 2215/2215/2215
f 2215/2215/2215 2214/2214/2214 2098/2098/2098 2188/2188/2188
f 2216/2216/2216 2100/2100/2100 2217/2217/2217 2218/2218/2218
f 2218/2218/2218 2217/2217/2217 2099/2099/2099 2213/2213/2213
f 2219/2219/2219 2101/2101/2101 2220/2220/2220 2221/2221/2221
f 2221/2221/2221 2220/2220/2220 2100/2100/2100 2216/2216/2216
f 2222/2222/2222 2103/2103/2103 2223/2223/2223 2225/2225/2225
f 2225/2225/2225 2223/2223/2223 2102/2102/2102 2224/2224/2224
f 2226/2226/2226 2104/2104/2104 2227/2227/2227 2228/2228/2228
f 2228/2228/2228 2227/2227/2227 2103/2103/2103 2222/2222/2222
f 2229/2229/2229 2105/2105/2105 2230/2230/2230 2231/2231/2231
f 2231/2231/2231 2230/2230/2230 2104/2104/2104 2226/2226/2226
f 2196/2196/2196 2106/2106/2106 2232/2232/2232 2233/2233/2233
f 2233/2233/2233 2232/2232/2232 2105/2105/2105 2229/2229/2229
f 2194/2194/2194 2107/2107/2107 2195/2195/2195 2197/2197/2197
f 2197/2197/2197 2195/2195/2195 2106/2106/2106 2196/2196/2196
f 2198/2198/2198 2108/2108/2108 2199/2199/2199 2200/2200/2200
f 2200/2200/2200 2199/2199/2199 2107/2107/2107 2194/2194/2194
f 2201/2201/2201 2109/2109/2109 2202/2202/2202 2203/2203/2203
f 2203/2203/2203 2202/2202/2202 2108/2108/2108 2198/2198/2198
f 2204/2204/2204 2110/2110/2110 2205/2205/2205 2206/2206/2206
f 2206/2206/2206 2205/2205/2205 2109/2109/2109 2201/2201/2201
f 2126/2126/2126 2021/2021/2021 2172/2172/2172 2173/2173/2173
f 2125/2125/2125 2126/2126/2126 2169/2169/2169 2170/2170/2170
f 2126/2126/2126 2173/2173/2173 2169/2169/2169
f 2124/2124/2124 2125/2125/2125 2166/2166/2166 2167/2167/2167
f 2022/2022/2022 2124/2124/2124 2163/2163/2163 2164/2164/2164
f 2123/2123/2123 2022/2022/2022 2160/2160/2160 2161/2161/2161
f 2121/2121/2121 2122/2122/2122 2154/2154/2154 2155/2155/2155
f 2023/2023/2023 2121/2121/2121 2151/2151/2151 2152/2152/2152
f 2122/2122/2122 2123/2123/2123 2157/2157/2157 2158/2158/2158
f 2125/2125/2125 2170/2170/2170 2166/2166/2166
f 2022/2022/2022 2164/2164/2164 2160/2160/2160
f 2124/2124/2124 2167/2167/2167 2163/2163/2163
f 2123/2123/2123 2161/2161/2161 2157/2157/2157
f 2121/2121/2121 2155/2155/2155 2151/2151/2151
f 2122/2122/2122 2158/2158/2158 2154/2154/2154
f 2148/2148/2148 2023/2023/2023 2152/2152/2152
f 2119/2119/2119 2120/2120/2120 2145/2145/2145 2146/2146/2146
f 2148/2148/2148 2149/2149/2149 2023/2023/2023
f 2149/2149/2149 2120/2120/2120 2023/2023/2023
f 2120/2120/2120 2149/2149/2149 2145/2145/2145
f 2142/2142/2142 2119/2119/2119 2146/2146/2146
f 2024/2024/2024 2118/2118/2118 2141/2141/2141 2138/2138/2138
f 2117/2117/2117 2024/2024/2024 2138/2138/2138 2139/2139/2139
f 2115/2115/2115 2116/2116/2116 2132/2132/2132 2133/2133/2133
f 2116/2116/2116 2117/2117/2117 2135/2135/2135 2136/2136/2136
f 2025/2025/2025 2115/2115/2115 2129/2129/2129 2130/2130/2130
f 2119/2119/2119 2142/2142/2142 2143/2143/2143
f 2119/2119/2119 2143/2143/2143 2118/2118/2118
f 2118/2118/2118 2143/2143/2143 2141/2141/2141
f 2138/2138/2138 2141/2141/2141 2037/2037/2037 2038/2038/2038
f 2116/2116/2116 2136/2136/2136 2132/2132/2132
f 2115/2115/2115 2133/2133/2133 2129/2129/2129
f 2025/2025/2025 2130/2130/2130 2128/2128/2128
f 2117/2117/2117 2139/2139/2139 2135/2135/2135
f 2111/2111/2111 2181/2181/2181 2180/2180/2180
f 2174/2174/2174 2178/2178/2178 2181/2181/2181
f 2175/2175/2175 2182/2182/2182 2184/2184/2184
f 2175/2175/2175 2187/2187/2187 2182/2182/2182
f 2184/2184/2184 2178/2178/2178 2174/2174/2174
f 2102/2102/2102 2101/2101/2101 2219/2219/2219 2224/2224/2224
f 2177/2177/2177 2188/2188/2188 2190/2190/2190
f 2177/2177/2177 2215/2215/2215 2188/2188/2188
f 2190/2190/2190 2185/2185/2185 2176/2176/2176
f 2185/2185/2185 2187/2187/2187 2176/2176/2176
f 2174/2174/2174 2175/2175/2175 2184/2184/2184
f 2175/2175/2175 2176/2176/2176 2187/2187/2187
f 2177/2177/2177 2207/2207/2207 2215/2215/2215
f 2215/2215/2215 2207/2207/2207 2213/2213/2213
f 2176/2176/2176 2177/2177/2177 2190/2190/2190
f 2218/2218/2218 2213/2213/2213 2207/2207/2207
f 2208/2208/2208 2216/2216/2216 2218/2218/2218
f 2208/2208/2208 2209/2209/2209 2221/2221/2221 2216/2216/2216
f 2221/2221/2221 2209/2209/2209 2219/2219/2219
f 2218/2218/2218 2207/2207/2207 2208/2208/2208
f 2111/2111/2111 2174/2174/2174 2181/2181/2181
f 2209/2209/2209 2112/2112/2112 2224/2224/2224 2219/2219/2219
f 2112/2112/2112 2225/2225/2225 2224/2224/2224
f 2210/2210/2210 2222/2222/2222 2225/2225/2225
f 2211/2211/2211 2226/2226/2226 2228/2228/2228
f 2211/2211/2211 2231/2231/2231 2226/2226/2226
f 2228/2228/2228 2222/2222/2222 2210/2210/2210
f 2212/2212/2212 2233/2233/2233 2229/2229/2229
f 2113/2113/2113 2196/2196/2196 2233/2233/2233
f 2191/2191/2191 2194/2194/2194 2197/2197/2197
f 2192/2192/2192 2198/2198/2198 2200/2200/2200
f 2200/2200/2200 2194/2194/2194 2191/2191/2191
f 2197/2197/2197 2196/2196/2196 2113/2113/2113
f 2229/2229/2229 2231/2231/2231 2212/2212/2212
f 2210/2210/2210 2211/2211/2211 2228/2228/2228
f 2211/2211/2211 2212/2212/2212 2231/2231/2231
f 2113/2113/2113 2191/2191/2191 2197/2197/2197
f 2191/2191/2191 2192/2192/2192 2200/2200/2200
f 2212/2212/2212 2113/2113/2113 2233/2233/2233
f 2193/2193/2193 2201/2201/2201 2203/2203/2203
f 2193/2193/2193 2206/2206/2206 2201/2201/2201
f 2193/2193/2193 2114/2114/2114 2206/2206/2206
f 2114/2114/2114 2204/2204/2204 2206/2206/2206
f 2192/2192/2192 2193/2193/2193 2203/2203/2203 2198/2198/2198
f 2112/2112/2112 2210/2210/2210 2225/2225/2225
f 2368/2368/2368 2293/2293/2293 2302/2302/2302
f 2300/2300/2300 2238/2238/2238 2368/2368/2368
f 2302/2302/2302 2300/2300/2300 2368/2368/2368
f 2298/2298/2298 2235/2235/2235 2301/2301/2301
f 2302/2302/2302 2293/2293/2293 2298/2298/2298
f 2301/2301/2301 2302/2302/2302 2298/2298/2298
f 2356/2356/2356 2294/2294/2294 2360/2360/2360
f 2361/2361/2361 2328/2328/2328 2356/2356/2356
f 2360/2360/2360 2361/2361/2361 2356/2356/2356
f 2359/2359/2359 2361/2361/2361 2360/2360/2360 2292/2292/2292
f 2330/2330/2330 2353/2353/2353 2355/2355/2355 2352/2352/2352
f 2328/2328/2328 2357/2357/2357 2358/2358/2358 2356/2356/2356
f 2357/2357/2357 2330/2330/2330 2352/2352/2352 2358/2358/2358
f 2294/2294/2294 2356/2356/2356 2358/2358/2358
f 2366/2366/2366 2296/2296/2296 2365/2365/2365
f 2370/2370/2370 2297/2297/2297 2235/2235/2235
f 2298/2298/2298 2299/2299/2299 2370/2370/2370
f 2235/2235/2235 2298/2298/2298 2370/2370/2370
f 2366/2366/2366 2299/2299/2299 2298/2298/2298
f 2293/2293/2293 2296/2296/2296 2366/2366/2366
f 2298/2298/2298 2293/2293/2293 2366/2366/2366
f 2292/2292/2292 2360/2360/2360 2369/2369/2369 2367/2367/2367
f 2365/2365/2365 2296/2296/2296 2369/2369/2369
f 2360/2360/2360 2294/2294/2294 2365/2365/2365
f 2369/2369/2369 2360/2360/2360 2365/2365/2365
f 2369/2369/2369 2296/2296/2296 2293/2293/2293 2368/2368/2368
f 2367/2367/2367 2369/2369/2369 2368/2368/2368 2238/2238/2238
f 2367/2367/2367 2238/2238/2238 2363/2363/2363
f 2364/2364/2364 2292/2292/2292 2367/2367/2367
f 2363/2363/2363 2364/2364/2364 2367/2367/2367
f 2362/2362/2362 2364/2364/2364 2363/2363/2363 2241/2241/2241
f 2244/2244/2244 2340/2340/2340 2342/2342/2342 2334/2334/2334
f 2340/2340/2340 2241/2241/2241 2341/2341/2341 2342/2342/2342
f 2246/2246/2246 2333/2333/2333 2335/2335/2335 2332/2332/2332
f 2337/2337/2337 2335/2335/2335 2333/2333/2333
f 2244/2244/2244 2334/2334/2334 2337/2337/2337
f 2333/2333/2333 2244/2244/2244 2337/2337/2337
f 2335/2335/2335 2337/2337/2337 2339/2339/2339 2336/2336/2336
f 2337/2337/2337 2334/2334/2334 2338/2338/2338 2339/2339/2339
f 2248/2248/2248 2383/2383/2383 2384/2384/2384 2382/2382/2382
f 2383/2383/2383 2246/2246/2246 2332/2332/2332 2384/2384/2384
f 2262/2262/2262 2390/2390/2390 2392/2392/2392 2375/2375/2375
f 2390/2390/2390 2259/2259/2259 2391/2391/2391 2392/2392/2392
f 2264/2264/2264 2374/2374/2374 2376/2376/2376 2373/2373/2373
f 2387/2387/2387 2376/2376/2376 2374/2374/2374
f 2262/2262/2262 2375/2375/2375 2387/2387/2387
f 2374/2374/2374 2262/2262/2262 2387/2387/2387
f 2376/2376/2376 2387/2387/2387 2389/2389/2389 2386/2386/2386
f 2387/2387/2387 2375/2375/2375 2388/2388/2388 2389/2389/2389
f 2266/2266/2266 2378/2378/2378 2379/2379/2379 2377/2377/2377
f 2378/2378/2378 2264/2264/2264 2373/2373/2373 2379/2379/2379
f 2314/2314/2314 2312/2312/2312 2269/2269/2269 2313/2313/2313
f 2309/2309/2309 2282/2282/2282 2314/2314/2314
f 2313/2313/2313 2272/2272/2272 2309/2309/2309
f 2314/2314/2314 2313/2313/2313 2309/2309/2309
f 2287/2287/2287 2283/2283/2283 2291/2291/2291
f 2289/2289/2289 2275/2275/2275 2287/2287/2287
f 2291/2291/2291 2289/2289/2289 2287/2287/2287
f 2310/2310/2310 2272/2272/2272 2290/2290/2290
f 2291/2291/2291 2283/2283/2283 2310/2310/2310
f 2290/2290/2290 2291/2291/2291 2310/2310/2310
f 2305/2305/2305 2320/2320/2320 2322/2322/2322 2319/2319/2319
f 2320/2320/2320 2304/2304/2304 2321/2321/2321 2322/2322/2322
f 2322/2322/2322 2321/2321/2321 2284/2284/2284
f 2303/2303/2303 2326/2326/2326 2327/2327/2327 2325/2325/2325
f 2326/2326/2326 2305/2305/2305 2319/2319/2319 2327/2327/2327
f 2324/2324/2324 2323/2323/2323 2282/2282/2282 2308/2308/2308
f 2321/2321/2321 2304/2304/2304 2324/2324/2324
f 2308/2308/2308 2284/2284/2284 2321/2321/2321
f 2324/2324/2324 2308/2308/2308 2321/2321/2321
f 2306/2306/2306 2284/2284/2284 2308/2308/2308
f 2311/2311/2311 2286/2286/2286 2306/2306/2306
f 2308/2308/2308 2311/2311/2311 2306/2306/2306
f 2308/2308/2308 2282/2282/2282 2309/2309/2309 2311/2311/2311
f 2311/2311/2311 2309/2309/2309 2272/2272/2272 2310/2310/2310
f 2286/2286/2286 2311/2311/2311 2310/2310/2310 2283/2283/2283
f 2306/2306/2306 2286/2286/2286 2307/2307/2307
f 2307/2307/2307 2286/2286/2286 2283/2283/2283
f 2287/2287/2287 2288/2288/2288 2307/2307/2307
f 2283/2283/2283 2287/2287/2287 2307/2307/2307
f 2295/2295/2295 2288/2288/2288 2287/2287/2287
f 2275/2275/2275 2285/2285/2285 2295/2295/2295
f 2287/2287/2287 2275/2275/2275 2295/2295/2295
f 2302/2302/2302 2234/2234/2234 2237/2237/2237
f 2234/2234/2234 2302/2302/2302 2301/2301/2301
f 2302/2302/2302 2237/2237/2237 2300/2300/2300
f 2240/2240/2240 2243/2243/2243 2342/2342/2342 2341/2341/2341
f 2243/2243/2243 2338/2338/2338 2342/2342/2342
f 2240/2240/2240 2341/2341/2341 2300/2300/2300 2237/2237/2237
f 2243/2243/2243 2331/2331/2331 2339/2339/2339 2338/2338/2338
f 2238/2238/2238 2300/2300/2300 2363/2363/2363
f 2363/2363/2363 2341/2341/2341 2241/2241/2241
f 2363/2363/2363 2300/2300/2300 2341/2341/2341
f 2338/2338/2338 2334/2334/2334 2342/2342/2342
f 2340/2340/2340 2362/2362/2362 2241/2241/2241
f 2340/2340/2340 2244/2244/2244 2245/2245/2245
f 2336/2336/2336 2339/2339/2339 2331/2331/2331
f 2336/2336/2336 2332/2332/2332 2335/2335/2335
f 2336/2336/2336 2331/2331/2331 2380/2380/2380
f 2380/2380/2380 2332/2332/2332 2336/2336/2336
f 2250/2250/2250 2382/2382/2382 2381/2381/2381
f 2252/2252/2252 2393/2393/2393 2250/2250/2250
f 2380/2380/2380 2381/2381/2381 2384/2384/2384 2332/2332/2332
f 2254/2254/2254 2394/2394/2394 2393/2393/2393 2252/2252/2252
f 2333/2333/2333 2245/2245/2245 2244/2244/2244
f 2248/2248/2248 2249/2249/2249 2383/2383/2383
f 2250/2250/2250 2248/2248/2248 2382/2382/2382
f 2393/2393/2393 2248/2248/2248 2250/2250/2250
f 2248/2248/2248 2393/2393/2393 2251/2251/2251 2249/2249/2249
f 2383/2383/2383 2247/2247/2247 2246/2246/2246
f 2382/2382/2382 2384/2384/2384 2381/2381/2381
f 2246/2246/2246 2247/2247/2247 2333/2333/2333
f 2394/2394/2394 2254/2254/2254 2256/2256/2256 2395/2395/2395
f 2253/2253/2253 2393/2393/2393 2394/2394/2394 2255/2255/2255
f 2350/2350/2350 2370/2370/2370 2299/2299/2299
f 2370/2370/2370 2350/2350/2350 2351/2351/2351
f 2350/2350/2350 2299/2299/2299 2349/2349/2349
f 2297/2297/2297 2370/2370/2370 2351/2351/2351
f 2349/2349/2349 2366/2366/2366 2348/2348/2348
f 2294/2294/2294 2346/2346/2346 2347/2347/2347
f 2358/2358/2358 2352/2352/2352 2345/2345/2345
f 2347/2347/2347 2348/2348/2348 2365/2365/2365
f 2366/2366/2366 2349/2349/2349 2299/2299/2299
f 2355/2355/2355 2354/2354/2354 2343/2343/2343
f 2353/2353/2353 2236/2236/2236 2329/2329/2329
f 2329/2329/2329 2354/2354/2354 2355/2355/2355 2353/2353/2353
f 2352/2352/2352 2355/2355/2355 2344/2344/2344
f 2343/2343/2343 2344/2344/2344 2355/2355/2355
f 2236/2236/2236 2353/2353/2353 2330/2330/2330
f 2352/2352/2352 2344/2344/2344 2345/2345/2345
f 2357/2357/2357 2236/2236/2236 2330/2330/2330
f 2346/2346/2346 2358/2358/2358 2345/2345/2345
f 2365/2365/2365 2294/2294/2294 2347/2347/2347
f 2358/2358/2358 2346/2346/2346 2294/2294/2294
f 2366/2366/2366 2365/2365/2365 2348/2348/2348
f 2292/2292/2292 2364/2364/2364 2359/2359/2359
f 2362/2362/2362 2242/2242/2242 2364/2364/2364
f 2236/2236/2236 2328/2328/2328 2239/2239/2239
f 2239/2239/2239 2361/2361/2361 2359/2359/2359
f 2364/2364/2364 2239/2239/2239 2359/2359/2359
f 2364/2364/2364 2242/2242/2242 2239/2239/2239
f 2328/2328/2328 2361/2361/2361 2239/2239/2239
f 2245/2245/2245 2242/2242/2242 2362/2362/2362
f 2245/2245/2245 2333/2333/2333 2247/2247/2247
f 2247/2247/2247 2383/2383/2383 2249/2249/2249
f 2362/2362/2362 2340/2340/2340 2245/2245/2245
f 2393/2393/2393 2253/2253/2253 2251/2251/2251
f 2357/2357/2357 2328/2328/2328 2236/2236/2236
f 2258/2258/2258 2391/2391/2391 2256/2256/2256
f 2258/2258/2258 2261/2261/2261 2392/2392/2392 2391/2391/2391
f 2261/2261/2261 2385/2385/2385 2389/2389/2389 2388/2388/2388
f 2261/2261/2261 2388/2388/2388 2392/2392/2392
f 2386/2386/2386 2385/2385/2385 2371/2371/2371
f 2385/2385/2385 2386/2386/2386 2389/2389/2389
f 2376/2376/2376 2386/2386/2386 2373/2373/2373
f 2259/2259/2259 2260/2260/2260 2257/2257/2257 2395/2395/2395
f 2391/2391/2391 2259/2259/2259 2395/2395/2395
f 2256/2256/2256 2391/2391/2391 2395/2395/2395
f 2262/2262/2262 2263/2263/2263 2390/2390/2390
f 2374/2374/2374 2263/2263/2263 2262/2262/2262
f 2375/2375/2375 2392/2392/2392 2388/2388/2388
f 2390/2390/2390 2260/2260/2260 2259/2259/2259
f 2371/2371/2371 2373/2373/2373 2386/2386/2386
f 2255/2255/2255 2394/2394/2394 2395/2395/2395 2257/2257/2257
f 2373/2373/2373 2371/2371/2371 2379/2379/2379
f 2372/2372/2372 2379/2379/2379 2371/2371/2371
f 2372/2372/2372 2377/2377/2377 2379/2379/2379
f 2377/2377/2377 2372/2372/2372 2268/2268/2268
f 2290/2290/2290 2268/2268/2268 2271/2271/2271
f 2290/2290/2290 2271/2271/2271 2291/2291/2291
f 2274/2274/2274 2291/2291/2291 2271/2271/2271
f 2289/2289/2289 2291/2291/2291 2274/2274/2274
f 2269/2269/2269 2377/2377/2377 2268/2268/2268
f 2290/2290/2290 2313/2313/2313 2268/2268/2268
f 2378/2378/2378 2265/2265/2265 2264/2264/2264
f 2269/2269/2269 2312/2312/2312 2266/2266/2266
f 2269/2269/2269 2266/2266/2266 2377/2377/2377
f 2266/2266/2266 2267/2267/2267 2378/2378/2378
f 2313/2313/2313 2290/2290/2290 2272/2272/2272
f 2268/2268/2268 2313/2313/2313 2269/2269/2269
f 2279/2279/2279 2307/2307/2307 2288/2288/2288
f 2265/2265/2265 2374/2374/2374 2264/2264/2264
f 2314/2314/2314 2270/2270/2270 2312/2312/2312
f 2314/2314/2314 2282/2282/2282 2323/2323/2323
f 2323/2323/2323 2273/2273/2273 2314/2314/2314
f 2315/2315/2315 2322/2322/2322 2284/2284/2284
f 2273/2273/2273 2324/2324/2324 2304/2304/2304
f 2281/2281/2281 2284/2284/2284 2306/2306/2306
f 2273/2273/2273 2323/2323/2323 2324/2324/2324
f 2260/2260/2260 2390/2390/2390 2263/2263/2263
f 2378/2378/2378 2267/2267/2267 2265/2265/2265
f 2265/2265/2265 2263/2263/2263 2374/2374/2374
f 2270/2270/2270 2267/2267/2267 2312/2312/2312
f 2273/2273/2273 2270/2270/2270 2314/2314/2314
f 2276/2276/2276 2304/2304/2304 2320/2320/2320
f 2276/2276/2276 2273/2273/2273 2304/2304/2304
f 2267/2267/2267 2266/2266/2266 2312/2312/2312
f 2306/2306/2306 2280/2280/2280 2281/2281/2281
f 2322/2322/2322 2316/2316/2316 2319/2319/2319
f 2284/2284/2284 2281/2281/2281 2315/2315/2315
f 2277/2277/2277 2295/2295/2295 2285/2285/2285
f 2278/2278/2278 2279/2279/2279 2288/2288/2288
f 2295/2295/2295 2277/2277/2277 2278/2278/2278
f 2279/2279/2279 2280/2280/2280 2307/2307/2307
f 2280/2280/2280 2306/2306/2306 2307/2307/2307
f 2327/2327/2327 2319/2319/2319 2317/2317/2317
f 2316/2316/2316 2317/2317/2317 2319/2319/2319
f 2327/2327/2327 2317/2317/2317 2318/2318/2318
f 2276/2276/2276 2326/2326/2326 2303/2303/2303
f 2305/2305/2305 2326/2326/2326 2276/2276/2276
f 2318/2318/2318 2325/2325/2325 2327/2327/2327
f 2320/2320/2320 2305/2305/2305 2276/2276/2276
f 2316/2316/2316 2322/2322/2322 2315/2315/2315
f 2288/2288/2288 2295/2295/2295 2278/2278/2278
f 2403/2403/2403 2413/2413/2413 2414/2414/2414
f 2403/2403/2403 2404/2404/2404 2413/2413/2413
f 2412/2412/2412 2413/2413/2413 2404/2404/2404
f 2403/2403/2403 2414/2414/2414 2402/2402/2402
f 2401/2401/2401 2415/2415/2415 2416/2416/2416
f 2415/2415/2415 2401/2401/2401 2402/2402/2402
f 2414/2414/2414 2415/2415/2415 2402/2402/2402
f 2427/2427/2427 2404/2404/2404 2405/2405/2405
f 2405/2405/2405 2426/2426/2426 2427/2427/2427
f 2426/2426/2426 2405/2405/2405 2406/2406/2406
f 2412/2412/2412 2404/2404/2404 2427/2427/2427
f 2425/2425/2425 2406/2406/2406 2407/2407/2407
f 2407/2407/2407 2424/2424/2424 2425/2425/2425
f 2408/2408/2408 2424/2424/2424 2407/2407/2407
f 2426/2426/2426 2406/2406/2406 2425/2425/2425
f 2400/2400/2400 2401/2401/2401 2416/2416/2416
f 2400/2400/2400 2416/2416/2416 2399/2399/2399
f 2417/2417/2417 2399/2399/2399 2416/2416/2416
f 2417/2417/2417 2398/2398/2398 2399/2399/2399
f 2398/2398/2398 2417/2417/2417 2418/2418/2418
f 2397/2397/2397 2418/2418/2418 2419/2419/2419
f 2420/2420/2420 2396/2396/2396 2419/2419/2419
f 2397/2397/2397 2419/2419/2419 2396/2396/2396
f 2398/2398/2398 2418/2418/2418 2397/2397/2397
f 2423/2423/2423 2409/2409/2409 2410/2410/2410
f 2408/2408/2408 2409/2409/2409 2424/2424/2424
f 2423/2423/2423 2424/2424/2424 2409/2409/2409
f 2423/2423/2423 2410/2410/2410 2422/2422/2422
f 2421/2421/2421 2411/2411/2411 2396/2396/2396
f 2411/2411/2411 2421/2421/2421 2422/2422/2422
f 2421/2421/2421 2396/2396/2396 2420/2420/2420
f 2410/2410/2410 2411/2411/2411 2422/2422/2422
f 2441/2441/2441 2440/2440/2440 2435/2435/2435 2436/2436/2436
f 2436/2436/2436 2435/2435/2435 2437/2437/2437 2438/2438/2438
f 2430/2430/2430 2431/2431/2431 2429/2429/2429 2428/2428/2428
f 2432/2432/2432 2437/2437/2437 2430/2430/2430
f 2437/2437/2437 2435/2435/2435 2430/2430/2430
f 2431/2431/2431 2435/2435/2435 2440/2440/2440
f 2431/2431/2431 2430/2430/2430 2435/2435/2435
f 2433/2433/2433 2431/2431/2431 2440/2440/2440
f 2434/2434/2434 2438/2438/2438 2432/2432/2432
f 2437/2437/2437 2432/2432/2432 2438/2438/2438
f 2434/2434/2434 2442/2442/2442 2436/2436/2436 2438/2438/2438
f 2441/2441/2441 2436/2436/2436 2442/2442/2442
f 2441/2441/2441 2439/2439/2439 2433/2433/2433
f 2441/2441/2441 2442/2442/2442 2439/2439/2439
f 2440/2440/2440 2441/2441/2441 2433/2433/2433
f 2455/2455/2455 2456/2456/2456 2452/2452/2452 2450/2450/2450
f 2450/2450/2450 2452/2452/2452 2453/2453/2453 2451/2451/2451
f 2449/2449/2449 2443/2443/2443 2453/2453/2453
f 2451/2451/2451 2453/2453/2453 2443/2443/2443
f 2457/2457/2457 2449/2449/2449 2453/2453/2453 2452/2452/2452
f 2454/2454/2454 2457/2457/2457 2452/2452/2452 2456/2456/2456
f 2444/2444/2444 2454/2454/2454 2456/2456/2456
f 2445/2445/2445 2450/2450/2450 2451/2451/2451
f 2446/2446/2446 2450/2450/2450 2445/2445/2445
f 2445/2445/2445 2451/2451/2451 2443/2443/2443
f 2447/2447/2447 2448/2448/2448 2446/2446/2446 2445/2445/2445
f 2446/2446/2446 2444/2444/2444 2456/2456/2456 2455/2455/2455
f 2450/2450/2450 2446/2446/2446 2455/2455/2455
f 2459/2459/2459 2458/2458/2458 2460/2460/2460 2461/2461/2461
f 2462/2462/2462 2463/2463/2463 2461/2461/2461 2460/2460/2460
f 2465/2465/2465 2464/2464/2464 2466/2466/2466 2467/2467/2467
f 2530/2530/2530 2529/2529/2529 2494/2494/2494 2521/2521/2521
f 2527/2527/2527 2491/2491/2491 2530/2530/2530
f 2521/2521/2521 2490/2490/2490 2527/2527/2527
f 2530/2530/2530 2521/2521/2521 2527/2527/2527
f 2518/2518/2518 2490/2490/2490 2521/2521/2521
f 2523/2523/2523 2506/2506/2506 2518/2518/2518
f 2521/2521/2521 2523/2523/2523 2518/2518/2518
f 2521/2521/2521 2494/2494/2494 2522/2522/2522 2523/2523/2523
f 2496/2496/2496 2498/2498/2498 2500/2500/2500 2497/2497/2497
f 2502/2502/2502 2499/2499/2499 2495/2495/2495
f 2497/2497/2497 2500/2500/2500 2502/2502/2502
f 2495/2495/2495 2497/2497/2497 2502/2502/2502
f 2493/2493/2493 2526/2526/2526 2528/2528/2528 2504/2504/2504
f 2526/2526/2526 2491/2491/2491 2527/2527/2527 2528/2528/2528
f 2528/2528/2528 2527/2527/2527 2490/2490/2490 2517/2517/2517
f 2525/2525/2525 2504/2504/2504 2528/2528/2528
f 2517/2517/2517 2492/2492/2492 2525/2525/2525
f 2528/2528/2528 2517/2517/2517 2525/2525/2525
f 2524/2524/2524 2505/2505/2505 2503/2503/2503
f 2493/2493/2493 2504/2504/2504 2524/2524/2524
f 2503/2503/2503 2493/2493/2493 2524/2524/2524
f 2516/2516/2516 2512/2512/2512 2507/2507/2507
f 2513/2513/2513 2514/2514/2514 2516/2516/2516
f 2507/2507/2507 2513/2513/2513 2516/2516/2516
f 2515/2515/2515 2492/2492/2492 2517/2517/2517
f 2520/2520/2520 2512/2512/2512 2515/2515/2515
f 2517/2517/2517 2520/2520/2520 2515/2515/2515
f 2517/2517/2517 2490/2490/2490 2518/2518/2518 2520/2520/2520
f 2520/2520/2520 2518/2518/2518 2506/2506/2506 2519/2519/2519
f 2512/2512/2512 2520/2520/2520 2519/2519/2519 2507/2507/2507
f 2511/2511/2511 2510/2510/2510 2508/2508/2508
f 2495/2495/2495 2499/2499/2499 2511/2511/2511
f 2508/2508/2508 2495/2495/2495 2511/2511/2511
f 2508/2508/2508 2510/2510/2510 2509/2509/2509 2501/2501/2501
f 2522/2522/2522 2468/2468/2468 2470/2470/2470
f 2523/2523/2523 2522/2522/2522 2470/2470/2470
f 2494/2494/2494 2468/2468/2468 2522/2522/2522
f 2470/2470/2470 2506/2506/2506 2523/2523/2523
f 2470/2470/2470 2507/2507/2507 2519/2519/2519
f 2519/2519/2519 2506/2506/2506 2470/2470/2470
f 2507/2507/2507 2470/2470/2470 2513/2513/2513
f 2516/2516/2516 2515/2515/2515 2512/2512/2512
f 2516/2516/2516 2514/2514/2514 2483/2483/2483
f 2483/2483/2483 2484/2484/2484 2516/2516/2516
f 2515/2515/2515 2485/2485/2485 2492/2492/2492
f 2515/2515/2515 2484/2484/2484 2485/2485/2485
f 2484/2484/2484 2515/2515/2515 2516/2516/2516
f 2492/2492/2492 2485/2485/2485 2486/2486/2486
f 2471/2471/2471 2529/2529/2529 2530/2530/2530
f 2469/2469/2469 2494/2494/2494 2529/2529/2529
f 2469/2469/2469 2529/2529/2529 2471/2471/2471
f 2491/2491/2491 2471/2471/2471 2530/2530/2530
f 2493/2493/2493 2471/2471/2471 2526/2526/2526
f 2491/2491/2491 2526/2526/2526 2471/2471/2471
f 2468/2468/2468 2494/2494/2494 2469/2469/2469
f 2525/2525/2525 2492/2492/2492 2487/2487/2487
f 2486/2486/2486 2487/2487/2487 2492/2492/2492
f 2488/2488/2488 2525/2525/2525 2487/2487/2487
f 2488/2488/2488 2489/2489/2489 2524/2524/2524
f 2525/2525/2525 2524/2524/2524 2504/2504/2504
f 2524/2524/2524 2525/2525/2525 2488/2488/2488
f 2503/2503/2503 2471/2471/2471 2493/2493/2493
f 2514/2514/2514 2513/2513/2513 2482/2482/2482
f 2509/2509/2509 2481/2481/2481 2482/2482/2482
f 2514/2514/2514 2482/2482/2482 2483/2483/2483
f 2510/2510/2510 2480/2480/2480 2481/2481/2481
f 2499/2499/2499 2478/2478/2478 2479/2479/2479
f 2479/2479/2479 2480/2480/2480 2511/2511/2511
f 2509/2509/2509 2482/2482/2482 2513/2513/2513
f 2501/2501/2501 2509/2509/2509 2472/2472/2472
f 2513/2513/2513 2472/2472/2472 2509/2509/2509
f 2508/2508/2508 2501/2501/2501 2472/2472/2472
f 2480/2480/2480 2510/2510/2510 2511/2511/2511
f 2479/2479/2479 2511/2511/2511 2499/2499/2499
f 2508/2508/2508 2472/2472/2472 2495/2495/2495
f 2481/2481/2481 2509/2509/2509 2510/2510/2510
f 2472/2472/2472 2513/2513/2513 2470/2470/2470
f 2477/2477/2477 2478/2478/2478 2499/2499/2499
f 2502/2502/2502 2476/2476/2476 2477/2477/2477
f 2474/2474/2474 2503/2503/2503 2505/2505/2505
f 2498/2498/2498 2503/2503/2503 2474/2474/2474
f 2489/2489/2489 2474/2474/2474 2505/2505/2505
f 2475/2475/2475 2498/2498/2498 2474/2474/2474
f 2475/2475/2475 2476/2476/2476 2500/2500/2500
f 2489/2489/2489 2505/2505/2505 2524/2524/2524
f 2499/2499/2499 2502/2502/2502 2477/2477/2477
f 2476/2476/2476 2502/2502/2502 2500/2500/2500
f 2498/2498/2498 2496/2496/2496 2473/2473/2473
f 2497/2497/2497 2473/2473/2473 2496/2496/2496
f 2473/2473/2473 2497/2497/2497 2495/2495/2495
f 2503/2503/2503 2498/2498/2498 2473/2473/2473
f 2473/2473/2473 2495/2495/2495 2472/2472/2472
f 2475/2475/2475 2500/2500/2500 2498/2498/2498
f 2471/2471/2471 2503/2503/2503 2473/2473/2473
f 2536/2536/2536 2533/2533/2533 2532/2532/2532
f 2532/2532/2532 2537/2537/2537 2536/2536/2536
f 2536/2536/2536 2538/2538/2538 2533/2533/2533
f 2533/2533/2533 2534/2534/2534 2531/2531/2531
f 2536/2536/2536 2535/2535/2535 2538/2538/2538
f 2533/2533/2533 2538/2538/2538 2534/2534/2534
f 2544/2544/2544 2540/2540/2540 2541/2541/2541
f 2540/2540/2540 2544/2544/2544 2545/2545/2545
f 2544/2544/2544 2541/2541/2541 2546/2546/2546
f 2541/2541/2541 2539/2539/2539 2542/2542/2542
f 2544/2544/2544 2546/2546/2546 2543/2543/2543
f 2541/2541/2541 2542/2542/2542 2546/2546/2546
f 2549/2549/2549 2585/2585/2585 2588/2588/2588 2586/2586/2586
f 2586/2586/2586 2588/2588/2588 2587/2587/2587 2547/2547/2547
f 2676/2676/2676 2586/2586/2586 2547/2547/2547 2675/2675/2675
f 2673/2673/2673 2549/2549/2549 2586/2586/2586 2676/2676/2676
f 2550/2550/2550 2589/2589/2589 2591/2591/2591 2590/2590/2590
f 2590/2590/2590 2591/2591/2591 2585/2585/2585 2549/2549/2549
f 2674/2674/2674 2590/2590/2590 2549/2549/2549 2673/2673/2673
f 2671/2671/2671 2550/2550/2550 2590/2590/2590 2674/2674/2674
f 2551/2551/2551 2592/2592/2592 2594/2594/2594 2593/2593/2593
f 2593/2593/2593 2594/2594/2594 2589/2589/2589 2550/2550/2550
f 2672/2672/2672 2593/2593/2593 2550/2550/2550 2671/2671/2671
f 2669/2669/2669 2551/2551/2551 2593/2593/2593 2672/2672/2672
f 2552/2552/2552 2595/2595/2595 2597/2597/2597 2596/2596/2596
f 2596/2596/2596 2597/2597/2597 2592/2592/2592 2551/2551/2551
f 2670/2670/2670 2596/2596/2596 2551/2551/2551 2669/2669/2669
f 2667/2667/2667 2552/2552/2552 2596/2596/2596 2670/2670/2670
f 2553/2553/2553 2598/2598/2598 2600/2600/2600 2599/2599/2599
f 2599/2599/2599 2600/2600/2600 2595/2595/2595 2552/2552/2552
f 2668/2668/2668 2599/2599/2599 2552/2552/2552 2667/2667/2667
f 2665/2665/2665 2553/2553/2553 2599/2599/2599 2668/2668/2668
f 2554/2554/2554 2601/2601/2601 2603/2603/2603 2602/2602/2602
f 2602/2602/2602 2603/2603/2603 2598/2598/2598 2553/2553/2553
f 2666/2666/2666 2602/2602/2602 2553/2553/2553 2665/2665/2665
f 2663/2663/2663 2554/2554/2554 2602/2602/2602 2666/2666/2666
f 2555/2555/2555 2604/2604/2604 2606/2606/2606 2605/2605/2605
f 2605/2605/2605 2606/2606/2606 2601/2601/2601 2554/2554/2554
f 2664/2664/2664 2605/2605/2605 2554/2554/2554 2663/2663/2663
f 2661/2661/2661 2555/2555/2555 2605/2605/2605 2664/2664/2664
f 2556/2556/2556 2607/2607/2607 2609/2609/2609 2608/2608/2608
f 2608/2608/2608 2609/2609/2609 2604/2604/2604 2555/2555/2555
f 2662/2662/2662 2608/2608/2608 2555/2555/2555 2661/2661/2661
f 2659/2659/2659 2556/2556/2556 2608/2608/2608 2662/2662/2662
f 2558/2558/2558 2610/2610/2610 2612/2612/2612 2611/2611/2611
f 2611/2611/2611 2612/2612/2612 2607/2607/2607 2556/2556/2556
f 2660/2660/2660 2611/2611/2611 2556/2556/2556 2659/2659/2659
f 2657/2657/2657 2558/2558/2558 2611/2611/2611 2660/2660/2660
f 2559/2559/2559 2613/2613/2613 2615/2615/2615 2614/2614/2614
f 2614/2614/2614 2615/2615/2615 2610/2610/2610 2558/2558/2558
f 2658/2658/2658 2614/2614/2614 2558/2558/2558 2657/2657/2657
f 2655/2655/2655 2559/2559/2559 2614/2614/2614 2658/2658/2658
f 2560/2560/2560 2616/2616/2616 2618/2618/2618 2617/2617/2617
f 2617/2617/2617 2618/2618/2618 2613/2613/2613 2559/2559/2559
f 2656/2656/2656 2617/2617/2617 2559/2559/2559 2655/2655/2655
f 2654/2654/2654 2560/2560/2560 2617/2617/2617 2656/2656/2656
f 2563/2563/2563 2619/2619/2619 2622/2622/2622 2620/2620/2620
f 2620/2620/2620 2622/2622/2622 2621/2621/2621 2561/2561/2561
f 2653/2653/2653 2620/2620/2620 2561/2561/2561 2652/2652/2652
f 2650/2650/2650 2563/2563/2563 2620/2620/2620 2653/2653/2653
f 2564/2564/2564 2623/2623/2623 2625/2625/2625 2624/2624/2624
f 2624/2624/2624 2625/2625/2625 2619/2619/2619 2563/2563/2563
f 2651/2651/2651 2624/2624/2624 2563/2563/2563 2650/2650/2650
f 2648/2648/2648 2564/2564/2564 2624/2624/2624 2651/2651/2651
f 2565/2565/2565 2626/2626/2626 2628/2628/2628 2627/2627/2627
f 2627/2627/2627 2628/2628/2628 2623/2623/2623 2564/2564/2564
f 2649/2649/2649 2627/2627/2627 2564/2564/2564 2648/2648/2648
f 2646/2646/2646 2565/2565/2565 2627/2627/2627 2649/2649/2649
f 2567/2567/2567 2629/2629/2629 2631/2631/2631 2630/2630/2630
f 2630/2630/2630 2631/2631/2631 2626/2626/2626 2565/2565/2565
f 2647/2647/2647 2630/2630/2630 2565/2565/2565 2646/2646/2646
f 2645/2645/2645 2567/2567/2567 2630/2630/2630 2647/2647/2647
f 2587/2587/2587 2588/2588/2588 2569/2569/2569
f 2570/2570/2570 2569/2569/2569 2588/2588/2588
f 2585/2585/2585 2570/2570/2570 2588/2588/2588
f 2570/2570/2570 2585/2585/2585 2591/2591/2591 2571/2571/2571
f 2571/2571/2571 2589/2589/2589 2594/2594/2594 2572/2572/2572
f 2571/2571/2571 2591/2591/2591 2589/2589/2589
f 2572/2572/2572 2594/2594/2594 2592/2592/2592
f 2572/2572/2572 2592/2592/2592 2597/2597/2597
f 2597/2597/2597 2573/2573/2573 2572/2572/2572
f 2600/2600/2600 2573/2573/2573 2595/2595/2595
f 2573/2573/2573 2600/2600/2600 2574/2574/2574
f 2597/2597/2597 2595/2595/2595 2573/2573/2573
f 2574/2574/2574 2598/2598/2598 2603/2603/2603 2575/2575/2575
f 2575/2575/2575 2601/2601/2601 2606/2606/2606 2576/2576/2576
f 2576/2576/2576 2604/2604/2604 2609/2609/2609 2577/2577/2577
f 2574/2574/2574 2600/2600/2600 2598/2598/2598
f 2604/2604/2604 2576/2576/2576 2606/2606/2606
f 2601/2601/2601 2575/2575/2575 2603/2603/2603
f 2609/2609/2609 2607/2607/2607 2577/2577/2577
f 2548/2548/2548 2676/2676/2676 2675/2675/2675
f 2644/2644/2644 2673/2673/2673 2676/2676/2676
f 2643/2643/2643 2671/2671/2671 2674/2674/2674
f 2643/2643/2643 2672/2672/2672 2671/2671/2671
f 2644/2644/2644 2674/2674/2674 2673/2673/2673
f 2644/2644/2644 2676/2676/2676 2548/2548/2548
f 2643/2643/2643 2674/2674/2674 2644/2644/2644
f 2670/2670/2670 2669/2669/2669 2642/2642/2642
f 2672/2672/2672 2643/2643/2643 2642/2642/2642
f 2641/2641/2641 2670/2670/2670 2642/2642/2642
f 2669/2669/2669 2672/2672/2672 2642/2642/2642
f 2641/2641/2641 2668/2668/2668 2667/2667/2667
f 2640/2640/2640 2665/2665/2665 2668/2668/2668
f 2639/2639/2639 2663/2663/2663 2666/2666/2666
f 2640/2640/2640 2666/2666/2666 2665/2665/2665
f 2640/2640/2640 2668/2668/2668 2641/2641/2641
f 2639/2639/2639 2666/2666/2666 2640/2640/2640
f 2638/2638/2638 2661/2661/2661 2664/2664/2664
f 2557/2557/2557 2662/2662/2662 2661/2661/2661 2638/2638/2638
f 2638/2638/2638 2664/2664/2664 2663/2663/2663 2639/2639/2639
f 2670/2670/2670 2641/2641/2641 2667/2667/2667
f 2607/2607/2607 2612/2612/2612 2577/2577/2577
f 2610/2610/2610 2578/2578/2578 2612/2612/2612
f 2577/2577/2577 2612/2612/2612 2578/2578/2578
f 2578/2578/2578 2610/2610/2610 2615/2615/2615
f 2579/2579/2579 2578/2578/2578 2615/2615/2615
f 2579/2579/2579 2613/2613/2613 2618/2618/2618 2580/2580/2580
f 2580/2580/2580 2616/2616/2616 2621/2621/2621 2581/2581/2581
f 2579/2579/2579 2615/2615/2615 2613/2613/2613
f 2560/2560/2560 2561/2561/2561 2621/2621/2621 2616/2616/2616
f 2616/2616/2616 2580/2580/2580 2618/2618/2618
f 2621/2621/2621 2622/2622/2622 2581/2581/2581
f 2619/2619/2619 2582/2582/2582 2622/2622/2622
f 2582/2582/2582 2619/2619/2619 2625/2625/2625
f 2583/2583/2583 2582/2582/2582 2625/2625/2625
f 2583/2583/2583 2623/2623/2623 2628/2628/2628 2584/2584/2584
f 2584/2584/2584 2626/2626/2626 2631/2631/2631 2566/2566/2566
f 2583/2583/2583 2625/2625/2625 2623/2623/2623
f 2584/2584/2584 2628/2628/2628 2626/2626/2626
f 2566/2566/2566 2631/2631/2631 2629/2629/2629
f 2582/2582/2582 2581/2581/2581 2622/2622/2622
f 2561/2561/2561 2560/2560/2560 2654/2654/2654 2652/2652/2652
f 2557/2557/2557 2660/2660/2660 2659/2659/2659
f 2637/2637/2637 2657/2657/2657 2660/2660/2660
f 2636/2636/2636 2655/2655/2655 2658/2658/2658
f 2636/2636/2636 2656/2656/2656 2655/2655/2655
f 2637/2637/2637 2658/2658/2658 2657/2657/2657
f 2637/2637/2637 2660/2660/2660 2557/2557/2557
f 2636/2636/2636 2658/2658/2658 2637/2637/2637
f 2562/2562/2562 2652/2652/2652 2654/2654/2654 2635/2635/2635
f 2656/2656/2656 2636/2636/2636 2635/2635/2635
f 2654/2654/2654 2656/2656/2656 2635/2635/2635
f 2662/2662/2662 2557/2557/2557 2659/2659/2659
f 2634/2634/2634 2650/2650/2650 2653/2653/2653
f 2634/2634/2634 2651/2651/2651 2650/2650/2650
f 2633/2633/2633 2649/2649/2649 2648/2648/2648
f 2632/2632/2632 2646/2646/2646 2649/2649/2649
f 2633/2633/2633 2648/2648/2648 2651/2651/2651
f 2634/2634/2634 2653/2653/2653 2652/2652/2652 2562/2562/2562
f 2633/2633/2633 2651/2651/2651 2634/2634/2634
f 2568/2568/2568 2645/2645/2645 2647/2647/2647
f 2568/2568/2568 2647/2647/2647 2646/2646/2646 2632/2632/2632
f 2649/2649/2649 2633/2633/2633 2632/2632/2632
f 2680/2680/2680 2713/2713/2713 2716/2716/2716 2714/2714/2714
f 2714/2714/2714 2716/2716/2716 2715/2715/2715 2678/2678/2678
f 2806/2806/2806 2714/2714/2714 2678/2678/2678 2805/2805/2805
f 2803/2803/2803 2680/2680/2680 2714/2714/2714 2806/2806/2806
f 2681/2681/2681 2717/2717/2717 2719/2719/2719 2718/2718/2718
f 2718/2718/2718 2719/2719/2719 2713/2713/2713 2680/2680/2680
f 2804/2804/2804 2718/2718/2718 2680/2680/2680 2803/2803/2803
f 2801/2801/2801 2681/2681/2681 2718/2718/2718 2804/2804/2804
f 2682/2682/2682 2720/2720/2720 2722/2722/2722 2721/2721/2721
f 2721/2721/2721 2722/2722/2722 2717/2717/2717 2681/2681/2681
f 2802/2802/2802 2721/2721/2721 2681/2681/2681 2801/2801/2801
f 2799/2799/2799 2682/2682/2682 2721/2721/2721 2802/2802/2802
f 2684/2684/2684 2723/2723/2723 2725/2725/2725 2724/2724/2724
f 2724/2724/2724 2725/2725/2725 2720/2720/2720 2682/2682/2682
f 2800/2800/2800 2724/2724/2724 2682/2682/2682 2799/2799/2799
f 2797/2797/2797 2684/2684/2684 2724/2724/2724 2800/2800/2800
f 2686/2686/2686 2726/2726/2726 2728/2728/2728 2727/2727/2727
f 2727/2727/2727 2728/2728/2728 2723/2723/2723 2684/2684/2684
f 2798/2798/2798 2727/2727/2727 2684/2684/2684 2797/2797/2797
f 2795/2795/2795 2686/2686/2686 2727/2727/2727 2798/2798/2798
f 2687/2687/2687 2729/2729/2729 2731/2731/2731 2730/2730/2730
f 2730/2730/2730 2731/2731/2731 2726/2726/2726 2686/2686/2686
f 2796/2796/2796 2730/2730/2730 2686/2686/2686 2795/2795/2795
f 2793/2793/2793 2687/2687/2687 2730/2730/2730 2796/2796/2796
f 2688/2688/2688 2732/2732/2732 2734/2734/2734 2733/2733/2733
f 2733/2733/2733 2734/2734/2734 2729/2729/2729 2687/2687/2687
f 2794/2794/2794 2733/2733/2733 2687/2687/2687 2793/2793/2793
f 2791/2791/2791 2688/2688/2688 2733/2733/2733 2794/2794/2794
f 2690/2690/2690 2735/2735/2735 2737/2737/2737 2736/2736/2736
f 2736/2736/2736 2737/2737/2737 2732/2732/2732 2688/2688/2688
f 2792/2792/2792 2736/2736/2736 2688/2688/2688 2791/2791/2791
f 2789/2789/2789 2690/2690/2690 2736/2736/2736 2792/2792/2792
f 2691/2691/2691 2738/2738/2738 2740/2740/2740 2739/2739/2739
f 2739/2739/2739 2740/2740/2740 2735/2735/2735 2690/2690/2690
f 2790/2790/2790 2739/2739/2739 2690/2690/2690 2789/2789/2789
f 2787/2787/2787 2691/2691/2691 2739/2739/2739 2790/2790/2790
f 2692/2692/2692 2741/2741/2741 2743/2743/2743 2742/2742/2742
f 2742/2742/2742 2743/2743/2743 2738/2738/2738 2691/2691/2691
f 2788/2788/2788 2742/2742/2742 2691/2691/2691 2787/2787/2787
f 2785/2785/2785 2692/2692/2692 2742/2742/2742 2788/2788/2788
f 2693/2693/2693 2744/2744/2744 2746/2746/2746 2745/2745/2745
f 2745/2745/2745 2746/2746/2746 2741/2741/2741 2692/2692/2692
f 2786/2786/2786 2745/2745/2745 2692/2692/2692 2785/2785/2785
f 2784/2784/2784 2693/2693/2693 2745/2745/2745 2786/2786/2786
f 2695/2695/2695 2747/2747/2747 2750/2750/2750 2748/2748/2748
f 2748/2748/2748 2750/2750/2750 2749/2749/2749 2694/2694/2694
f 2783/2783/2783 2748/2748/2748 2694/2694/2694 2782/2782/2782
f 2780/2780/2780 2695/2695/2695 2748/2748/2748 2783/2783/2783
f 2696/2696/2696 2751/2751/2751 2753/2753/2753 2752/2752/2752
f 2752/2752/2752 2753/2753/2753 2747/2747/2747 2695/2695/2695
f 2781/2781/2781 2752/2752/2752 2695/2695/2695 2780/2780/2780
f 2778/2778/2778 2696/2696/2696 2752/2752/2752 2781/2781/2781
f 2697/2697/2697 2754/2754/2754 2756/2756/2756 2755/2755/2755
f 2755/2755/2755 2756/2756/2756 2751/2751/2751 2696/2696/2696
f 2779/2779/2779 2755/2755/2755 2696/2696/2696 2778/2778/2778
f 2776/2776/2776 2697/2697/2697 2755/2755/2755 2779/2779/2779
f 2698/2698/2698 2757/2757/2757 2759/2759/2759 2758/2758/2758
f 2758/2758/2758 2759/2759/2759 2754/2754/2754 2697/2697/2697
f 2777/2777/2777 2758/2758/2758 2697/2697/2697 2776/2776/2776
f 2775/2775/2775 2698/2698/2698 2758/2758/2758 2777/2777/2777
f 2715/2715/2715 2716/2716/2716 2677/2677/2677
f 2699/2699/2699 2677/2677/2677 2716/2716/2716
f 2713/2713/2713 2699/2699/2699 2716/2716/2716
f 2699/2699/2699 2713/2713/2713 2719/2719/2719 2700/2700/2700
f 2700/2700/2700 2717/2717/2717 2722/2722/2722 2701/2701/2701
f 2700/2700/2700 2719/2719/2719 2717/2717/2717
f 2701/2701/2701 2722/2722/2722 2720/2720/2720
f 2701/2701/2701 2720/2720/2720 2725/2725/2725
f 2725/2725/2725 2683/2683/2683 2701/2701/2701
f 2728/2728/2728 2683/2683/2683 2723/2723/2723
f 2683/2683/2683 2728/2728/2728 2702/2702/2702
f 2725/2725/2725 2723/2723/2723 2683/2683/2683
f 2702/2702/2702 2726/2726/2726 2731/2731/2731 2703/2703/2703
f 2703/2703/2703 2729/2729/2729 2734/2734/2734 2704/2704/2704
f 2704/2704/2704 2732/2732/2732 2737/2737/2737 2689/2689/2689
f 2702/2702/2702 2728/2728/2728 2726/2726/2726
f 2732/2732/2732 2704/2704/2704 2734/2734/2734
f 2729/2729/2729 2703/2703/2703 2731/2731/2731
f 2737/2737/2737 2735/2735/2735 2689/2689/2689
f 2679/2679/2679 2806/2806/2806 2805/2805/2805
f 2774/2774/2774 2803/2803/2803 2806/2806/2806
f 2773/2773/2773 2801/2801/2801 2804/2804/2804
f 2773/2773/2773 2802/2802/2802 2801/2801/2801
f 2774/2774/2774 2804/2804/2804 2803/2803/2803
f 2774/2774/2774 2806/2806/2806 2679/2679/2679
f 2773/2773/2773 2804/2804/2804 2774/2774/2774
f 2800/2800/2800 2799/2799/2799 2772/2772/2772
f 2802/2802/2802 2773/2773/2773 2772/2772/2772
f 2685/2685/2685 2800/2800/2800 2772/2772/2772
f 2799/2799/2799 2802/2802/2802 2772/2772/2772
f 2685/2685/2685 2798/2798/2798 2797/2797/2797
f 2771/2771/2771 2795/2795/2795 2798/2798/2798
f 2770/2770/2770 2793/2793/2793 2796/2796/2796
f 2771/2771/2771 2796/2796/2796 2795/2795/2795
f 2771/2771/2771 2798/2798/2798 2685/2685/2685
f 2770/2770/2770 2796/2796/2796 2771/2771/2771
f 2769/2769/2769 2791/2791/2791 2794/2794/2794
f 2768/2768/2768 2792/2792/2792 2791/2791/2791 2769/2769/2769
f 2769/2769/2769 2794/2794/2794 2793/2793/2793 2770/2770/2770
f 2800/2800/2800 2685/2685/2685 2797/2797/2797
f 2735/2735/2735 2740/2740/2740 2689/2689/2689
f 2738/2738/2738 2705/2705/2705 2740/2740/2740
f 2689/2689/2689 2740/2740/2740 2705/2705/2705
f 2705/2705/2705 2738/2738/2738 2743/2743/2743
f 2706/2706/2706 2705/2705/2705 2743/2743/2743
f 2706/2706/2706 2741/2741/2741 2746/2746/2746 2707/2707/2707
f 2707/2707/2707 2744/2744/2744 2749/2749/2749 2708/2708/2708
f 2706/2706/2706 2743/2743/2743 2741/2741/2741
f 2693/2693/2693 2694/2694/2694 2749/2749/2749 2744/2744/2744
f 2744/2744/2744 2707/2707/2707 2746/2746/2746
f 2749/2749/2749 2750/2750/2750 2708/2708/2708
f 2747/2747/2747 2709/2709/2709 2750/2750/2750
f 2709/2709/2709 2747/2747/2747 2753/2753/2753
f 2710/2710/2710 2709/2709/2709 2753/2753/2753
f 2710/2710/2710 2751/2751/2751 2756/2756/2756 2711/2711/2711
f 2711/2711/2711 2754/2754/2754 2759/2759/2759 2712/2712/2712
f 2710/2710/2710 2753/2753/2753 2751/2751/2751
f 2711/2711/2711 2756/2756/2756 2754/2754/2754
f 2712/2712/2712 2759/2759/2759 2757/2757/2757
f 2709/2709/2709 2708/2708/2708 2750/2750/2750
f 2694/2694/2694 2693/2693/2693 2784/2784/2784 2782/2782/2782
f 2768/2768/2768 2790/2790/2790 2789/2789/2789
f 2767/2767/2767 2787/2787/2787 2790/2790/2790
f 2766/2766/2766 2785/2785/2785 2788/2788/2788
f 2766/2766/2766 2786/2786/2786 2785/2785/2785
f 2767/2767/2767 2788/2788/2788 2787/2787/2787
f 2767/2767/2767 2790/2790/2790 2768/2768/2768
f 2766/2766/2766 2788/2788/2788 2767/2767/2767
f 2764/2764/2764 2782/2782/2782 2784/2784/2784 2765/2765/2765
f 2786/2786/2786 2766/2766/2766 2765/2765/2765
f 2784/2784/2784 2786/2786/2786 2765/2765/2765
f 2792/2792/2792 2768/2768/2768 2789/2789/2789
f 2763/2763/2763 2780/2780/2780 2783/2783/2783
f 2763/2763/2763 2781/2781/2781 2780/2780/2780
f 2762/2762/2762 2779/2779/2779 2778/2778/2778
f 2761/2761/2761 2776/2776/2776 2779/2779/2779
f 2762/2762/2762 2778/2778/2778 2781/2781/2781
f 2763/2763/2763 2783/2783/2783 2782/2782/2782 2764/2764/2764
f 2762/2762/2762 2781/2781/2781 2763/2763/2763
f 2760/2760/2760 2775/2775/2775 2777/2777/2777
f 2760/2760/2760 2777/2777/2777 2776/2776/2776 2761/2761/2761
f 2779/2779/2779 2762/2762/2762 2761/2761/2761
f 2815/2815/2815 2813/2813/2813 2809/2809/2809 2814/2814/2814
f 2808/2808/2808 2807/2807/2807 2809/2809/2809
f 2810/2810/2810 2809/2809/2809 2807/2807/2807
f 2812/2812/2812 2808/2808/2808 2813/2813/2813
f 2809/2809/2809 2813/2813/2813 2808/2808/2808
f 2811/2811/2811 2814/2814/2814 2810/2810/2810
f 2809/2809/2809 2810/2810/2810 2814/2814/2814
f 2812/2812/2812 2815/2815/2815 2811/2811/2811
f 2814/2814/2814 2811/2811/2811 2815/2815/2815
f 2813/2813/2813 2815/2815/2815 2812/2812/2812
f 2822/2822/2822 2824/2824/2824 2823/2823/2823 2821/2821/2821
f 2817/2817/2817 2816/2816/2816 2823/2823/2823
f 2821/2821/2821 2823/2823/2823 2816/2816/2816
f 2817/2817/2817 2824/2824/2824 2820/2820/2820
f 2824/2824/2824 2817/2817/2817 2823/2823/2823
f 2819/2819/2819 2821/2821/2821 2818/2818/2818
f 2820/2820/2820 2822/2822/2822 2819/2819/2819
f 2821/2821/2821 2819/2819/2819 2822/2822/2822
f 2824/2824/2824 2822/2822/2822 2820/2820/2820
f 2818/2818/2818 2821/2821/2821 2816/2816/2816
f 2833/2833/2833 2831/2831/2831 2830/2830/2830 2832/2832/2832
f 2826/2826/2826 2825/2825/2825 2830/2830/2830
f 2827/2827/2827 2830/2830/2830 2825/2825/2825
f 2829/2829/2829 2826/2826/2826 2831/2831/2831
f 2830/2830/2830 2831/2831/2831 2826/2826/2826
f 2828/2828/2828 2832/2832/2832 2827/2827/2827
f 2830/2830/2830 2827/2827/2827 2832/2832/2832
f 2829/2829/2829 2833/2833/2833 2828/2828/2828
f 2832/2832/2832 2828/2828/2828 2833/2833/2833
f 2831/2831/2831 2833/2833/2833 2829/2829/2829
f 2840/2840/2840 2842/2842/2842 2841/2841/2841 2836/2836/2836
f 2835/2835/2835 2834/2834/2834 2841/2841/2841
f 2836/2836/2836 2841/2841/2841 2834/2834/2834
f 2835/2835/2835 2842/2842/2842 2839/2839/2839
f 2842/2842/2842 2835/2835/2835 2841/2841/2841
f 2838/2838/2838 2836/2836/2836 2837/2837/2837
f 2834/2834/2834 2837/2837/2837 2836/2836/2836
f 2839/2839/2839 2840/2840/2840 2838/2838/2838
f 2836/2836/2836 2838/2838/2838 2840/2840/2840
f 2842/2842/2842 2840/2840/2840 2839/2839/2839
f 2860/2860/2860 2859/2859/2859 2877/2877/2877
f 2858/2858/2858 2877/2877/2877 2859/2859/2859
f 2877/2877/2877 2845/2845/2845 2860/2860/2860
f 2843/2843/2843 2845/2845/2845 2877/2877/2877
f 2877/2877/2877 2858/2858/2858 2857/2857/2857
f 2855/2855/2855 2854/2854/2854 2875/2875/2875
f 2854/2854/2854 2853/2853/2853 2876/2876/2876
f 2856/2856/2856 2878/2878/2878 2857/2857/2857
f 2857/2857/2857 2878/2878/2878 2877/2877/2877
f 2843/2843/2843 2847/2847/2847 2846/2846/2846
f 2849/2849/2849 2848/2848/2848 2843/2843/2843
f 2847/2847/2847 2843/2843/2843 2848/2848/2848
f 2880/2880/2880 2849/2849/2849 2843/2843/2843
f 2845/2845/2845 2843/2843/2843 2846/2846/2846
f 2852/2852/2852 2851/2851/2851 2862/2862/2862
f 2880/2880/2880 2851/2851/2851 2850/2850/2850
f 2851/2851/2851 2880/2880/2880 2863/2863/2863
f 2849/2849/2849 2880/2880/2880 2850/2850/2850
f 2853/2853/2853 2852/2852/2852 2861/2861/2861
f 2878/2878/2878 2856/2856/2856 2855/2855/2855
f 2875/2875/2875 2874/2874/2874 2878/2878/2878
f 2873/2873/2873 2878/2878/2878 2874/2874/2874
f 2875/2875/2875 2854/2854/2854 2876/2876/2876
f 2853/2853/2853 2861/2861/2861 2876/2876/2876
f 2872/2872/2872 2844/2844/2844 2873/2873/2873
f 2878/2878/2878 2873/2873/2873 2844/2844/2844
f 2844/2844/2844 2872/2872/2872 2871/2871/2871
f 2844/2844/2844 2871/2871/2871 2870/2870/2870
f 2870/2870/2870 2869/2869/2869 2844/2844/2844
f 2861/2861/2861 2852/2852/2852 2862/2862/2862
f 2880/2880/2880 2865/2865/2865 2864/2864/2864
f 2863/2863/2863 2880/2880/2880 2864/2864/2864
f 2862/2862/2862 2851/2851/2851 2863/2863/2863
f 2879/2879/2879 2869/2869/2869 2868/2868/2868
f 2879/2879/2879 2867/2867/2867 2866/2866/2866
f 2868/2868/2868 2867/2867/2867 2879/2879/2879
f 2865/2865/2865 2879/2879/2879 2866/2866/2866
f 2879/2879/2879 2844/2844/2844 2869/2869/2869
f 2880/2880/2880 2879/2879/2879 2865/2865/2865
f 2875/2875/2875 2878/2878/2878 2855/2855/2855
f 2885/2885/2885 2884/2884/2884 2883/2883/2883
f 2886/2886/2886 2885/2885/2885 2882/2882/2882
f 2885/2885/2885 2883/2883/2883 2882/2882/2882
f 2886/2886/2886 2882/2882/2882 2881/2881/2881
f 2891/2891/2891 2889/2889/2889 2890/2890/2890
f 2892/2892/2892 2888/2888/2888 2891/2891/2891
f 2891/2891/2891 2888/2888/2888 2889/2889/2889
f 2892/2892/2892 2887/2887/2887 2888/2888/2888
f 2913/2913/2913 2912/2912/2912 2915/2915/2915
f 2914/2914/2914 2911/2911/2911 2913/2913/2913
f 2915/2915/2915 2914/2914/2914 2913/2913/2913
f 2920/2920/2920 2911/2911/2911 2914/2914/2914
f 2921/2921/2921 2916/2916/2916 2920/2920/2920
f 2914/2914/2914 2921/2921/2921 2920/2920/2920
f 2917/2917/2917 2919/2919/2919 2918/2918/2918
f 2914/2914/2914 2922/2922/2922 2921/2921/2921
f 2923/2923/2923 2916/2916/2916 2921/2921/2921
f 2923/2923/2923 2921/2921/2921 2922/2922/2922
f 2894/2894/2894 2922/2922/2922 2914/2914/2914
f 2920/2920/2920 2916/2916/2916 2909/2909/2909
f 2908/2908/2908 2909/2909/2909 2916/2916/2916
f 2911/2911/2911 2920/2920/2920 2910/2910/2910
f 2909/2909/2909 2910/2910/2910 2920/2920/2920
f 2910/2910/2910 2895/2895/2895 2911/2911/2911
f 2908/2908/2908 2916/2916/2916 2907/2907/2907
f 2912/2912/2912 2929/2929/2929 2915/2915/2915
f 2894/2894/2894 2915/2915/2915 2929/2929/2929
f 2912/2912/2912 2913/2913/2913 2897/2897/2897
f 2914/2914/2914 2915/2915/2915 2894/2894/2894
f 2911/2911/2911 2896/2896/2896 2913/2913/2913
f 2912/2912/2912 2898/2898/2898 2899/2899/2899
f 2912/2912/2912 2897/2897/2897 2898/2898/2898
f 2913/2913/2913 2896/2896/2896 2897/2897/2897
f 2895/2895/2895 2896/2896/2896 2911/2911/2911
f 2928/2928/2928 2912/2912/2912 2899/2899/2899
f 2906/2906/2906 2907/2907/2907 2919/2919/2919
f 2919/2919/2919 2907/2907/2907 2916/2916/2916
f 2919/2919/2919 2905/2905/2905 2906/2906/2906
f 2904/2904/2904 2905/2905/2905 2919/2919/2919
f 2923/2923/2923 2919/2919/2919 2916/2916/2916
f 2925/2925/2925 2918/2918/2918 2924/2924/2924
f 2924/2924/2924 2918/2918/2918 2919/2919/2919
f 2923/2923/2923 2924/2924/2924 2919/2919/2919
f 2923/2923/2923 2922/2922/2922 2893/2893/2893
f 2918/2918/2918 2925/2925/2925 2926/2926/2926
f 2917/2917/2917 2903/2903/2903 2904/2904/2904
f 2917/2917/2917 2901/2901/2901 2902/2902/2902
f 2928/2928/2928 2900/2900/2900 2901/2901/2901
f 2902/2902/2902 2903/2903/2903 2917/2917/2917
f 2927/2927/2927 2917/2917/2917 2926/2926/2926
f 2919/2919/2919 2917/2917/2917 2904/2904/2904
f 2928/2928/2928 2929/2929/2929 2912/2912/2912
f 2927/2927/2927 2928/2928/2928 2901/2901/2901
f 2917/2917/2917 2927/2927/2927 2901/2901/2901
f 2917/2917/2917 2918/2918/2918 2926/2926/2926
f 2900/2900/2900 2928/2928/2928 2899/2899/2899
f 2955/2955/2955 2950/2950/2950 2954/2954/2954
f 2950/2950/2950 2951/2951/2951 2954/2954/2954
f 2935/2935/2935 2954/2954/2954 2952/2952/2952
f 2951/2951/2951 2952/2952/2952 2954/2954/2954
f 2937/2937/2937 2935/2935/2935 2952/2952/2952
f 2936/2936/2936 2955/2955/2955 2930/2930/2930
f 2933/2933/2933 2953/2953/2953 2932/2932/2932
f 2953/2953/2953 2931/2931/2931 2932/2932/2932
f 2935/2935/2935 2938/2938/2938 2934/2934/2934
f 2940/2940/2940 2933/2933/2933 2934/2934/2934
f 2938/2938/2938 2939/2939/2939 2934/2934/2934
f 2937/2937/2937 2938/2938/2938 2935/2935/2935
f 2934/2934/2934 2939/2939/2939 2940/2940/2940
f 2955/2955/2955 2949/2949/2949 2950/2950/2950
f 2936/2936/2936 2948/2948/2948 2949/2949/2949
f 2946/2946/2946 2947/2947/2947 2936/2936/2936
f 2948/2948/2948 2936/2936/2936 2947/2947/2947
f 2945/2945/2945 2946/2946/2946 2936/2936/2936
f 2936/2936/2936 2949/2949/2949 2955/2955/2955
f 2953/2953/2953 2941/2941/2941 2942/2942/2942
f 2933/2933/2933 2940/2940/2940 2941/2941/2941
f 2953/2953/2953 2944/2944/2944 2945/2945/2945
f 2942/2942/2942 2943/2943/2943 2953/2953/2953
f 2944/2944/2944 2953/2953/2953 2943/2943/2943
f 2953/2953/2953 2945/2945/2945 2936/2936/2936
f 2933/2933/2933 2941/2941/2941 2953/2953/2953
f 2960/2960/2960 2957/2957/2957 2956/2956/2956
f 2959/2959/2959 2960/2960/2960 2958/2958/2958
f 2956/2956/2956 2958/2958/2958 2960/2960/2960
f 2962/2962/2962 2961/2961/2961 2965/2965/2965 2966/2966/2966
f 2963/2963/2963 2964/2964/2964 2966/2966/2966 2965/2965/2965
f 2968/2968/2968 2967/2967/2967 2971/2971/2971 2972/2972/2972
f 2969/2969/2969 2970/2970/2970 2972/2972/2972 2971/2971/2971
f 2979/2979/2979 2974/2974/2974 2973/2973/2973 2977/2977/2977
f 2977/2977/2977 2975/2975/2975 2976/2976/2976 2978/2978/2978
f 2979/2979/2979 2977/2977/2977 2978/2978/2978
f 2988/2988/2988 2980/2980/2980 2986/2986/2986
f 2982/2982/2982 2981/2981/2981 2988/2988/2988
f 2980/2980/2980 2988/2988/2988 2981/2981/2981
f 2988/2988/2988 2986/2986/2986 2987/2987/2987
f 2987/2987/2987 2983/2983/2983 2984/2984/2984 2988/2988/2988
f 2984/2984/2984 2985/2985/2985 2982/2982/2982 2988/2988/2988
f 2993/2993/2993 2990/2990/2990 2989/2989/2989
f 2992/2992/2992 2993/2993/2993 2991/2991/2991
f 2989/2989/2989 2991/2991/2991 2993/2993/2993
f 2994/2994/2994 2998/2998/2998 2999/2999/2999 2995/2995/2995
f 2997/2997/2997 2999/2999/2999 2998/2998/2998 2996/2996/2996
f 3002/3002/3002 3001/3001/3001 3000/3000/3000 3005/3005/3005
f 3005/3005/3005 3003/3003/3003 3004/3004/3004 3002/3002/3002
f 3011/3011/3011 3007/3007/3007 3006/3006/3006 3010/3010/3010
f 3010/3010/3010 3008/3008/3008 3009/3009/3009 3011/3011/3011
f 3016/3016/3016 3013/3013/3013 3012/3012/3012
f 3015/3015/3015 3016/3016/3016 3014/3014/3014
f 3013/3013/3013 3016/3016/3016 3015/3015/3015
f 3018/3018/3018 3020/3020/3020 3019/3019/3019 3017/3017/3017
f 3022/3022/3022 3024/3024/3024 3023/3023/3023 3021/3021/3021
f 3026/3026/3026 3028/3028/3028 3027/3027/3027 3025/3025/3025
f 3030/3030/3030 3032/3032/3032 3031/3031/3031 3029/3029/3029
f 3034/3034/3034 3036/3036/3036 3035/3035/3035 3033/3033/3033
f 3047/3047/3047 3046/3046/3046 3041/3041/3041 3040/3040/3040
f 3041/3041/3041 3046/3046/3046 3048/3048/3048 3042/3042/3042
f 3045/3045/3045 3037/3037/3037 3042/3042/3042 3048/3048/3048
f 3044/3044/3044 3039/3039/3039 3038/3038/3038
f 3044/3044/3044 3038/3038/3038 3037/3037/3037
f 3037/3037/3037 3045/3045/3045 3044/3044/3044
f 3039/3039/3039 3044/3044/3044 3043/3043/3043
f 3053/3053/3053 3049/3049/3049 3050/3050/3050
f 3052/3052/3052 3051/3051/3051 3053/3053/3053
f 3049/3049/3049 3053/3053/3053 3051/3051/3051
f 3055/3055/3055 3057/3057/3057 3056/3056/3056 3054/3054/3054
f 3059/3059/3059 3061/3061/3061 3060/3060/3060 3058/3058/3058
f 3063/3063/3063 3065/3065/3065 3064/3064/3064 3062/3062/3062
f 3067/3067/3067 3069/3069/3069 3068/3068/3068 3066/3066/3066
f 3074/3074/3074 3075/3075/3075 3070/3070/3070
f 3072/3072/3072 3071/3071/3071 3075/3075/3075
f 3070/3070/3070 3075/3075/3075 3071/3071/3071
f 3074/3074/3074 3073/3073/3073 3075/3075/3075
f 3077/3077/3077 3078/3078/3078 3070/3070/3070
f 3079/3079/3079 3078/3078/3078 3080/3080/3080
f 3076/3076/3076 3080/3080/3080 3077/3077/3077
f 3078/3078/3078 3077/3077/3077 3080/3080/3080
f 3074/3074/3074 3070/3070/3070 3078/3078/3078