# Rhino
v 1.040601 0.090789 -0.196589
v 1.040601 0.075000 -0.196589
v 1.065602 0.082895 -0.196589
v 1.090601 0.075000 -0.196589
v 1.090601 0.075000 -0.216589
v 1.073935 0.075000 -0.209922
v 1.057268 0.075000 -0.203256
v 1.040601 0.075000 -0.196589
v 1.040601 0.075000 -0.237330
v 1.090601 0.075000 -0.216589
v 1.090601 0.130000 -0.216589
v 1.057268 0.075000 -0.203256
v 1.073935 0.075000 -0.209922
v 1.065602 0.102500 -0.226959
v 1.040601 0.075000 -0.237330
v 1.040601 0.075000 -0.355848
v 1.090601 0.130000 -0.216589
v 1.090601 0.130000 -0.376589
v 1.065602 0.102500 -0.226959
v 1.065602 0.102500 -0.366219
v 1.040601 0.075000 -0.355848
v 1.040601 0.075000 -0.396589
v 1.065602 0.102500 -0.366219
v 1.090601 0.130000 -0.376589
v 1.090601 0.075000 -0.376589
v 1.073935 0.075000 -0.383256
v 1.057268 0.075000 -0.389922
v 1.040601 0.075000 -0.396589
v 1.040601 0.090789 -0.396589
v 1.065602 0.082895 -0.396589
v 1.090601 0.075000 -0.376589
v 1.090601 0.075000 -0.396589
v 1.057268 0.075000 -0.389922
v 1.073935 0.075000 -0.383256
v 1.040601 0.209210 -0.396589
v 1.040601 0.225000 -0.396589
v 1.090601 0.225000 -0.396589
v 1.090601 0.225000 -0.376589
v 1.065602 0.225000 -0.386589
v 1.040601 0.225000 -0.396589
v 1.040601 0.225000 -0.355848
v 1.090601 0.225000 -0.376589
v 1.090601 0.170000 -0.376589
v 1.065602 0.225000 -0.386589
v 1.065602 0.197500 -0.366219
v 1.040601 0.225000 -0.355848
v 1.040601 0.225000 -0.237330
v 1.090601 0.170000 -0.376589
v 1.090601 0.170000 -0.216589
v 1.065602 0.197500 -0.366219
v 1.065602 0.197500 -0.226959
v 1.040601 0.225000 -0.237330
v 1.040601 0.225000 -0.196589
v 1.090601 0.170000 -0.216589
v 1.090601 0.225000 -0.216589
v 1.065602 0.197500 -0.226959
v 1.065602 0.225000 -0.206589
v 1.040601 0.225000 -0.196589
v 1.040601 0.209210 -0.196589
v 1.090601 0.225000 -0.216589
v 1.090601 0.225000 -0.196589
v 1.065602 0.225000 -0.206589
v 0.481204 0.225000 -0.196589
v 0.496588 0.225000 -0.194163
v 0.510369 0.225000 -0.187202
v 0.521656 0.225000 -0.175977
v 0.528757 0.225000 -0.162039
v 0.531204 0.225000 -0.146554
v 0.528726 0.225000 -0.131045
v 0.521561 0.225000 -0.117071
v 0.510613 0.225000 -0.106152
v 0.481204 0.150000 -0.196589
v 0.496588 0.150000 -0.194163
v 0.510369 0.150000 -0.187202
v 0.521656 0.150000 -0.175977
v 0.528757 0.150000 -0.162039
v 0.531204 0.150000 -0.146554
v 0.528726 0.150000 -0.131045
v 0.521561 0.150000 -0.117071
v 0.510613 0.150000 -0.106152
v 0.481204 0.075000 -0.196589
v 0.496588 0.075000 -0.194163
v 0.510369 0.075000 -0.187202
v 0.521656 0.075000 -0.175977
v 0.528757 0.075000 -0.162039
v 0.531204 0.075000 -0.146554
v 0.528726 0.075000 -0.131045
v 0.521561 0.075000 -0.117071
v 0.510613 0.075000 -0.106152
v 0.496588 0.112500 -0.194163
v 0.488619 0.150000 -0.196036
v 0.488619 0.112500 -0.196036
v 0.510369 0.112500 -0.187202
v 0.503524 0.150000 -0.191330
v 0.503524 0.112500 -0.191330
v 0.528757 0.112500 -0.162039
v 0.525732 0.150000 -0.169331
v 0.521656 0.112500 -0.175977
v 0.525732 0.112500 -0.169331
v 0.531204 0.112500 -0.146554
v 0.530599 0.150000 -0.154345
v 0.530599 0.112500 -0.154345
v 0.521561 0.112500 -0.117071
v 0.525577 0.150000 -0.123544
v 0.528726 0.112500 -0.131045
v 0.525577 0.112500 -0.123544
v 0.516247 0.150000 -0.110925
v 0.516247 0.112500 -0.110925
v 0.521561 0.187500 -0.117071
v 0.516247 0.187500 -0.110925
v 0.528726 0.187500 -0.131045
v 0.525577 0.187500 -0.123544
v 0.531204 0.187500 -0.146554
v 0.528757 0.187500 -0.162039
v 0.530599 0.187500 -0.154345
v 0.521656 0.187500 -0.175977
v 0.525732 0.187500 -0.169331
v 0.510369 0.187500 -0.187202
v 0.496588 0.187500 -0.194163
v 0.503524 0.187500 -0.191330
v 0.488619 0.187500 -0.196036
v 0.151742 0.075000 -0.196589
v 0.134450 0.075000 -0.193504
v 0.118137 0.075000 -0.183612
v 0.107100 0.075000 -0.169108
v 0.101991 0.075000 -0.151575
v 0.103524 0.075000 -0.133361
v 0.111306 0.075000 -0.117180
v 0.151742 0.150000 -0.196589
v 0.134450 0.150000 -0.193504
v 0.103524 0.150000 -0.133361
v 0.111306 0.150000 -0.117180
v 0.151742 0.225000 -0.196589
v 0.134450 0.225000 -0.193504
v 0.118137 0.225000 -0.183612
v 0.107100 0.225000 -0.169108
v 0.101991 0.225000 -0.151575
v 0.103524 0.225000 -0.133361
v 0.111306 0.225000 -0.117180
v 0.134450 0.187500 -0.193504
v 0.143343 0.150000 -0.195879
v 0.143343 0.187500 -0.195879
v 0.106860 0.150000 -0.124554
v 0.103524 0.187500 -0.133361
v 0.106860 0.187500 -0.124554
v 0.103524 0.112500 -0.133361
v 0.106860 0.112500 -0.124554
v 0.134450 0.112500 -0.193504
v 0.143343 0.112500 -0.195879
v 0.107100 0.150000 -0.169108
v 0.101991 0.150000 -0.151575
v 0.225281 0.075000 0.039537
v 0.239486 0.075000 0.052694
v 0.258435 0.075000 0.059595
v 0.278419 0.075000 0.058488
v 0.295126 0.075000 0.050565
v 0.225281 0.150000 0.039537
v 0.295126 0.150000 0.050565
v 0.225281 0.225000 0.039537
v 0.239486 0.225000 0.052694
v 0.258435 0.225000 0.059595
v 0.278419 0.225000 0.058488
v 0.295126 0.225000 0.050565
v 0.258435 0.150000 0.059595
v 0.278419 0.150000 0.058488
v 0.052506 0.075000 0.227016
v 0.065663 0.075000 0.212812
v 0.072564 0.075000 0.193863
v 0.071457 0.075000 0.173879
v 0.063534 0.075000 0.157171
v 0.052506 0.150000 0.227016
v 0.063534 0.150000 0.157171
v 0.052506 0.225000 0.227016
v 0.065663 0.225000 0.212812
v 0.072564 0.225000 0.193863
v 0.071457 0.225000 0.173879
v 0.063534 0.225000 0.157171
v 0.072564 0.150000 0.193863
v 0.071457 0.150000 0.173879
v -0.021153 0.225000 0.280586
v -0.021153 0.075000 0.280586
v -0.070097 0.225000 0.322335
v -0.070097 0.075000 0.322335
v -0.055427 0.189887 0.308370
v -0.050000 0.150000 0.303600
v -0.055427 0.110113 0.308370
v 0.000000 0.225000 0.639000
v 0.000000 0.075000 0.639000
v 0.025438 0.225000 0.527877
v 0.025438 0.075000 0.527877
v 0.096482 0.225000 0.442334
v 0.096482 0.075000 0.442334
v 0.096482 0.225000 0.442334
v 0.096482 0.075000 0.442334
v 0.920416 0.225000 -0.156892
v 0.920416 0.075000 -0.156892
v 0.920416 0.225000 -0.156892
v 0.920416 0.075000 -0.156892
v 0.977609 0.225000 -0.186379
v 0.977609 0.075000 -0.186379
v 1.040601 0.225000 -0.196589
v 1.040601 0.075000 -0.196589
v 1.040601 0.209210 -0.196589
v 1.040601 0.150000 -0.196589
v 1.040601 0.090789 -0.196589
v 1.008931 0.150000 -0.194050
v 1.024788 0.150000 -0.195959
v 1.008931 0.187500 -0.194050
v 1.024788 0.187500 -0.195959
v 1.008931 0.112500 -0.194050
v 1.024788 0.112500 -0.195959
v -0.100000 0.150000 -0.396589
v -0.100000 0.150000 -0.216819
v -0.100000 0.150000 -0.037049
v -0.100000 0.150000 0.142721
v -0.107498 0.112009 -0.216819
v -0.107498 0.112009 -0.037049
v -0.107498 0.112009 0.142721
v -0.130029 0.078557 -0.216819
v -0.130029 0.078557 -0.037049
v -0.130029 0.078557 0.142721
v -0.163655 0.056839 -0.216819
v -0.163655 0.056839 -0.037049
v -0.163655 0.056839 0.142721
v -0.200000 0.050000 -0.396589
v -0.200000 0.050000 -0.216819
v -0.200000 0.050000 -0.037049
v -0.200000 0.050000 0.142721
v -0.237991 0.057498 -0.216819
v -0.237991 0.057498 -0.037049
v -0.237991 0.057498 0.142721
v -0.271443 0.080029 -0.216819
v -0.271443 0.080029 -0.037049
v -0.271443 0.080029 0.142721
v -0.293161 0.113655 -0.216819
v -0.293161 0.113655 -0.037049
v -0.293161 0.113655 0.142721
v -0.300000 0.150000 -0.396589
v -0.300000 0.150000 -0.216819
v -0.300000 0.150000 -0.037049
v -0.300000 0.150000 0.142721
v -0.292502 0.187991 -0.216819
v -0.292502 0.187991 -0.037049
v -0.292502 0.187991 0.142721
v -0.269971 0.221443 -0.216819
v -0.269971 0.221443 -0.037049
v -0.269971 0.221443 0.142721
v -0.236345 0.243161 -0.216819
v -0.236345 0.243161 -0.037049
v -0.236345 0.243161 0.142721
v -0.200000 0.250000 -0.396589
v -0.200000 0.250000 -0.216819
v -0.200000 0.250000 -0.037049
v -0.200000 0.250000 0.142721
v -0.162009 0.242502 -0.216819
v -0.162009 0.242502 -0.037049
v -0.162009 0.242502 0.142721
v -0.128557 0.219970 -0.216819
v -0.128557 0.219970 -0.037049
v -0.128557 0.219970 0.142721
v -0.106839 0.186345 -0.216819
v -0.106839 0.186345 -0.037049
v -0.106839 0.186345 0.142721
v -0.100000 0.150000 -0.396589
v -0.100000 0.150000 -0.216819
v -0.100000 0.150000 -0.037049
v -0.100000 0.150000 0.142721
v -0.107021 0.113190 -0.396589
v -0.129289 0.079289 -0.396589
v -0.163191 0.057021 -0.396589
v -0.236809 0.057021 -0.396589
v -0.270711 0.079289 -0.396589
v -0.292979 0.113190 -0.396589
v -0.292979 0.186809 -0.396589
v -0.270711 0.220711 -0.396589
v -0.236809 0.242979 -0.396589
v -0.163191 0.242979 -0.396589
v -0.129289 0.220711 -0.396589
v -0.107021 0.186809 -0.396589
v -0.107498 0.112009 -0.306704
v -0.101782 0.131208 -0.216819
v -0.100000 0.150000 -0.306704
v -0.101782 0.131208 -0.306704
v -0.130029 0.078557 -0.306704
v -0.116948 0.094301 -0.216819
v -0.116948 0.094301 -0.306704
v -0.163655 0.056839 -0.306704
v -0.145927 0.065880 -0.216819
v -0.145927 0.065880 -0.306704
v -0.200000 0.050000 -0.306704
v -0.182037 0.051626 -0.216819
v -0.182037 0.051626 -0.306704
v -0.237991 0.057498 -0.306704
v -0.218792 0.051781 -0.216819
v -0.218792 0.051781 -0.306704
v -0.271443 0.080029 -0.306704
v -0.255699 0.066948 -0.216819
v -0.255699 0.066948 -0.306704
v -0.293161 0.113655 -0.306704
v -0.284120 0.095927 -0.216819
v -0.284120 0.095927 -0.306704
v -0.292502 0.187991 -0.306704
v -0.298218 0.168792 -0.216819
v -0.300000 0.150000 -0.306704
v -0.298218 0.168792 -0.306704
v -0.269971 0.221443 -0.306704
v -0.283052 0.205698 -0.216819
v -0.283052 0.205698 -0.306704
v -0.236345 0.243161 -0.306704
v -0.254073 0.234120 -0.216819
v -0.254073 0.234120 -0.306704
v -0.162009 0.242502 -0.306704
v -0.181208 0.248219 -0.216819
v -0.200000 0.250000 -0.306704
v -0.181208 0.248219 -0.306704
v -0.128557 0.219970 -0.306704
v -0.144302 0.233052 -0.216819
v -0.144302 0.233052 -0.306704
v -0.106839 0.186345 -0.306704
v -0.115881 0.204073 -0.216819
v -0.115881 0.204073 -0.306704
v -0.100000 0.150000 -0.306704
v -0.101627 0.167963 -0.216819
v -0.101627 0.167963 -0.306704
v -0.100000 0.150000 0.052836
v -0.106839 0.186345 0.052836
v -0.101627 0.167963 -0.037049
v -0.101627 0.167963 0.052836
v -0.128557 0.219970 0.052836
v -0.115881 0.204073 -0.037049
v -0.115881 0.204073 0.052836
v -0.162009 0.242502 0.052836
v -0.200000 0.250000 0.052836
v -0.181208 0.248219 -0.037049
v -0.181208 0.248219 0.052836
v -0.236345 0.243161 0.052836
v -0.217963 0.248374 -0.037049
v -0.217963 0.248374 0.052836
v -0.269971 0.221443 0.052836
v -0.254073 0.234120 -0.037049
v -0.254073 0.234120 0.052836
v -0.292502 0.187991 0.052836
v -0.300000 0.150000 0.052836
v -0.298218 0.168792 -0.037049
v -0.298218 0.168792 0.052836
v -0.293161 0.113655 0.052836
v -0.298374 0.132037 -0.037049
v -0.298374 0.132037 0.052836
v -0.271443 0.080029 0.052836
v -0.284120 0.095927 -0.037049
v -0.284120 0.095927 0.052836
v -0.237991 0.057498 0.052836
v -0.200000 0.050000 0.052836
v -0.218792 0.051781 -0.037049
v -0.218792 0.051781 0.052836
v -0.163655 0.056839 0.052836
v -0.182037 0.051626 -0.037049
v -0.182037 0.051626 0.052836
v -0.130029 0.078557 0.052836
v -0.145927 0.065880 -0.037049
v -0.145927 0.065880 0.052836
v -0.107498 0.112009 0.052836
v -0.100000 0.150000 0.052836
v -0.101782 0.131208 -0.037049
v -0.101782 0.131208 0.052836
v -0.100000 0.150000 0.142721
v -0.107498 0.112009 0.142721
v -0.130029 0.078557 0.142721
v -0.163655 0.056839 0.142721
v -0.200000 0.050000 0.142721
v -0.237991 0.057498 0.142721
v -0.271443 0.080029 0.142721
v -0.293161 0.113655 0.142721
v -0.300000 0.150000 0.142721
v -0.292502 0.187991 0.142721
v -0.269971 0.221443 0.142721
v -0.236345 0.243161 0.142721
v -0.200000 0.250000 0.142721
v -0.162009 0.242502 0.142721
v -0.128557 0.219970 0.142721
v -0.106839 0.186345 0.142721
v 0.000000 0.075000 0.639000
v 0.000000 0.225000 0.639000
v -0.070097 0.075000 0.639000
v -0.070097 0.225000 0.639000
v -0.145483 0.289742 0.639000
v -0.200000 0.300000 0.639000
v -0.256986 0.288754 0.639000
v -0.307165 0.254956 0.639000
v -0.339742 0.204517 0.639000
v -0.350000 0.150000 0.639000
v -0.338753 0.093013 0.639000
v -0.304955 0.042835 0.639000
v -0.254517 0.010258 0.639000
v -0.200000 0.000000 0.639000
v -0.143014 0.011246 0.639000
v -0.092835 0.045044 0.639000
v 0.052506 0.075000 0.227016
v -0.021153 0.225000 0.280586
v -0.021153 0.075000 0.280586
v 0.052506 0.150000 0.227016
v 0.052506 0.225000 0.227016
v -0.061247 0.206986 0.293804
v -0.095045 0.257165 0.293804
v -0.095045 0.257165 -0.051393
v -0.095045 0.257165 -0.396589
v -0.145483 0.289742 0.639000
v -0.145483 0.289742 0.293804
v -0.145483 0.289742 -0.051393
v -0.145483 0.289742 -0.396589
v -0.200000 0.300000 0.639000
v -0.200000 0.300000 0.293804
v -0.200000 0.300000 -0.051393
v -0.200000 0.300000 -0.396589
v -0.256986 0.288754 0.639000
v -0.256986 0.288754 0.293804
v -0.256986 0.288754 -0.051393
v -0.256986 0.288754 -0.396589
v -0.307165 0.254956 0.639000
v -0.307165 0.254956 0.293804
v -0.307165 0.254956 -0.051393
v -0.307165 0.254956 -0.396589
v -0.339742 0.204517 0.639000
v -0.339742 0.204517 0.293804
v -0.339742 0.204517 -0.051393
v -0.339742 0.204517 -0.396589
v -0.350000 0.150000 0.639000
v -0.350000 0.150000 0.293804
v -0.350000 0.150000 -0.051393
v -0.350000 0.150000 -0.396589
v -0.338753 0.093013 0.639000
v -0.338753 0.093013 0.293804
v -0.338753 0.093013 -0.051393
v -0.338753 0.093013 -0.396589
v -0.304955 0.042835 0.639000
v -0.304955 0.042835 0.293804
v -0.304955 0.042835 -0.051393
v -0.304955 0.042835 -0.396589
v -0.254517 0.010258 0.639000
v -0.254517 0.010258 0.293804
v -0.254517 0.010258 -0.051393
v -0.254517 0.010258 -0.396589
v -0.200000 0.000000 0.639000
v -0.200000 0.000000 0.293804
v -0.200000 0.000000 -0.051393
v -0.200000 0.000000 -0.396589
v -0.143014 0.011246 0.639000
v -0.143014 0.011246 0.293804
v -0.143014 0.011246 -0.051393
v -0.143014 0.011246 -0.396589
v -0.092835 0.045044 0.639000
v -0.092835 0.045044 0.293804
v -0.092835 0.045044 -0.051393
v -0.060258 0.095483 0.293804
v -0.050000 0.150000 0.303600
v -0.055427 0.189887 0.308370
v -0.070097 0.225000 0.322335
v -0.052672 0.178187 0.293804
v -0.061247 0.206986 0.121206
v -0.050000 0.150000 0.121206
v -0.052672 0.178187 0.121206
v -0.052440 0.123056 0.293804
v -0.056182 0.192619 0.293804
v -0.095045 0.257165 0.466402
v -0.075422 0.233548 0.293804
v -0.075422 0.233548 0.466402
v -0.075422 0.233548 0.380103
v -0.067613 0.220524 0.293804
v -0.095045 0.257165 0.121206
v -0.075422 0.233548 -0.051393
v -0.075422 0.233548 0.121206
v -0.070097 0.075000 0.322335
v -0.055427 0.110113 0.308370
v -0.050000 0.150000 0.303600
v -0.073821 0.068891 0.293804
v -0.092835 0.045044 0.466402
v -0.073821 0.068891 0.466402
v -0.066322 0.081954 0.293804
v -0.073821 0.068891 0.380103
v -0.060258 0.095483 0.121206
v -0.092835 0.045044 0.121206
v -0.073821 0.068891 0.121206
v -0.055640 0.109254 0.293804
v -0.050000 0.150000 0.121206
v -0.052440 0.123056 0.121206
v -0.070097 0.225000 0.480668
v -0.070097 0.225000 0.639000
v -0.070097 0.075000 0.639000
v -0.070097 0.075000 0.480668
v -0.200000 0.300000 0.466402
v -0.173056 0.297560 0.293804
v -0.145483 0.289742 0.466402
v -0.173056 0.297560 0.466402
v -0.256986 0.288754 0.466402
v -0.228187 0.297328 0.293804
v -0.228187 0.297328 0.466402
v -0.339742 0.204517 0.466402
v -0.326180 0.231109 0.293804
v -0.307165 0.254956 0.466402
v -0.326180 0.231109 0.466402
v -0.350000 0.150000 0.466402
v -0.347561 0.176944 0.293804
v -0.347561 0.176944 0.466402
v -0.338753 0.093013 0.466402
v -0.347328 0.121813 0.293804
v -0.347328 0.121813 0.466402
v -0.254517 0.010258 0.466402
v -0.281109 0.023820 0.293804
v -0.304955 0.042835 0.466402
v -0.281109 0.023820 0.466402
v -0.200000 0.000000 0.466402
v -0.226945 0.002440 0.293804
v -0.226945 0.002440 0.466402
v -0.143014 0.011246 0.466402
v -0.171813 0.002672 0.293804
v -0.171813 0.002672 0.466402
v -0.073821 0.068891 0.552701
v -0.082693 0.056517 0.466402
v -0.092835 0.045044 0.552701
v -0.082693 0.056517 0.552701
v -0.116452 0.025422 0.293804
v -0.116452 0.025422 0.466402
v -0.070097 0.075000 -0.396589
v -0.070097 0.225000 -0.396589
v -0.143014 0.011246 -0.223991
v -0.200000 0.000000 -0.223991
v -0.171813 0.002672 -0.051393
v -0.171813 0.002672 -0.223991
v -0.254517 0.010258 -0.223991
v -0.226945 0.002440 -0.051393
v -0.226945 0.002440 -0.223991
v -0.304955 0.042835 -0.223991
v -0.281109 0.023820 -0.051393
v -0.281109 0.023820 -0.223991
v -0.338753 0.093013 -0.223991
v -0.350000 0.150000 -0.223991
v -0.347328 0.121813 -0.051393
v -0.347328 0.121813 -0.223991
v -0.339742 0.204517 -0.223991
v -0.347561 0.176944 -0.051393
v -0.347561 0.176944 -0.223991
v -0.307165 0.254956 -0.223991
v -0.326180 0.231109 -0.051393
v -0.326180 0.231109 -0.223991
v -0.256986 0.288754 -0.223991
v -0.200000 0.300000 -0.223991
v -0.228187 0.297328 -0.051393
v -0.228187 0.297328 -0.223991
v -0.145483 0.289742 -0.223991
v -0.173056 0.297560 -0.051393
v -0.173056 0.297560 -0.223991
v -0.095045 0.257165 -0.223991
v -0.075422 0.233548 -0.223991
v -0.095045 0.257165 -0.310290
v -0.075422 0.233548 -0.310290
v -0.084604 0.245832 -0.223991
v -0.084604 0.245832 -0.310290
v -0.118891 0.276180 -0.051393
v -0.118891 0.276180 -0.223991
v -0.070097 0.225000 -0.026571
v -0.055679 0.190884 -0.006747
v -0.050000 0.150000 0.001062
v -0.050000 0.150000 0.001062
v -0.055679 0.109116 -0.006747
v -0.070097 0.075000 -0.026571
v -0.070097 0.225000 -0.211580
v -0.070097 0.075000 -0.211580
v 0.481204 0.225000 -0.196589
v 0.481204 0.075000 -0.196589
v 0.151742 0.075000 -0.196589
v 0.481204 0.150000 -0.196589
v 0.151742 0.150000 -0.196589
v 0.151742 0.225000 -0.196589
v 0.063534 0.225000 0.157171
v 0.063534 0.075000 0.157171
v -0.070097 0.075000 -0.026571
v 0.063534 0.150000 0.157171
v -0.050000 0.150000 0.001062
v -0.055679 0.190884 -0.006747
v -0.055679 0.109116 -0.006747
v -0.070097 0.225000 -0.026571
v 0.111306 0.075000 -0.117180
v 0.225281 0.225000 0.039537
v 0.111306 0.225000 -0.117180
v 0.111306 0.150000 -0.117180
v 0.225281 0.075000 0.039537
v 0.225281 0.150000 0.039537
v 0.510613 0.075000 -0.106152
v 0.295126 0.225000 0.050565
v 0.510613 0.150000 -0.106152
v 0.295126 0.150000 0.050565
v 0.510613 0.225000 -0.106152
v 0.295126 0.075000 0.050565
v 0.481204 0.225000 -0.196589
v 0.496588 0.225000 -0.194163
v 0.510369 0.225000 -0.187202
v 0.521656 0.225000 -0.175977
v 0.528757 0.225000 -0.162039
v 0.531204 0.225000 -0.146554
v 0.528726 0.225000 -0.131045
v 0.521561 0.225000 -0.117071
v 0.510613 0.225000 -0.106152
v 0.111306 0.225000 -0.117180
v 0.103524 0.225000 -0.133361
v 0.101991 0.225000 -0.151575
v 0.107100 0.225000 -0.169108
v 0.118137 0.225000 -0.183612
v 0.134450 0.225000 -0.193504
v 0.151742 0.225000 -0.196589
v 0.295126 0.225000 0.050565
v 0.278419 0.225000 0.058488
v 0.258435 0.225000 0.059595
v 0.239486 0.225000 0.052694
v 0.225281 0.225000 0.039537
v 0.063534 0.225000 0.157171
v 0.071457 0.225000 0.173879
v 0.072564 0.225000 0.193863
v 0.065663 0.225000 0.212812
v 0.052506 0.225000 0.227016
v -0.021153 0.225000 0.280586
v 0.000000 0.225000 0.639000
v 0.025438 0.225000 0.527877
v 0.096482 0.225000 0.442334
v 0.920416 0.225000 -0.156892
v 0.977609 0.225000 -0.186379
v 1.040601 0.225000 -0.196589
v 1.040601 0.225000 -0.237330
v -0.070097 0.225000 0.322335
v -0.070097 0.225000 0.480668
v -0.070097 0.225000 0.639000
v 1.040601 0.225000 -0.396589
v -0.070097 0.225000 -0.396589
v -0.070097 0.225000 -0.211580
v -0.070097 0.225000 -0.026571
v 1.040601 0.225000 -0.355848
v 0.510613 0.075000 -0.106152
v 0.521561 0.075000 -0.117071
v 0.528726 0.075000 -0.131045
v 0.531204 0.075000 -0.146554
v 0.528757 0.075000 -0.162039
v 0.521656 0.075000 -0.175977
v 0.510369 0.075000 -0.187202
v 0.496588 0.075000 -0.194163
v 0.481204 0.075000 -0.196589
v 0.151742 0.075000 -0.196589
v 0.134450 0.075000 -0.193504
v 0.118137 0.075000 -0.183612
v 0.107100 0.075000 -0.169108
v 0.101991 0.075000 -0.151575
v 0.103524 0.075000 -0.133361
v 0.111306 0.075000 -0.117180
v 0.225281 0.075000 0.039537
v 0.239486 0.075000 0.052694
v 0.258435 0.075000 0.059595
v 0.278419 0.075000 0.058488
v 0.295126 0.075000 0.050565
v 0.052506 0.075000 0.227016
v 0.065663 0.075000 0.212812
v 0.072564 0.075000 0.193863
v 0.071457 0.075000 0.173879
v 0.063534 0.075000 0.157171
v -0.070097 0.075000 -0.026571
v -0.070097 0.075000 0.322335
v 0.096482 0.075000 0.442334
v 0.025438 0.075000 0.527877
v 0.000000 0.075000 0.639000
v 0.920416 0.075000 -0.156892
v 1.040601 0.075000 -0.196589
v 0.977609 0.075000 -0.186379
v 1.040601 0.075000 -0.237330
v -0.070097 0.075000 0.639000
v -0.070097 0.075000 0.480668
v -0.070097 0.075000 -0.396589
v 1.040601 0.075000 -0.396589
v -0.070097 0.075000 -0.211580
v -0.021153 0.075000 0.280586
v 1.040601 0.075000 -0.355848
v -0.100000 0.150000 -0.396589
v -0.100000 0.150000 -0.596589
v -0.100000 0.150000 -0.796589
v -0.100000 0.150000 -0.996589
v -0.100000 0.150000 -1.196589
v -0.100000 0.150000 -1.396589
v -0.107498 0.187991 -0.596589
v -0.107498 0.187991 -0.796589
v -0.107498 0.187991 -0.996589
v -0.107498 0.187991 -1.196589
v -0.107498 0.187991 -1.396589
v -0.130029 0.221443 -0.596589
v -0.130029 0.221443 -0.796589
v -0.130029 0.221443 -0.996589
v -0.130029 0.221443 -1.196589
v -0.130029 0.221443 -1.396589
v -0.163655 0.243161 -0.596589
v -0.163655 0.243161 -0.796589
v -0.163655 0.243161 -0.996589
v -0.163655 0.243161 -1.196589
v -0.163655 0.243161 -1.396589
v -0.200000 0.250000 -0.396589
v -0.200000 0.250000 -0.596589
v -0.200000 0.250000 -0.796589
v -0.200000 0.250000 -0.996589
v -0.200000 0.250000 -1.196589
v -0.200000 0.250000 -1.396589
v -0.237991 0.242502 -0.596589
v -0.237991 0.242502 -0.796589
v -0.237991 0.242502 -0.996589
v -0.237991 0.242502 -1.196589
v -0.237991 0.242502 -1.396589
v -0.271443 0.219970 -0.596589
v -0.271443 0.219970 -0.796589
v -0.271443 0.219970 -0.996589
v -0.271443 0.219970 -1.196589
v -0.271443 0.219970 -1.396589
v -0.293161 0.186345 -0.596589
v -0.293161 0.186345 -0.796589
v -0.293161 0.186345 -0.996589
v -0.293161 0.186345 -1.196589
v -0.293161 0.186345 -1.396589
v -0.300000 0.150000 -0.396589
v -0.300000 0.150000 -0.596589
v -0.300000 0.150000 -0.796589
v -0.300000 0.150000 -0.996589
v -0.300000 0.150000 -1.196589
v -0.300000 0.150000 -1.396589
v -0.292502 0.112009 -0.596589
v -0.292502 0.112009 -0.796589
v -0.292502 0.112009 -0.996589
v -0.292502 0.112009 -1.196589
v -0.292502 0.112009 -1.396589
v -0.269971 0.078557 -0.596589
v -0.269971 0.078557 -0.796589
v -0.269971 0.078557 -0.996589
v -0.269971 0.078557 -1.196589
v -0.269971 0.078557 -1.396589
v -0.236345 0.056839 -0.596589
v -0.236345 0.056839 -0.796589
v -0.236345 0.056839 -0.996589
v -0.236345 0.056839 -1.196589
v -0.236345 0.056839 -1.396589
v -0.200000 0.050000 -0.396589
v -0.200000 0.050000 -0.596589
v -0.200000 0.050000 -0.796589
v -0.200000 0.050000 -0.996589
v -0.200000 0.050000 -1.196589
v -0.200000 0.050000 -1.396589
v -0.162009 0.057498 -0.596589
v -0.162009 0.057498 -0.796589
v -0.162009 0.057498 -0.996589
v -0.162009 0.057498 -1.196589
v -0.162009 0.057498 -1.396589
v -0.128557 0.080029 -0.596589
v -0.128557 0.080029 -0.796589
v -0.128557 0.080029 -0.996589
v -0.128557 0.080029 -1.196589
v -0.128557 0.080029 -1.396589
v -0.106839 0.113655 -0.596589
v -0.106839 0.113655 -0.796589
v -0.106839 0.113655 -0.996589
v -0.106839 0.113655 -1.196589
v -0.106839 0.113655 -1.396589
v -0.100000 0.150000 -0.396589
v -0.100000 0.150000 -0.596589
v -0.100000 0.150000 -0.796589
v -0.100000 0.150000 -0.996589
v -0.100000 0.150000 -1.196589
v -0.100000 0.150000 -1.396589
v -0.107021 0.186809 -0.396589
v -0.129289 0.220711 -0.396589
v -0.163191 0.242979 -0.396589
v -0.236809 0.242979 -0.396589
v -0.270711 0.220711 -0.396589
v -0.292979 0.186809 -0.396589
v -0.292979 0.113190 -0.396589
v -0.270711 0.079289 -0.396589
v -0.236809 0.057021 -0.396589
v -0.163191 0.057021 -0.396589
v -0.129289 0.079289 -0.396589
v -0.107021 0.113190 -0.396589
v -0.107498 0.187991 -0.496589
v -0.101782 0.168792 -0.596589
v -0.100000 0.150000 -0.496589
v -0.101782 0.168792 -0.496589
v -0.130029 0.221443 -0.496589
v -0.116948 0.205698 -0.596589
v -0.116948 0.205698 -0.496589
v -0.163655 0.243161 -0.496589
v -0.145927 0.234120 -0.596589
v -0.145927 0.234120 -0.496589
v -0.200000 0.250000 -0.496589
v -0.182037 0.248374 -0.596589
v -0.182037 0.248374 -0.496589
v -0.237991 0.242502 -0.496589
v -0.218792 0.248219 -0.596589
v -0.218792 0.248219 -0.496589
v -0.271443 0.219970 -0.496589
v -0.255699 0.233052 -0.596589
v -0.255699 0.233052 -0.496589
v -0.293161 0.186345 -0.496589
v -0.284120 0.204073 -0.596589
v -0.284120 0.204073 -0.496589
v -0.300000 0.150000 -0.496589
v -0.298374 0.167963 -0.596589
v -0.298374 0.167963 -0.496589
v -0.292502 0.112009 -0.496589
v -0.298218 0.131208 -0.596589
v -0.298218 0.131208 -0.496589
v -0.269971 0.078557 -0.496589
v -0.283052 0.094301 -0.596589
v -0.283052 0.094301 -0.496589
v -0.236345 0.056839 -0.496589
v -0.254073 0.065880 -0.596589
v -0.254073 0.065880 -0.496589
v -0.162009 0.057498 -0.496589
v -0.181208 0.051781 -0.596589
v -0.200000 0.050000 -0.496589
v -0.181208 0.051781 -0.496589
v -0.128557 0.080029 -0.496589
v -0.144302 0.066948 -0.596589
v -0.144302 0.066948 -0.496589
v -0.106839 0.113655 -0.496589
v -0.115881 0.095927 -0.596589
v -0.115881 0.095927 -0.496589
v -0.100000 0.150000 -0.496589
v -0.101627 0.132037 -0.596589
v -0.101627 0.132037 -0.496589
v -0.100000 0.150000 -1.296589
v -0.106839 0.113655 -1.296589
v -0.101627 0.132037 -1.196589
v -0.101627 0.132037 -1.296589
v -0.128557 0.080029 -1.296589
v -0.115881 0.095927 -1.196589
v -0.115881 0.095927 -1.296589
v -0.162009 0.057498 -1.296589
v -0.200000 0.050000 -1.296589
v -0.181208 0.051781 -1.196589
v -0.181208 0.051781 -1.296589
v -0.236345 0.056839 -1.296589
v -0.217963 0.051626 -1.196589
v -0.217963 0.051626 -1.296589
v -0.269971 0.078557 -1.296589
v -0.254073 0.065880 -1.196589
v -0.254073 0.065880 -1.296589
v -0.292502 0.112009 -1.296589
v -0.300000 0.150000 -1.296589
v -0.298218 0.131208 -1.196589
v -0.298218 0.131208 -1.296589
v -0.293161 0.186345 -1.296589
v -0.298374 0.167963 -1.196589
v -0.298374 0.167963 -1.296589
v -0.271443 0.219970 -1.296589
v -0.284120 0.204073 -1.196589
v -0.284120 0.204073 -1.296589
v -0.237991 0.242502 -1.296589
v -0.200000 0.250000 -1.296589
v -0.218792 0.248219 -1.196589
v -0.218792 0.248219 -1.296589
v -0.163655 0.243161 -1.296589
v -0.182037 0.248374 -1.196589
v -0.182037 0.248374 -1.296589
v -0.130029 0.221443 -1.296589
v -0.145927 0.234120 -1.196589
v -0.145927 0.234120 -1.296589
v -0.107498 0.187991 -1.296589
v -0.100000 0.150000 -1.296589
v -0.101782 0.168792 -1.196589
v -0.101782 0.168792 -1.296589
v -0.100000 0.150000 -0.396589
v -0.107021 0.186809 -0.396589
v -0.129289 0.220711 -0.396589
v -0.163191 0.242979 -0.396589
v -0.200000 0.250000 -0.396589
v -0.236809 0.242979 -0.396589
v -0.270711 0.220711 -0.396589
v -0.292979 0.186809 -0.396589
v -0.300000 0.150000 -0.396589
v -0.292979 0.113190 -0.396589
v -0.270711 0.079289 -0.396589
v -0.236809 0.057021 -0.396589
v -0.200000 0.050000 -0.396589
v -0.163191 0.057021 -0.396589
v -0.129289 0.079289 -0.396589
v -0.107021 0.113190 -0.396589
v -0.100000 0.150000 -1.396589
v -0.107498 0.187991 -1.396589
v -0.130029 0.221443 -1.396589
v -0.163655 0.243161 -1.396589
v -0.200000 0.250000 -1.396589
v -0.237991 0.242502 -1.396589
v -0.271443 0.219970 -1.396589
v -0.293161 0.186345 -1.396589
v -0.300000 0.150000 -1.396589
v -0.292502 0.112009 -1.396589
v -0.269971 0.078557 -1.396589
v -0.236345 0.056839 -1.396589
v -0.200000 0.050000 -1.396589
v -0.162009 0.057498 -1.396589
v -0.128557 0.080029 -1.396589
v -0.106839 0.113655 -1.396589
v 4.159398 0.090789 -0.196589
v 4.159398 0.075000 -0.196589
v 4.134398 0.082895 -0.196589
v 4.109399 0.075000 -0.196589
v 4.109399 0.075000 -0.216589
v 4.126065 0.075000 -0.209922
v 4.142732 0.075000 -0.203256
v 4.159398 0.075000 -0.196589
v 4.159398 0.075000 -0.237330
v 4.134398 0.102500 -0.226959
v 4.109399 0.075000 -0.216589
v 4.109399 0.130000 -0.216589
v 4.142732 0.075000 -0.203256
v 4.126065 0.075000 -0.209922
v 4.159398 0.075000 -0.237330
v 4.159398 0.075000 -0.355848
v 4.134398 0.102500 -0.226959
v 4.134398 0.102500 -0.366219
v 4.109399 0.130000 -0.216589
v 4.109399 0.130000 -0.376589
v 4.159398 0.075000 -0.355848
v 4.159398 0.075000 -0.396589
v 4.109399 0.130000 -0.376589
v 4.109399 0.075000 -0.376589
v 4.134398 0.102500 -0.366219
v 4.126065 0.075000 -0.383256
v 4.142732 0.075000 -0.389922
v 4.159398 0.075000 -0.396589
v 4.159398 0.090789 -0.396589
v 4.134398 0.082895 -0.396589
v 4.109399 0.075000 -0.376589
v 4.109399 0.075000 -0.396589
v 4.142732 0.075000 -0.389922
v 4.126065 0.075000 -0.383256
v 4.159398 0.209210 -0.396589
v 4.159398 0.225000 -0.396589
v 4.109399 0.225000 -0.396589
v 4.109399 0.225000 -0.376589
v 4.134398 0.225000 -0.386589
v 4.159398 0.225000 -0.396589
v 4.159398 0.225000 -0.355848
v 4.109399 0.225000 -0.376589
v 4.109399 0.170000 -0.376589
v 4.134398 0.225000 -0.386589
v 4.134398 0.197500 -0.366219
v 4.159398 0.225000 -0.355848
v 4.159398 0.225000 -0.237330
v 4.109399 0.170000 -0.376589
v 4.109399 0.170000 -0.216589
v 4.134398 0.197500 -0.366219
v 4.134398 0.197500 -0.226959
v 4.159398 0.225000 -0.237330
v 4.159398 0.225000 -0.196589
v 4.109399 0.170000 -0.216589
v 4.109399 0.225000 -0.216589
v 4.134398 0.197500 -0.226959
v 4.134398 0.225000 -0.206589
v 4.159398 0.225000 -0.196589
v 4.159398 0.209210 -0.196589
v 4.109399 0.225000 -0.216589
v 4.109399 0.225000 -0.196589
v 4.134398 0.225000 -0.206589
v 4.718796 0.225000 -0.196589
v 4.703412 0.225000 -0.194163
v 4.689631 0.225000 -0.187202
v 4.678344 0.225000 -0.175977
v 4.671243 0.225000 -0.162039
v 4.668796 0.225000 -0.146554
v 4.671274 0.225000 -0.131045
v 4.678439 0.225000 -0.117071
v 4.689387 0.225000 -0.106152
v 4.718796 0.150000 -0.196589
v 4.703412 0.150000 -0.194163
v 4.689631 0.150000 -0.187202
v 4.678344 0.150000 -0.175977
v 4.671243 0.150000 -0.162039
v 4.668796 0.150000 -0.146554
v 4.671274 0.150000 -0.131045
v 4.678439 0.150000 -0.117071
v 4.689387 0.150000 -0.106152
v 4.718796 0.075000 -0.196589
v 4.703412 0.075000 -0.194163
v 4.689631 0.075000 -0.187202
v 4.678344 0.075000 -0.175977
v 4.671243 0.075000 -0.162039
v 4.668796 0.075000 -0.146554
v 4.671274 0.075000 -0.131045
v 4.678439 0.075000 -0.117071
v 4.689387 0.075000 -0.106152
v 4.703412 0.112500 -0.194163
v 4.711381 0.150000 -0.196036
v 4.711381 0.112500 -0.196036
v 4.689631 0.112500 -0.187202
v 4.696475 0.150000 -0.191330
v 4.696475 0.112500 -0.191330
v 4.671243 0.112500 -0.162039
v 4.674267 0.150000 -0.169331
v 4.678344 0.112500 -0.175977
v 4.674267 0.112500 -0.169331
v 4.668796 0.112500 -0.146554
v 4.669401 0.150000 -0.154345
v 4.669401 0.112500 -0.154345
v 4.678439 0.112500 -0.117071
v 4.674423 0.150000 -0.123544
v 4.671274 0.112500 -0.131045
v 4.674423 0.112500 -0.123544
v 4.683752 0.150000 -0.110925
v 4.683752 0.112500 -0.110925
v 4.678439 0.187500 -0.117071
v 4.683752 0.187500 -0.110925
v 4.671274 0.187500 -0.131045
v 4.674423 0.187500 -0.123544
v 4.668796 0.187500 -0.146554
v 4.671243 0.187500 -0.162039
v 4.669401 0.187500 -0.154345
v 4.678344 0.187500 -0.175977
v 4.674267 0.187500 -0.169331
v 4.689631 0.187500 -0.187202
v 4.703412 0.187500 -0.194163
v 4.696475 0.187500 -0.191330
v 4.711381 0.187500 -0.196036
v 5.048258 0.075000 -0.196589
v 5.065550 0.075000 -0.193504
v 5.081863 0.075000 -0.183612
v 5.092900 0.075000 -0.169108
v 5.098008 0.075000 -0.151575
v 5.096476 0.075000 -0.133361
v 5.088695 0.075000 -0.117180
v 5.048258 0.150000 -0.196589
v 5.065550 0.150000 -0.193504
v 5.096476 0.150000 -0.133361
v 5.088695 0.150000 -0.117180
v 5.048258 0.225000 -0.196589
v 5.065550 0.225000 -0.193504
v 5.081863 0.225000 -0.183612
v 5.092900 0.225000 -0.169108
v 5.098008 0.225000 -0.151575
v 5.096476 0.225000 -0.133361
v 5.088695 0.225000 -0.117180
v 5.065550 0.187500 -0.193504
v 5.056656 0.150000 -0.195879
v 5.056656 0.187500 -0.195879
v 5.093140 0.150000 -0.124554
v 5.096476 0.187500 -0.133361
v 5.093140 0.187500 -0.124554
v 5.096476 0.112500 -0.133361
v 5.093140 0.112500 -0.124554
v 5.065550 0.112500 -0.193504
v 5.056656 0.112500 -0.195879
v 5.092900 0.150000 -0.169108
v 5.098008 0.150000 -0.151575
v 4.974718 0.075000 0.039537
v 4.960514 0.075000 0.052694
v 4.941565 0.075000 0.059595
v 4.921581 0.075000 0.058488
v 4.904873 0.075000 0.050565
v 4.974718 0.150000 0.039537
v 4.904873 0.150000 0.050565
v 4.974718 0.225000 0.039537
v 4.960514 0.225000 0.052694
v 4.941565 0.225000 0.059595
v 4.921581 0.225000 0.058488
v 4.904873 0.225000 0.050565
v 4.941565 0.150000 0.059595
v 4.921581 0.150000 0.058488
v 5.147494 0.075000 0.227016
v 5.134337 0.075000 0.212812
v 5.127436 0.075000 0.193863
v 5.128543 0.075000 0.173879
v 5.136466 0.075000 0.157171
v 5.147494 0.150000 0.227016
v 5.136466 0.150000 0.157171
v 5.147494 0.225000 0.227016
v 5.134337 0.225000 0.212812
v 5.127436 0.225000 0.193863
v 5.128543 0.225000 0.173879
v 5.136466 0.225000 0.157171
v 5.127436 0.150000 0.193863
v 5.128543 0.150000 0.173879
v 5.221153 0.225000 0.280586
v 5.221153 0.075000 0.280586
v 5.270096 0.225000 0.322335
v 5.270096 0.075000 0.322335
v 5.255428 0.189887 0.308370
v 5.250000 0.150000 0.303600
v 5.255428 0.110113 0.308370
v 5.200000 0.225000 0.639000
v 5.200000 0.075000 0.639000
v 5.174562 0.225000 0.527877
v 5.174562 0.075000 0.527877
v 5.103518 0.225000 0.442334
v 5.103518 0.075000 0.442334
v 5.103518 0.225000 0.442334
v 5.103518 0.075000 0.442334
v 4.279584 0.225000 -0.156892
v 4.279584 0.075000 -0.156892
v 4.279584 0.225000 -0.156892
v 4.279584 0.075000 -0.156892
v 4.222391 0.225000 -0.186379
v 4.222391 0.075000 -0.186379
v 4.159398 0.225000 -0.196589
v 4.159398 0.075000 -0.196589
v 4.159398 0.209210 -0.196589
v 4.159398 0.150000 -0.196589
v 4.159398 0.090789 -0.196589
v 4.191069 0.150000 -0.194050
v 4.175212 0.150000 -0.195959
v 4.191069 0.187500 -0.194050
v 4.175212 0.187500 -0.195959
v 4.191069 0.112500 -0.194050
v 4.175212 0.112500 -0.195959
v 5.300000 0.150000 -0.396589
v 5.300000 0.150000 -0.216819
v 5.300000 0.150000 -0.037049
v 5.300000 0.150000 0.142721
v 5.307498 0.112009 -0.216819
v 5.307498 0.112009 -0.037049
v 5.307498 0.112009 0.142721
v 5.330029 0.078557 -0.216819
v 5.330029 0.078557 -0.037049
v 5.330029 0.078557 0.142721
v 5.363655 0.056839 -0.216819
v 5.363655 0.056839 -0.037049
v 5.363655 0.056839 0.142721
v 5.400000 0.050000 -0.396589
v 5.400000 0.050000 -0.216819
v 5.400000 0.050000 -0.037049
v 5.400000 0.050000 0.142721
v 5.437991 0.057498 -0.216819
v 5.437991 0.057498 -0.037049
v 5.437991 0.057498 0.142721
v 5.471443 0.080029 -0.216819
v 5.471443 0.080029 -0.037049
v 5.471443 0.080029 0.142721
v 5.493162 0.113655 -0.216819
v 5.493162 0.113655 -0.037049
v 5.493162 0.113655 0.142721
v 5.500000 0.150000 -0.396589
v 5.500000 0.150000 -0.216819
v 5.500000 0.150000 -0.037049
v 5.500000 0.150000 0.142721
v 5.492502 0.187991 -0.216819
v 5.492502 0.187991 -0.037049
v 5.492502 0.187991 0.142721
v 5.469970 0.221443 -0.216819
v 5.469970 0.221443 -0.037049
v 5.469970 0.221443 0.142721
v 5.436345 0.243161 -0.216819
v 5.436345 0.243161 -0.037049
v 5.436345 0.243161 0.142721
v 5.400000 0.250000 -0.396589
v 5.400000 0.250000 -0.216819
v 5.400000 0.250000 -0.037049
v 5.400000 0.250000 0.142721
v 5.362009 0.242502 -0.216819
v 5.362009 0.242502 -0.037049
v 5.362009 0.242502 0.142721
v 5.328556 0.219970 -0.216819
v 5.328556 0.219970 -0.037049
v 5.328556 0.219970 0.142721
v 5.306838 0.186345 -0.216819
v 5.306838 0.186345 -0.037049
v 5.306838 0.186345 0.142721
v 5.300000 0.150000 -0.396589
v 5.300000 0.150000 -0.216819
v 5.300000 0.150000 -0.037049
v 5.300000 0.150000 0.142721
v 5.307021 0.113190 -0.396589
v 5.329289 0.079289 -0.396589
v 5.363191 0.057021 -0.396589
v 5.436809 0.057021 -0.396589
v 5.470711 0.079289 -0.396589
v 5.492979 0.113190 -0.396589
v 5.492979 0.186809 -0.396589
v 5.470711 0.220711 -0.396589
v 5.436809 0.242979 -0.396589
v 5.363191 0.242979 -0.396589
v 5.329289 0.220711 -0.396589
v 5.307021 0.186809 -0.396589
v 5.307498 0.112009 -0.306704
v 5.301782 0.131208 -0.216819
v 5.300000 0.150000 -0.306704
v 5.301782 0.131208 -0.306704
v 5.330029 0.078557 -0.306704
v 5.316948 0.094301 -0.216819
v 5.316948 0.094301 -0.306704
v 5.363655 0.056839 -0.306704
v 5.345927 0.065880 -0.216819
v 5.345927 0.065880 -0.306704
v 5.437991 0.057498 -0.306704
v 5.418792 0.051781 -0.216819
v 5.400000 0.050000 -0.306704
v 5.418792 0.051781 -0.306704
v 5.471443 0.080029 -0.306704
v 5.455698 0.066948 -0.216819
v 5.455698 0.066948 -0.306704
v 5.493162 0.113655 -0.306704
v 5.484120 0.095927 -0.216819
v 5.484120 0.095927 -0.306704
v 5.492502 0.187991 -0.306704
v 5.498218 0.168792 -0.216819
v 5.500000 0.150000 -0.306704
v 5.498218 0.168792 -0.306704
v 5.469970 0.221443 -0.306704
v 5.483052 0.205698 -0.216819
v 5.483052 0.205698 -0.306704
v 5.436345 0.243161 -0.306704
v 5.454073 0.234120 -0.216819
v 5.454073 0.234120 -0.306704
v 5.400000 0.250000 -0.306704
v 5.417963 0.248374 -0.216819
v 5.417963 0.248374 -0.306704
v 5.362009 0.242502 -0.306704
v 5.381208 0.248219 -0.216819
v 5.381208 0.248219 -0.306704
v 5.328556 0.219970 -0.306704
v 5.344302 0.233052 -0.216819
v 5.344302 0.233052 -0.306704
v 5.306838 0.186345 -0.306704
v 5.315880 0.204073 -0.216819
v 5.315880 0.204073 -0.306704
v 5.300000 0.150000 -0.306704
v 5.301627 0.167963 -0.216819
v 5.301627 0.167963 -0.306704
v 5.300000 0.150000 0.052836
v 5.306838 0.186345 0.052836
v 5.301627 0.167963 -0.037049
v 5.301627 0.167963 0.052836
v 5.328556 0.219970 0.052836
v 5.315880 0.204073 -0.037049
v 5.315880 0.204073 0.052836
v 5.362009 0.242502 0.052836
v 5.400000 0.250000 0.052836
v 5.381208 0.248219 -0.037049
v 5.381208 0.248219 0.052836
v 5.436345 0.243161 0.052836
v 5.417963 0.248374 -0.037049
v 5.417963 0.248374 0.052836
v 5.469970 0.221443 0.052836
v 5.454073 0.234120 -0.037049
v 5.454073 0.234120 0.052836
v 5.492502 0.187991 0.052836
v 5.500000 0.150000 0.052836
v 5.498218 0.168792 -0.037049
v 5.498218 0.168792 0.052836
v 5.493162 0.113655 0.052836
v 5.498373 0.132037 -0.037049
v 5.498373 0.132037 0.052836
v 5.471443 0.080029 0.052836
v 5.484120 0.095927 -0.037049
v 5.484120 0.095927 0.052836
v 5.437991 0.057498 0.052836
v 5.400000 0.050000 0.052836
v 5.418792 0.051781 -0.037049
v 5.418792 0.051781 0.052836
v 5.363655 0.056839 0.052836
v 5.382037 0.051626 -0.037049
v 5.382037 0.051626 0.052836
v 5.330029 0.078557 0.052836
v 5.345927 0.065880 -0.037049
v 5.345927 0.065880 0.052836
v 5.307498 0.112009 0.052836
v 5.300000 0.150000 0.052836
v 5.301782 0.131208 -0.037049
v 5.301782 0.131208 0.052836
v 5.300000 0.150000 0.142721
v 5.307498 0.112009 0.142721
v 5.330029 0.078557 0.142721
v 5.363655 0.056839 0.142721
v 5.400000 0.050000 0.142721
v 5.437991 0.057498 0.142721
v 5.471443 0.080029 0.142721
v 5.493162 0.113655 0.142721
v 5.500000 0.150000 0.142721
v 5.492502 0.187991 0.142721
v 5.469970 0.221443 0.142721
v 5.436345 0.243161 0.142721
v 5.400000 0.250000 0.142721
v 5.362009 0.242502 0.142721
v 5.328556 0.219970 0.142721
v 5.306838 0.186345 0.142721
v 5.200000 0.075000 0.639000
v 5.200000 0.225000 0.639000
v 5.270096 0.075000 0.639000
v 5.270096 0.225000 0.639000
v 5.345483 0.289742 0.639000
v 5.400000 0.300000 0.639000
v 5.456986 0.288754 0.639000
v 5.507165 0.254956 0.639000
v 5.539742 0.204517 0.639000
v 5.550000 0.150000 0.639000
v 5.538753 0.093013 0.639000
v 5.504956 0.042835 0.639000
v 5.454517 0.010258 0.639000
v 5.400000 0.000000 0.639000
v 5.343013 0.011246 0.639000
v 5.292835 0.045044 0.639000
v 5.147494 0.075000 0.227016
v 5.221153 0.225000 0.280586
v 5.221153 0.075000 0.280586
v 5.147494 0.150000 0.227016
v 5.147494 0.225000 0.227016
v 5.261247 0.206986 0.293804
v 5.295044 0.257165 0.293804
v 5.295044 0.257165 -0.051393
v 5.295044 0.257165 -0.396589
v 5.345483 0.289742 0.639000
v 5.345483 0.289742 0.293804
v 5.345483 0.289742 -0.051393
v 5.345483 0.289742 -0.396589
v 5.400000 0.300000 0.639000
v 5.400000 0.300000 0.293804
v 5.400000 0.300000 -0.051393
v 5.400000 0.300000 -0.396589
v 5.456986 0.288754 0.639000
v 5.456986 0.288754 0.293804
v 5.456986 0.288754 -0.051393
v 5.456986 0.288754 -0.396589
v 5.507165 0.254956 0.639000
v 5.507165 0.254956 0.293804
v 5.507165 0.254956 -0.051393
v 5.507165 0.254956 -0.396589
v 5.539742 0.204517 0.639000
v 5.539742 0.204517 0.293804
v 5.539742 0.204517 -0.051393
v 5.539742 0.204517 -0.396589
v 5.550000 0.150000 0.639000
v 5.550000 0.150000 0.293804
v 5.550000 0.150000 -0.051393
v 5.550000 0.150000 -0.396589
v 5.538753 0.093013 0.639000
v 5.538753 0.093013 0.293804
v 5.538753 0.093013 -0.051393
v 5.538753 0.093013 -0.396589
v 5.504956 0.042835 0.639000
v 5.504956 0.042835 0.293804
v 5.504956 0.042835 -0.051393
v 5.504956 0.042835 -0.396589
v 5.454517 0.010258 0.639000
v 5.454517 0.010258 0.293804
v 5.454517 0.010258 -0.051393
v 5.454517 0.010258 -0.396589
v 5.400000 0.000000 0.639000
v 5.400000 0.000000 0.293804
v 5.400000 0.000000 -0.051393
v 5.400000 0.000000 -0.396589
v 5.343013 0.011246 0.639000
v 5.343013 0.011246 0.293804
v 5.343013 0.011246 -0.051393
v 5.343013 0.011246 -0.396589
v 5.292835 0.045044 0.639000
v 5.292835 0.045044 0.293804
v 5.292835 0.045044 -0.051393
v 5.260258 0.095483 0.293804
v 5.250000 0.150000 0.303600
v 5.255428 0.189887 0.308370
v 5.270096 0.225000 0.322335
v 5.252672 0.178187 0.293804
v 5.261247 0.206986 0.121206
v 5.250000 0.150000 0.121206
v 5.252672 0.178187 0.121206
v 5.252440 0.123056 0.293804
v 5.256182 0.192619 0.293804
v 5.295044 0.257165 0.466402
v 5.275421 0.233548 0.293804
v 5.275421 0.233548 0.466402
v 5.275421 0.233548 0.380103
v 5.267613 0.220524 0.293804
v 5.295044 0.257165 0.121206
v 5.275421 0.233548 -0.051393
v 5.275421 0.233548 0.121206
v 5.270096 0.075000 0.322335
v 5.255428 0.110113 0.308370
v 5.250000 0.150000 0.303600
v 5.273820 0.068891 0.293804
v 5.292835 0.045044 0.466402
v 5.273820 0.068891 0.466402
v 5.266322 0.081954 0.293804
v 5.273820 0.068891 0.380103
v 5.260258 0.095483 0.121206
v 5.292835 0.045044 0.121206
v 5.273820 0.068891 0.121206
v 5.255640 0.109254 0.293804
v 5.250000 0.150000 0.121206
v 5.252440 0.123056 0.121206
v 5.270096 0.225000 0.480668
v 5.270096 0.225000 0.639000
v 5.270096 0.075000 0.639000
v 5.270096 0.075000 0.480668
v 5.400000 0.300000 0.466402
v 5.373056 0.297560 0.293804
v 5.345483 0.289742 0.466402
v 5.373056 0.297560 0.466402
v 5.456986 0.288754 0.466402
v 5.428187 0.297328 0.293804
v 5.428187 0.297328 0.466402
v 5.539742 0.204517 0.466402
v 5.526180 0.231109 0.293804
v 5.507165 0.254956 0.466402
v 5.526180 0.231109 0.466402
v 5.550000 0.150000 0.466402
v 5.547560 0.176944 0.293804
v 5.547560 0.176944 0.466402
v 5.538753 0.093013 0.466402
v 5.547328 0.121813 0.293804
v 5.547328 0.121813 0.466402
v 5.454517 0.010258 0.466402
v 5.481109 0.023820 0.293804
v 5.504956 0.042835 0.466402
v 5.481109 0.023820 0.466402
v 5.400000 0.000000 0.466402
v 5.426944 0.002440 0.293804
v 5.426944 0.002440 0.466402
v 5.343013 0.011246 0.466402
v 5.371813 0.002672 0.293804
v 5.371813 0.002672 0.466402
v 5.273820 0.068891 0.552701
v 5.282693 0.056517 0.466402
v 5.292835 0.045044 0.552701
v 5.282693 0.056517 0.552701
v 5.316452 0.025422 0.293804
v 5.316452 0.025422 0.466402
v 5.270096 0.075000 -0.396589
v 5.270096 0.225000 -0.396589
v 5.343013 0.011246 -0.223991
v 5.400000 0.000000 -0.223991
v 5.371813 0.002672 -0.051393
v 5.371813 0.002672 -0.223991
v 5.454517 0.010258 -0.223991
v 5.426944 0.002440 -0.051393
v 5.426944 0.002440 -0.223991
v 5.504956 0.042835 -0.223991
v 5.481109 0.023820 -0.051393
v 5.481109 0.023820 -0.223991
v 5.538753 0.093013 -0.223991
v 5.550000 0.150000 -0.223991
v 5.547328 0.121813 -0.051393
v 5.547328 0.121813 -0.223991
v 5.539742 0.204517 -0.223991
v 5.547560 0.176944 -0.051393
v 5.547560 0.176944 -0.223991
v 5.507165 0.254956 -0.223991
v 5.526180 0.231109 -0.051393
v 5.526180 0.231109 -0.223991
v 5.456986 0.288754 -0.223991
v 5.400000 0.300000 -0.223991
v 5.428187 0.297328 -0.051393
v 5.428187 0.297328 -0.223991
v 5.345483 0.289742 -0.223991
v 5.373056 0.297560 -0.051393
v 5.373056 0.297560 -0.223991
v 5.295044 0.257165 -0.223991
v 5.275421 0.233548 -0.223991
v 5.295044 0.257165 -0.310290
v 5.275421 0.233548 -0.310290
v 5.284604 0.245832 -0.223991
v 5.284604 0.245832 -0.310290
v 5.318891 0.276180 -0.051393
v 5.318891 0.276180 -0.223991
v 5.270096 0.225000 -0.026571
v 5.255679 0.190884 -0.006747
v 5.250000 0.150000 0.001062
v 5.250000 0.150000 0.001062
v 5.255679 0.109116 -0.006747
v 5.270096 0.075000 -0.026571
v 5.270096 0.225000 -0.211580
v 5.270096 0.075000 -0.211580
v 4.718796 0.225000 -0.196589
v 4.718796 0.075000 -0.196589
v 5.048258 0.075000 -0.196589
v 4.718796 0.150000 -0.196589
v 5.048258 0.150000 -0.196589
v 5.048258 0.225000 -0.196589
v 5.136466 0.225000 0.157171
v 5.136466 0.075000 0.157171
v 5.270096 0.075000 -0.026571
v 5.136466 0.150000 0.157171
v 5.250000 0.150000 0.001062
v 5.255679 0.190884 -0.006747
v 5.255679 0.109116 -0.006747
v 5.270096 0.225000 -0.026571
v 5.088695 0.075000 -0.117180
v 4.974718 0.225000 0.039537
v 5.088695 0.225000 -0.117180
v 5.088695 0.150000 -0.117180
v 4.974718 0.075000 0.039537
v 4.974718 0.150000 0.039537
v 4.689387 0.075000 -0.106152
v 4.904873 0.225000 0.050565
v 4.689387 0.150000 -0.106152
v 4.904873 0.150000 0.050565
v 4.689387 0.225000 -0.106152
v 4.904873 0.075000 0.050565
v 4.718796 0.225000 -0.196589
v 4.703412 0.225000 -0.194163
v 4.689631 0.225000 -0.187202
v 4.678344 0.225000 -0.175977
v 4.671243 0.225000 -0.162039
v 4.668796 0.225000 -0.146554
v 4.671274 0.225000 -0.131045
v 4.678439 0.225000 -0.117071
v 4.689387 0.225000 -0.106152
v 5.088695 0.225000 -0.117180
v 5.096476 0.225000 -0.133361
v 5.098008 0.225000 -0.151575
v 5.092900 0.225000 -0.169108
v 5.081863 0.225000 -0.183612
v 5.065550 0.225000 -0.193504
v 5.048258 0.225000 -0.196589
v 4.904873 0.225000 0.050565
v 4.921581 0.225000 0.058488
v 4.941565 0.225000 0.059595
v 4.960514 0.225000 0.052694
v 4.974718 0.225000 0.039537
v 5.136466 0.225000 0.157171
v 5.128543 0.225000 0.173879
v 5.127436 0.225000 0.193863
v 5.134337 0.225000 0.212812
v 5.147494 0.225000 0.227016
v 5.221153 0.225000 0.280586
v 5.200000 0.225000 0.639000
v 5.174562 0.225000 0.527877
v 5.103518 0.225000 0.442334
v 4.279584 0.225000 -0.156892
v 4.222391 0.225000 -0.186379
v 4.159398 0.225000 -0.196589
v 4.159398 0.225000 -0.237330
v 5.270096 0.225000 0.322335
v 5.270096 0.225000 0.480668
v 5.270096 0.225000 0.639000
v 4.159398 0.225000 -0.396589
v 5.270096 0.225000 -0.396589
v 5.270096 0.225000 -0.211580
v 5.270096 0.225000 -0.026571
v 4.159398 0.225000 -0.355848
v 4.689387 0.075000 -0.106152
v 4.678439 0.075000 -0.117071
v 4.671274 0.075000 -0.131045
v 4.668796 0.075000 -0.146554
v 4.671243 0.075000 -0.162039
v 4.678344 0.075000 -0.175977
v 4.689631 0.075000 -0.187202
v 4.703412 0.075000 -0.194163
v 4.718796 0.075000 -0.196589
v 5.048258 0.075000 -0.196589
v 5.065550 0.075000 -0.193504
v 5.081863 0.075000 -0.183612
v 5.092900 0.075000 -0.169108
v 5.098008 0.075000 -0.151575
v 5.096476 0.075000 -0.133361
v 5.088695 0.075000 -0.117180
v 4.974718 0.075000 0.039537
v 4.960514 0.075000 0.052694
v 4.941565 0.075000 0.059595
v 4.921581 0.075000 0.058488
v 4.904873 0.075000 0.050565
v 5.147494 0.075000 0.227016
v 5.134337 0.075000 0.212812
v 5.127436 0.075000 0.193863
v 5.128543 0.075000 0.173879
v 5.136466 0.075000 0.157171
v 5.270096 0.075000 -0.026571
v 5.270096 0.075000 0.322335
v 5.103518 0.075000 0.442334
v 5.174562 0.075000 0.527877
v 5.200000 0.075000 0.639000
v 4.279584 0.075000 -0.156892
v 4.159398 0.075000 -0.196589
v 4.222391 0.075000 -0.186379
v 4.159398 0.075000 -0.237330
v 5.270096 0.075000 0.639000
v 5.270096 0.075000 0.480668
v 5.270096 0.075000 -0.396589
v 4.159398 0.075000 -0.396589
v 5.270096 0.075000 -0.211580
v 5.221153 0.075000 0.280586
v 4.159398 0.075000 -0.355848
v 5.300000 0.150000 -0.396589
v 5.300000 0.150000 -0.596589
v 5.300000 0.150000 -0.796589
v 5.300000 0.150000 -0.996589
v 5.300000 0.150000 -1.196589
v 5.300000 0.150000 -1.396589
v 5.307498 0.112009 -0.596589
v 5.307498 0.112009 -0.796589
v 5.307498 0.112009 -0.996589
v 5.307498 0.112009 -1.196589
v 5.307498 0.112009 -1.396589
v 5.330029 0.078557 -0.596589
v 5.330029 0.078557 -0.796589
v 5.330029 0.078557 -0.996589
v 5.330029 0.078557 -1.196589
v 5.330029 0.078557 -1.396589
v 5.363655 0.056839 -0.596589
v 5.363655 0.056839 -0.796589
v 5.363655 0.056839 -0.996589
v 5.363655 0.056839 -1.196589
v 5.363655 0.056839 -1.396589
v 5.400000 0.050000 -0.596589
v 5.400000 0.050000 -0.796589
v 5.400000 0.050000 -0.996589
v 5.400000 0.050000 -1.196589
v 5.400000 0.050000 -1.396589
v 5.437991 0.057498 -0.596589
v 5.437991 0.057498 -0.796589
v 5.437991 0.057498 -0.996589
v 5.437991 0.057498 -1.196589
v 5.437991 0.057498 -1.396589
v 5.471443 0.080029 -0.596589
v 5.471443 0.080029 -0.796589
v 5.471443 0.080029 -0.996589
v 5.471443 0.080029 -1.196589
v 5.471443 0.080029 -1.396589
v 5.493162 0.113655 -0.596589
v 5.493162 0.113655 -0.796589
v 5.493162 0.113655 -0.996589
v 5.493162 0.113655 -1.196589
v 5.493162 0.113655 -1.396589
v 5.500000 0.150000 -0.596589
v 5.500000 0.150000 -0.796589
v 5.500000 0.150000 -0.996589
v 5.500000 0.150000 -1.196589
v 5.500000 0.150000 -1.396589
v 5.492502 0.187991 -0.596589
v 5.492502 0.187991 -0.796589
v 5.492502 0.187991 -0.996589
v 5.492502 0.187991 -1.196589
v 5.492502 0.187991 -1.396589
v 5.469970 0.221443 -0.596589
v 5.469970 0.221443 -0.796589
v 5.469970 0.221443 -0.996589
v 5.469970 0.221443 -1.196589
v 5.469970 0.221443 -1.396589
v 5.436345 0.243161 -0.596589
v 5.436345 0.243161 -0.796589
v 5.436345 0.243161 -0.996589
v 5.436345 0.243161 -1.196589
v 5.436345 0.243161 -1.396589
v 5.400000 0.250000 -0.596589
v 5.400000 0.250000 -0.796589
v 5.400000 0.250000 -0.996589
v 5.400000 0.250000 -1.196589
v 5.400000 0.250000 -1.396589
v 5.362009 0.242502 -0.596589
v 5.362009 0.242502 -0.796589
v 5.362009 0.242502 -0.996589
v 5.362009 0.242502 -1.196589
v 5.362009 0.242502 -1.396589
v 5.328556 0.219970 -0.596589
v 5.328556 0.219970 -0.796589
v 5.328556 0.219970 -0.996589
v 5.328556 0.219970 -1.196589
v 5.328556 0.219970 -1.396589
v 5.306838 0.186345 -0.596589
v 5.306838 0.186345 -0.796589
v 5.306838 0.186345 -0.996589
v 5.306838 0.186345 -1.196589
v 5.306838 0.186345 -1.396589
v 5.300000 0.150000 -0.396589
v 5.300000 0.150000 -0.596589
v 5.300000 0.150000 -0.796589
v 5.300000 0.150000 -0.996589
v 5.300000 0.150000 -1.196589
v 5.300000 0.150000 -1.396589
v 5.307021 0.113190 -0.396589
v 5.329289 0.079289 -0.396589
v 5.363191 0.057021 -0.396589
v 5.400000 0.050000 -0.396589
v 5.436809 0.057021 -0.396589
v 5.470711 0.079289 -0.396589
v 5.492979 0.113190 -0.396589
v 5.500000 0.150000 -0.396589
v 5.492979 0.186809 -0.396589
v 5.470711 0.220711 -0.396589
v 5.436809 0.242979 -0.396589
v 5.400000 0.250000 -0.396589
v 5.363191 0.242979 -0.396589
v 5.329289 0.220711 -0.396589
v 5.307021 0.186809 -0.396589
v 5.307498 0.112009 -0.496589
v 5.301782 0.131208 -0.596589
v 5.300000 0.150000 -0.496589
v 5.301782 0.131208 -0.496589
v 5.330029 0.078557 -0.496589
v 5.316948 0.094301 -0.596589
v 5.316948 0.094301 -0.496589
v 5.363655 0.056839 -0.496589
v 5.345927 0.065880 -0.596589
v 5.345927 0.065880 -0.496589
v 5.437991 0.057498 -0.496589
v 5.418792 0.051781 -0.596589
v 5.400000 0.050000 -0.496589
v 5.418792 0.051781 -0.496589
v 5.471443 0.080029 -0.496589
v 5.455698 0.066948 -0.596589
v 5.455698 0.066948 -0.496589
v 5.493162 0.113655 -0.496589
v 5.484120 0.095927 -0.596589
v 5.484120 0.095927 -0.496589
v 5.492502 0.187991 -0.496589
v 5.498218 0.168792 -0.596589
v 5.500000 0.150000 -0.496589
v 5.498218 0.168792 -0.496589
v 5.469970 0.221443 -0.496589
v 5.483052 0.205698 -0.596589
v 5.483052 0.205698 -0.496589
v 5.436345 0.243161 -0.496589
v 5.454073 0.234120 -0.596589
v 5.454073 0.234120 -0.496589
v 5.362009 0.242502 -0.496589
v 5.381208 0.248219 -0.596589
v 5.400000 0.250000 -0.496589
v 5.381208 0.248219 -0.496589
v 5.328556 0.219970 -0.496589
v 5.344302 0.233052 -0.596589
v 5.344302 0.233052 -0.496589
v 5.306838 0.186345 -0.496589
v 5.315880 0.204073 -0.596589
v 5.315880 0.204073 -0.496589
v 5.300000 0.150000 -0.496589
v 5.301627 0.167963 -0.596589
v 5.301627 0.167963 -0.496589
v 5.300000 0.150000 -1.296589
v 5.306838 0.186345 -1.296589
v 5.301627 0.167963 -1.196589
v 5.301627 0.167963 -1.296589
v 5.328556 0.219970 -1.296589
v 5.315880 0.204073 -1.196589
v 5.315880 0.204073 -1.296589
v 5.362009 0.242502 -1.296589
v 5.400000 0.250000 -1.296589
v 5.381208 0.248219 -1.196589
v 5.381208 0.248219 -1.296589
v 5.436345 0.243161 -1.296589
v 5.417963 0.248374 -1.196589
v 5.417963 0.248374 -1.296589
v 5.469970 0.221443 -1.296589
v 5.454073 0.234120 -1.196589
v 5.454073 0.234120 -1.296589
v 5.492502 0.187991 -1.296589
v 5.500000 0.150000 -1.296589
v 5.498218 0.168792 -1.196589
v 5.498218 0.168792 -1.296589
v 5.493162 0.113655 -1.296589
v 5.498373 0.132037 -1.196589
v 5.498373 0.132037 -1.296589
v 5.471443 0.080029 -1.296589
v 5.484120 0.095927 -1.196589
v 5.484120 0.095927 -1.296589
v 5.437991 0.057498 -1.296589
v 5.400000 0.050000 -1.296589
v 5.418792 0.051781 -1.196589
v 5.418792 0.051781 -1.296589
v 5.363655 0.056839 -1.296589
v 5.382037 0.051626 -1.196589
v 5.382037 0.051626 -1.296589
v 5.330029 0.078557 -1.296589
v 5.345927 0.065880 -1.196589
v 5.345927 0.065880 -1.296589
v 5.307498 0.112009 -1.296589
v 5.300000 0.150000 -1.296589
v 5.301782 0.131208 -1.196589
v 5.301782 0.131208 -1.296589
v 5.300000 0.150000 -0.396589
v 5.307021 0.113190 -0.396589
v 5.329289 0.079289 -0.396589
v 5.363191 0.057021 -0.396589
v 5.400000 0.050000 -0.396589
v 5.436809 0.057021 -0.396589
v 5.470711 0.079289 -0.396589
v 5.492979 0.113190 -0.396589
v 5.500000 0.150000 -0.396589
v 5.492979 0.186809 -0.396589
v 5.470711 0.220711 -0.396589
v 5.436809 0.242979 -0.396589
v 5.400000 0.250000 -0.396589
v 5.363191 0.242979 -0.396589
v 5.329289 0.220711 -0.396589
v 5.307021 0.186809 -0.396589
v 5.300000 0.150000 -1.396589
v 5.307498 0.112009 -1.396589
v 5.330029 0.078557 -1.396589
v 5.363655 0.056839 -1.396589
v 5.400000 0.050000 -1.396589
v 5.437991 0.057498 -1.396589
v 5.471443 0.080029 -1.396589
v 5.493162 0.113655 -1.396589
v 5.500000 0.150000 -1.396589
v 5.492502 0.187991 -1.396589
v 5.469970 0.221443 -1.396589
v 5.436345 0.243161 -1.396589
v 5.400000 0.250000 -1.396589
v 5.362009 0.242502 -1.396589
v 5.328556 0.219970 -1.396589
v 5.306838 0.186345 -1.396589
v 1.090601 0.225000 -0.196589
v 4.109399 0.225000 -0.196589
v 1.090601 0.225000 -0.216589
v 4.109399 0.225000 -0.216589
v 1.090601 0.225000 -0.216589
v 4.109399 0.225000 -0.216589
v 1.090601 0.170000 -0.216589
v 4.109399 0.170000 -0.216589
v 1.090601 0.170000 -0.216589
v 4.109399 0.170000 -0.216589
v 1.090601 0.170000 -0.376589
v 4.109399 0.170000 -0.376589
v 1.090601 0.170000 -0.376589
v 4.109399 0.170000 -0.376589
v 1.090601 0.225000 -0.376589
v 4.109399 0.225000 -0.376589
v 1.090601 0.225000 -0.376589
v 4.109399 0.225000 -0.376589
v 1.090601 0.225000 -0.396589
v 4.109399 0.225000 -0.396589
v 1.040601 0.090789 -0.396589
v 1.065602 0.082895 -0.396589
v 1.090601 0.075000 -0.396589
v 1.090601 0.225000 -0.396589
v 1.040601 0.209210 -0.396589
v 1.040601 0.225000 -0.396589
v -0.100000 0.150000 -0.396589
v -0.107021 0.113190 -0.396589
v -0.129289 0.079289 -0.396589
v -0.163191 0.057021 -0.396589
v -0.200000 0.050000 -0.396589
v -0.236809 0.057021 -0.396589
v -0.270711 0.079289 -0.396589
v -0.292979 0.113190 -0.396589
v -0.300000 0.150000 -0.396589
v -0.292979 0.186809 -0.396589
v -0.270711 0.220711 -0.396589
v -0.236809 0.242979 -0.396589
v -0.200000 0.250000 -0.396589
v -0.163191 0.242979 -0.396589
v -0.129289 0.220711 -0.396589
v -0.107021 0.186809 -0.396589
v -0.070097 0.225000 -0.396589
v -0.070097 0.075000 -0.396589
v 1.040601 0.075000 -0.396589
v -0.095045 0.257165 -0.396589
v -0.145483 0.289742 -0.396589
v -0.200000 0.300000 -0.396589
v -0.256986 0.288754 -0.396589
v -0.307165 0.254956 -0.396589
v -0.339742 0.204517 -0.396589
v -0.350000 0.150000 -0.396589
v -0.338753 0.093013 -0.396589
v -0.304955 0.042835 -0.396589
v -0.254517 0.010258 -0.396589
v -0.200000 0.000000 -0.396589
v -0.143014 0.011246 -0.396589
v 4.109399 0.075000 -0.396589
v 4.134398 0.082895 -0.396589
v 4.159398 0.090789 -0.396589
v 4.159398 0.209210 -0.396589
v 4.109399 0.225000 -0.396589
v 4.159398 0.225000 -0.396589
v 5.300000 0.150000 -0.396589
v 5.307021 0.186809 -0.396589
v 5.329289 0.220711 -0.396589
v 5.363191 0.242979 -0.396589
v 5.400000 0.250000 -0.396589
v 5.436809 0.242979 -0.396589
v 5.470711 0.220711 -0.396589
v 5.492979 0.186809 -0.396589
v 5.500000 0.150000 -0.396589
v 5.492979 0.113190 -0.396589
v 5.470711 0.079289 -0.396589
v 5.436809 0.057021 -0.396589
v 5.400000 0.050000 -0.396589
v 5.363191 0.057021 -0.396589
v 5.329289 0.079289 -0.396589
v 5.307021 0.113190 -0.396589
v 5.270096 0.225000 -0.396589
v 4.159398 0.075000 -0.396589
v 5.270201 0.074820 -0.396589
v 5.343013 0.011246 -0.396589
v 5.400000 0.000000 -0.396589
v 5.454517 0.010258 -0.396589
v 5.504956 0.042835 -0.396589
v 5.538753 0.093013 -0.396589
v 5.550000 0.150000 -0.396589
v 5.539742 0.204517 -0.396589
v 5.507165 0.254956 -0.396589
v 5.456986 0.288754 -0.396589
v 5.400000 0.300000 -0.396589
v 5.345483 0.289742 -0.396589
v 5.295044 0.257165 -0.396589
v 1.090601 0.075000 -0.396589
v 4.109399 0.075000 -0.396589
v 1.090601 0.075000 -0.376589
v 4.109399 0.075000 -0.376589
v 1.090601 0.075000 -0.376589
v 4.109399 0.075000 -0.376589
v 1.090601 0.130000 -0.376589
v 4.109399 0.130000 -0.376589
v 1.090601 0.130000 -0.376589
v 4.109399 0.130000 -0.376589
v 1.090601 0.130000 -0.216589
v 4.109399 0.130000 -0.216589
v 1.090601 0.130000 -0.216589
v 4.109399 0.130000 -0.216589
v 1.090601 0.075000 -0.216589
v 4.109399 0.075000 -0.216589
v 1.090601 0.075000 -0.216589
v 4.109399 0.075000 -0.216589
v 1.090601 0.075000 -0.196589
v 4.109399 0.075000 -0.196589
v 1.090601 0.075000 -0.196589
v 1.065602 0.082895 -0.196589
v 1.040601 0.090789 -0.196589
v 1.427924 0.121598 -0.196589
v 1.415857 0.198025 -0.196589
v 1.421890 0.159811 -0.196589
v 1.236600 0.091389 -0.196589
v 1.224532 0.167815 -0.196589
v 1.230566 0.129602 -0.196589
v 1.233583 0.110496 -0.196589
v 1.134904 0.114498 -0.196589
v 1.137922 0.095391 -0.196589
v 1.040601 0.209210 -0.196589
v 1.090601 0.225000 -0.196589
v 1.040601 0.150000 -0.196589
v 4.159398 0.090789 -0.196589
v 4.134398 0.082895 -0.196589
v 4.109399 0.075000 -0.196589
v 3.772076 0.178401 -0.196589
v 3.784143 0.101975 -0.196589
v 3.975467 0.132185 -0.196589
v 4.109399 0.225000 -0.196589
v 4.159398 0.209210 -0.196589
v 3.778110 0.140188 -0.196589
v 3.963400 0.208611 -0.196589
v 3.969434 0.170398 -0.196589
v 4.159398 0.150000 -0.196589
vt 0.015079010277986526 0.67889344692230225
vt 0.011981279589235783 0.67889344692230225
vt 0.015079010277986526 0.68306392431259155
vt 0.015079010277986526 0.68723434209823608
vt 0.011981279589235783 0.68723434209823608
vt 0.011981279589235783 0.68445402383804321
vt 0.011981279589235783 0.68167376518249512
vt 0.18130102753639221 0.32340124249458313
vt 0.18130102753639221 0.33191999793052673
vt 0.19325359165668488 0.32340124249458313
vt 0.19325359165668488 0.33191999793052673
vt 0.18528522551059723 0.32340124249458313
vt 0.18926940858364105 0.32340124249458313
vt 0.18727731704711914 0.33191999793052673
vt 0.26281812787055969 0.80751365423202515
vt 0.26281812787055969 0.83229547739028931
vt 0.27477067708969116 0.80751365423202515
vt 0.27477067708969116 0.83229547739028931
vt 0.26879438757896423 0.80751365423202515
vt 0.26879438757896423 0.83229547739028931
vt 0.041508469730615616 0.32340124249458313
vt 0.041508469730615616 0.33191999793052673
vt 0.047484751790761948 0.32340124249458313
vt 0.053461033850908279 0.32340124249458313
vt 0.053461033850908279 0.33191999793052673
vt 0.049476847052574158 0.33191999793052673
vt 0.045492656528949738 0.33191999793052673
vt 0.015079010277986526 0.69674187898635864
vt 0.011981279589235783 0.69674187898635864
vt 0.011981279589235783 0.70091235637664795
vt 0.015079010277986526 0.70508277416229248
vt 0.011981279589235783 0.70508277416229248
vt 0.015079010277986526 0.69952219724655151
vt 0.015079010277986526 0.70230251550674438
vt 0.039041567593812943 0.69674187898635864
vt 0.035943835973739624 0.69674187898635864
vt 0.039041567593812943 0.70508277416229248
vt 0.035943835973739624 0.70508277416229248
vt 0.035943835973739624 0.70091235637664795
vt 0.041508469730615616 0.36709177494049072
vt 0.041508469730615616 0.37561056017875671
vt 0.053461033850908279 0.36709177494049072
vt 0.053461033850908279 0.37561056017875671
vt 0.047484751790761948 0.36709177494049072
vt 0.047484751790761948 0.37561056017875671
vt 0.38833245635032654 0.80751365423202515
vt 0.38833245635032654 0.83229547739028931
vt 0.4002850353717804 0.80751365423202515
vt 0.4002850353717804 0.83229547739028931
vt 0.39430874586105347 0.80751365423202515
vt 0.39430874586105347 0.83229547739028931
vt 0.18130102753639221 0.36709177494049072
vt 0.18130102753639221 0.37561056017875671
vt 0.19325359165668488 0.36709177494049072
vt 0.19325359165668488 0.37561056017875671
vt 0.18727731704711914 0.36709177494049072
vt 0.18727731704711914 0.37561056017875671
vt 0.039041567593812943 0.67889344692230225
vt 0.035943835973739624 0.67889344692230225
vt 0.039041567593812943 0.68723434209823608
vt 0.035943835973739624 0.68723434209823608
vt 0.039041567593812943 0.68306392431259155
vt 0.14269411563873291 0.67889344692230225
vt 0.13979808986186981 0.67889344692230225
vt 0.13735345005989075 0.67889344692230225
vt 0.13508044183254242 0.67889344692230225
vt 0.1329580545425415 0.67889344692230225
vt 0.13083076477050781 0.67889344692230225
vt 0.12858900427818298 0.67889344692230225
vt 0.12610244750976562 0.67889344692230225
vt 0.12322539836168289 0.67889344692230225
vt 0.14269411563873291 0.69050997495651245
vt 0.13979808986186981 0.69050997495651245
vt 0.13735345005989075 0.69050997495651245
vt 0.13508044183254242 0.69050997495651245
vt 0.1329580545425415 0.69050997495651245
vt 0.13083076477050781 0.69050997495651245
vt 0.12858900427818298 0.69050997495651245
vt 0.12610244750976562 0.69050997495651245
vt 0.12322539836168289 0.69050997495651245
vt 0.14269411563873291 0.70212644338607788
vt 0.13979808986186981 0.70212644338607788
vt 0.13735345005989075 0.70212644338607788
vt 0.13508044183254242 0.70212644338607788
vt 0.1329580545425415 0.70212644338607788
vt 0.13083076477050781 0.70212644338607788
vt 0.12858900427818298 0.70212644338607788
vt 0.12610244750976562 0.70212644338607788
vt 0.12322539836168289 0.70212644338607788
vt 0.13979808986186981 0.69631820917129517
vt 0.14124609529972076 0.69050997495651245
vt 0.14124609529972076 0.69631820917129517
vt 0.13735345005989075 0.69631820917129517
vt 0.13857576251029968 0.69050997495651245
vt 0.13857576251029968 0.69631820917129517
vt 0.1329580545425415 0.69631820917129517
vt 0.13401925563812256 0.69050997495651245
vt 0.13508044183254242 0.69631820917129517
vt 0.13401925563812256 0.69631820917129517
vt 0.13083076477050781 0.69631820917129517
vt 0.13189440965652466 0.69050997495651245
vt 0.13189440965652466 0.69631820917129517
vt 0.12610244750976562 0.69631820917129517
vt 0.1273457258939743 0.69050997495651245
vt 0.12858900427818298 0.69631820917129517
vt 0.1273457258939743 0.69631820917129517
vt 0.12466391921043396 0.69050997495651245
vt 0.12466391921043396 0.69631820917129517
vt 0.12610244750976562 0.68470168113708496
vt 0.12466391921043396 0.68470168113708496
vt 0.12858900427818298 0.68470168113708496
vt 0.1273457258939743 0.68470168113708496
vt 0.13083076477050781 0.68470168113708496
vt 0.1329580545425415 0.68470168113708496
vt 0.13189440965652466 0.68470168113708496
vt 0.13508044183254242 0.68470168113708496
vt 0.13401925563812256 0.68470168113708496
vt 0.13735345005989075 0.68470168113708496
vt 0.13979808986186981 0.68470168113708496
vt 0.13857576251029968 0.68470168113708496
vt 0.14124609529972076 0.68470168113708496
vt 0.017037665471434593 0.88201767206192017
vt 0.013962640427052975 0.88201767206192017
vt 0.011067519895732403 0.88201767206192017
vt 0.008492383174598217 0.88201767206192017
vt 0.0059100096113979816 0.88201767206192017
vt 0.0031383854802697897 0.88201767206192017
vt 0 0.88201767206192017
vt 0.017037665471434593 0.89363420009613037
vt 0.013962640427052975 0.89363420009613037
vt 0.0031383854802697897 0.89363420009613037
vt 0 0.89363420009613037
vt 0.017037665471434593 0.9052506685256958
vt 0.013962640427052975 0.9052506685256958
vt 0.011067519895732403 0.9052506685256958
vt 0.008492383174598217 0.9052506685256958
vt 0.0059100096113979816 0.9052506685256958
vt 0.0031383854802697897 0.9052506685256958
vt 0 0.9052506685256958
vt 0.013962640427052975 0.89944243431091309
vt 0.015500153414905071 0.89363420009613037
vt 0.015500153414905071 0.89944243431091309
vt 0.0015691927401348948 0.89363420009613037
vt 0.0031383854802697897 0.89944243431091309
vt 0.0015691927401348948 0.89944243431091309
vt 0.0031383854802697897 0.88782596588134766
vt 0.0015691927401348948 0.88782596588134766
vt 0.013962640427052975 0.88782596588134766
vt 0.015500153414905071 0.88782596588134766
vt 0.008492383174598217 0.89363420009613037
vt 0.0059100096113979816 0.89363420009613037
vt 0.26281812787055969 0.77024048566818237
vt 0.26281812787055969 0.77337914705276489
vt 0.26281812787055969 0.77639949321746826
vt 0.26281812787055969 0.77940249443054199
vt 0.26281812787055969 0.78240549564361572
vt 0.27443459630012512 0.77024048566818237
vt 0.27443459630012512 0.78240549564361572
vt 0.28605109453201294 0.77024048566818237
vt 0.28605109453201294 0.77337914705276489
vt 0.28605109453201294 0.77639949321746826
vt 0.28605109453201294 0.77940249443054199
vt 0.28605109453201294 0.78240549564361572
vt 0.27443459630012512 0.77639949321746826
vt 0.27443459630012512 0.77940249443054199
vt 0.34649434685707092 0.78887706995010376
vt 0.34649434685707092 0.79201573133468628
vt 0.34649434685707092 0.79503607749938965
vt 0.34649434685707092 0.79803907871246338
vt 0.34649434685707092 0.80104213953018188
vt 0.35811084508895874 0.78887706995010376
vt 0.35811084508895874 0.80104213953018188
vt 0.36972734332084656 0.78887706995010376
vt 0.36972734332084656 0.79201573133468628
vt 0.36972734332084656 0.79503607749938965
vt 0.36972734332084656 0.79803907871246338
vt 0.36972734332084656 0.80104213953018188
vt 0.35811084508895874 0.79503607749938965
vt 0.35811084508895874 0.79803907871246338
vt 0.19299621880054474 0.71459031105041504
vt 0.19299621880054474 0.73782330751419067
vt 0.20296978950500488 0.71459031105041504
vt 0.20296978950500488 0.73782330751419067
vt 0.19987687468528748 0.72002881765365601
vt 0.19876472651958466 0.72620683908462524
vt 0.19987687468528748 0.73238486051559448
vt 0 0.71459031105041504
vt 0 0.73782330751419067
vt 0.017533287405967712 0.71459031105041504
vt 0.017533287405967712 0.73782330751419067
vt 0.035203773528337479 0.71459031105041504
vt 0.035203773528337479 0.73782330751419067
vt 0.66783261299133301 0
vt 0.64606446027755737 0
vt 0.66783261299133301 0.15779735147953033
vt 0.64606446027755737 0.15779735147953033
vt 0.19220010936260223 0.67889344692230225
vt 0.19220010936260223 0.70212644338607788
vt 0.20213298499584198 0.67889344692230225
vt 0.20213298499584198 0.70212644338607788
vt 0.21213264763355255 0.67889344692230225
vt 0.21213264763355255 0.70212644338607788
vt 0.21213264763355255 0.68133902549743652
vt 0.21213264763355255 0.69050997495651245
vt 0.21213264763355255 0.6996808648109436
vt 0.20713281631469727 0.69050997495651245
vt 0.20963273942470551 0.69050997495651245
vt 0.20713281631469727 0.68470168113708496
vt 0.20963273942470551 0.68470168113708496
vt 0.20713281631469727 0.69631820917129517
vt 0.20963273942470551 0.69631820917129517
vt 0.14598062634468079 0.13658018410205841
vt 0.14598062634468079 0.16442413628101349
vt 0.14598062634468079 0.19226807355880737
vt 0.14598062634468079 0.22011202573776245
vt 0.15216352045536041 0.16442413628101349
vt 0.15216352045536041 0.19226807355880737
vt 0.15216352045536041 0.22011202573776245
vt 0.15811321139335632 0.16442413628101349
vt 0.15811321139335632 0.19226807355880737
vt 0.15811321139335632 0.22011202573776245
vt 0.16402886807918549 0.16442413628101349
vt 0.16402886807918549 0.19226807355880737
vt 0.16402886807918549 0.22011202573776245
vt 0.16994450986385345 0.13658018410205841
vt 0.16994450986385345 0.16442413628101349
vt 0.16994450986385345 0.19226807355880737
vt 0.16994450986385345 0.22011202573776245
vt 0.17612741887569427 0.16442413628101349
vt 0.17612741887569427 0.19226807355880737
vt 0.17612741887569427 0.22011202573776245
vt 0.18207710981369019 0.16442413628101349
vt 0.18207710981369019 0.19226807355880737
vt 0.18207710981369019 0.22011202573776245
vt 0.18799275159835815 0.16442413628101349
vt 0.18799275159835815 0.19226807355880737
vt 0.18799275159835815 0.22011202573776245
vt 0.19390840828418732 0.13658018410205841
vt 0.19390840828418732 0.16442413628101349
vt 0.19390840828418732 0.19226807355880737
vt 0.19390840828418732 0.22011202573776245
vt 0.20009130239486694 0.16442413628101349
vt 0.20009130239486694 0.19226807355880737
vt 0.20009130239486694 0.22011202573776245
vt 0.20604100823402405 0.16442413628101349
vt 0.20604100823402405 0.19226807355880737
vt 0.20604100823402405 0.22011202573776245
vt 0.21195665001869202 0.16442413628101349
vt 0.21195665001869202 0.19226807355880737
vt 0.21195665001869202 0.22011202573776245
vt 0.21787230670452118 0.13658018410205841
vt 0.21787230670452118 0.16442413628101349
vt 0.21787230670452118 0.19226807355880737
vt 0.21787230670452118 0.22011202573776245
vt 0.22405520081520081 0.16442413628101349
vt 0.22405520081520081 0.19226807355880737
vt 0.22405520081520081 0.22011202573776245
vt 0.23000489175319672 0.16442413628101349
vt 0.23000489175319672 0.19226807355880737
vt 0.23000489175319672 0.22011202573776245
vt 0.23592054843902588 0.16442413628101349
vt 0.23592054843902588 0.19226807355880737
vt 0.23592054843902588 0.22011202573776245
vt 0.24183619022369385 0.13658018410205841
vt 0.24183619022369385 0.16442413628101349
vt 0.24183619022369385 0.19226807355880737
vt 0.24183619022369385 0.22011202573776245
vt 0.15197159349918365 0.13658018410205841
vt 0.15796257555484772 0.13658018410205841
vt 0.16395354270935059 0.13658018410205841
vt 0.17593549191951752 0.13658018410205841
vt 0.18192645907402039 0.13658018410205841
vt 0.18791744112968445 0.13658018410205841
vt 0.19989937543869019 0.13658018410205841
vt 0.20589035749435425 0.13658018410205841
vt 0.21188132464885712 0.13658018410205841
vt 0.22386327385902405 0.13658018410205841
vt 0.22985424101352692 0.13658018410205841
vt 0.23584522306919098 0.13658018410205841
vt 0.15216352045536041 0.15050216019153595
vt 0.14907206594944 0.16442413628101349
vt 0.14598062634468079 0.15050216019153595
vt 0.14907206594944 0.15050216019153595
vt 0.15811321139335632 0.15050216019153595
vt 0.15513837337493896 0.16442413628101349
vt 0.15513837337493896 0.15050216019153595
vt 0.16402886807918549 0.15050216019153595
vt 0.1610710471868515 0.16442413628101349
vt 0.1610710471868515 0.15050216019153595
vt 0.16994450986385345 0.15050216019153595
vt 0.16698668897151947 0.16442413628101349
vt 0.16698668897151947 0.15050216019153595
vt 0.17612741887569427 0.15050216019153595
vt 0.17303596436977386 0.16442413628101349
vt 0.17303596436977386 0.15050216019153595
vt 0.18207710981369019 0.15050216019153595
vt 0.17910225689411163 0.16442413628101349
vt 0.17910225689411163 0.15050216019153595
vt 0.18799275159835815 0.15050216019153595
vt 0.18503493070602417 0.16442413628101349
vt 0.18503493070602417 0.15050216019153595
vt 0.20009130239486694 0.15050216019153595
vt 0.19699986279010773 0.16442413628101349
vt 0.19390840828418732 0.15050216019153595
vt 0.19699986279010773 0.15050216019153595
vt 0.20604100823402405 0.15050216019153595
vt 0.2030661553144455 0.16442413628101349
vt 0.2030661553144455 0.15050216019153595
vt 0.21195665001869202 0.15050216019153595
vt 0.20899882912635803 0.16442413628101349
vt 0.20899882912635803 0.15050216019153595
vt 0.22405520081520081 0.15050216019153595
vt 0.2209637463092804 0.16442413628101349
vt 0.21787230670452118 0.15050216019153595
vt 0.2209637463092804 0.15050216019153595
vt 0.23000489175319672 0.15050216019153595
vt 0.22703005373477936 0.16442413628101349
vt 0.22703005373477936 0.15050216019153595
vt 0.23592054843902588 0.15050216019153595
vt 0.2329627126455307 0.16442413628101349
vt 0.2329627126455307 0.15050216019153595
vt 0.24183619022369385 0.15050216019153595
vt 0.23887836933135986 0.16442413628101349
vt 0.23887836933135986 0.15050216019153595
vt 0.24183619022369385 0.20619004964828491
vt 0.23592054843902588 0.20619004964828491
vt 0.23887836933135986 0.19226807355880737
vt 0.23887836933135986 0.20619004964828491
vt 0.23000489175319672 0.20619004964828491
vt 0.2329627126455307 0.19226807355880737
vt 0.2329627126455307 0.20619004964828491
vt 0.22405520081520081 0.20619004964828491
vt 0.21787230670452118 0.20619004964828491
vt 0.2209637463092804 0.19226807355880737
vt 0.2209637463092804 0.20619004964828491
vt 0.21195665001869202 0.20619004964828491
vt 0.214914470911026 0.19226807355880737
vt 0.214914470911026 0.20619004964828491
vt 0.20604100823402405 0.20619004964828491
vt 0.20899882912635803 0.19226807355880737
vt 0.20899882912635803 0.20619004964828491
vt 0.20009130239486694 0.20619004964828491
vt 0.19390840828418732 0.20619004964828491
vt 0.19699986279010773 0.19226807355880737
vt 0.19699986279010773 0.20619004964828491
vt 0.18799275159835815 0.20619004964828491
vt 0.19095058739185333 0.19226807355880737
vt 0.19095058739185333 0.20619004964828491
vt 0.18207710981369019 0.20619004964828491
vt 0.18503493070602417 0.19226807355880737
vt 0.18503493070602417 0.20619004964828491
vt 0.17612741887569427 0.20619004964828491
vt 0.16994450986385345 0.20619004964828491
vt 0.17303596436977386 0.19226807355880737
vt 0.17303596436977386 0.20619004964828491
vt 0.16402886807918549 0.20619004964828491
vt 0.16698668897151947 0.19226807355880737
vt 0.16698668897151947 0.20619004964828491
vt 0.15811321139335632 0.20619004964828491
vt 0.1610710471868515 0.19226807355880737
vt 0.1610710471868515 0.20619004964828491
vt 0.15216352045536041 0.20619004964828491
vt 0.14598062634468079 0.20619004964828491
vt 0.14907206594944 0.19226807355880737
vt 0.14907206594944 0.20619004964828491
vt 0.46681150794029236 0.75554424524307251
vt 0.46092721819877625 0.75438296794891357
vt 0.45574590563774109 0.75089305639266968
vt 0.45238208770751953 0.74568498134613037
vt 0.45132285356521606 0.7400556206703186
vt 0.45248416066169739 0.73417133092880249
vt 0.4559740424156189 0.72899001836776733
vt 0.46118217706680298 0.72562617063522339
vt 0.46681150794029236 0.72456693649291992
vt 0.47269582748413086 0.72572827339172363
vt 0.47787714004516602 0.72921812534332275
vt 0.48124095797538757 0.73442625999450684
vt 0.48230016231536865 0.7400556206703186
vt 0.48113888502120972 0.74593991041183472
vt 0.47764897346496582 0.75112122297286987
vt 0.47244086861610413 0.75448507070541382
vt 0.77664494514465332 0
vt 0.79987794160842896 0
vt 0.77664494514465332 0.010856957174837589
vt 0.79987794160842896 0.010856957174837589
vt 0.80990564823150635 0.022533293813467026
vt 0.81149446964263916 0.030977312475442886
vt 0.80975252389907837 0.03980376198887825
vt 0.80451768636703491 0.047575727105140686
vt 0.79670548439025879 0.052621480077505112
vt 0.78826147317886353 0.054210294038057327
vt 0.77943503856658936 0.05246836319565773
vt 0.77166306972503662 0.047233510762453079
vt 0.7666172981262207 0.039421327412128448
vt 0.76502847671508789 0.030977312475442886
vt 0.76677042245864868 0.022150857374072075
vt 0.77200525999069214 0.014378894120454788
vt 0.59281754493713379 0.02323298342525959
vt 0.60635966062545776 0
vt 0.60635966062545776 0.02323298342525959
vt 0.59281754493713379 0.011616491712629795
vt 0.59281754493713379 0
vt 0.0093215890228748322 0.053466267883777618
vt 0.018291594460606575 0.053466267883777618
vt 0.018291594460606575 0.10693253576755524
vt 0.018291594460606575 0.16039879620075226
vt 0.02721027098596096 0
vt 0.02721027098596096 0.053466267883777618
vt 0.02721027098596096 0.10693253576755524
vt 0.02721027098596096 0.16039879620075226
vt 0.036128945648670197 0
vt 0.036128945648670197 0.053466267883777618
vt 0.036128945648670197 0.10693253576755524
vt 0.036128945648670197 0.16039879620075226
vt 0.045450534671545029 0
vt 0.045450534671545029 0.053466267883777618
vt 0.045450534671545029 0.10693253576755524
vt 0.045450534671545029 0.16039879620075226
vt 0.054420541971921921 0
vt 0.054420541971921921 0.053466267883777618
vt 0.054420541971921921 0.10693253576755524
vt 0.054420541971921921 0.16039879620075226
vt 0.063339211046695709 0
vt 0.063339211046695709 0.053466267883777618
vt 0.063339211046695709 0.10693253576755524
vt 0.063339211046695709 0.16039879620075226
vt 0.072257891297340393 0
vt 0.072257891297340393 0.053466267883777618
vt 0.072257891297340393 0.10693253576755524
vt 0.072257891297340393 0.16039879620075226
vt 0.081579484045505524 0
vt 0.081579484045505524 0.053466267883777618
vt 0.081579484045505524 0.10693253576755524
vt 0.081579484045505524 0.16039879620075226
vt 0.090549483895301819 0
vt 0.090549483895301819 0.053466267883777618
vt 0.090549483895301819 0.10693253576755524
vt 0.090549483895301819 0.16039879620075226
vt 0.099468164145946503 0
vt 0.099468164145946503 0.053466267883777618
vt 0.099468164145946503 0.10693253576755524
vt 0.099468164145946503 0.16039879620075226
vt 0.10838683694601059 0
vt 0.10838683694601059 0.053466267883777618
vt 0.10838683694601059 0.10693253576755524
vt 0.10838683694601059 0.16039879620075226
vt 0.11770842224359512 0
vt 0.11770842224359512 0.053466267883777618
vt 0.11770842224359512 0.10693253576755524
vt 0.11770842224359512 0.16039879620075226
vt 0.12667842209339142 0
vt 0.12667842209339142 0.053466267883777618
vt 0.12667842209339142 0.10693253576755524
vt 0.1355971097946167 0.053466267883777618
vt 0 0.051949016749858856
vt 0.0065495013259351254 0.051206212490797043
vt 0.012322910130023956 0.049047082662582397
vt 0.0046607945114374161 0.053466267883777618
vt 0.0093215890228748322 0.080199398100376129
vt 0 0.080199398100376129
vt 0.0046607945114374161 0.080199398100376129
vt 0.14005644619464874 0.053466267883777618
vt 0.0069911917671561241 0.053466267883777618
vt 0.018291594460606575 0.026733133941888809
vt 0.013806591741740704 0.053466267883777618
vt 0.013806591741740704 0.026733133941888809
vt 0.013806591741740704 0.040099699050188065
vt 0.011564090847969055 0.053466267883777618
vt 0.018291594460606575 0.080199398100376129
vt 0.013806591741740704 0.10693253576755524
vt 0.013806591741740704 0.080199398100376129
vt 0.13219286501407623 0.049047082662582397
vt 0.13796627521514893 0.051206212490797043
vt 0.14451578259468079 0.051949016749858856
vt 0.13113775849342346 0.053466267883777618
vt 0.12667842209339142 0.026733133941888809
vt 0.13113775849342346 0.026733133941888809
vt 0.13336743414402008 0.053466267883777618
vt 0.13113775849342346 0.040099699050188065
vt 0.1355971097946167 0.080199398100376129
vt 0.12667842209339142 0.080199398100376129
vt 0.13113775849342346 0.080199398100376129
vt 0.13782677054405212 0.053466267883777618
vt 0.14451578259468079 0.080199398100376129
vt 0.14005644619464874 0.080199398100376129
vt 0.012322910130023956 0.024523541331291199
vt 0.012322910130023956 0
vt 0.13219286501407623 0
vt 0.13219286501407623 0.024523541331291199
vt 0.036128945648670197 0.026733133941888809
vt 0.031669605523347855 0.053466267883777618
vt 0.02721027098596096 0.026733133941888809
vt 0.031669605523347855 0.026733133941888809
vt 0.045450534671545029 0.026733133941888809
vt 0.040789742022752762 0.053466267883777618
vt 0.040789742022752762 0.026733133941888809
vt 0.063339211046695709 0.026733133941888809
vt 0.058879878371953964 0.053466267883777618
vt 0.054420541971921921 0.026733133941888809
vt 0.058879878371953964 0.026733133941888809
vt 0.072257891297340393 0.026733133941888809
vt 0.06779855489730835 0.053466267883777618
vt 0.06779855489730835 0.026733133941888809
vt 0.081579484045505524 0.026733133941888809
vt 0.07691868394613266 0.053466267883777618
vt 0.07691868394613266 0.026733133941888809
vt 0.099468164145946503 0.026733133941888809
vt 0.095008820295333862 0.053466267883777618
vt 0.090549483895301819 0.026733133941888809
vt 0.095008820295333862 0.026733133941888809
vt 0.10838683694601059 0.026733133941888809
vt 0.10392750054597855 0.053466267883777618
vt 0.10392750054597855 0.026733133941888809
vt 0.11770842224359512 0.026733133941888809
vt 0.11304762959480286 0.053466267883777618
vt 0.11304762959480286 0.026733133941888809
vt 0.13113775849342346 0.013366566970944405
vt 0.12890809774398804 0.026733133941888809
vt 0.12667842209339142 0.013366566970944405
vt 0.12890809774398804 0.013366566970944405
vt 0.12219343334436417 0.053466267883777618
vt 0.12219343334436417 0.026733133941888809
vt 0.13216206431388855 0.16039879620075226
vt 0.012322910130023956 0.16039879620075226
vt 0.11770842224359512 0.13366565108299255
vt 0.10838683694601059 0.13366565108299255
vt 0.11304762959480286 0.10693253576755524
vt 0.11304762959480286 0.13366565108299255
vt 0.099468164145946503 0.13366565108299255
vt 0.10392750054597855 0.10693253576755524
vt 0.10392750054597855 0.13366565108299255
vt 0.090549483895301819 0.13366565108299255
vt 0.095008820295333862 0.10693253576755524
vt 0.095008820295333862 0.13366565108299255
vt 0.081579484045505524 0.13366565108299255
vt 0.072257891297340393 0.13366565108299255
vt 0.07691868394613266 0.10693253576755524
vt 0.07691868394613266 0.13366565108299255
vt 0.063339211046695709 0.13366565108299255
vt 0.06779855489730835 0.10693253576755524
vt 0.06779855489730835 0.13366565108299255
vt 0.054420541971921921 0.13366565108299255
vt 0.058879878371953964 0.10693253576755524
vt 0.058879878371953964 0.13366565108299255
vt 0.045450534671545029 0.13366565108299255
vt 0.036128945648670197 0.13366565108299255
vt 0.040789742022752762 0.10693253576755524
vt 0.040789742022752762 0.13366565108299255
vt 0.02721027098596096 0.13366565108299255
vt 0.031669605523347855 0.10693253576755524
vt 0.031669605523347855 0.13366565108299255
vt 0.018291594460606575 0.13366565108299255
vt 0.013806591741740704 0.13366565108299255
vt 0.018291594460606575 0.147032231092453
vt 0.013806591741740704 0.147032231092453
vt 0.016049092635512352 0.13366565108299255
vt 0.016049092635512352 0.147032231092453
vt 0.022750932723283768 0.10693253576755524
vt 0.022750932723283768 0.13366565108299255
vt 0.012322910130023956 0.10308792442083359
vt 0.0067780721001327038 0.099936999380588531
vt 0 0.098808057606220245
vt 0.14451578259468079 0.098808057606220245
vt 0.1377377063035965 0.099936999380588531
vt 0.13219286501407623 0.10308792442083359
vt 0.012322910130023956 0.13174335658550262
vt 0.13217747211456299 0.13174335658550262
vt 0.51149404048919678 0.77024048566818237
vt 0.53472703695297241 0.77024048566818237
vt 0.53472703695297241 0.821269690990448
vt 0.52311056852340698 0.77024048566818237
vt 0.52311056852340698 0.821269690990448
vt 0.51149404048919678 0.821269690990448
vt 0.035189606249332428 0.32340124249458313
vt 0.035189606249332428 0.34663420915603638
vt 0 0.34663420915603638
vt 0.035189606249332428 0.33501771092414856
vt 0.0052920421585440636 0.33501771092414856
vt 0.0037965166848152876 0.32868534326553345
vt 0.0037965166848152876 0.34135007858276367
vt 0 0.32340124249458313
vt 0 0.84547889232635498
vt 0.030013950541615486 0.86871188879013062
vt 0 0.86871188879013062
vt 0 0.85709536075592041
vt 0.030013950541615486 0.84547889232635498
vt 0.030013950541615486 0.85709536075592041
vt 0.26281812787055969 0.70212644338607788
vt 0.3040873110294342 0.67889344692230225
vt 0.26281812787055969 0.69050997495651245
vt 0.3040873110294342 0.69050997495651245
vt 0.26281812787055969 0.67889344692230225
vt 0.3040873110294342 0.70212644338607788
vt 0.36412349343299866 0.43602281808853149
vt 0.36171132326126099 0.43602225184440613
vt 0.35943475365638733 0.43675443530082703
vt 0.35743674635887146 0.43819913268089294
vt 0.35601368546485901 0.44015991687774658
vt 0.35526525974273682 0.44246983528137207
vt 0.3552696704864502 0.44490250945091248
vt 0.35602831840515137 0.44721344113349915
vt 0.35743957757949829 0.44914844632148743
vt 0.41879650950431824 0.45710709691047668
vt 0.42037788033485413 0.45481961965560913
vt 0.42105230689048767 0.45206999778747559
vt 0.42069423198699951 0.44926419854164124
vt 0.41935610771179199 0.44677865505218506
vt 0.41709920763969421 0.44487118721008301
vt 0.41452828049659729 0.44398146867752075
vt 0.38662132620811462 0.47833016514778137
vt 0.38898608088493347 0.47994595766067505
vt 0.3920167088508606 0.48059800267219543
vt 0.39508244395256042 0.47999998927116394
vt 0.39757344126701355 0.47833016514778137
vt 0.41947770118713379 0.50023442506790161
vt 0.41786190867424011 0.50259917974472046
vt 0.41720986366271973 0.50562983751296997
vt 0.41780787706375122 0.50869554281234741
vt 0.41947770118713379 0.51118654012680054
vt 0.42945277690887451 0.52116161584854126
vt 0.41755855083465576 0.5754847526550293
vt 0.41635113954544067 0.55786949396133423
vt 0.40754848718643188 0.54306590557098389
vt 0.2959689199924469 0.43148630857467651
vt 0.28793123364448547 0.42559343576431274
vt 0.27854061126708984 0.42250972986221313
vt 0.27952477335929871 0.41627675294876099
vt 0.43593215942382812 0.52873116731643677
vt 0.43210741877555847 0.55295461416244507
vt 0.42828264832496643 0.57717806100845337
vt 0.28337192535400391 0.39191147685050964
vt 0.45329886674880981 0.41874206066131592
vt 0.44882968068122864 0.44704684615135193
vt 0.44436052441596985 0.47535160183906555
vt 0.28238776326179504 0.39814445376396179
vt 0.33835682272911072 0.057236950844526291
vt 0.33975625038146973 0.05530194565653801
vt 0.34050855040550232 0.052991025149822235
vt 0.34051293134689331 0.05055835098028183
vt 0.33977076411247253 0.048248428851366043
vt 0.33835962414741516 0.046287652105093002
vt 0.33637836575508118 0.044842947274446487
vt 0.33412089943885803 0.044110774993896484
vt 0.33172893524169922 0.044111326336860657
vt 0.28174665570259094 0.052069976925849915
vt 0.27919724583625793 0.052959691733121872
vt 0.27695930004119873 0.054867170751094818
vt 0.27563238143920898 0.057352695614099503
vt 0.27527728676795959 0.060158513486385345
vt 0.27594608068466187 0.062908120453357697
vt 0.27751418948173523 0.065195605158805847
vt 0.29855936765670776 0.086418673396110535
vt 0.30102947354316711 0.088088512420654297
vt 0.30406951904296875 0.088686510920524597
vt 0.30707475543022156 0.088034458458423615
vt 0.30941969156265259 0.086418673396110535
vt 0.27683871984481812 0.11927507072687149
vt 0.27849453687667847 0.11678408086299896
vt 0.27908754348754883 0.11371834576129913
vt 0.27844095230102539 0.11068769544363022
vt 0.27683871984481812 0.10832294076681137
vt 0.25216445326805115 0.083440124988555908
vt 0.26052215695381165 0.13681967556476593
vt 0.28866791725158691 0.15115438401699066
vt 0.27993905544281006 0.16595803201198578
vt 0.27874177694320679 0.18357327580451965
vt 0.39931222796440125 0.039574813097715378
vt 0.41659444570541382 0.030598241835832596
vt 0.40728253126144409 0.033681947737932205
vt 0.41561853885650635 0.024365264922380447
vt 0.26810756325721741 0.18526655435562134
vt 0.26431486010551453 0.16104310750961304
vt 0.24330103397369385 0.026830572634935379
vt 0.41180363297462463 0
vt 0.24773275852203369 0.055135350674390793
vt 0.26694726943969727 0.12925012409687042
vt 0.41277956962585449 0.0062329745851457119
vt 0.15488655865192413 0.53540247678756714
vt 0.12390924245119095 0.53540247678756714
vt 0.092931933701038361 0.53540247678756714
vt 0.061954617500305176 0.53540247678756714
vt 0.030977308750152588 0.53540247678756714
vt 0 0.53540247678756714
vt 0.12390924245119095 0.54167985916137695
vt 0.092931933701038361 0.54167985916137695
vt 0.061954617500305176 0.54167985916137695
vt 0.030977308750152588 0.54167985916137695
vt 0 0.54167985916137695
vt 0.12390924245119095 0.54772049188613892
vt 0.092931933701038361 0.54772049188613892
vt 0.061954617500305176 0.54772049188613892
vt 0.030977308750152588 0.54772049188613892
vt 0 0.54772049188613892
vt 0.12390924245119095 0.55372655391693115
vt 0.092931933701038361 0.55372655391693115
vt 0.061954617500305176 0.55372655391693115
vt 0.030977308750152588 0.55372655391693115
vt 0 0.55372655391693115
vt 0.15488655865192413 0.55973255634307861
vt 0.12390924245119095 0.55973255634307861
vt 0.092931933701038361 0.55973255634307861
vt 0.061954617500305176 0.55973255634307861
vt 0.030977308750152588 0.55973255634307861
vt 0 0.55973255634307861
vt 0.12390924245119095 0.56600993871688843
vt 0.092931933701038361 0.56600993871688843
vt 0.061954617500305176 0.56600993871688843
vt 0.030977308750152588 0.56600993871688843
vt 0 0.56600993871688843
vt 0.12390924245119095 0.57205057144165039
vt 0.092931933701038361 0.57205057144165039
vt 0.061954617500305176 0.57205057144165039
vt 0.030977308750152588 0.57205057144165039
vt 0 0.57205057144165039
vt 0.12390924245119095 0.57805663347244263
vt 0.092931933701038361 0.57805663347244263
vt 0.061954617500305176 0.57805663347244263
vt 0.030977308750152588 0.57805663347244263
vt 0 0.57805663347244263
vt 0.15488655865192413 0.58406269550323486
vt 0.12390924245119095 0.58406269550323486
vt 0.092931933701038361 0.58406269550323486
vt 0.061954617500305176 0.58406269550323486
vt 0.030977308750152588 0.58406269550323486
vt 0 0.58406269550323486
vt 0.12390924245119095 0.59034007787704468
vt 0.092931933701038361 0.59034007787704468
vt 0.061954617500305176 0.59034007787704468
vt 0.030977308750152588 0.59034007787704468
vt 0 0.59034007787704468
vt 0.12390924245119095 0.59638065099716187
vt 0.092931933701038361 0.59638065099716187
vt 0.061954617500305176 0.59638065099716187
vt 0.030977308750152588 0.59638065099716187
vt 0 0.59638065099716187
vt 0.12390924245119095 0.6023867130279541
vt 0.092931933701038361 0.6023867130279541
vt 0.061954617500305176 0.6023867130279541
vt 0.030977308750152588 0.6023867130279541
vt 0 0.6023867130279541
vt 0.15488655865192413 0.60839277505874634
vt 0.12390924245119095 0.60839277505874634
vt 0.092931933701038361 0.60839277505874634
vt 0.061954617500305176 0.60839277505874634
vt 0.030977308750152588 0.60839277505874634
vt 0 0.60839277505874634
vt 0.12390924245119095 0.61467015743255615
vt 0.092931933701038361 0.61467015743255615
vt 0.061954617500305176 0.61467015743255615
vt 0.030977308750152588 0.61467015743255615
vt 0 0.61467015743255615
vt 0.12390924245119095 0.62071079015731812
vt 0.092931933701038361 0.62071079015731812
vt 0.061954617500305176 0.62071079015731812
vt 0.030977308750152588 0.62071079015731812
vt 0 0.62071079015731812
vt 0.12390924245119095 0.62671685218811035
vt 0.092931933701038361 0.62671685218811035
vt 0.061954617500305176 0.62671685218811035
vt 0.030977308750152588 0.62671685218811035
vt 0 0.62671685218811035
vt 0.15488655865192413 0.63272291421890259
vt 0.12390924245119095 0.63272291421890259
vt 0.092931933701038361 0.63272291421890259
vt 0.061954617500305176 0.63272291421890259
vt 0.030977308750152588 0.63272291421890259
vt 0 0.63272291421890259
vt 0.15488655865192413 0.5414850115776062
vt 0.15488655865192413 0.54756754636764526
vt 0.15488655865192413 0.55365002155303955
vt 0.15488655865192413 0.56581509113311768
vt 0.15488655865192413 0.57189762592315674
vt 0.15488655865192413 0.5779801607131958
vt 0.15488655865192413 0.59014523029327393
vt 0.15488655865192413 0.59622770547866821
vt 0.15488655865192413 0.60231024026870728
vt 0.15488655865192413 0.6144753098487854
vt 0.15488655865192413 0.62055784463882446
vt 0.15488655865192413 0.62664037942886353
vt 0.13939790427684784 0.54167985916137695
vt 0.12390924245119095 0.53854113817214966
vt 0.13939790427684784 0.53540247678756714
vt 0.13939790427684784 0.53854113817214966
vt 0.13939790427684784 0.54772049188613892
vt 0.12390924245119095 0.54470014572143555
vt 0.13939790427684784 0.54470014572143555
vt 0.13939790427684784 0.55372655391693115
vt 0.12390924245119095 0.55072349309921265
vt 0.13939790427684784 0.55072349309921265
vt 0.13939790427684784 0.55973255634307861
vt 0.12390924245119095 0.55672955513000488
vt 0.13939790427684784 0.55672955513000488
vt 0.13939790427684784 0.56600993871688843
vt 0.12390924245119095 0.56287127733230591
vt 0.13939790427684784 0.56287127733230591
vt 0.13939790427684784 0.57205057144165039
vt 0.12390924245119095 0.5690302848815918
vt 0.13939790427684784 0.5690302848815918
vt 0.13939790427684784 0.57805663347244263
vt 0.12390924245119095 0.5750536322593689
vt 0.13939790427684784 0.5750536322593689
vt 0.13939790427684784 0.58406269550323486
vt 0.12390924245119095 0.58105963468551636
vt 0.13939790427684784 0.58105963468551636
vt 0.13939790427684784 0.59034007787704468
vt 0.12390924245119095 0.58720135688781738
vt 0.13939790427684784 0.58720135688781738
vt 0.13939790427684784 0.59638065099716187
vt 0.12390924245119095 0.59336036443710327
vt 0.13939790427684784 0.59336036443710327
vt 0.13939790427684784 0.6023867130279541
vt 0.12390924245119095 0.59938371181488037
vt 0.13939790427684784 0.59938371181488037
vt 0.13939790427684784 0.61467015743255615
vt 0.12390924245119095 0.61153149604797363
vt 0.13939790427684784 0.60839277505874634
vt 0.13939790427684784 0.61153149604797363
vt 0.13939790427684784 0.62071079015731812
vt 0.12390924245119095 0.61769050359725952
vt 0.13939790427684784 0.61769050359725952
vt 0.13939790427684784 0.62671685218811035
vt 0.12390924245119095 0.62371379137039185
vt 0.13939790427684784 0.62371379137039185
vt 0.13939790427684784 0.63272291421890259
vt 0.12390924245119095 0.62971985340118408
vt 0.13939790427684784 0.62971985340118408
vt 0.015488659031689167 0.63272291421890259
vt 0.015488659031689167 0.62671685218811035
vt 0.030977308750152588 0.62971985340118408
vt 0.015488659031689167 0.62971985340118408
vt 0.015488659031689167 0.62071079015731812
vt 0.030977308750152588 0.62371379137039185
vt 0.015488659031689167 0.62371379137039185
vt 0.015488659031689167 0.61467015743255615
vt 0.015488659031689167 0.60839277505874634
vt 0.030977308750152588 0.61153149604797363
vt 0.015488659031689167 0.61153149604797363
vt 0.015488659031689167 0.6023867130279541
vt 0.030977308750152588 0.60538977384567261
vt 0.015488659031689167 0.60538977384567261
vt 0.015488659031689167 0.59638065099716187
vt 0.030977308750152588 0.59938371181488037
vt 0.015488659031689167 0.59938371181488037
vt 0.015488659031689167 0.59034007787704468
vt 0.015488659031689167 0.58406269550323486
vt 0.030977308750152588 0.58720135688781738
vt 0.015488659031689167 0.58720135688781738
vt 0.015488659031689167 0.57805663347244263
vt 0.030977308750152588 0.58105963468551636
vt 0.015488659031689167 0.58105963468551636
vt 0.015488659031689167 0.57205057144165039
vt 0.030977308750152588 0.5750536322593689
vt 0.015488659031689167 0.5750536322593689
vt 0.015488659031689167 0.56600993871688843
vt 0.015488659031689167 0.55973255634307861
vt 0.030977308750152588 0.56287127733230591
vt 0.015488659031689167 0.56287127733230591
vt 0.015488659031689167 0.55372655391693115
vt 0.030977308750152588 0.55672955513000488
vt 0.015488659031689167 0.55672955513000488
vt 0.015488659031689167 0.54772049188613892
vt 0.030977308750152588 0.55072349309921265
vt 0.015488659031689167 0.55072349309921265
vt 0.015488659031689167 0.54167985916137695
vt 0.015488659031689167 0.53540247678756714
vt 0.030977308750152588 0.53854113817214966
vt 0.015488659031689167 0.53854113817214966
vt 0.46681150794029236 0.67889344692230225
vt 0.47251281142234802 0.67998093366622925
vt 0.47776365280151367 0.68342995643615723
vt 0.48121270537376404 0.68868082761764526
vt 0.48230016231536865 0.69438213109970093
vt 0.48121270537376404 0.70008337497711182
vt 0.47776365280151367 0.70533424615859985
vt 0.47251281142234802 0.70878326892852783
vt 0.46681150794029236 0.70987075567245483
vt 0.46111023426055908 0.70878326892852783
vt 0.45585939288139343 0.70533424615859985
vt 0.45241034030914307 0.70008337497711182
vt 0.45132285356521606 0.69438213109970093
vt 0.45241034030914307 0.68868082761764526
vt 0.45585939288139343 0.68342995643615723
vt 0.46111023426055908 0.67998093366622925
vt 0.13140906393527985 0.76577585935592651
vt 0.13257034122943878 0.7598915696144104
vt 0.13606025278568268 0.75471025705337524
vt 0.14126837253570557 0.7513464093208313
vt 0.14689771831035614 0.75028723478317261
vt 0.15278202295303345 0.75144851207733154
vt 0.15796332061290741 0.75493842363357544
vt 0.16132715344429016 0.76014649868011475
vt 0.16238637268543243 0.76577585935592651
vt 0.1612250804901123 0.77166014909744263
vt 0.1577351838350296 0.77684146165847778
vt 0.15252706408500671 0.78020530939102173
vt 0.14689771831035614 0.7812645435333252
vt 0.14101341366767883 0.78010326623916626
vt 0.13583210110664368 0.77661335468292236
vt 0.13246826827526093 0.77140522003173828
vt 0.0030977311544120312 0.67889344692230225
vt 0 0.67889344692230225
vt 0.0030977311544120312 0.68306392431259155
vt 0.0030977311544120312 0.68723434209823608
vt 0 0.68723434209823608
vt 0 0.68445402383804321
vt 0 0.68167376518249512
vt 0.18130102753639221 0.3379647433757782
vt 0.18130102753639221 0.3464834988117218
vt 0.18727731704711914 0.3464834988117218
vt 0.19325359165668488 0.3379647433757782
vt 0.19325359165668488 0.3464834988117218
vt 0.18528522551059723 0.3379647433757782
vt 0.18926940858364105 0.3379647433757782
vt 0.30465623736381531 0.80751365423202515
vt 0.30465623736381531 0.83229547739028931
vt 0.31063252687454224 0.80751365423202515
vt 0.31063252687454224 0.83229547739028931
vt 0.31660878658294678 0.80751365423202515
vt 0.31660878658294678 0.83229547739028931
vt 0.041508469730615616 0.3379647433757782
vt 0.041508469730615616 0.3464834988117218
vt 0.053461033850908279 0.3379647433757782
vt 0.053461033850908279 0.3464834988117218
vt 0.047484751790761948 0.3379647433757782
vt 0.049476847052574158 0.3464834988117218
vt 0.045492656528949738 0.3464834988117218
vt 0.0030977311544120312 0.69674187898635864
vt 0 0.69674187898635864
vt 0 0.70091235637664795
vt 0.0030977311544120312 0.70508277416229248
vt 0 0.70508277416229248
vt 0.0030977311544120312 0.69952219724655151
vt 0.0030977311544120312 0.70230251550674438
vt 0.027060288935899734 0.69674187898635864
vt 0.023962559178471565 0.69674187898635864
vt 0.027060288935899734 0.70508277416229248
vt 0.023962559178471565 0.70508277416229248
vt 0.023962559178471565 0.70091235637664795
vt 0.041508469730615616 0.35252827405929565
vt 0.041508469730615616 0.36104702949523926
vt 0.053461033850908279 0.35252827405929565
vt 0.053461033850908279 0.36104702949523926
vt 0.047484751790761948 0.35252827405929565
vt 0.047484751790761948 0.36104702949523926
vt 0.34649434685707092 0.80751365423202515
vt 0.34649434685707092 0.83229547739028931
vt 0.35844692587852478 0.80751365423202515
vt 0.35844692587852478 0.83229547739028931
vt 0.35247063636779785 0.80751365423202515
vt 0.35247063636779785 0.83229547739028931
vt 0.18130102753639221 0.35252827405929565
vt 0.18130102753639221 0.36104702949523926
vt 0.19325359165668488 0.35252827405929565
vt 0.19325359165668488 0.36104702949523926
vt 0.18727731704711914 0.35252827405929565
vt 0.18727731704711914 0.36104702949523926
vt 0.027060288935899734 0.67889344692230225
vt 0.023962559178471565 0.67889344692230225
vt 0.027060288935899734 0.68723434209823608
vt 0.023962559178471565 0.68723434209823608
vt 0.027060288935899734 0.68306392431259155
vt 0.067393824458122253 0.67889344692230225
vt 0.064497806131839752 0.67889344692230225
vt 0.062053166329860687 0.67889344692230225
vt 0.059780154377222061 0.67889344692230225
vt 0.057657774537801743 0.67889344692230225
vt 0.055530481040477753 0.67889344692230225
vt 0.053288727998733521 0.67889344692230225
vt 0.050802160054445267 0.67889344692230225
vt 0.04792511835694313 0.67889344692230225
vt 0.067393824458122253 0.69050997495651245
vt 0.064497806131839752 0.69050997495651245
vt 0.062053166329860687 0.69050997495651245
vt 0.059780154377222061 0.69050997495651245
vt 0.057657774537801743 0.69050997495651245
vt 0.055530481040477753 0.69050997495651245
vt 0.053288727998733521 0.69050997495651245
vt 0.050802160054445267 0.69050997495651245
vt 0.04792511835694313 0.69050997495651245
vt 0.067393824458122253 0.70212644338607788
vt 0.064497806131839752 0.70212644338607788
vt 0.062053166329860687 0.70212644338607788
vt 0.059780154377222061 0.70212644338607788
vt 0.057657774537801743 0.70212644338607788
vt 0.055530481040477753 0.70212644338607788
vt 0.053288727998733521 0.70212644338607788
vt 0.050802160054445267 0.70212644338607788
vt 0.04792511835694313 0.70212644338607788
vt 0.064497806131839752 0.69631820917129517
vt 0.065945811569690704 0.69050997495651245
vt 0.065945811569690704 0.69631820917129517
vt 0.062053166329860687 0.69631820917129517
vt 0.06327548623085022 0.69050997495651245
vt 0.06327548623085022 0.69631820917129517
vt 0.057657774537801743 0.69631820917129517
vt 0.058718964457511902 0.69050997495651245
vt 0.059780154377222061 0.69631820917129517
vt 0.058718964457511902 0.69631820917129517
vt 0.055530481040477753 0.69631820917129517
vt 0.056594129651784897 0.69050997495651245
vt 0.056594129651784897 0.69631820917129517
vt 0.050802160054445267 0.69631820917129517
vt 0.052045442163944244 0.69050997495651245
vt 0.053288727998733521 0.69631820917129517
vt 0.052045442163944244 0.69631820917129517
vt 0.049363639205694199 0.69050997495651245
vt 0.049363639205694199 0.69631820917129517
vt 0.050802160054445267 0.68470168113708496
vt 0.049363639205694199 0.68470168113708496
vt 0.053288727998733521 0.68470168113708496
vt 0.052045442163944244 0.68470168113708496
vt 0.055530481040477753 0.68470168113708496
vt 0.057657774537801743 0.68470168113708496
vt 0.056594129651784897 0.68470168113708496
vt 0.059780154377222061 0.68470168113708496
vt 0.058718964457511902 0.68470168113708496
vt 0.062053166329860687 0.68470168113708496
vt 0.064497806131839752 0.68470168113708496
vt 0.06327548623085022 0.68470168113708496
vt 0.065945811569690704 0.68470168113708496
vt 0.037171822041273117 0.88201767206192017
vt 0.034096796065568924 0.88201767206192017
vt 0.031201675534248352 0.88201767206192017
vt 0.028626538813114166 0.88201767206192017
vt 0.026044165715575218 0.88201767206192017
vt 0.023272540420293808 0.88201767206192017
vt 0.020134154707193375 0.88201767206192017
vt 0.037171822041273117 0.89363420009613037
vt 0.034096796065568924 0.89363420009613037
vt 0.023272540420293808 0.89363420009613037
vt 0.020134154707193375 0.89363420009613037
vt 0.037171822041273117 0.9052506685256958
vt 0.034096796065568924 0.9052506685256958
vt 0.031201675534248352 0.9052506685256958
vt 0.028626538813114166 0.9052506685256958
vt 0.026044165715575218 0.9052506685256958
vt 0.023272540420293808 0.9052506685256958
vt 0.020134154707193375 0.9052506685256958
vt 0.034096796065568924 0.89944243431091309
vt 0.035634309053421021 0.89363420009613037
vt 0.035634309053421021 0.89944243431091309
vt 0.021703347563743591 0.89363420009613037
vt 0.023272540420293808 0.89944243431091309
vt 0.021703347563743591 0.89944243431091309
vt 0.023272540420293808 0.88782596588134766
vt 0.021703347563743591 0.88782596588134766
vt 0.034096796065568924 0.88782596588134766
vt 0.035634309053421021 0.88782596588134766
vt 0.028626538813114166 0.89363420009613037
vt 0.026044165715575218 0.89363420009613037
vt 0.26281812787055969 0.78887706995010376
vt 0.26281812787055969 0.79201573133468628
vt 0.26281812787055969 0.79503607749938965
vt 0.26281812787055969 0.79803907871246338
vt 0.26281812787055969 0.80104213953018188
vt 0.27443459630012512 0.78887706995010376
vt 0.27443459630012512 0.80104213953018188
vt 0.28605109453201294 0.78887706995010376
vt 0.28605109453201294 0.79201573133468628
vt 0.28605109453201294 0.79503607749938965
vt 0.28605109453201294 0.79803907871246338
vt 0.28605109453201294 0.80104213953018188
vt 0.27443459630012512 0.79503607749938965
vt 0.27443459630012512 0.79803907871246338
vt 0.34649434685707092 0.77024048566818237
vt 0.34649434685707092 0.77337914705276489
vt 0.34649434685707092 0.77639949321746826
vt 0.34649434685707092 0.77940249443054199
vt 0.34649434685707092 0.78240549564361572
vt 0.35811084508895874 0.77024048566818237
vt 0.35811084508895874 0.78240549564361572
vt 0.36972734332084656 0.77024048566818237
vt 0.36972734332084656 0.77337914705276489
vt 0.36972734332084656 0.77639949321746826
vt 0.36972734332084656 0.77940249443054199
vt 0.36972734332084656 0.78240549564361572
vt 0.35811084508895874 0.77639949321746826
vt 0.35811084508895874 0.77940249443054199
vt 0.22790716588497162 0.71459031105041504
vt 0.22790716588497162 0.73782330751419067
vt 0.23788073658943176 0.71459031105041504
vt 0.23788073658943176 0.73782330751419067
vt 0.23478782176971436 0.72002881765365601
vt 0.23367567360401154 0.72620683908462524
vt 0.23478782176971436 0.73238486051559448
vt 0 0.35765635967254639
vt 0 0.38088935613632202
vt 0.017533287405967712 0.35765635967254639
vt 0.017533287405967712 0.38088935613632202
vt 0.035203773528337479 0.35765635967254639
vt 0.035203773528337479 0.38088935613632202
vt 0.64459961652755737 0
vt 0.62283152341842651 0
vt 0.64459961652755737 0.15779735147953033
vt 0.62283152341842651 0.15779735147953033
vt 0.12322539836168289 0.71459031105041504
vt 0.12322539836168289 0.73782330751419067
vt 0.13315828144550323 0.71459031105041504
vt 0.13315828144550323 0.73782330751419067
vt 0.14315794408321381 0.71459031105041504
vt 0.14315794408321381 0.73782330751419067
vt 0.14315794408321381 0.71703588962554932
vt 0.14315794408321381 0.72620683908462524
vt 0.14315794408321381 0.7353777289390564
vt 0.13815811276435852 0.72620683908462524
vt 0.14065803587436676 0.72620683908462524
vt 0.13815811276435852 0.72039860486984253
vt 0.14065803587436676 0.72039860486984253
vt 0.13815811276435852 0.73201507329940796
vt 0.14065803587436676 0.73201507329940796
vt 0.14598062634468079 0
vt 0.14598062634468079 0.02784394845366478
vt 0.14598062634468079 0.055687896907329559
vt 0.14598062634468079 0.083531841635704041
vt 0.15216352045536041 0.02784394845366478
vt 0.15216352045536041 0.055687896907329559
vt 0.15216352045536041 0.083531841635704041
vt 0.15811321139335632 0.02784394845366478
vt 0.15811321139335632 0.055687896907329559
vt 0.15811321139335632 0.083531841635704041
vt 0.16402886807918549 0.02784394845366478
vt 0.16402886807918549 0.055687896907329559
vt 0.16402886807918549 0.083531841635704041
vt 0.16994450986385345 0
vt 0.16994450986385345 0.02784394845366478
vt 0.16994450986385345 0.055687896907329559
vt 0.16994450986385345 0.083531841635704041
vt 0.17612741887569427 0.02784394845366478
vt 0.17612741887569427 0.055687896907329559
vt 0.17612741887569427 0.083531841635704041
vt 0.18207710981369019 0.02784394845366478
vt 0.18207710981369019 0.055687896907329559
vt 0.18207710981369019 0.083531841635704041
vt 0.18799275159835815 0.02784394845366478
vt 0.18799275159835815 0.055687896907329559
vt 0.18799275159835815 0.083531841635704041
vt 0.19390840828418732 0
vt 0.19390840828418732 0.02784394845366478
vt 0.19390840828418732 0.055687896907329559
vt 0.19390840828418732 0.083531841635704041
vt 0.20009130239486694 0.02784394845366478
vt 0.20009130239486694 0.055687896907329559
vt 0.20009130239486694 0.083531841635704041
vt 0.20604100823402405 0.02784394845366478
vt 0.20604100823402405 0.055687896907329559
vt 0.20604100823402405 0.083531841635704041
vt 0.21195665001869202 0.02784394845366478
vt 0.21195665001869202 0.055687896907329559
vt 0.21195665001869202 0.083531841635704041
vt 0.21787230670452118 0
vt 0.21787230670452118 0.02784394845366478
vt 0.21787230670452118 0.055687896907329559
vt 0.21787230670452118 0.083531841635704041
vt 0.22405520081520081 0.02784394845366478
vt 0.22405520081520081 0.055687896907329559
vt 0.22405520081520081 0.083531841635704041
vt 0.23000489175319672 0.02784394845366478
vt 0.23000489175319672 0.055687896907329559
vt 0.23000489175319672 0.083531841635704041
vt 0.23592054843902588 0.02784394845366478
vt 0.23592054843902588 0.055687896907329559
vt 0.23592054843902588 0.083531841635704041
vt 0.24183619022369385 0
vt 0.24183619022369385 0.02784394845366478
vt 0.24183619022369385 0.055687896907329559
vt 0.24183619022369385 0.083531841635704041
vt 0.15197159349918365 0
vt 0.15796257555484772 0
vt 0.16395354270935059 0
vt 0.17593549191951752 0
vt 0.18192645907402039 0
vt 0.18791744112968445 0
vt 0.19989937543869019 0
vt 0.20589035749435425 0
vt 0.21188132464885712 0
vt 0.22386327385902405 0
vt 0.22985424101352692 0
vt 0.23584522306919098 0
vt 0.15216352045536041 0.01392197422683239
vt 0.14907206594944 0.02784394845366478
vt 0.14598062634468079 0.01392197422683239
vt 0.14907206594944 0.01392197422683239
vt 0.15811321139335632 0.01392197422683239
vt 0.15513837337493896 0.02784394845366478
vt 0.15513837337493896 0.01392197422683239
vt 0.16402886807918549 0.01392197422683239
vt 0.1610710471868515 0.02784394845366478
vt 0.1610710471868515 0.01392197422683239
vt 0.17612741887569427 0.01392197422683239
vt 0.17303596436977386 0.02784394845366478
vt 0.16994450986385345 0.01392197422683239
vt 0.17303596436977386 0.01392197422683239
vt 0.18207710981369019 0.01392197422683239
vt 0.17910225689411163 0.02784394845366478
vt 0.17910225689411163 0.01392197422683239
vt 0.18799275159835815 0.01392197422683239
vt 0.18503493070602417 0.02784394845366478
vt 0.18503493070602417 0.01392197422683239
vt 0.20009130239486694 0.01392197422683239
vt 0.19699986279010773 0.02784394845366478
vt 0.19390840828418732 0.01392197422683239
vt 0.19699986279010773 0.01392197422683239
vt 0.20604100823402405 0.01392197422683239
vt 0.2030661553144455 0.02784394845366478
vt 0.2030661553144455 0.01392197422683239
vt 0.21195665001869202 0.01392197422683239
vt 0.20899882912635803 0.02784394845366478
vt 0.20899882912635803 0.01392197422683239
vt 0.21787230670452118 0.01392197422683239
vt 0.214914470911026 0.02784394845366478
vt 0.214914470911026 0.01392197422683239
vt 0.22405520081520081 0.01392197422683239
vt 0.2209637463092804 0.02784394845366478
vt 0.2209637463092804 0.01392197422683239
vt 0.23000489175319672 0.01392197422683239
vt 0.22703005373477936 0.02784394845366478
vt 0.22703005373477936 0.01392197422683239
vt 0.23592054843902588 0.01392197422683239
vt 0.2329627126455307 0.02784394845366478
vt 0.2329627126455307 0.01392197422683239
vt 0.24183619022369385 0.01392197422683239
vt 0.23887836933135986 0.02784394845366478
vt 0.23887836933135986 0.01392197422683239
vt 0.24183619022369385 0.069609865546226501
vt 0.23592054843902588 0.069609865546226501
vt 0.23887836933135986 0.055687896907329559
vt 0.23887836933135986 0.069609865546226501
vt 0.23000489175319672 0.069609865546226501
vt 0.2329627126455307 0.055687896907329559
vt 0.2329627126455307 0.069609865546226501
vt 0.22405520081520081 0.069609865546226501
vt 0.21787230670452118 0.069609865546226501
vt 0.2209637463092804 0.055687896907329559
vt 0.2209637463092804 0.069609865546226501
vt 0.21195665001869202 0.069609865546226501
vt 0.214914470911026 0.055687896907329559
vt 0.214914470911026 0.069609865546226501
vt 0.20604100823402405 0.069609865546226501
vt 0.20899882912635803 0.055687896907329559
vt 0.20899882912635803 0.069609865546226501
vt 0.20009130239486694 0.069609865546226501
vt 0.19390840828418732 0.069609865546226501
vt 0.19699986279010773 0.055687896907329559
vt 0.19699986279010773 0.069609865546226501
vt 0.18799275159835815 0.069609865546226501
vt 0.19095058739185333 0.055687896907329559
vt 0.19095058739185333 0.069609865546226501
vt 0.18207710981369019 0.069609865546226501
vt 0.18503493070602417 0.055687896907329559
vt 0.18503493070602417 0.069609865546226501
vt 0.17612741887569427 0.069609865546226501
vt 0.16994450986385345 0.069609865546226501
vt 0.17303596436977386 0.055687896907329559
vt 0.17303596436977386 0.069609865546226501
vt 0.16402886807918549 0.069609865546226501
vt 0.16698668897151947 0.055687896907329559
vt 0.16698668897151947 0.069609865546226501
vt 0.15811321139335632 0.069609865546226501
vt 0.1610710471868515 0.055687896907329559
vt 0.1610710471868515 0.069609865546226501
vt 0.15216352045536041 0.069609865546226501
vt 0.14598062634468079 0.069609865546226501
vt 0.14907206594944 0.055687896907329559
vt 0.14907206594944 0.069609865546226501
vt 0.030977310612797737 0.76577585935592651
vt 0.029816022142767906 0.77166014909744263
vt 0.026326123625040054 0.77684146165847778
vt 0.021117998287081718 0.78020530939102173
vt 0.015488655306398869 0.7812645435333252
vt 0.0096043543890118599 0.78010326623916626
vt 0.0044230450876057148 0.77661335468292236
vt 0.0010592086473479867 0.77140522003173828
vt 0 0.76577585935592651
vt 0.0011612885864451528 0.7598915696144104
vt 0.0046511879190802574 0.75471025705337524
vt 0.0098593113943934441 0.7513464093208313
vt 0.015488655306398869 0.75028723478317261
vt 0.021372957155108452 0.75144851207733154
vt 0.02655426599085331 0.75493842363357544
vt 0.02991810254752636 0.76014649868011475
vt 0.68401169776916504 0
vt 0.70724469423294067 0
vt 0.68401169776916504 0.010856957174837589
vt 0.70724469423294067 0.010856957174837589
vt 0.71727234125137329 0.022533293813467026
vt 0.7188611626625061 0.030977312475442886
vt 0.71711921691894531 0.03980376198887825
vt 0.71188437938690186 0.047575727105140686
vt 0.70407217741012573 0.052621480077505112
vt 0.69562816619873047 0.054210294038057327
vt 0.6868017315864563 0.05246836319565773
vt 0.67902976274490356 0.047233510762453079
vt 0.67398399114608765 0.039421327412128448
vt 0.67239522933959961 0.030977312475442886
vt 0.67413711547851562 0.022150857374072075
vt 0.67937201261520386 0.014378894120454788
vt 0.60782450437545776 0.02323298342525959
vt 0.62136667966842651 0
vt 0.62136667966842651 0.02323298342525959
vt 0.60782450437545776 0.011616491712629795
vt 0.60782450437545776 0
vt 0.77932775020599365 0.14288167655467987
vt 0.77932775020599365 0.15194259583950043
vt 0.72586148977279663 0.15194259583950043
vt 0.67239522933959961 0.15194259583950043
vt 0.83279401063919067 0.16095167398452759
vt 0.77932775020599365 0.16095167398452759
vt 0.72586148977279663 0.16095167398452759
vt 0.67239522933959961 0.16095167398452759
vt 0.83279401063919067 0.16996075212955475
vt 0.77932775020599365 0.16996075212955475
vt 0.72586148977279663 0.16996075212955475
vt 0.67239522933959961 0.16996075212955475
vt 0.83279401063919067 0.17937682569026947
vt 0.77932775020599365 0.17937682569026947
vt 0.72586148977279663 0.17937682569026947
vt 0.67239522933959961 0.17937682569026947
vt 0.83279401063919067 0.18843775987625122
vt 0.77932775020599365 0.18843775987625122
vt 0.72586148977279663 0.18843775987625122
vt 0.67239522933959961 0.18843775987625122
vt 0.83279401063919067 0.19744683802127838
vt 0.77932775020599365 0.19744683802127838
vt 0.72586148977279663 0.19744683802127838
vt 0.67239522933959961 0.19744683802127838
vt 0.83279401063919067 0.20645590126514435
vt 0.77932775020599365 0.20645590126514435
vt 0.72586148977279663 0.20645590126514435
vt 0.67239522933959961 0.20645590126514435
vt 0.83279401063919067 0.21587198972702026
vt 0.77932775020599365 0.21587198972702026
vt 0.72586148977279663 0.21587198972702026
vt 0.67239522933959961 0.21587198972702026
vt 0.83279401063919067 0.22493290901184082
vt 0.77932775020599365 0.22493290901184082
vt 0.72586148977279663 0.22493290901184082
vt 0.67239522933959961 0.22493290901184082
vt 0.83279401063919067 0.23394198715686798
vt 0.77932775020599365 0.23394198715686798
vt 0.72586148977279663 0.23394198715686798
vt 0.67239522933959961 0.23394198715686798
vt 0.83279401063919067 0.24295106530189514
vt 0.77932775020599365 0.24295106530189514
vt 0.72586148977279663 0.24295106530189514
vt 0.67239522933959961 0.24295106530189514
vt 0.83279401063919067 0.25236713886260986
vt 0.77932775020599365 0.25236713886260986
vt 0.72586148977279663 0.25236713886260986
vt 0.67239522933959961 0.25236713886260986
vt 0.83279401063919067 0.26142805814743042
vt 0.77932775020599365 0.26142805814743042
vt 0.72586148977279663 0.26142805814743042
vt 0.77932775020599365 0.27043715119361877
vt 0.78084498643875122 0.13346560299396515
vt 0.78158777952194214 0.14008148014545441
vt 0.78374689817428589 0.14591342210769653
vt 0.77932775020599365 0.13817363977432251
vt 0.75259459018707275 0.14288167655467987
vt 0.75259459018707275 0.13346560299396515
vt 0.75259459018707275 0.13817363977432251
vt 0.77932775020599365 0.27494168281555176
vt 0.77932775020599365 0.14052765071392059
vt 0.80606085062026978 0.15194259583950043
vt 0.77932775020599365 0.14741213619709015
vt 0.80606085062026978 0.14741213619709015
vt 0.79269427061080933 0.14741213619709015
vt 0.77932775020599365 0.14514690637588501
vt 0.75259459018707275 0.15194259583950043
vt 0.72586148977279663 0.14741213619709015
vt 0.75259459018707275 0.14741213619709015
vt 0.78374689817428589 0.26699841022491455
vt 0.78158777952194214 0.27283033728599548
vt 0.78084498643875122 0.27944621443748474
vt 0.77932775020599365 0.2659325897693634
vt 0.80606085062026978 0.26142805814743042
vt 0.80606085062026978 0.2659325897693634
vt 0.77932775020599365 0.26818487048149109
vt 0.79269427061080933 0.2659325897693634
vt 0.75259459018707275 0.27043715119361877
vt 0.75259459018707275 0.26142805814743042
vt 0.75259459018707275 0.2659325897693634
vt 0.77932775020599365 0.27268940210342407
vt 0.75259459018707275 0.27944621443748474
vt 0.75259459018707275 0.27494168281555176
vt 0.80827045440673828 0.14591342210769653
vt 0.83279401063919067 0.14591342210769653
vt 0.83279401063919067 0.26699841022491455
vt 0.80827045440673828 0.26699841022491455
vt 0.80606085062026978 0.16996075212955475
vt 0.77932775020599365 0.16545622050762177
vt 0.80606085062026978 0.16095167398452759
vt 0.80606085062026978 0.16545622050762177
vt 0.80606085062026978 0.17937682569026947
vt 0.77932775020599365 0.17466878890991211
vt 0.80606085062026978 0.17466878890991211
vt 0.80606085062026978 0.19744683802127838
vt 0.77932775020599365 0.1929422914981842
vt 0.80606085062026978 0.18843775987625122
vt 0.80606085062026978 0.1929422914981842
vt 0.80606085062026978 0.20645590126514435
vt 0.77932775020599365 0.20195136964321136
vt 0.80606085062026978 0.20195136964321136
vt 0.80606085062026978 0.21587198972702026
vt 0.77932775020599365 0.2111639529466629
vt 0.80606085062026978 0.2111639529466629
vt 0.80606085062026978 0.23394198715686798
vt 0.77932775020599365 0.2294374406337738
vt 0.80606085062026978 0.22493290901184082
vt 0.80606085062026978 0.2294374406337738
vt 0.80606085062026978 0.24295106530189514
vt 0.77932775020599365 0.23844653367996216
vt 0.80606085062026978 0.23844653367996216
vt 0.80606085062026978 0.25236713886260986
vt 0.77932775020599365 0.2476591020822525
vt 0.80606085062026978 0.2476591020822525
vt 0.81942743062973022 0.2659325897693634
vt 0.80606085062026978 0.26368033885955811
vt 0.81942743062973022 0.26142805814743042
vt 0.81942743062973022 0.26368033885955811
vt 0.77932775020599365 0.25689759850502014
vt 0.80606085062026978 0.25689759850502014
vt 0.67239522933959961 0.2669672966003418
vt 0.67239522933959961 0.14591342210769653
vt 0.69912832975387573 0.25236713886260986
vt 0.69912832975387573 0.24295106530189514
vt 0.72586148977279663 0.2476591020822525
vt 0.69912832975387573 0.2476591020822525
vt 0.69912832975387573 0.23394198715686798
vt 0.72586148977279663 0.23844653367996216
vt 0.69912832975387573 0.23844653367996216
vt 0.69912832975387573 0.22493290901184082
vt 0.72586148977279663 0.2294374406337738
vt 0.69912832975387573 0.2294374406337738
vt 0.69912832975387573 0.21587198972702026
vt 0.69912832975387573 0.20645590126514435
vt 0.72586148977279663 0.2111639529466629
vt 0.69912832975387573 0.2111639529466629
vt 0.69912832975387573 0.19744683802127838
vt 0.72586148977279663 0.20195136964321136
vt 0.69912832975387573 0.20195136964321136
vt 0.69912832975387573 0.18843775987625122
vt 0.72586148977279663 0.1929422914981842
vt 0.69912832975387573 0.1929422914981842
vt 0.69912832975387573 0.17937682569026947
vt 0.69912832975387573 0.16996075212955475
vt 0.72586148977279663 0.17466878890991211
vt 0.69912832975387573 0.17466878890991211
vt 0.69912832975387573 0.16095167398452759
vt 0.72586148977279663 0.16545622050762177
vt 0.69912832975387573 0.16545622050762177
vt 0.69912832975387573 0.15194259583950043
vt 0.69912832975387573 0.14741213619709015
vt 0.68576174974441528 0.15194259583950043
vt 0.68576174974441528 0.14741213619709015
vt 0.69912832975387573 0.14967736601829529
vt 0.68576174974441528 0.14967736601829529
vt 0.72586148977279663 0.1564471423625946
vt 0.69912832975387573 0.1564471423625946
vt 0.7297060489654541 0.14591342210769653
vt 0.73285698890686035 0.14031237363815308
vt 0.73398596048355103 0.13346560299396515
vt 0.73398596048355103 0.27944621443748474
vt 0.73285698890686035 0.27259945869445801
vt 0.7297060489654541 0.26699841022491455
vt 0.70105063915252686 0.14591342210769653
vt 0.70105063915252686 0.26698285341262817
vt 0.43017056584358215 0.77024048566818237
vt 0.45340356230735779 0.77024048566818237
vt 0.45340356230735779 0.821269690990448
vt 0.44178706407546997 0.77024048566818237
vt 0.44178706407546997 0.821269690990448
vt 0.43017056584358215 0.821269690990448
vt 0.32109358906745911 0.32340124249458313
vt 0.34432658553123474 0.32340124249458313
vt 0.34432658553123474 0.35859084129333496
vt 0.33271008729934692 0.32340124249458313
vt 0.33271008729934692 0.35329878330230713
vt 0.32637771964073181 0.35479432344436646
vt 0.33904245495796204 0.35479432344436646
vt 0.32109358906745911 0.35859084129333496
vt 0.59281754493713379 0.46156191825866699
vt 0.62136667966842651 0.48479491472244263
vt 0.59281754493713379 0.48479491472244263
vt 0.59281754493713379 0.47317841649055481
vt 0.62136667966842651 0.46156191825866699
vt 0.62136667966842651 0.47317841649055481
vt 0.26281812787055969 0.74779993295669556
vt 0.3040873110294342 0.72456693649291992
vt 0.26281812787055969 0.73618346452713013
vt 0.3040873110294342 0.73618346452713013
vt 0.26281812787055969 0.72456693649291992
vt 0.3040873110294342 0.74779993295669556
vt 0.50292479991912842 0.044111326336860657
vt 0.50053286552429199 0.044110774993896484
vt 0.49827536940574646 0.044842947274446487
vt 0.49629411101341248 0.046287652105093002
vt 0.4948829710483551 0.048248428851366043
vt 0.49414083361625671 0.05055835098028183
vt 0.49414518475532532 0.052991025149822235
vt 0.49489748477935791 0.05530194565653801
vt 0.49629694223403931 0.057236950844526291
vt 0.55713957548141479 0.065195605158805847
vt 0.55870765447616577 0.062908120453357697
vt 0.55937647819519043 0.060158513486385345
vt 0.55902135372161865 0.057352695614099503
vt 0.55769443511962891 0.054867170751094818
vt 0.55545651912689209 0.052959691733121872
vt 0.55290710926055908 0.052069976925849915
vt 0.52523404359817505 0.086418673396110535
vt 0.52757900953292847 0.088034458458423615
vt 0.53058421611785889 0.088686510920524597
vt 0.53362429141998291 0.088088512420654297
vt 0.53609436750411987 0.086418673396110535
vt 0.5578150749206543 0.10832294076681137
vt 0.55621278285980225 0.11068769544363022
vt 0.55556619167327881 0.11371834576129913
vt 0.55615919828414917 0.11678408086299896
vt 0.5578150749206543 0.11927507072687149
vt 0.56770646572113037 0.12925012409687042
vt 0.55591195821762085 0.18357327580451965
vt 0.55471467971801758 0.16595803201198578
vt 0.54598581790924072 0.15115438401699066
vt 0.43534150719642639 0.039574813097715378
vt 0.42737120389938354 0.033681947737932205
vt 0.41805928945541382 0.030598241835832596
vt 0.41903519630432129 0.024365264922380447
vt 0.57413160800933838 0.13681967556476593
vt 0.5703389048576355 0.16104310750961304
vt 0.56654620170593262 0.18526655435562134
vt 0.422850102186203 0
vt 0.59135270118713379 0.026830572634935379
vt 0.58692097663879395 0.055135350674390793
vt 0.58248931169509888 0.083440124988555908
vt 0.42187419533729553 0.0062329745851457119
vt 0.79941254854202271 0.58872878551483154
vt 0.80133223533630371 0.59014004468917847
vt 0.80362486839294434 0.59089869260787964
vt 0.80603832006454468 0.59090310335159302
vt 0.8083299994468689 0.59015470743179321
vt 0.81027525663375854 0.58873158693313599
vt 0.81170850992202759 0.58673363924026489
vt 0.81243491172790527 0.58445703983306885
vt 0.81243437528610229 0.58204489946365356
vt 0.80453866720199585 0.53164011240005493
vt 0.80365598201751709 0.52906912565231323
vt 0.80176353454589844 0.52681225538253784
vt 0.79929769039154053 0.52547413110733032
vt 0.79651403427124023 0.52511602640151978
vt 0.79378616809844971 0.52579045295715332
vt 0.79151678085327148 0.52737188339233398
vt 0.7704615592956543 0.54859495162963867
vt 0.76880490779876709 0.55108588933944702
vt 0.76821160316467285 0.55415165424346924
vt 0.76885855197906494 0.55718231201171875
vt 0.7704615592956543 0.5595470666885376
vt 0.7378649115562439 0.52669066190719604
vt 0.74033623933792114 0.52836048603057861
vt 0.743377685546875 0.52895849943161011
vt 0.7463843822479248 0.52830642461776733
vt 0.74873048067092896 0.52669066190719604
vt 0.77341651916503906 0.50180786848068237
vt 0.72045904397964478 0.51023620367050171
vt 0.70623767375946045 0.53861987590789795
vt 0.6915510892868042 0.52981722354888916
vt 0.67407512664794922 0.52860981225967407
vt 0.81693500280380249 0.65019947290420532
vt 0.82584059238433838 0.66762775182723999
vt 0.8227812647819519 0.65823709964752197
vt 0.83202427625656128 0.66664361953735352
vt 0.67239522933959961 0.51788568496704102
vt 0.6964271068572998 0.51406097412109375
vt 0.8295784592628479 0.49286949634552002
vt 0.85619693994522095 0.66279643774032593
vt 0.80149751901626587 0.4973386824131012
vt 0.72796875238418579 0.51671558618545532
vt 0.85001319646835327 0.66378062963485718
vt 0.15488655865192413 0.39191147685050964
vt 0.12390924245119095 0.39191147685050964
vt 0.092931933701038361 0.39191147685050964
vt 0.061954617500305176 0.39191147685050964
vt 0.030977308750152588 0.39191147685050964
vt 0 0.39191147685050964
vt 0.12390924245119095 0.39818885922431946
vt 0.092931933701038361 0.39818885922431946
vt 0.061954617500305176 0.39818885922431946
vt 0.030977308750152588 0.39818885922431946
vt 0 0.39818885922431946
vt 0.12390924245119095 0.40422949194908142
vt 0.092931933701038361 0.40422949194908142
vt 0.061954617500305176 0.40422949194908142
vt 0.030977308750152588 0.40422949194908142
vt 0 0.40422949194908142
vt 0.12390924245119095 0.41023555397987366
vt 0.092931933701038361 0.41023555397987366
vt 0.061954617500305176 0.41023555397987366
vt 0.030977308750152588 0.41023555397987366
vt 0 0.41023555397987366
vt 0.12390924245119095 0.41624158620834351
vt 0.092931933701038361 0.41624158620834351
vt 0.061954617500305176 0.41624158620834351
vt 0.030977308750152588 0.41624158620834351
vt 0 0.41624158620834351
vt 0.12390924245119095 0.42251896858215332
vt 0.092931933701038361 0.42251896858215332
vt 0.061954617500305176 0.42251896858215332
vt 0.030977308750152588 0.42251896858215332
vt 0 0.42251896858215332
vt 0.12390924245119095 0.42855960130691528
vt 0.092931933701038361 0.42855960130691528
vt 0.061954617500305176 0.42855960130691528
vt 0.030977308750152588 0.42855960130691528
vt 0 0.42855960130691528
vt 0.12390924245119095 0.43456563353538513
vt 0.092931933701038361 0.43456563353538513
vt 0.061954617500305176 0.43456563353538513
vt 0.030977308750152588 0.43456563353538513
vt 0 0.43456563353538513
vt 0.12390924245119095 0.44057169556617737
vt 0.092931933701038361 0.44057169556617737
vt 0.061954617500305176 0.44057169556617737
vt 0.030977308750152588 0.44057169556617737
vt 0 0.44057169556617737
vt 0.12390924245119095 0.44684907793998718
vt 0.092931933701038361 0.44684907793998718
vt 0.061954617500305176 0.44684907793998718
vt 0.030977308750152588 0.44684907793998718
vt 0 0.44684907793998718
vt 0.12390924245119095 0.45288971066474915
vt 0.092931933701038361 0.45288971066474915
vt 0.061954617500305176 0.45288971066474915
vt 0.030977308750152588 0.45288971066474915
vt 0 0.45288971066474915
vt 0.12390924245119095 0.45889574289321899
vt 0.092931933701038361 0.45889574289321899
vt 0.061954617500305176 0.45889574289321899
vt 0.030977308750152588 0.45889574289321899
vt 0 0.45889574289321899
vt 0.12390924245119095 0.46490180492401123
vt 0.092931933701038361 0.46490180492401123
vt 0.061954617500305176 0.46490180492401123
vt 0.030977308750152588 0.46490180492401123
vt 0 0.46490180492401123
vt 0.12390924245119095 0.47117918729782104
vt 0.092931933701038361 0.47117918729782104
vt 0.061954617500305176 0.47117918729782104
vt 0.030977308750152588 0.47117918729782104
vt 0 0.47117918729782104
vt 0.12390924245119095 0.47721979022026062
vt 0.092931933701038361 0.47721979022026062
vt 0.061954617500305176 0.47721979022026062
vt 0.030977308750152588 0.47721979022026062
vt 0 0.47721979022026062
vt 0.12390924245119095 0.48322585225105286
vt 0.092931933701038361 0.48322585225105286
vt 0.061954617500305176 0.48322585225105286
vt 0.030977308750152588 0.48322585225105286
vt 0 0.48322585225105286
vt 0.15488655865192413 0.48923191428184509
vt 0.12390924245119095 0.48923191428184509
vt 0.092931933701038361 0.48923191428184509
vt 0.061954617500305176 0.48923191428184509
vt 0.030977308750152588 0.48923191428184509
vt 0 0.48923191428184509
vt 0.15488655865192413 0.39799401164054871
vt 0.15488655865192413 0.40407654643058777
vt 0.15488655865192413 0.41015908122062683
vt 0.15488655865192413 0.41624158620834351
vt 0.15488655865192413 0.42232412099838257
vt 0.15488655865192413 0.42840665578842163
vt 0.15488655865192413 0.43448916077613831
vt 0.15488655865192413 0.44057169556617737
vt 0.15488655865192413 0.44665423035621643
vt 0.15488655865192413 0.45273673534393311
vt 0.15488655865192413 0.45881927013397217
vt 0.15488655865192413 0.46490180492401123
vt 0.15488655865192413 0.47098433971405029
vt 0.15488655865192413 0.47706684470176697
vt 0.15488655865192413 0.48314937949180603
vt 0.13939790427684784 0.39818885922431946
vt 0.12390924245119095 0.39505016803741455
vt 0.13939790427684784 0.39191147685050964
vt 0.13939790427684784 0.39505016803741455
vt 0.13939790427684784 0.40422949194908142
vt 0.12390924245119095 0.40120917558670044
vt 0.13939790427684784 0.40120917558670044
vt 0.13939790427684784 0.41023555397987366
vt 0.12390924245119095 0.40723252296447754
vt 0.13939790427684784 0.40723252296447754
vt 0.13939790427684784 0.42251896858215332
vt 0.12390924245119095 0.41938027739524841
vt 0.13939790427684784 0.41624158620834351
vt 0.13939790427684784 0.41938027739524841
vt 0.13939790427684784 0.42855960130691528
vt 0.12390924245119095 0.4255392849445343
vt 0.13939790427684784 0.4255392849445343
vt 0.13939790427684784 0.43456563353538513
vt 0.12390924245119095 0.4315626323223114
vt 0.13939790427684784 0.4315626323223114
vt 0.13939790427684784 0.44684907793998718
vt 0.12390924245119095 0.44371038675308228
vt 0.13939790427684784 0.44057169556617737
vt 0.13939790427684784 0.44371038675308228
vt 0.13939790427684784 0.45288971066474915
vt 0.12390924245119095 0.44986939430236816
vt 0.13939790427684784 0.44986939430236816
vt 0.13939790427684784 0.45889574289321899
vt 0.12390924245119095 0.45589271187782288
vt 0.13939790427684784 0.45589271187782288
vt 0.13939790427684784 0.47117918729782104
vt 0.12390924245119095 0.46804049611091614
vt 0.13939790427684784 0.46490180492401123
vt 0.13939790427684784 0.46804049611091614
vt 0.13939790427684784 0.47721979022026062
vt 0.12390924245119095 0.47419950366020203
vt 0.13939790427684784 0.47419950366020203
vt 0.13939790427684784 0.48322585225105286
vt 0.12390924245119095 0.48022282123565674
vt 0.13939790427684784 0.48022282123565674
vt 0.13939790427684784 0.48923191428184509
vt 0.12390924245119095 0.48622888326644897
vt 0.13939790427684784 0.48622888326644897
vt 0.015488659031689167 0.48923191428184509
vt 0.015488659031689167 0.48322585225105286
vt 0.030977308750152588 0.48622888326644897
vt 0.015488659031689167 0.48622888326644897
vt 0.015488659031689167 0.47721979022026062
vt 0.030977308750152588 0.48022282123565674
vt 0.015488659031689167 0.48022282123565674
vt 0.015488659031689167 0.47117918729782104
vt 0.015488659031689167 0.46490180492401123
vt 0.030977308750152588 0.46804049611091614
vt 0.015488659031689167 0.46804049611091614
vt 0.015488659031689167 0.45889574289321899
vt 0.030977308750152588 0.46189877390861511
vt 0.015488659031689167 0.46189877390861511
vt 0.015488659031689167 0.45288971066474915
vt 0.030977308750152588 0.45589271187782288
vt 0.015488659031689167 0.45589271187782288
vt 0.015488659031689167 0.44684907793998718
vt 0.015488659031689167 0.44057169556617737
vt 0.030977308750152588 0.44371038675308228
vt 0.015488659031689167 0.44371038675308228
vt 0.015488659031689167 0.43456563353538513
vt 0.030977308750152588 0.43756866455078125
vt 0.015488659031689167 0.43756866455078125
vt 0.015488659031689167 0.42855960130691528
vt 0.030977308750152588 0.4315626323223114
vt 0.015488659031689167 0.4315626323223114
vt 0.015488659031689167 0.42251896858215332
vt 0.015488659031689167 0.41624158620834351
vt 0.030977308750152588 0.41938027739524841
vt 0.015488659031689167 0.41938027739524841
vt 0.015488659031689167 0.41023555397987366
vt 0.030977308750152588 0.41323855519294739
vt 0.015488659031689167 0.41323855519294739
vt 0.015488659031689167 0.40422949194908142
vt 0.030977308750152588 0.40723252296447754
vt 0.015488659031689167 0.40723252296447754
vt 0.015488659031689167 0.39818885922431946
vt 0.015488659031689167 0.39191147685050964
vt 0.030977308750152588 0.39505016803741455
vt 0.015488659031689167 0.39505016803741455
vt 0.16238637268543243 0.81337171792984009
vt 0.16129888594150543 0.81907302141189575
vt 0.15784984827041626 0.82432383298873901
vt 0.15259900689125061 0.82777285575866699
vt 0.14689771831035614 0.82886034250259399
vt 0.14119641482830048 0.82777285575866699
vt 0.13594557344913483 0.82432383298873901
vt 0.13249653577804565 0.81907302141189575
vt 0.13140906393527985 0.81337171792984009
vt 0.13249653577804565 0.80767041444778442
vt 0.13594557344913483 0.80241960287094116
vt 0.14119641482830048 0.79897052049636841
vt 0.14689771831035614 0.79788303375244141
vt 0.15259900689125061 0.79897052049636841
vt 0.15784984827041626 0.80241960287094116
vt 0.16129888594150543 0.80767041444778442
vt 0.030977310612797737 0.81337171792984009
vt 0.029816022142767906 0.8192560076713562
vt 0.026326123625040054 0.82443732023239136
vt 0.021117998287081718 0.8278011679649353
vt 0.015488655306398869 0.82886034250259399
vt 0.0096043543890118599 0.82769906520843506
vt 0.0044230450876057148 0.82420915365219116
vt 0.0010592086473479867 0.81900107860565186
vt 0 0.81337171792984009
vt 0.0011612885864451528 0.80748742818832397
vt 0.0046511879190802574 0.80230611562728882
vt 0.0098593113943934441 0.79894226789474487
vt 0.015488655306398869 0.79788303375244141
vt 0.021372957155108452 0.79904437065124512
vt 0.02655426599085331 0.80253422260284424
vt 0.02991810254752636 0.80774235725402832
vt 0.50907957553863525 0.38678339123725891
vt 0.041508469730615616 0.38678339123725891
vt 0.50907957553863525 0.38988113403320312
vt 0.041508469730615616 0.38988113403320312
vt 0.46757110953330994 0.31084102392196655
vt 0 0.31084102392196655
vt 0.46757110953330994 0.31935977935791016
vt 0 0.31935977935791016
vt 0.5078393816947937 0.88201767206192017
vt 0.040268309414386749 0.88201767206192017
vt 0.5078393816947937 0.9067995548248291
vt 0.040268309414386749 0.9067995548248291
vt 0.46757110953330994 0.27316036820411682
vt 0 0.27316036820411682
vt 0.46757110953330994 0.28167912364006042
vt 0 0.28167912364006042
vt 0.46757110953330994 0.91855651140213013
vt 0 0.91855651140213013
vt 0.46757110953330994 0.92165422439575195
vt 0 0.92165422439575195
vt 0.87128055095672607 0.70197612047195435
vt 0.87009626626968384 0.69811010360717773
vt 0.86891204118728638 0.69424402713775635
vt 0.89141261577606201 0.69424402713775635
vt 0.88904410600662231 0.70197612047195435
vt 0.89141261577606201 0.70197612047195435
vt 0.88016229867935181 0.87835961580276489
vt 0.87464076280593872 0.87944537401199341
vt 0.86955547332763672 0.88288891315460205
vt 0.86621516942977905 0.88813143968582153
vt 0.8651619553565979 0.89382368326187134
vt 0.86621516942977905 0.89951592683792114
vt 0.86955547332763672 0.90475845336914062
vt 0.87464076280593872 0.90820199251174927
vt 0.88016229867935181 0.90928775072097778
vt 0.88568389415740967 0.90820199251174927
vt 0.89076918363571167 0.90475845336914062
vt 0.89410948753356934 0.89951592683792114
vt 0.89516270160675049 0.89382368326187134
vt 0.89410948753356934 0.88813143968582153
vt 0.89076918363571167 0.88288891315460205
vt 0.88568389415740967 0.87944537401199341
vt 0.89141261577606201 0.87373524904251099
vt 0.86891204118728638 0.87373524904251099
vt 0.86891204118728638 0.70197612047195435
vt 0.89623749256134033 0.8775932788848877
vt 0.90112417936325073 0.88539308309555054
vt 0.90266287326812744 0.89382368326187134
vt 0.90097588300704956 0.90263611078262329
vt 0.89590603113174438 0.91039574146270752
vt 0.88834011554718018 0.91543346643447876
vt 0.88016229867935181 0.91701978445053101
vt 0.87161409854888916 0.91528058052062988
vt 0.86408716440200806 0.91005408763885498
vt 0.85920047760009766 0.90225428342819214
vt 0.85766178369522095 0.89382368326187134
vt 0.85934877395629883 0.88501119613647461
vt 0.86891204118728638 0.22741493582725525
vt 0.87009626626968384 0.22354891896247864
vt 0.87128055095672607 0.21968290209770203
vt 0.88904410600662231 0.21968290209770203
vt 0.89141261577606201 0.22741493582725525
vt 0.89141261577606201 0.21968290209770203
vt 0.88016229867935181 0.043299417942762375
vt 0.88568389415740967 0.042213659733533859
vt 0.89076918363571167 0.038770094513893127
vt 0.89410948753356934 0.033527582883834839
vt 0.89516270160675049 0.027835339307785034
vt 0.89410948753356934 0.02214309386909008
vt 0.89076918363571167 0.01690058596432209
vt 0.88568389415740967 0.013457020744681358
vt 0.88016229867935181 0.012371261604130268
vt 0.87464076280593872 0.013457020744681358
vt 0.86955547332763672 0.01690058596432209
vt 0.86621516942977905 0.02214309386909008
vt 0.8651619553565979 0.027835339307785034
vt 0.86621516942977905 0.033527582883834839
vt 0.86955547332763672 0.038770094513893127
vt 0.87464076280593872 0.042213659733533859
vt 0.89141261577606201 0.047923766076564789
vt 0.86891204118728638 0.21968290209770203
vt 0.86891204118728638 0.047923766076564789
vt 0.85934877395629883 0.03664778545498848
vt 0.85766178369522095 0.027835339307785034
vt 0.85920047760009766 0.01940472237765789
vt 0.86408716440200806 0.011604933999478817
vt 0.87161409854888916 0.0063783922232687473
vt 0.88016229867935181 0.0046392232179641724
vt 0.88834011554718018 0.0062255151569843292
vt 0.89590603113174438 0.01126326248049736
vt 0.90097588300704956 0.019022893160581589
vt 0.90266287326812744 0.027835339307785034
vt 0.90112417936325073 0.036265958100557327
vt 0.89623749256134033 0.044065747410058975
vt 0.50907957553863525 0.38165530562400818
vt 0.041508469730615616 0.38165530562400818
vt 0.50907957553863525 0.38475304841995239
vt 0.041508469730615616 0.38475304841995239
vt 0.46757110953330994 0.2857205867767334
vt 0 0.2857205867767334
vt 0.46757110953330994 0.294239342212677
vt 0 0.294239342212677
vt 0.5078393816947937 0.84547889232635498
vt 0.040268309414386749 0.84547889232635498
vt 0.5078393816947937 0.87026071548461914
vt 0.040268309414386749 0.87026071548461914
vt 0.46757110953330994 0.29828080534934998
vt 0 0.29828080534934998
vt 0.46757110953330994 0.30679956078529358
vt 0 0.30679956078529358
vt 0.66929745674133301 0
vt 0.66929745674133301 0.46757110953330994
vt 0.67239522933959961 0
vt 0.67239522933959961 0.46757110953330994
vt 0.9759371280670166 0.0072681414894759655
vt 0.97772115468978882 0.0036340707447379827
vt 0.97950524091720581 0
vt 0.97493332624435425 0.060001146048307419
vt 0.98673421144485474 0.060001146048307419
vt 0.98083376884460449 0.060001146048307419
vt 0.97493332624435425 0.030000573024153709
vt 0.98673421144485474 0.030000573024153709
vt 0.98083376884460449 0.030000573024153709
vt 0.97788351774215698 0.030000573024153709
vt 0.98083376884460449 0.015000286512076855
vt 0.97788351774215698 0.015000286512076855
vt 0.99734580516815186 0.0028606387786567211
vt 0.99853515625 0.010891617275774479
vt 0.98842549324035645 0.0014303193893283606
vt 0.90531712770462036 0.47714853286743164
vt 0.90472239255905151 0.47313302755355835
vt 0.90412771701812744 0.46911755204200745
vt 0.92772960662841797 0.42000803351402283
vt 0.91592866182327271 0.42000803351402283
vt 0.91592866182327271 0.45000860095024109
vt 0.92672574520111084 0.47274103760719299
vt 0.92315763235092163 0.48000916838645935
vt 0.92182910442352295 0.42000803351402283
vt 0.92772960662841797 0.45000860095024109
vt 0.92182910442352295 0.45000860095024109
vt 0.914237380027771 0.47857886552810669
vn 0.000000 0.000000 1.000000
vn 0.371391 0.000000 0.928477
vn -0.240578 -0.761831 0.601445
vn -0.301131 -0.953583 0.000000
vn 0.000000 -1.000000 0.000000
vn 0.145308 -0.920283 0.363270
vn 0.320142 -0.506892 0.800356
vn 0.000000 -1.000000 0.000000
vn 0.739940 -0.672673 0.000000
vn -0.371391 0.000000 -0.928477
vn 0.383157 0.000000 -0.923683
vn -0.218387 -0.808842 -0.545968
vn -0.351205 -0.325190 -0.878013
vn 0.702854 -0.423406 -0.571598
vn 0.739940 -0.672673 0.000000
vn 0.739940 -0.672673 0.000000
vn 0.739940 -0.672673 0.000000
vn 0.739940 -0.672673 0.000000
vn 0.739940 -0.672673 0.000000
vn 0.739940 -0.672673 0.000000
vn 0.739940 -0.672673 0.000000
vn 0.000000 -1.000000 0.000000
vn 0.702854 -0.423406 0.571598
vn 0.383157 0.000000 0.923683
vn -0.371391 0.000000 0.928477
vn -0.351205 -0.325190 0.878013
vn -0.218387 -0.808842 0.545968
vn 0.371391 0.000000 -0.928477
vn 0.000000 0.000000 -1.000000
vn -0.240578 -0.761831 -0.601445
vn 0.000000 -1.000000 0.000000
vn -0.301131 -0.953583 0.000000
vn 0.320142 -0.506892 -0.800356
vn 0.145308 -0.920283 -0.363270
vn 0.000000 0.000000 -1.000000
vn 0.371391 0.000000 -0.928477
vn -0.301131 0.953583 0.000000
vn 0.000000 1.000000 0.000000
vn 0.240578 0.761831 -0.601445
vn 0.000000 1.000000 0.000000
vn 0.739940 0.672673 0.000000
vn -0.371391 0.000000 0.928477
vn 0.383157 0.000000 0.923683
vn -0.306004 0.566675 0.765011
vn 0.702854 0.423406 0.571598
vn 0.739940 0.672673 0.000000
vn 0.739940 0.672673 0.000000
vn 0.739940 0.672673 0.000000
vn 0.739940 0.672673 0.000000
vn 0.739940 0.672673 0.000000
vn 0.739940 0.672673 0.000000
vn 0.739940 0.672673 0.000000
vn 0.000000 1.000000 0.000000
vn 0.383157 0.000000 -0.923683
vn -0.371391 0.000000 -0.928477
vn 0.702854 0.423406 -0.571598
vn -0.306004 0.566675 -0.765011
vn 0.371391 0.000000 0.928477
vn 0.000000 0.000000 1.000000
vn 0.000000 1.000000 0.000000
vn -0.301131 0.953583 0.000000
vn 0.240578 0.761831 0.601445
vn 0.000000 0.000000 1.000000
vn -0.307674 0.000000 0.951492
vn -0.583299 0.000000 0.812258
vn -0.809040 0.000000 0.587753
vn -0.951061 0.000000 0.309004
vn -1.000000 0.000000 -0.000692
vn -0.950448 0.000000 -0.310883
vn -0.807144 0.000000 -0.590355
vn -0.588172 0.000000 -0.808736
vn 0.000000 0.000000 1.000000
vn -0.307674 0.000000 0.951492
vn -0.583299 0.000000 0.812258
vn -0.809040 0.000000 0.587753
vn -0.951061 0.000000 0.309004
vn -1.000000 0.000000 -0.000692
vn -0.950448 0.000000 -0.310883
vn -0.807144 0.000000 -0.590355
vn -0.588172 0.000000 -0.808736
vn 0.000000 0.000000 1.000000
vn -0.307674 0.000000 0.951492
vn -0.583299 0.000000 0.812258
vn -0.809040 0.000000 0.587753
vn -0.951061 0.000000 0.309004
vn -1.000000 0.000000 -0.000692
vn -0.950448 0.000000 -0.310883
vn -0.807144 0.000000 -0.590355
vn -0.588172 0.000000 -0.808736
vn -0.307674 0.000000 0.951492
vn -0.148298 0.000000 0.988943
vn -0.148298 0.000000 0.988943
vn -0.583299 0.000000 0.812258
vn -0.446407 0.000000 0.894830
vn -0.446407 0.000000 0.894830
vn -0.951061 0.000000 0.309004
vn -0.890577 0.000000 0.454833
vn -0.809040 0.000000 0.587753
vn -0.890577 0.000000 0.454833
vn -1.000000 0.000000 -0.000692
vn -0.987896 0.000000 0.155115
vn -0.987896 0.000000 0.155115
vn -0.807144 0.000000 -0.590355
vn -0.887455 0.000000 -0.460894
vn -0.950448 0.000000 -0.310883
vn -0.887455 0.000000 -0.460894
vn -0.700872 0.000000 -0.713287
vn -0.700872 0.000000 -0.713287
vn -0.807144 0.000000 -0.590355
vn -0.700872 0.000000 -0.713287
vn -0.950448 0.000000 -0.310883
vn -0.887455 0.000000 -0.460894
vn -1.000000 0.000000 -0.000692
vn -0.951061 0.000000 0.309004
vn -0.987896 0.000000 0.155115
vn -0.809040 0.000000 0.587753
vn -0.890577 0.000000 0.454833
vn -0.583299 0.000000 0.812258
vn -0.307674 0.000000 0.951492
vn -0.446407 0.000000 0.894830
vn -0.148298 0.000000 0.988943
vn 0.000000 0.000000 1.000000
vn 0.345834 0.000000 0.938296
vn 0.672107 0.000000 0.740454
vn 0.892836 0.000000 0.450383
vn 0.995015 0.000000 0.099722
vn 0.964368 0.000000 -0.264564
vn 0.808736 0.000000 -0.588172
vn 0.000000 0.000000 1.000000
vn 0.345834 0.000000 0.938296
vn 0.964368 0.000000 -0.264564
vn 0.808736 0.000000 -0.588172
vn 0.000000 0.000000 1.000000
vn 0.345834 0.000000 0.938296
vn 0.672107 0.000000 0.740454
vn 0.892836 0.000000 0.450383
vn 0.995015 0.000000 0.099722
vn 0.964368 0.000000 -0.264564
vn 0.808736 0.000000 -0.588172
vn 0.345834 0.000000 0.938296
vn 0.167969 0.000000 0.985792
vn 0.167969 0.000000 0.985792
vn 0.897652 0.000000 -0.440705
vn 0.964368 0.000000 -0.264564
vn 0.897652 0.000000 -0.440705
vn 0.964368 0.000000 -0.264564
vn 0.897652 0.000000 -0.440705
vn 0.345834 0.000000 0.938296
vn 0.167969 0.000000 0.985792
vn 0.892836 0.000000 0.450383
vn 0.995015 0.000000 0.099722
vn 0.808736 0.000000 -0.588172
vn 0.524647 0.000000 -0.851320
vn 0.145666 0.000000 -0.989334
vn -0.254014 0.000000 -0.967200
vn -0.588172 0.000000 -0.808736
vn 0.808736 0.000000 -0.588172
vn -0.588172 0.000000 -0.808736
vn 0.808736 0.000000 -0.588172
vn 0.524647 0.000000 -0.851320
vn 0.145666 0.000000 -0.989334
vn -0.254014 0.000000 -0.967200
vn -0.588172 0.000000 -0.808736
vn 0.145666 0.000000 -0.989334
vn -0.254014 0.000000 -0.967200
vn -0.588172 0.000000 -0.808736
vn -0.851320 0.000000 -0.524647
vn -0.989334 0.000000 -0.145666
vn -0.967200 0.000000 0.254014
vn -0.808736 0.000000 0.588172
vn -0.588172 0.000000 -0.808736
vn -0.808736 0.000000 0.588172
vn -0.588172 0.000000 -0.808736
vn -0.851320 0.000000 -0.524647
vn -0.989334 0.000000 -0.145666
vn -0.967200 0.000000 0.254014
vn -0.808736 0.000000 0.588172
vn -0.989334 0.000000 -0.145666
vn -0.967200 0.000000 0.254014
vn -0.588172 0.000000 -0.808736
vn -0.588172 0.000000 -0.808736
vn -0.705359 0.000000 -0.708850
vn -0.705359 0.000000 -0.708850
vn -0.670532 0.000000 -0.741881
vn -0.657655 0.000000 -0.753319
vn -0.670532 0.000000 -0.741881
vn 1.000000 0.000000 0.000000
vn 1.000000 0.000000 0.000000
vn 0.898599 0.000000 0.438770
vn 0.898599 0.000000 0.438770
vn 0.588172 0.000000 0.808736
vn 0.588172 0.000000 0.808736
vn 0.588172 0.000000 0.808736
vn 0.588172 0.000000 0.808736
vn 0.588172 0.000000 0.808736
vn 0.588172 0.000000 0.808736
vn 0.588172 0.000000 0.808736
vn 0.588172 0.000000 0.808736
vn 0.314646 0.000000 0.949209
vn 0.314646 0.000000 0.949209
vn 0.000000 0.000000 1.000000
vn 0.000000 0.000000 1.000000
vn 0.000000 0.000000 1.000000
vn 0.000000 0.000000 1.000000
vn 0.000000 0.000000 1.000000
vn 0.159135 0.000000 0.987257
vn 0.079579 0.000000 0.996829
vn 0.159135 0.000000 0.987257
vn 0.079579 0.000000 0.996829
vn 0.159135 0.000000 0.987257
vn 0.079579 0.000000 0.996829
vn -1.000000 0.000000 0.000000
vn -1.000000 0.000000 0.000000
vn -1.000000 0.000000 0.000000
vn -1.000000 0.000000 0.000000
vn -0.925023 0.379910 0.000000
vn -0.925023 0.379910 0.000000
vn -0.925023 0.379910 0.000000
vn -0.699704 0.714433 0.000000
vn -0.699704 0.714433 0.000000
vn -0.699704 0.714433 0.000000
vn -0.363449 0.931614 0.000000
vn -0.363449 0.931614 0.000000
vn -0.363449 0.931614 0.000000
vn 0.000000 1.000000 0.000000
vn 0.000000 1.000000 0.000000
vn 0.000000 1.000000 0.000000
vn 0.000000 1.000000 0.000000
vn 0.379910 0.925023 0.000000
vn 0.379910 0.925023 0.000000
vn 0.379910 0.925023 0.000000
vn 0.714433 0.699704 0.000000
vn 0.714433 0.699704 0.000000
vn 0.714433 0.699704 0.000000
vn 0.931614 0.363449 0.000000
vn 0.931614 0.363449 0.000000
vn 0.931614 0.363449 0.000000
vn 1.000000 0.000000 0.000000
vn 1.000000 0.000000 0.000000
vn 1.000000 0.000000 0.000000
vn 1.000000 0.000000 0.000000
vn 0.925023 -0.379910 0.000000
vn 0.925023 -0.379910 0.000000
vn 0.925023 -0.379910 0.000000
vn 0.699704 -0.714433 0.000000
vn 0.699704 -0.714433 0.000000
vn 0.699704 -0.714433 0.000000
vn 0.363449 -0.931614 0.000000
vn 0.363449 -0.931614 0.000000
vn 0.363449 -0.931614 0.000000
vn 0.000000 -1.000000 0.000000
vn 0.000000 -1.000000 0.000000
vn 0.000000 -1.000000 0.000000
vn 0.000000 -1.000000 0.000000
vn -0.379910 -0.925023 0.000000
vn -0.379910 -0.925023 0.000000
vn -0.379910 -0.925023 0.000000
vn -0.714433 -0.699704 0.000000
vn -0.714433 -0.699704 0.000000
vn -0.714433 -0.699704 0.000000
vn -0.931614 -0.363449 0.000000
vn -0.931614 -0.363449 0.000000
vn -0.931614 -0.363449 0.000000
vn -1.000000 0.000000 0.000000
vn -1.000000 0.000000 0.000000
vn -1.000000 0.000000 0.000000
vn -1.000000 0.000000 0.000000
vn -0.929788 0.368095 0.000000
vn -0.707107 0.707107 0.000000
vn -0.368095 0.929788 0.000000
vn 0.368095 0.929788 0.000000
vn 0.707107 0.707107 0.000000
vn 0.929788 0.368095 0.000000
vn 0.929788 -0.368095 0.000000
vn 0.707107 -0.707107 0.000000
vn 0.368095 -0.929788 0.000000
vn -0.368095 -0.929788 0.000000
vn -0.707107 -0.707107 0.000000
vn -0.929788 -0.368095 0.000000
vn -0.925023 0.379910 0.000000
vn -0.982185 0.187915 0.000000
vn -1.000000 0.000000 0.000000
vn -0.982185 0.187915 0.000000
vn -0.699704 0.714433 0.000000
vn -0.830523 0.556985 0.000000
vn -0.830523 0.556985 0.000000
vn -0.363449 0.931614 0.000000
vn -0.540727 0.841198 0.000000
vn -0.540727 0.841198 0.000000
vn 0.000000 1.000000 0.000000
vn -0.179628 0.983735 0.000000
vn -0.179628 0.983735 0.000000
vn 0.379910 0.925023 0.000000
vn 0.187915 0.982185 0.000000
vn 0.187915 0.982185 0.000000
vn 0.714433 0.699704 0.000000
vn 0.556985 0.830523 0.000000
vn 0.556985 0.830523 0.000000
vn 0.931614 0.363449 0.000000
vn 0.841198 0.540727 0.000000
vn 0.841198 0.540727 0.000000
vn 0.925023 -0.379910 0.000000
vn 0.982185 -0.187915 0.000000
vn 1.000000 0.000000 0.000000
vn 0.982185 -0.187915 0.000000
vn 0.699704 -0.714433 0.000000
vn 0.830523 -0.556985 0.000000
vn 0.830523 -0.556985 0.000000
vn 0.363449 -0.931614 0.000000
vn 0.540727 -0.841198 0.000000
vn 0.540727 -0.841198 0.000000
vn -0.379910 -0.925023 0.000000
vn -0.187915 -0.982185 0.000000
vn 0.000000 -1.000000 0.000000
vn -0.187915 -0.982185 0.000000
vn -0.714433 -0.699704 0.000000
vn -0.556985 -0.830523 0.000000
vn -0.556985 -0.830523 0.000000
vn -0.931614 -0.363449 0.000000
vn -0.841198 -0.540727 0.000000
vn -0.841198 -0.540727 0.000000
vn -1.000000 0.000000 0.000000
vn -0.983735 -0.179628 0.000000
vn -0.983735 -0.179628 0.000000
vn -1.000000 0.000000 0.000000
vn -0.931614 -0.363449 0.000000
vn -0.983735 -0.179628 0.000000
vn -0.983735 -0.179628 0.000000
vn -0.714433 -0.699704 0.000000
vn -0.841198 -0.540727 0.000000
vn -0.841198 -0.540727 0.000000
vn -0.379910 -0.925023 0.000000
vn 0.000000 -1.000000 0.000000
vn -0.187915 -0.982185 0.000000
vn -0.187915 -0.982185 0.000000
vn 0.363449 -0.931614 0.000000
vn 0.179628 -0.983735 0.000000
vn 0.179628 -0.983735 0.000000
vn 0.699704 -0.714433 0.000000
vn 0.540727 -0.841198 0.000000
vn 0.540727 -0.841198 0.000000
vn 0.925023 -0.379910 0.000000
vn 1.000000 0.000000 0.000000
vn 0.982185 -0.187915 0.000000
vn 0.982185 -0.187915 0.000000
vn 0.931614 0.363449 0.000000
vn 0.983735 0.179628 0.000000
vn 0.983735 0.179628 0.000000
vn 0.714433 0.699704 0.000000
vn 0.841198 0.540727 0.000000
vn 0.841198 0.540727 0.000000
vn 0.379910 0.925023 0.000000
vn 0.000000 1.000000 0.000000
vn 0.187915 0.982185 0.000000
vn 0.187915 0.982185 0.000000
vn -0.363449 0.931614 0.000000
vn -0.179628 0.983735 0.000000
vn -0.179628 0.983735 0.000000
vn -0.699704 0.714433 0.000000
vn -0.540727 0.841198 0.000000
vn -0.540727 0.841198 0.000000
vn -0.925023 0.379910 0.000000
vn -1.000000 0.000000 0.000000
vn -0.982185 0.187915 0.000000
vn -0.982185 0.187915 0.000000
vn 0.000000 0.000000 -1.000000
vn 0.000000 0.000000 -1.000000
vn 0.000000 0.000000 -1.000000
vn 0.000000 0.000000 -1.000000
vn 0.000000 0.000000 -1.000000
vn 0.000000 0.000000 -1.000000
vn 0.000000 0.000000 -1.000000
vn 0.000000 0.000000 -1.000000
vn 0.000000 0.000000 -1.000000
vn 0.000000 0.000000 -1.000000
vn 0.000000 0.000000 -1.000000
vn 0.000000 0.000000 -1.000000
vn 0.000000 0.000000 -1.000000
vn 0.000000 0.000000 -1.000000
vn 0.000000 0.000000 -1.000000
vn 0.000000 0.000000 -1.000000
vn 0.000000 0.000000 1.000000
vn 0.000000 0.000000 1.000000
vn 0.000000 0.000000 1.000000
vn 0.000000 0.000000 1.000000
vn 0.000000 0.000000 1.000000
vn 0.000000 0.000000 1.000000
vn 0.000000 0.000000 1.000000
vn 0.000000 0.000000 1.000000
vn 0.000000 0.000000 1.000000
vn 0.000000 0.000000 1.000000
vn 0.000000 0.000000 1.000000
vn 0.000000 0.000000 1.000000
vn 0.000000 0.000000 1.000000
vn 0.000000 0.000000 1.000000
vn 0.000000 0.000000 1.000000
vn 0.000000 0.000000 1.000000
vn -0.588172 0.000000 -0.808736
vn -0.588172 0.000000 -0.808736
vn -0.588172 0.000000 -0.808736
vn -0.588172 0.000000 -0.808736
vn -0.588172 0.000000 -0.808736
vn 0.925023 0.379910 0.000000
vn 0.699704 0.714433 0.000000
vn 0.699704 0.714433 0.000000
vn 0.699704 0.714433 0.000000
vn 0.363449 0.931614 0.000000
vn 0.363449 0.931614 0.000000
vn 0.363449 0.931614 0.000000
vn 0.363449 0.931614 0.000000
vn 0.000000 1.000000 0.000000
vn 0.000000 1.000000 0.000000
vn 0.000000 1.000000 0.000000
vn 0.000000 1.000000 0.000000
vn -0.379910 0.925023 0.000000
vn -0.379910 0.925023 0.000000
vn -0.379910 0.925023 0.000000
vn -0.379910 0.925023 0.000000
vn -0.714433 0.699704 0.000000
vn -0.714433 0.699704 0.000000
vn -0.714433 0.699704 0.000000
vn -0.714433 0.699704 0.000000
vn -0.931614 0.363449 0.000000
vn -0.931614 0.363449 0.000000
vn -0.931614 0.363449 0.000000
vn -0.931614 0.363449 0.000000
vn -1.000000 0.000000 0.000000
vn -1.000000 0.000000 0.000000
vn -1.000000 0.000000 0.000000
vn -1.000000 0.000000 0.000000
vn -0.925023 -0.379910 0.000000
vn -0.925023 -0.379910 0.000000
vn -0.925023 -0.379910 0.000000
vn -0.925023 -0.379910 0.000000
vn -0.699704 -0.714433 0.000000
vn -0.699704 -0.714433 0.000000
vn -0.699704 -0.714433 0.000000
vn -0.699704 -0.714433 0.000000
vn -0.363449 -0.931614 0.000000
vn -0.363449 -0.931614 0.000000
vn -0.363449 -0.931614 0.000000
vn -0.363449 -0.931614 0.000000
vn 0.000000 -1.000000 0.000000
vn 0.000000 -1.000000 0.000000
vn 0.000000 -1.000000 0.000000
vn 0.000000 -1.000000 0.000000
vn 0.379910 -0.925023 0.000000
vn 0.379910 -0.925023 0.000000
vn 0.379910 -0.925023 0.000000
vn 0.379910 -0.925023 0.000000
vn 0.714433 -0.699704 0.000000
vn 0.714433 -0.699704 0.000000
vn 0.714433 -0.699704 0.000000
vn 0.931614 -0.363449 0.000000
vn 1.000000 0.000000 0.000000
vn 0.964008 0.265874 0.000000
vn 0.866025 0.500000 0.000000
vn 0.982185 0.187915 0.000000
vn 0.925023 0.379910 0.000000
vn 1.000000 0.000000 0.000000
vn 0.982185 0.187915 0.000000
vn 0.983735 -0.179628 0.000000
vn 0.958788 0.284124 0.000000
vn 0.699704 0.714433 0.000000
vn 0.830523 0.556985 0.000000
vn 0.830523 0.556985 0.000000
vn 0.830523 0.556985 0.000000
vn 0.882581 0.470161 0.000000
vn 0.699704 0.714433 0.000000
vn 0.830523 0.556985 0.000000
vn 0.830523 0.556985 0.000000
vn 0.866025 -0.500000 0.000000
vn 0.964008 -0.265874 0.000000
vn 1.000000 0.000000 0.000000
vn 0.841198 -0.540727 0.000000
vn 0.714433 -0.699704 0.000000
vn 0.841198 -0.540727 0.000000
vn 0.891184 -0.453642 0.000000
vn 0.841198 -0.540727 0.000000
vn 0.931614 -0.363449 0.000000
vn 0.714433 -0.699704 0.000000
vn 0.841198 -0.540727 0.000000
vn 0.962399 -0.271639 0.000000
vn 1.000000 0.000000 0.000000
vn 0.983735 -0.179628 0.000000
vn 0.866025 0.500000 0.000000
vn 0.866025 0.500000 0.000000
vn 0.866025 -0.500000 0.000000
vn 0.866025 -0.500000 0.000000
vn 0.000000 1.000000 0.000000
vn 0.179628 0.983735 0.000000
vn 0.363449 0.931614 0.000000
vn 0.179628 0.983735 0.000000
vn -0.379910 0.925023 0.000000
vn -0.187915 0.982185 0.000000
vn -0.187915 0.982185 0.000000
vn -0.931614 0.363449 0.000000
vn -0.841198 0.540727 0.000000
vn -0.714433 0.699704 0.000000
vn -0.841198 0.540727 0.000000
vn -1.000000 0.000000 0.000000
vn -0.983735 0.179628 0.000000
vn -0.983735 0.179628 0.000000
vn -0.925023 -0.379910 0.000000
vn -0.982185 -0.187915 0.000000
vn -0.982185 -0.187915 0.000000
vn -0.363449 -0.931614 0.000000
vn -0.540727 -0.841198 0.000000
vn -0.699704 -0.714433 0.000000
vn -0.540727 -0.841198 0.000000
vn 0.000000 -1.000000 0.000000
vn -0.179628 -0.983735 0.000000
vn -0.179628 -0.983735 0.000000
vn 0.379910 -0.925023 0.000000
vn 0.187915 -0.982185 0.000000
vn 0.187915 -0.982185 0.000000
vn 0.841198 -0.540727 0.000000
vn 0.782049 -0.623217 0.000000
vn 0.714433 -0.699704 0.000000
vn 0.782049 -0.623217 0.000000
vn 0.556985 -0.830523 0.000000
vn 0.556985 -0.830523 0.000000
vn 0.865330 -0.501202 0.000000
vn 0.866025 0.500000 0.000000
vn 0.379910 -0.925023 0.000000
vn 0.000000 -1.000000 0.000000
vn 0.187915 -0.982185 0.000000
vn 0.187915 -0.982185 0.000000
vn -0.363449 -0.931614 0.000000
vn -0.179628 -0.983735 0.000000
vn -0.179628 -0.983735 0.000000
vn -0.699704 -0.714433 0.000000
vn -0.540727 -0.841198 0.000000
vn -0.540727 -0.841198 0.000000
vn -0.925023 -0.379910 0.000000
vn -1.000000 0.000000 0.000000
vn -0.982185 -0.187915 0.000000
vn -0.982185 -0.187915 0.000000
vn -0.931614 0.363449 0.000000
vn -0.983735 0.179628 0.000000
vn -0.983735 0.179628 0.000000
vn -0.714433 0.699704 0.000000
vn -0.841198 0.540727 0.000000
vn -0.841198 0.540727 0.000000
vn -0.379910 0.925023 0.000000
vn 0.000000 1.000000 0.000000
vn -0.187915 0.982185 0.000000
vn -0.187915 0.982185 0.000000
vn 0.363449 0.931614 0.000000
vn 0.179628 0.983735 0.000000
vn 0.179628 0.983735 0.000000
vn 0.699704 0.714433 0.000000
vn 0.830523 0.556985 0.000000
vn 0.699704 0.714433 0.000000
vn 0.830523 0.556985 0.000000
vn 0.769308 0.638879 0.000000
vn 0.769308 0.638879 0.000000
vn 0.540727 0.841198 0.000000
vn 0.540727 0.841198 0.000000
vn 0.866025 0.500000 0.000000
vn 0.961353 0.275319 0.000000
vn 1.000000 0.000000 0.000000
vn 1.000000 0.000000 0.000000
vn 0.961353 -0.275319 0.000000
vn 0.866025 -0.500000 0.000000
vn 0.866025 0.500000 0.000000
vn 0.865678 -0.500601 0.000000
vn 0.000000 0.000000 1.000000
vn 0.000000 0.000000 1.000000
vn 0.000000 0.000000 1.000000
vn 0.000000 0.000000 1.000000
vn 0.000000 0.000000 1.000000
vn 0.000000 0.000000 1.000000
vn -0.808736 0.000000 0.588172
vn -0.808736 0.000000 0.588172
vn -0.808736 0.000000 0.588172
vn -0.808736 0.000000 0.588172
vn -0.808736 0.000000 0.588172
vn -0.808736 0.000000 0.588172
vn -0.808736 0.000000 0.588172
vn -0.808736 0.000000 0.588172
vn 0.808736 0.000000 -0.588172
vn 0.808736 0.000000 -0.588172
vn 0.808736 0.000000 -0.588172
vn 0.808736 0.000000 -0.588172
vn 0.808736 0.000000 -0.588172
vn 0.808736 0.000000 -0.588172
vn -0.588172 0.000000 -0.808736
vn -0.588172 0.000000 -0.808736
vn -0.588172 0.000000 -0.808736
vn -0.588172 0.000000 -0.808736
vn -0.588172 0.000000 -0.808736
vn -0.588172 0.000000 -0.808736
vn 0.000000 1.000000 0.000000
vn 0.000000 1.000000 0.000000
vn 0.000000 1.000000 0.000000
vn 0.000000 1.000000 0.000000
vn 0.000000 1.000000 0.000000
vn 0.000000 1.000000 0.000000
vn 0.000000 1.000000 0.000000
vn 0.000000 1.000000 0.000000
vn 0.000000 1.000000 0.000000
vn 0.000000 1.000000 0.000000
vn 0.000000 1.000000 0.000000
vn 0.000000 1.000000 0.000000
vn 0.000000 1.000000 0.000000
vn 0.000000 1.000000 0.000000
vn 0.000000 1.000000 0.000000
vn 0.000000 1.000000 0.000000
vn 0.000000 1.000000 0.000000
vn 0.000000 1.000000 0.000000
vn 0.000000 1.000000 0.000000
vn 0.000000 1.000000 0.000000
vn 0.000000 1.000000 0.000000
vn 0.000000 1.000000 0.000000
vn 0.000000 1.000000 0.000000
vn 0.000000 1.000000 0.000000
vn 0.000000 1.000000 0.000000
vn 0.000000 1.000000 0.000000
vn 0.000000 1.000000 0.000000
vn 0.000000 1.000000 0.000000
vn 0.000000 1.000000 0.000000
vn 0.000000 1.000000 0.000000
vn 0.000000 1.000000 0.000000
vn 0.000000 1.000000 0.000000
vn 0.000000 1.000000 0.000000
vn 0.000000 1.000000 0.000000
vn 0.000000 1.000000 0.000000
vn 0.000000 1.000000 0.000000
vn 0.000000 1.000000 0.000000
vn 0.000000 1.000000 0.000000
vn 0.000000 1.000000 0.000000
vn 0.000000 1.000000 0.000000
vn 0.000000 1.000000 0.000000
vn 0.000000 1.000000 0.000000
vn 0.000000 -1.000000 0.000000
vn 0.000000 -1.000000 0.000000
vn 0.000000 -1.000000 0.000000
vn 0.000000 -1.000000 0.000000
vn 0.000000 -1.000000 0.000000
vn 0.000000 -1.000000 0.000000
vn 0.000000 -1.000000 0.000000
vn 0.000000 -1.000000 0.000000
vn 0.000000 -1.000000 0.000000
vn 0.000000 -1.000000 0.000000
vn 0.000000 -1.000000 0.000000
vn 0.000000 -1.000000 0.000000
vn 0.000000 -1.000000 0.000000
vn 0.000000 -1.000000 0.000000
vn 0.000000 -1.000000 0.000000
vn 0.000000 -1.000000 0.000000
vn 0.000000 -1.000000 0.000000
vn 0.000000 -1.000000 0.000000
vn 0.000000 -1.000000 0.000000
vn 0.000000 -1.000000 0.000000
vn 0.000000 -1.000000 0.000000
vn 0.000000 -1.000000 0.000000
vn 0.000000 -1.000000 0.000000
vn 0.000000 -1.000000 0.000000
vn 0.000000 -1.000000 0.000000
vn 0.000000 -1.000000 0.000000
vn 0.000000 -1.000000 0.000000
vn 0.000000 -1.000000 0.000000
vn 0.000000 -1.000000 0.000000
vn 0.000000 -1.000000 0.000000
vn 0.000000 -1.000000 0.000000
vn 0.000000 -1.000000 0.000000
vn 0.000000 -1.000000 0.000000
vn 0.000000 -1.000000 0.000000
vn 0.000000 -1.000000 0.000000
vn 0.000000 -1.000000 0.000000
vn 0.000000 -1.000000 0.000000
vn 0.000000 -1.000000 0.000000
vn 0.000000 -1.000000 0.000000
vn 0.000000 -1.000000 0.000000
vn 0.000000 -1.000000 0.000000
vn 0.000000 -1.000000 0.000000
vn 1.000000 0.000000 0.000000
vn 1.000000 0.000000 0.000000
vn 1.000000 0.000000 0.000000
vn 1.000000 0.000000 0.000000
vn 1.000000 0.000000 0.000000
vn 1.000000 0.000000 0.000000
vn 0.925023 0.379910 0.000000
vn 0.925023 0.379910 0.000000
vn 0.925023 0.379910 0.000000
vn 0.925023 0.379910 0.000000
vn 0.925023 0.379910 0.000000
vn 0.699704 0.714433 0.000000
vn 0.699704 0.714433 0.000000
vn 0.699704 0.714433 0.000000
vn 0.699704 0.714433 0.000000
vn 0.699704 0.714433 0.000000
vn 0.363449 0.931614 0.000000
vn 0.363449 0.931614 0.000000
vn 0.363449 0.931614 0.000000
vn 0.363449 0.931614 0.000000
vn 0.363449 0.931614 0.000000
vn 0.000000 1.000000 0.000000
vn 0.000000 1.000000 0.000000
vn 0.000000 1.000000 0.000000
vn 0.000000 1.000000 0.000000
vn 0.000000 1.000000 0.000000
vn 0.000000 1.000000 0.000000
vn -0.379910 0.925023 0.000000
vn -0.379910 0.925023 0.000000
vn -0.379910 0.925023 0.000000
vn -0.379910 0.925023 0.000000
vn -0.379910 0.925023 0.000000
vn -0.714433 0.699704 0.000000
vn -0.714433 0.699704 0.000000
vn -0.714433 0.699704 0.000000
vn -0.714433 0.699704 0.000000
vn -0.714433 0.699704 0.000000
vn -0.931614 0.363449 0.000000
vn -0.931614 0.363449 0.000000
vn -0.931614 0.363449 0.000000
vn -0.931614 0.363449 0.000000
vn -0.931614 0.363449 0.000000
vn -1.000000 0.000000 0.000000
vn -1.000000 0.000000 0.000000
vn -1.000000 0.000000 0.000000
vn -1.000000 0.000000 0.000000
vn -1.000000 0.000000 0.000000
vn -1.000000 0.000000 0.000000
vn -0.925023 -0.379910 0.000000
vn -0.925023 -0.379910 0.000000
vn -0.925023 -0.379910 0.000000
vn -0.925023 -0.379910 0.000000
vn -0.925023 -0.379910 0.000000
vn -0.699704 -0.714433 0.000000
vn -0.699704 -0.714433 0.000000
vn -0.699704 -0.714433 0.000000
vn -0.699704 -0.714433 0.000000
vn -0.699704 -0.714433 0.000000
vn -0.363449 -0.931614 0.000000
vn -0.363449 -0.931614 0.000000
vn -0.363449 -0.931614 0.000000
vn -0.363449 -0.931614 0.000000
vn -0.363449 -0.931614 0.000000
vn 0.000000 -1.000000 0.000000
vn 0.000000 -1.000000 0.000000
vn 0.000000 -1.000000 0.000000
vn 0.000000 -1.000000 0.000000
vn 0.000000 -1.000000 0.000000
vn 0.000000 -1.000000 0.000000
vn 0.379910 -0.925023 0.000000
vn 0.379910 -0.925023 0.000000
vn 0.379910 -0.925023 0.000000
vn 0.379910 -0.925023 0.000000
vn 0.379910 -0.925023 0.000000
vn 0.714433 -0.699704 0.000000
vn 0.714433 -0.699704 0.000000
vn 0.714433 -0.699704 0.000000
vn 0.714433 -0.699704 0.000000
vn 0.714433 -0.699704 0.000000
vn 0.931614 -0.363449 0.000000
vn 0.931614 -0.363449 0.000000
vn 0.931614 -0.363449 0.000000
vn 0.931614 -0.363449 0.000000
vn 0.931614 -0.363449 0.000000
vn 1.000000 0.000000 0.000000
vn 1.000000 0.000000 0.000000
vn 1.000000 0.000000 0.000000
vn 1.000000 0.000000 0.000000
vn 1.000000 0.000000 0.000000
vn 1.000000 0.000000 0.000000
vn 0.929788 0.368095 0.000000
vn 0.707107 0.707107 0.000000
vn 0.368095 0.929788 0.000000
vn -0.368095 0.929788 0.000000
vn -0.707107 0.707107 0.000000
vn -0.929788 0.368095 0.000000
vn -0.929788 -0.368095 0.000000
vn -0.707107 -0.707107 0.000000
vn -0.368095 -0.929788 0.000000
vn 0.368095 -0.929788 0.000000
vn 0.707107 -0.707107 0.000000
vn 0.929788 -0.368095 0.000000
vn 0.925023 0.379910 0.000000
vn 0.982185 0.187915 0.000000
vn 1.000000 0.000000 0.000000
vn 0.982185 0.187915 0.000000
vn 0.699704 0.714433 0.000000
vn 0.830523 0.556985 0.000000
vn 0.830523 0.556985 0.000000
vn 0.363449 0.931614 0.000000
vn 0.540727 0.841198 0.000000
vn 0.540727 0.841198 0.000000
vn 0.000000 1.000000 0.000000
vn 0.179628 0.983735 0.000000
vn 0.179628 0.983735 0.000000
vn -0.379910 0.925023 0.000000
vn -0.187915 0.982185 0.000000
vn -0.187915 0.982185 0.000000
vn -0.714433 0.699704 0.000000
vn -0.556985 0.830523 0.000000
vn -0.556985 0.830523 0.000000
vn -0.931614 0.363449 0.000000
vn -0.841198 0.540727 0.000000
vn -0.841198 0.540727 0.000000
vn -1.000000 0.000000 0.000000
vn -0.983735 0.179628 0.000000
vn -0.983735 0.179628 0.000000
vn -0.925023 -0.379910 0.000000
vn -0.982185 -0.187915 0.000000
vn -0.982185 -0.187915 0.000000
vn -0.699704 -0.714433 0.000000
vn -0.830523 -0.556985 0.000000
vn -0.830523 -0.556985 0.000000
vn -0.363449 -0.931614 0.000000
vn -0.540727 -0.841198 0.000000
vn -0.540727 -0.841198 0.000000
vn 0.379910 -0.925023 0.000000
vn 0.187915 -0.982185 0.000000
vn 0.000000 -1.000000 0.000000
vn 0.187915 -0.982185 0.000000
vn 0.714433 -0.699704 0.000000
vn 0.556985 -0.830523 0.000000
vn 0.556985 -0.830523 0.000000
vn 0.931614 -0.363449 0.000000
vn 0.841198 -0.540727 0.000000
vn 0.841198 -0.540727 0.000000
vn 1.000000 0.000000 0.000000
vn 0.983735 -0.179628 0.000000
vn 0.983735 -0.179628 0.000000
vn 1.000000 0.000000 0.000000
vn 0.931614 -0.363449 0.000000
vn 0.983735 -0.179628 0.000000
vn 0.983735 -0.179628 0.000000
vn 0.714433 -0.699704 0.000000
vn 0.841198 -0.540727 0.000000
vn 0.841198 -0.540727 0.000000
vn 0.379910 -0.925023 0.000000
vn 0.000000 -1.000000 0.000000
vn 0.187915 -0.982185 0.000000
vn 0.187915 -0.982185 0.000000
vn -0.363449 -0.931614 0.000000
vn -0.179628 -0.983735 0.000000
vn -0.179628 -0.983735 0.000000
vn -0.699704 -0.714433 0.000000
vn -0.540727 -0.841198 0.000000
vn -0.540727 -0.841198 0.000000
vn -0.925023 -0.379910 0.000000
vn -1.000000 0.000000 0.000000
vn -0.982185 -0.187915 0.000000
vn -0.982185 -0.187915 0.000000
vn -0.931614 0.363449 0.000000
vn -0.983735 0.179628 0.000000
vn -0.983735 0.179628 0.000000
vn -0.714433 0.699704 0.000000
vn -0.841198 0.540727 0.000000
vn -0.841198 0.540727 0.000000
vn -0.379910 0.925023 0.000000
vn 0.000000 1.000000 0.000000
vn -0.187915 0.982185 0.000000
vn -0.187915 0.982185 0.000000
vn 0.363449 0.931614 0.000000
vn 0.179628 0.983735 0.000000
vn 0.179628 0.983735 0.000000
vn 0.699704 0.714433 0.000000
vn 0.540727 0.841198 0.000000
vn 0.540727 0.841198 0.000000
vn 0.925023 0.379910 0.000000
vn 1.000000 0.000000 0.000000
vn 0.982185 0.187915 0.000000
vn 0.982185 0.187915 0.000000
vn 0.000000 0.000000 1.000000
vn 0.000000 0.000000 1.000000
vn 0.000000 0.000000 1.000000
vn 0.000000 0.000000 1.000000
vn 0.000000 0.000000 1.000000
vn 0.000000 0.000000 1.000000
vn 0.000000 0.000000 1.000000
vn 0.000000 0.000000 1.000000
vn 0.000000 0.000000 1.000000
vn 0.000000 0.000000 1.000000
vn 0.000000 0.000000 1.000000
vn 0.000000 0.000000 1.000000
vn 0.000000 0.000000 1.000000
vn 0.000000 0.000000 1.000000
vn 0.000000 0.000000 1.000000
vn 0.000000 0.000000 1.000000
vn 0.000000 0.000000 -1.000000
vn 0.000000 0.000000 -1.000000
vn 0.000000 0.000000 -1.000000
vn 0.000000 0.000000 -1.000000
vn 0.000000 0.000000 -1.000000
vn 0.000000 0.000000 -1.000000
vn 0.000000 0.000000 -1.000000
vn 0.000000 0.000000 -1.000000
vn 0.000000 0.000000 -1.000000
vn 0.000000 0.000000 -1.000000
vn 0.000000 0.000000 -1.000000
vn 0.000000 0.000000 -1.000000
vn 0.000000 0.000000 -1.000000
vn 0.000000 0.000000 -1.000000
vn 0.000000 0.000000 -1.000000
vn 0.000000 0.000000 -1.000000
vn 0.000000 0.000000 1.000000
vn -0.371391 0.000000 0.928477
vn 0.240578 -0.761831 0.601445
vn 0.301131 -0.953583 0.000000
vn 0.000000 -1.000000 0.000000
vn -0.145308 -0.920283 0.363270
vn -0.320142 -0.506892 0.800356
vn 0.000000 -1.000000 0.000000
vn -0.739940 -0.672673 0.000000
vn -0.702854 -0.423406 -0.571598
vn 0.371391 0.000000 -0.928477
vn -0.383157 0.000000 -0.923683
vn 0.218387 -0.808842 -0.545968
vn 0.351205 -0.325190 -0.878013
vn -0.739940 -0.672673 0.000000
vn -0.739940 -0.672673 0.000000
vn -0.739940 -0.672673 0.000000
vn -0.739940 -0.672673 0.000000
vn -0.739940 -0.672673 0.000000
vn -0.739940 -0.672673 0.000000
vn -0.739940 -0.672673 0.000000
vn 0.000000 -1.000000 0.000000
vn -0.383157 0.000000 0.923683
vn 0.371391 0.000000 0.928477
vn -0.702854 -0.423406 0.571598
vn 0.351205 -0.325190 0.878013
vn 0.218387 -0.808842 0.545968
vn -0.371391 0.000000 -0.928477
vn 0.000000 0.000000 -1.000000
vn 0.240578 -0.761831 -0.601445
vn 0.000000 -1.000000 0.000000
vn 0.301131 -0.953583 0.000000
vn -0.320142 -0.506892 -0.800356
vn -0.145308 -0.920283 -0.363270
vn 0.000000 0.000000 -1.000000
vn -0.371391 0.000000 -0.928477
vn 0.301131 0.953583 0.000000
vn 0.000000 1.000000 0.000000
vn -0.240578 0.761831 -0.601445
vn 0.000000 1.000000 0.000000
vn -0.739940 0.672673 0.000000
vn 0.371391 0.000000 0.928477
vn -0.383157 0.000000 0.923683
vn 0.306004 0.566675 0.765011
vn -0.702854 0.423406 0.571598
vn -0.739940 0.672673 0.000000
vn -0.739940 0.672673 0.000000
vn -0.739940 0.672673 0.000000
vn -0.739940 0.672673 0.000000
vn -0.739940 0.672673 0.000000
vn -0.739940 0.672673 0.000000
vn -0.739940 0.672673 0.000000
vn 0.000000 1.000000 0.000000
vn -0.383157 0.000000 -0.923683
vn 0.371391 0.000000 -0.928477
vn -0.702854 0.423406 -0.571598
vn 0.306004 0.566675 -0.765011
vn -0.371391 0.000000 0.928477
vn 0.000000 0.000000 1.000000
vn 0.000000 1.000000 0.000000
vn 0.301131 0.953583 0.000000
vn -0.240578 0.761831 0.601445
vn 0.000000 0.000000 1.000000
vn 0.307674 0.000000 0.951492
vn 0.583299 0.000000 0.812258
vn 0.809040 0.000000 0.587753
vn 0.951061 0.000000 0.309004
vn 1.000000 0.000000 -0.000692
vn 0.950448 0.000000 -0.310883
vn 0.807144 0.000000 -0.590355
vn 0.588172 0.000000 -0.808736
vn 0.000000 0.000000 1.000000
vn 0.307674 0.000000 0.951492
vn 0.583299 0.000000 0.812258
vn 0.809040 0.000000 0.587753
vn 0.951061 0.000000 0.309004
vn 1.000000 0.000000 -0.000692
vn 0.950448 0.000000 -0.310883
vn 0.807144 0.000000 -0.590355
vn 0.588172 0.000000 -0.808736
vn 0.000000 0.000000 1.000000
vn 0.307674 0.000000 0.951492
vn 0.583299 0.000000 0.812258
vn 0.809040 0.000000 0.587753
vn 0.951061 0.000000 0.309004
vn 1.000000 0.000000 -0.000692
vn 0.950448 0.000000 -0.310883
vn 0.807144 0.000000 -0.590355
vn 0.588172 0.000000 -0.808736
vn 0.307674 0.000000 0.951492
vn 0.148298 0.000000 0.988943
vn 0.148298 0.000000 0.988943
vn 0.583299 0.000000 0.812258
vn 0.446407 0.000000 0.894830
vn 0.446407 0.000000 0.894830
vn 0.951061 0.000000 0.309004
vn 0.890577 0.000000 0.454833
vn 0.809040 0.000000 0.587753
vn 0.890577 0.000000 0.454833
vn 1.000000 0.000000 -0.000692
vn 0.987896 0.000000 0.155115
vn 0.987896 0.000000 0.155115
vn 0.807144 0.000000 -0.590355
vn 0.887455 0.000000 -0.460894
vn 0.950448 0.000000 -0.310883
vn 0.887455 0.000000 -0.460894
vn 0.700872 0.000000 -0.713287
vn 0.700872 0.000000 -0.713287
vn 0.807144 0.000000 -0.590355
vn 0.700872 0.000000 -0.713287
vn 0.950448 0.000000 -0.310883
vn 0.887455 0.000000 -0.460894
vn 1.000000 0.000000 -0.000692
vn 0.951061 0.000000 0.309004
vn 0.987896 0.000000 0.155115
vn 0.809040 0.000000 0.587753
vn 0.890577 0.000000 0.454833
vn 0.583299 0.000000 0.812258
vn 0.307674 0.000000 0.951492
vn 0.446407 0.000000 0.894830
vn 0.148298 0.000000 0.988943
vn 0.000000 0.000000 1.000000
vn -0.345834 0.000000 0.938296
vn -0.672107 0.000000 0.740454
vn -0.892836 0.000000 0.450383
vn -0.995015 0.000000 0.099722
vn -0.964368 0.000000 -0.264564
vn -0.808736 0.000000 -0.588172
vn 0.000000 0.000000 1.000000
vn -0.345834 0.000000 0.938296
vn -0.964368 0.000000 -0.264564
vn -0.808736 0.000000 -0.588172
vn 0.000000 0.000000 1.000000
vn -0.345834 0.000000 0.938296
vn -0.672107 0.000000 0.740454
vn -0.892836 0.000000 0.450383
vn -0.995015 0.000000 0.099722
vn -0.964368 0.000000 -0.264564
vn -0.808736 0.000000 -0.588172
vn -0.345834 0.000000 0.938296
vn -0.167969 0.000000 0.985792
vn -0.167969 0.000000 0.985792
vn -0.897652 0.000000 -0.440705
vn -0.964368 0.000000 -0.264564
vn -0.897652 0.000000 -0.440705
vn -0.964368 0.000000 -0.264564
vn -0.897652 0.000000 -0.440705
vn -0.345834 0.000000 0.938296
vn -0.167969 0.000000 0.985792
vn -0.892836 0.000000 0.450383
vn -0.995015 0.000000 0.099722
vn -0.808736 0.000000 -0.588172
vn -0.524647 0.000000 -0.851320
vn -0.145666 0.000000 -0.989334
vn 0.254014 0.000000 -0.967200
vn 0.588172 0.000000 -0.808736
vn -0.808736 0.000000 -0.588172
vn 0.588172 0.000000 -0.808736
vn -0.808736 0.000000 -0.588172
vn -0.524647 0.000000 -0.851320
vn -0.145666 0.000000 -0.989334
vn 0.254014 0.000000 -0.967200
vn 0.588172 0.000000 -0.808736
vn -0.145666 0.000000 -0.989334
vn 0.254014 0.000000 -0.967200
vn 0.588172 0.000000 -0.808736
vn 0.851320 0.000000 -0.524647
vn 0.989334 0.000000 -0.145666
vn 0.967200 0.000000 0.254014
vn 0.808736 0.000000 0.588172
vn 0.588172 0.000000 -0.808736
vn 0.808736 0.000000 0.588172
vn 0.588172 0.000000 -0.808736
vn 0.851320 0.000000 -0.524647
vn 0.989334 0.000000 -0.145666
vn 0.967200 0.000000 0.254014
vn 0.808736 0.000000 0.588172
vn 0.989334 0.000000 -0.145666
vn 0.967200 0.000000 0.254014
vn 0.588172 0.000000 -0.808736
vn 0.588172 0.000000 -0.808736
vn 0.705359 0.000000 -0.708850
vn 0.705359 0.000000 -0.708850
vn 0.670532 0.000000 -0.741881
vn 0.657655 0.000000 -0.753319
vn 0.670532 0.000000 -0.741881
vn -1.000000 0.000000 0.000000
vn -1.000000 0.000000 0.000000
vn -0.898599 0.000000 0.438770
vn -0.898599 0.000000 0.438770
vn -0.588172 0.000000 0.808736
vn -0.588172 0.000000 0.808736
vn -0.588172 0.000000 0.808736
vn -0.588172 0.000000 0.808736
vn -0.588172 0.000000 0.808736
vn -0.588172 0.000000 0.808736
vn -0.588172 0.000000 0.808736
vn -0.588172 0.000000 0.808736
vn -0.314646 0.000000 0.949209
vn -0.314646 0.000000 0.949209
vn 0.000000 0.000000 1.000000
vn 0.000000 0.000000 1.000000
vn 0.000000 0.000000 1.000000
vn 0.000000 0.000000 1.000000
vn 0.000000 0.000000 1.000000
vn -0.159135 0.000000 0.987257
vn -0.079579 0.000000 0.996829
vn -0.159135 0.000000 0.987257
vn -0.079579 0.000000 0.996829
vn -0.159135 0.000000 0.987257
vn -0.079579 0.000000 0.996829
vn 1.000000 0.000000 0.000000
vn 1.000000 0.000000 0.000000
vn 1.000000 0.000000 0.000000
vn 1.000000 0.000000 0.000000
vn 0.925023 0.379910 0.000000
vn 0.925023 0.379910 0.000000
vn 0.925023 0.379910 0.000000
vn 0.699704 0.714433 0.000000
vn 0.699704 0.714433 0.000000
vn 0.699704 0.714433 0.000000
vn 0.363449 0.931614 0.000000
vn 0.363449 0.931614 0.000000
vn 0.363449 0.931614 0.000000
vn 0.000000 1.000000 0.000000
vn 0.000000 1.000000 0.000000
vn 0.000000 1.000000 0.000000
vn 0.000000 1.000000 0.000000
vn -0.379910 0.925023 0.000000
vn -0.379910 0.925023 0.000000
vn -0.379910 0.925023 0.000000
vn -0.714433 0.699704 0.000000
vn -0.714433 0.699704 0.000000
vn -0.714433 0.699704 0.000000
vn -0.931614 0.363449 0.000000
vn -0.931614 0.363449 0.000000
vn -0.931614 0.363449 0.000000
vn -1.000000 0.000000 0.000000
vn -1.000000 0.000000 0.000000
vn -1.000000 0.000000 0.000000
vn -1.000000 0.000000 0.000000
vn -0.925023 -0.379910 0.000000
vn -0.925023 -0.379910 0.000000
vn -0.925023 -0.379910 0.000000
vn -0.699704 -0.714433 0.000000
vn -0.699704 -0.714433 0.000000
vn -0.699704 -0.714433 0.000000
vn -0.363449 -0.931614 0.000000
vn -0.363449 -0.931614 0.000000
vn -0.363449 -0.931614 0.000000
vn 0.000000 -1.000000 0.000000
vn 0.000000 -1.000000 0.000000
vn 0.000000 -1.000000 0.000000
vn 0.000000 -1.000000 0.000000
vn 0.379910 -0.925023 0.000000
vn 0.379910 -0.925023 0.000000
vn 0.379910 -0.925023 0.000000
vn 0.714433 -0.699704 0.000000
vn 0.714433 -0.699704 0.000000
vn 0.714433 -0.699704 0.000000
vn 0.931614 -0.363449 0.000000
vn 0.931614 -0.363449 0.000000
vn 0.931614 -0.363449 0.000000
vn 1.000000 0.000000 0.000000
vn 1.000000 0.000000 0.000000
vn 1.000000 0.000000 0.000000
vn 1.000000 0.000000 0.000000
vn 0.929788 0.368095 0.000000
vn 0.707107 0.707107 0.000000
vn 0.368095 0.929788 0.000000
vn -0.368095 0.929788 0.000000
vn -0.707107 0.707107 0.000000
vn -0.929788 0.368095 0.000000
vn -0.929788 -0.368095 0.000000
vn -0.707107 -0.707107 0.000000
vn -0.368095 -0.929788 0.000000
vn 0.368095 -0.929788 0.000000
vn 0.707107 -0.707107 0.000000
vn 0.929788 -0.368095 0.000000
vn 0.925023 0.379910 0.000000
vn 0.982185 0.187915 0.000000
vn 1.000000 0.000000 0.000000
vn 0.982185 0.187915 0.000000
vn 0.699704 0.714433 0.000000
vn 0.830523 0.556985 0.000000
vn 0.830523 0.556985 0.000000
vn 0.363449 0.931614 0.000000
vn 0.540727 0.841198 0.000000
vn 0.540727 0.841198 0.000000
vn -0.379910 0.925023 0.000000
vn -0.187915 0.982185 0.000000
vn 0.000000 1.000000 0.000000
vn -0.187915 0.982185 0.000000
vn -0.714433 0.699704 0.000000
vn -0.556985 0.830523 0.000000
vn -0.556985 0.830523 0.000000
vn -0.931614 0.363449 0.000000
vn -0.841198 0.540727 0.000000
vn -0.841198 0.540727 0.000000
vn -0.925023 -0.379910 0.000000
vn -0.982185 -0.187915 0.000000
vn -1.000000 0.000000 0.000000
vn -0.982185 -0.187915 0.000000
vn -0.699704 -0.714433 0.000000
vn -0.830523 -0.556985 0.000000
vn -0.830523 -0.556985 0.000000
vn -0.363449 -0.931614 0.000000
vn -0.540727 -0.841198 0.000000
vn -0.540727 -0.841198 0.000000
vn 0.000000 -1.000000 0.000000
vn -0.179628 -0.983735 0.000000
vn -0.179628 -0.983735 0.000000
vn 0.379910 -0.925023 0.000000
vn 0.187915 -0.982185 0.000000
vn 0.187915 -0.982185 0.000000
vn 0.714433 -0.699704 0.000000
vn 0.556985 -0.830523 0.000000
vn 0.556985 -0.830523 0.000000
vn 0.931614 -0.363449 0.000000
vn 0.841198 -0.540727 0.000000
vn 0.841198 -0.540727 0.000000
vn 1.000000 0.000000 0.000000
vn 0.983735 -0.179628 0.000000
vn 0.983735 -0.179628 0.000000
vn 1.000000 0.000000 0.000000
vn 0.931614 -0.363449 0.000000
vn 0.983735 -0.179628 0.000000
vn 0.983735 -0.179628 0.000000
vn 0.714433 -0.699704 0.000000
vn 0.841198 -0.540727 0.000000
vn 0.841198 -0.540727 0.000000
vn 0.379910 -0.925023 0.000000
vn 0.000000 -1.000000 0.000000
vn 0.187915 -0.982185 0.000000
vn 0.187915 -0.982185 0.000000
vn -0.363449 -0.931614 0.000000
vn -0.179628 -0.983735 0.000000
vn -0.179628 -0.983735 0.000000
vn -0.699704 -0.714433 0.000000
vn -0.540727 -0.841198 0.000000
vn -0.540727 -0.841198 0.000000
vn -0.925023 -0.379910 0.000000
vn -1.000000 0.000000 0.000000
vn -0.982185 -0.187915 0.000000
vn -0.982185 -0.187915 0.000000
vn -0.931614 0.363449 0.000000
vn -0.983735 0.179628 0.000000
vn -0.983735 0.179628 0.000000
vn -0.714433 0.699704 0.000000
vn -0.841198 0.540727 0.000000
vn -0.841198 0.540727 0.000000
vn -0.379910 0.925023 0.000000
vn 0.000000 1.000000 0.000000
vn -0.187915 0.982185 0.000000
vn -0.187915 0.982185 0.000000
vn 0.363449 0.931614 0.000000
vn 0.179628 0.983735 0.000000
vn 0.179628 0.983735 0.000000
vn 0.699704 0.714433 0.000000
vn 0.540727 0.841198 0.000000
vn 0.540727 0.841198 0.000000
vn 0.925023 0.379910 0.000000
vn 1.000000 0.000000 0.000000
vn 0.982185 0.187915 0.000000
vn 0.982185 0.187915 0.000000
vn 0.000000 0.000000 -1.000000
vn 0.000000 0.000000 -1.000000
vn 0.000000 0.000000 -1.000000
vn 0.000000 0.000000 -1.000000
vn 0.000000 0.000000 -1.000000
vn 0.000000 0.000000 -1.000000
vn 0.000000 0.000000 -1.000000
vn 0.000000 0.000000 -1.000000
vn 0.000000 0.000000 -1.000000
vn 0.000000 0.000000 -1.000000
vn 0.000000 0.000000 -1.000000
vn 0.000000 0.000000 -1.000000
vn 0.000000 0.000000 -1.000000
vn 0.000000 0.000000 -1.000000
vn 0.000000 0.000000 -1.000000
vn 0.000000 0.000000 -1.000000
vn 0.000000 0.000000 1.000000
vn 0.000000 0.000000 1.000000
vn 0.000000 0.000000 1.000000
vn 0.000000 0.000000 1.000000
vn 0.000000 0.000000 1.000000
vn 0.000000 0.000000 1.000000
vn 0.000000 0.000000 1.000000
vn 0.000000 0.000000 1.000000
vn 0.000000 0.000000 1.000000
vn 0.000000 0.000000 1.000000
vn 0.000000 0.000000 1.000000
vn 0.000000 0.000000 1.000000
vn 0.000000 0.000000 1.000000
vn 0.000000 0.000000 1.000000
vn 0.000000 0.000000 1.000000
vn 0.000000 0.000000 1.000000
vn 0.588172 0.000000 -0.808736
vn 0.588172 0.000000 -0.808736
vn 0.588172 0.000000 -0.808736
vn 0.588172 0.000000 -0.808736
vn 0.588172 0.000000 -0.808736
vn -0.925023 0.379910 0.000000
vn -0.699704 0.714433 0.000000
vn -0.699704 0.714433 0.000000
vn -0.699704 0.714433 0.000000
vn -0.363449 0.931614 0.000000
vn -0.363449 0.931614 0.000000
vn -0.363449 0.931614 0.000000
vn -0.363449 0.931614 0.000000
vn 0.000000 1.000000 0.000000
vn 0.000000 1.000000 0.000000
vn 0.000000 1.000000 0.000000
vn 0.000000 1.000000 0.000000
vn 0.379910 0.925023 0.000000
vn 0.379910 0.925023 0.000000
vn 0.379910 0.925023 0.000000
vn 0.379910 0.925023 0.000000
vn 0.714433 0.699704 0.000000
vn 0.714433 0.699704 0.000000
vn 0.714433 0.699704 0.000000
vn 0.714433 0.699704 0.000000
vn 0.931614 0.363449 0.000000
vn 0.931614 0.363449 0.000000
vn 0.931614 0.363449 0.000000
vn 0.931614 0.363449 0.000000
vn 1.000000 0.000000 0.000000
vn 1.000000 0.000000 0.000000
vn 1.000000 0.000000 0.000000
vn 1.000000 0.000000 0.000000
vn 0.925023 -0.379910 0.000000
vn 0.925023 -0.379910 0.000000
vn 0.925023 -0.379910 0.000000
vn 0.925023 -0.379910 0.000000
vn 0.699704 -0.714433 0.000000
vn 0.699704 -0.714433 0.000000
vn 0.699704 -0.714433 0.000000
vn 0.699704 -0.714433 0.000000
vn 0.363449 -0.931614 0.000000
vn 0.363449 -0.931614 0.000000
vn 0.363449 -0.931614 0.000000
vn 0.363449 -0.931614 0.000000
vn 0.000000 -1.000000 0.000000
vn 0.000000 -1.000000 0.000000
vn 0.000000 -1.000000 0.000000
vn 0.000000 -1.000000 0.000000
vn -0.379910 -0.925023 0.000000
vn -0.379910 -0.925023 0.000000
vn -0.379910 -0.925023 0.000000
vn -0.379910 -0.925023 0.000000
vn -0.714433 -0.699704 0.000000
vn -0.714433 -0.699704 0.000000
vn -0.714433 -0.699704 0.000000
vn -0.931614 -0.363449 0.000000
vn -1.000000 0.000000 0.000000
vn -0.964008 0.265874 0.000000
vn -0.866025 0.500000 0.000000
vn -0.982185 0.187915 0.000000
vn -0.925023 0.379910 0.000000
vn -1.000000 0.000000 0.000000
vn -0.982185 0.187915 0.000000
vn -0.983735 -0.179628 0.000000
vn -0.958788 0.284124 0.000000
vn -0.699704 0.714433 0.000000
vn -0.830523 0.556985 0.000000
vn -0.830523 0.556985 0.000000
vn -0.830523 0.556985 0.000000
vn -0.882581 0.470161 0.000000
vn -0.699704 0.714433 0.000000
vn -0.830523 0.556985 0.000000
vn -0.830523 0.556985 0.000000
vn -0.866025 -0.500000 0.000000
vn -0.964008 -0.265874 0.000000
vn -1.000000 0.000000 0.000000
vn -0.841198 -0.540727 0.000000
vn -0.714433 -0.699704 0.000000
vn -0.841198 -0.540727 0.000000
vn -0.891184 -0.453642 0.000000
vn -0.841198 -0.540727 0.000000
vn -0.931614 -0.363449 0.000000
vn -0.714433 -0.699704 0.000000
vn -0.841198 -0.540727 0.000000
vn -0.962399 -0.271639 0.000000
vn -1.000000 0.000000 0.000000
vn -0.983735 -0.179628 0.000000
vn -0.866025 0.500000 0.000000
vn -0.866025 0.500000 0.000000
vn -0.866025 -0.500000 0.000000
vn -0.866025 -0.500000 0.000000
vn 0.000000 1.000000 0.000000
vn -0.179628 0.983735 0.000000
vn -0.363449 0.931614 0.000000
vn -0.179628 0.983735 0.000000
vn 0.379910 0.925023 0.000000
vn 0.187915 0.982185 0.000000
vn 0.187915 0.982185 0.000000
vn 0.931614 0.363449 0.000000
vn 0.841198 0.540727 0.000000
vn 0.714433 0.699704 0.000000
vn 0.841198 0.540727 0.000000
vn 1.000000 0.000000 0.000000
vn 0.983735 0.179628 0.000000
vn 0.983735 0.179628 0.000000
vn 0.925023 -0.379910 0.000000
vn 0.982185 -0.187915 0.000000
vn 0.982185 -0.187915 0.000000
vn 0.363449 -0.931614 0.000000
vn 0.540727 -0.841198 0.000000
vn 0.699704 -0.714433 0.000000
vn 0.540727 -0.841198 0.000000
vn 0.000000 -1.000000 0.000000
vn 0.179628 -0.983735 0.000000
vn 0.179628 -0.983735 0.000000
vn -0.379910 -0.925023 0.000000
vn -0.187915 -0.982185 0.000000
vn -0.187915 -0.982185 0.000000
vn -0.841198 -0.540727 0.000000
vn -0.782049 -0.623217 0.000000
vn -0.714433 -0.699704 0.000000
vn -0.782049 -0.623217 0.000000
vn -0.556985 -0.830523 0.000000
vn -0.556985 -0.830523 0.000000
vn -0.865330 -0.501202 0.000000
vn -0.866025 0.500000 0.000000
vn -0.379910 -0.925023 0.000000
vn 0.000000 -1.000000 0.000000
vn -0.187915 -0.982185 0.000000
vn -0.187915 -0.982185 0.000000
vn 0.363449 -0.931614 0.000000
vn 0.179628 -0.983735 0.000000
vn 0.179628 -0.983735 0.000000
vn 0.699704 -0.714433 0.000000
vn 0.540727 -0.841198 0.000000
vn 0.540727 -0.841198 0.000000
vn 0.925023 -0.379910 0.000000
vn 1.000000 0.000000 0.000000
vn 0.982185 -0.187915 0.000000
vn 0.982185 -0.187915 0.000000
vn 0.931614 0.363449 0.000000
vn 0.983735 0.179628 0.000000
vn 0.983735 0.179628 0.000000
vn 0.714433 0.699704 0.000000
vn 0.841198 0.540727 0.000000
vn 0.841198 0.540727 0.000000
vn 0.379910 0.925023 0.000000
vn 0.000000 1.000000 0.000000
vn 0.187915 0.982185 0.000000
vn 0.187915 0.982185 0.000000
vn -0.363449 0.931614 0.000000
vn -0.179628 0.983735 0.000000
vn -0.179628 0.983735 0.000000
vn -0.699704 0.714433 0.000000
vn -0.830523 0.556985 0.000000
vn -0.699704 0.714433 0.000000
vn -0.830523 0.556985 0.000000
vn -0.769308 0.638879 0.000000
vn -0.769308 0.638879 0.000000
vn -0.540727 0.841198 0.000000
vn -0.540727 0.841198 0.000000
vn -0.866025 0.500000 0.000000
vn -0.961353 0.275319 0.000000
vn -1.000000 0.000000 0.000000
vn -1.000000 0.000000 0.000000
vn -0.961353 -0.275319 0.000000
vn -0.866025 -0.500000 0.000000
vn -0.866025 0.500000 0.000000
vn -0.865678 -0.500601 0.000000
vn 0.000000 0.000000 1.000000
vn 0.000000 0.000000 1.000000
vn 0.000000 0.000000 1.000000
vn 0.000000 0.000000 1.000000
vn 0.000000 0.000000 1.000000
vn 0.000000 0.000000 1.000000
vn 0.808736 0.000000 0.588172
vn 0.808736 0.000000 0.588172
vn 0.808736 0.000000 0.588172
vn 0.808736 0.000000 0.588172
vn 0.808736 0.000000 0.588172
vn 0.808736 0.000000 0.588172
vn 0.808736 0.000000 0.588172
vn 0.808736 0.000000 0.588172
vn -0.808736 0.000000 -0.588172
vn -0.808736 0.000000 -0.588172
vn -0.808736 0.000000 -0.588172
vn -0.808736 0.000000 -0.588172
vn -0.808736 0.000000 -0.588172
vn -0.808736 0.000000 -0.588172
vn 0.588172 0.000000 -0.808736
vn 0.588172 0.000000 -0.808736
vn 0.588172 0.000000 -0.808736
vn 0.588172 0.000000 -0.808736
vn 0.588172 0.000000 -0.808736
vn 0.588172 0.000000 -0.808736
vn 0.000000 1.000000 0.000000
vn 0.000000 1.000000 0.000000
vn 0.000000 1.000000 0.000000
vn 0.000000 1.000000 0.000000
vn 0.000000 1.000000 0.000000
vn 0.000000 1.000000 0.000000
vn 0.000000 1.000000 0.000000
vn 0.000000 1.000000 0.000000
vn 0.000000 1.000000 0.000000
vn 0.000000 1.000000 0.000000
vn 0.000000 1.000000 0.000000
vn 0.000000 1.000000 0.000000
vn 0.000000 1.000000 0.000000
vn 0.000000 1.000000 0.000000
vn 0.000000 1.000000 0.000000
vn 0.000000 1.000000 0.000000
vn 0.000000 1.000000 0.000000
vn 0.000000 1.000000 0.000000
vn 0.000000 1.000000 0.000000
vn 0.000000 1.000000 0.000000
vn 0.000000 1.000000 0.000000
vn 0.000000 1.000000 0.000000
vn 0.000000 1.000000 0.000000
vn 0.000000 1.000000 0.000000
vn 0.000000 1.000000 0.000000
vn 0.000000 1.000000 0.000000
vn 0.000000 1.000000 0.000000
vn 0.000000 1.000000 0.000000
vn 0.000000 1.000000 0.000000
vn 0.000000 1.000000 0.000000
vn 0.000000 1.000000 0.000000
vn 0.000000 1.000000 0.000000
vn 0.000000 1.000000 0.000000
vn 0.000000 1.000000 0.000000
vn 0.000000 1.000000 0.000000
vn 0.000000 1.000000 0.000000
vn 0.000000 1.000000 0.000000
vn 0.000000 1.000000 0.000000
vn 0.000000 1.000000 0.000000
vn 0.000000 1.000000 0.000000
vn 0.000000 1.000000 0.000000
vn 0.000000 1.000000 0.000000
vn 0.000000 -1.000000 0.000000
vn 0.000000 -1.000000 0.000000
vn 0.000000 -1.000000 0.000000
vn 0.000000 -1.000000 0.000000
vn 0.000000 -1.000000 0.000000
vn 0.000000 -1.000000 0.000000
vn 0.000000 -1.000000 0.000000
vn 0.000000 -1.000000 0.000000
vn 0.000000 -1.000000 0.000000
vn 0.000000 -1.000000 0.000000
vn 0.000000 -1.000000 0.000000
vn 0.000000 -1.000000 0.000000
vn 0.000000 -1.000000 0.000000
vn 0.000000 -1.000000 0.000000
vn 0.000000 -1.000000 0.000000
vn 0.000000 -1.000000 0.000000
vn 0.000000 -1.000000 0.000000
vn 0.000000 -1.000000 0.000000
vn 0.000000 -1.000000 0.000000
vn 0.000000 -1.000000 0.000000
vn 0.000000 -1.000000 0.000000
vn 0.000000 -1.000000 0.000000
vn 0.000000 -1.000000 0.000000
vn 0.000000 -1.000000 0.000000
vn 0.000000 -1.000000 0.000000
vn 0.000000 -1.000000 0.000000
vn 0.000000 -1.000000 0.000000
vn 0.000000 -1.000000 0.000000
vn 0.000000 -1.000000 0.000000
vn 0.000000 -1.000000 0.000000
vn 0.000000 -1.000000 0.000000
vn 0.000000 -1.000000 0.000000
vn 0.000000 -1.000000 0.000000
vn 0.000000 -1.000000 0.000000
vn 0.000000 -1.000000 0.000000
vn 0.000000 -1.000000 0.000000
vn 0.000000 -1.000000 0.000000
vn 0.000000 -1.000000 0.000000
vn 0.000000 -1.000000 0.000000
vn 0.000000 -1.000000 0.000000
vn 0.000000 -1.000000 0.000000
vn 0.000000 -1.000000 0.000000
vn -1.000000 0.000000 0.000000
vn -1.000000 0.000000 0.000000
vn -1.000000 0.000000 0.000000
vn -1.000000 0.000000 0.000000
vn -1.000000 0.000000 0.000000
vn -1.000000 0.000000 0.000000
vn -0.925023 -0.379910 0.000000
vn -0.925023 -0.379910 0.000000
vn -0.925023 -0.379910 0.000000
vn -0.925023 -0.379910 0.000000
vn -0.925023 -0.379910 0.000000
vn -0.699704 -0.714433 0.000000
vn -0.699704 -0.714433 0.000000
vn -0.699704 -0.714433 0.000000
vn -0.699704 -0.714433 0.000000
vn -0.699704 -0.714433 0.000000
vn -0.363449 -0.931614 0.000000
vn -0.363449 -0.931614 0.000000
vn -0.363449 -0.931614 0.000000
vn -0.363449 -0.931614 0.000000
vn -0.363449 -0.931614 0.000000
vn 0.000000 -1.000000 0.000000
vn 0.000000 -1.000000 0.000000
vn 0.000000 -1.000000 0.000000
vn 0.000000 -1.000000 0.000000
vn 0.000000 -1.000000 0.000000
vn 0.379910 -0.925023 0.000000
vn 0.379910 -0.925023 0.000000
vn 0.379910 -0.925023 0.000000
vn 0.379910 -0.925023 0.000000
vn 0.379910 -0.925023 0.000000
vn 0.714433 -0.699704 0.000000
vn 0.714433 -0.699704 0.000000
vn 0.714433 -0.699704 0.000000
vn 0.714433 -0.699704 0.000000
vn 0.714433 -0.699704 0.000000
vn 0.931614 -0.363449 0.000000
vn 0.931614 -0.363449 0.000000
vn 0.931614 -0.363449 0.000000
vn 0.931614 -0.363449 0.000000
vn 0.931614 -0.363449 0.000000
vn 1.000000 0.000000 0.000000
vn 1.000000 0.000000 0.000000
vn 1.000000 0.000000 0.000000
vn 1.000000 0.000000 0.000000
vn 1.000000 0.000000 0.000000
vn 0.925023 0.379910 0.000000
vn 0.925023 0.379910 0.000000
vn 0.925023 0.379910 0.000000
vn 0.925023 0.379910 0.000000
vn 0.925023 0.379910 0.000000
vn 0.699704 0.714433 0.000000
vn 0.699704 0.714433 0.000000
vn 0.699704 0.714433 0.000000
vn 0.699704 0.714433 0.000000
vn 0.699704 0.714433 0.000000
vn 0.363449 0.931614 0.000000
vn 0.363449 0.931614 0.000000
vn 0.363449 0.931614 0.000000
vn 0.363449 0.931614 0.000000
vn 0.363449 0.931614 0.000000
vn 0.000000 1.000000 0.000000
vn 0.000000 1.000000 0.000000
vn 0.000000 1.000000 0.000000
vn 0.000000 1.000000 0.000000
vn 0.000000 1.000000 0.000000
vn -0.379910 0.925023 0.000000
vn -0.379910 0.925023 0.000000
vn -0.379910 0.925023 0.000000
vn -0.379910 0.925023 0.000000
vn -0.379910 0.925023 0.000000
vn -0.714433 0.699704 0.000000
vn -0.714433 0.699704 0.000000
vn -0.714433 0.699704 0.000000
vn -0.714433 0.699704 0.000000
vn -0.714433 0.699704 0.000000
vn -0.931614 0.363449 0.000000
vn -0.931614 0.363449 0.000000
vn -0.931614 0.363449 0.000000
vn -0.931614 0.363449 0.000000
vn -0.931614 0.363449 0.000000
vn -1.000000 0.000000 0.000000
vn -1.000000 0.000000 0.000000
vn -1.000000 0.000000 0.000000
vn -1.000000 0.000000 0.000000
vn -1.000000 0.000000 0.000000
vn -1.000000 0.000000 0.000000
vn -0.929788 -0.368095 0.000000
vn -0.707107 -0.707107 0.000000
vn -0.368095 -0.929788 0.000000
vn 0.000000 -1.000000 0.000000
vn 0.368095 -0.929788 0.000000
vn 0.707107 -0.707107 0.000000
vn 0.929788 -0.368095 0.000000
vn 1.000000 0.000000 0.000000
vn 0.929788 0.368095 0.000000
vn 0.707107 0.707107 0.000000
vn 0.368095 0.929788 0.000000
vn 0.000000 1.000000 0.000000
vn -0.368095 0.929788 0.000000
vn -0.707107 0.707107 0.000000
vn -0.929788 0.368095 0.000000
vn -0.925023 -0.379910 0.000000
vn -0.982185 -0.187915 0.000000
vn -1.000000 0.000000 0.000000
vn -0.982185 -0.187915 0.000000
vn -0.699704 -0.714433 0.000000
vn -0.830523 -0.556985 0.000000
vn -0.830523 -0.556985 0.000000
vn -0.363449 -0.931614 0.000000
vn -0.540727 -0.841198 0.000000
vn -0.540727 -0.841198 0.000000
vn 0.379910 -0.925023 0.000000
vn 0.187915 -0.982185 0.000000
vn 0.000000 -1.000000 0.000000
vn 0.187915 -0.982185 0.000000
vn 0.714433 -0.699704 0.000000
vn 0.556985 -0.830523 0.000000
vn 0.556985 -0.830523 0.000000
vn 0.931614 -0.363449 0.000000
vn 0.841198 -0.540727 0.000000
vn 0.841198 -0.540727 0.000000
vn 0.925023 0.379910 0.000000
vn 0.982185 0.187915 0.000000
vn 1.000000 0.000000 0.000000
vn 0.982185 0.187915 0.000000
vn 0.699704 0.714433 0.000000
vn 0.830523 0.556985 0.000000
vn 0.830523 0.556985 0.000000
vn 0.363449 0.931614 0.000000
vn 0.540727 0.841198 0.000000
vn 0.540727 0.841198 0.000000
vn -0.379910 0.925023 0.000000
vn -0.187915 0.982185 0.000000
vn 0.000000 1.000000 0.000000
vn -0.187915 0.982185 0.000000
vn -0.714433 0.699704 0.000000
vn -0.556985 0.830523 0.000000
vn -0.556985 0.830523 0.000000
vn -0.931614 0.363449 0.000000
vn -0.841198 0.540727 0.000000
vn -0.841198 0.540727 0.000000
vn -1.000000 0.000000 0.000000
vn -0.983735 0.179628 0.000000
vn -0.983735 0.179628 0.000000
vn -1.000000 0.000000 0.000000
vn -0.931614 0.363449 0.000000
vn -0.983735 0.179628 0.000000
vn -0.983735 0.179628 0.000000
vn -0.714433 0.699704 0.000000
vn -0.841198 0.540727 0.000000
vn -0.841198 0.540727 0.000000
vn -0.379910 0.925023 0.000000
vn 0.000000 1.000000 0.000000
vn -0.187915 0.982185 0.000000
vn -0.187915 0.982185 0.000000
vn 0.363449 0.931614 0.000000
vn 0.179628 0.983735 0.000000
vn 0.179628 0.983735 0.000000
vn 0.699704 0.714433 0.000000
vn 0.540727 0.841198 0.000000
vn 0.540727 0.841198 0.000000
vn 0.925023 0.379910 0.000000
vn 1.000000 0.000000 0.000000
vn 0.982185 0.187915 0.000000
vn 0.982185 0.187915 0.000000
vn 0.931614 -0.363449 0.000000
vn 0.983735 -0.179628 0.000000
vn 0.983735 -0.179628 0.000000
vn 0.714433 -0.699704 0.000000
vn 0.841198 -0.540727 0.000000
vn 0.841198 -0.540727 0.000000
vn 0.379910 -0.925023 0.000000
vn 0.000000 -1.000000 0.000000
vn 0.187915 -0.982185 0.000000
vn 0.187915 -0.982185 0.000000
vn -0.363449 -0.931614 0.000000
vn -0.179628 -0.983735 0.000000
vn -0.179628 -0.983735 0.000000
vn -0.699704 -0.714433 0.000000
vn -0.540727 -0.841198 0.000000
vn -0.540727 -0.841198 0.000000
vn -0.925023 -0.379910 0.000000
vn -1.000000 0.000000 0.000000
vn -0.982185 -0.187915 0.000000
vn -0.982185 -0.187915 0.000000
vn 0.000000 0.000000 1.000000
vn 0.000000 0.000000 1.000000
vn 0.000000 0.000000 1.000000
vn 0.000000 0.000000 1.000000
vn 0.000000 0.000000 1.000000
vn 0.000000 0.000000 1.000000
vn 0.000000 0.000000 1.000000
vn 0.000000 0.000000 1.000000
vn 0.000000 0.000000 1.000000
vn 0.000000 0.000000 1.000000
vn 0.000000 0.000000 1.000000
vn 0.000000 0.000000 1.000000
vn 0.000000 0.000000 1.000000
vn 0.000000 0.000000 1.000000
vn 0.000000 0.000000 1.000000
vn 0.000000 0.000000 1.000000
vn 0.000000 0.000000 -1.000000
vn 0.000000 0.000000 -1.000000
vn 0.000000 0.000000 -1.000000
vn 0.000000 0.000000 -1.000000
vn 0.000000 0.000000 -1.000000
vn 0.000000 0.000000 -1.000000
vn 0.000000 0.000000 -1.000000
vn 0.000000 0.000000 -1.000000
vn 0.000000 0.000000 -1.000000
vn 0.000000 0.000000 -1.000000
vn 0.000000 0.000000 -1.000000
vn 0.000000 0.000000 -1.000000
vn 0.000000 0.000000 -1.000000
vn 0.000000 0.000000 -1.000000
vn 0.000000 0.000000 -1.000000
vn 0.000000 0.000000 -1.000000
vn 0.000000 1.000000 0.000000
vn 0.000000 1.000000 0.000000
vn 0.000000 1.000000 0.000000
vn 0.000000 1.000000 0.000000
vn 0.000000 0.000000 -1.000000
vn 0.000000 0.000000 -1.000000
vn 0.000000 0.000000 -1.000000
vn 0.000000 0.000000 -1.000000
vn 0.000000 1.000000 0.000000
vn 0.000000 1.000000 0.000000
vn 0.000000 1.000000 0.000000
vn 0.000000 1.000000 0.000000
vn 0.000000 0.000000 1.000000
vn 0.000000 0.000000 1.000000
vn 0.000000 0.000000 1.000000
vn 0.000000 0.000000 1.000000
vn 0.000000 1.000000 0.000000
vn 0.000000 1.000000 0.000000
vn 0.000000 1.000000 0.000000
vn 0.000000 1.000000 0.000000
vn 0.000000 0.000000 -1.000000
vn 0.000000 0.000000 -1.000000
vn 0.000000 0.000000 -1.000000
vn 0.000000 0.000000 -1.000000
vn 0.000000 0.000000 -1.000000
vn 0.000000 0.000000 -1.000000
vn 0.000000 0.000000 -1.000000
vn 0.000000 0.000000 -1.000000
vn 0.000000 0.000000 -1.000000
vn 0.000000 0.000000 -1.000000
vn 0.000000 0.000000 -1.000000
vn 0.000000 0.000000 -1.000000
vn 0.000000 0.000000 -1.000000
vn 0.000000 0.000000 -1.000000
vn 0.000000 0.000000 -1.000000
vn 0.000000 0.000000 -1.000000
vn 0.000000 0.000000 -1.000000
vn 0.000000 0.000000 -1.000000
vn 0.000000 0.000000 -1.000000
vn 0.000000 0.000000 -1.000000
vn 0.000000 0.000000 -1.000000
vn 0.000000 0.000000 -1.000000
vn 0.000000 0.000000 -1.000000
vn 0.000000 0.000000 -1.000000
vn 0.000000 0.000000 -1.000000
vn 0.000000 0.000000 -1.000000
vn 0.000000 0.000000 -1.000000
vn 0.000000 0.000000 -1.000000
vn 0.000000 0.000000 -1.000000
vn 0.000000 0.000000 -1.000000
vn 0.000000 0.000000 -1.000000
vn 0.000000 0.000000 -1.000000
vn 0.000000 0.000000 -1.000000
vn 0.000000 0.000000 -1.000000
vn 0.000000 0.000000 -1.000000
vn 0.000000 0.000000 -1.000000
vn 0.000000 0.000000 -1.000000
vn 0.000000 0.000000 -1.000000
vn 0.000000 0.000000 -1.000000
vn 0.000000 0.000000 -1.000000
vn 0.000000 0.000000 -1.000000
vn 0.000000 0.000000 -1.000000
vn 0.000000 0.000000 -1.000000
vn 0.000000 0.000000 -1.000000
vn 0.000000 0.000000 -1.000000
vn 0.000000 0.000000 -1.000000
vn 0.000000 0.000000 -1.000000
vn 0.000000 0.000000 -1.000000
vn 0.000000 0.000000 -1.000000
vn 0.000000 0.000000 -1.000000
vn 0.000000 0.000000 -1.000000
vn 0.000000 0.000000 -1.000000
vn 0.000000 0.000000 -1.000000
vn 0.000000 0.000000 -1.000000
vn 0.000000 0.000000 -1.000000
vn 0.000000 0.000000 -1.000000
vn 0.000000 0.000000 -1.000000
vn 0.000000 0.000000 -1.000000
vn 0.000000 0.000000 -1.000000
vn 0.000000 0.000000 -1.000000
vn 0.000000 0.000000 -1.000000
vn 0.000000 0.000000 -1.000000
vn 0.000000 0.000000 -1.000000
vn 0.000000 0.000000 -1.000000
vn 0.000000 0.000000 -1.000000
vn 0.000000 0.000000 -1.000000
vn 0.000000 0.000000 -1.000000
vn 0.000000 0.000000 -1.000000
vn 0.000000 0.000000 -1.000000
vn 0.000000 0.000000 -1.000000
vn 0.000000 0.000000 -1.000000
vn 0.000000 0.000000 -1.000000
vn 0.000000 0.000000 -1.000000
vn 0.000000 0.000000 -1.000000
vn 0.000000 -1.000000 0.000000
vn 0.000000 -1.000000 0.000000
vn 0.000000 -1.000000 0.000000
vn 0.000000 -1.000000 0.000000
vn 0.000000 0.000000 1.000000
vn 0.000000 0.000000 1.000000
vn 0.000000 0.000000 1.000000
vn 0.000000 0.000000 1.000000
vn 0.000000 -1.000000 0.000000
vn 0.000000 -1.000000 0.000000
vn 0.000000 -1.000000 0.000000
vn 0.000000 -1.000000 0.000000
vn 0.000000 0.000000 -1.000000
vn 0.000000 0.000000 -1.000000
vn 0.000000 0.000000 -1.000000
vn 0.000000 0.000000 -1.000000
vn 0.000000 -1.000000 0.000000
vn 0.000000 -1.000000 0.000000
vn 0.000000 -1.000000 0.000000
vn 0.000000 -1.000000 0.000000
vn 0.000000 0.000000 1.000000
vn 0.000000 0.000000 1.000000
vn 0.000000 0.000000 1.000000
vn 0.000000 0.000000 1.000000
vn 0.000000 0.000000 1.000000
vn 0.000000 0.000000 1.000000
vn 0.000000 0.000000 1.000000
vn 0.000000 0.000000 1.000000
vn 0.000000 0.000000 1.000000
vn 0.000000 0.000000 1.000000
vn 0.000000 0.000000 1.000000
vn 0.000000 0.000000 1.000000
vn 0.000000 0.000000 1.000000
vn 0.000000 0.000000 1.000000
vn 0.000000 0.000000 1.000000
vn 0.000000 0.000000 1.000000
vn 0.000000 0.000000 1.000000
vn 0.000000 0.000000 1.000000
vn 0.000000 0.000000 1.000000
vn 0.000000 0.000000 1.000000
vn 0.000000 0.000000 1.000000
vn 0.000000 0.000000 1.000000
vn 0.000000 0.000000 1.000000
vn 0.000000 0.000000 1.000000
vn 0.000000 0.000000 1.000000
vn 0.000000 0.000000 1.000000
vn 0.000000 0.000000 1.000000
f 2/2/2 1/1/1 7/7/7
f 3/3/3 7/7/7 1/1/1
f 3/3/3 4/4/4 5/5/5 6/6/6
f 7/7/7 3/3/3 6/6/6
f 9/9/9 8/8/8 12/12/12
f 14/14/14 9/9/9 12/12/12
f 13/13/13 10/10/10 11/11/11 14/14/14
f 12/12/12 13/13/13 14/14/14
f 16/16/16 15/15/15 19/19/19 20/20/20
f 17/17/17 18/18/18 20/20/20 19/19/19
f 22/22/22 21/21/21 27/27/27
f 23/23/23 27/27/27 21/21/21
f 23/23/23 24/24/24 25/25/25 26/26/26
f 27/27/27 23/23/23 26/26/26
f 29/29/29 28/28/28 33/33/33
f 30/30/30 29/29/29 33/33/33
f 34/34/34 31/31/31 32/32/32 30/30/30
f 33/33/33 34/34/34 30/30/30
f 39/39/39 36/36/36 35/35/35
f 38/38/38 39/39/39 37/37/37
f 35/35/35 37/37/37 39/39/39
f 45/45/45 41/41/41 40/40/40 44/44/44
f 44/44/44 42/42/42 43/43/43 45/45/45
f 46/46/46 50/50/50 51/51/51 47/47/47
f 49/49/49 51/51/51 50/50/50 48/48/48
f 57/57/57 53/53/53 52/52/52 56/56/56
f 56/56/56 54/54/54 55/55/55 57/57/57
f 62/62/62 59/59/59 58/58/58
f 61/61/61 62/62/62 60/60/60
f 59/59/59 62/62/62 61/61/61
f 73/73/73 91/91/91 121/121/121 119/119/119
f 74/74/74 94/94/94 120/120/120 118/118/118
f 94/94/94 73/73/73 119/119/119 120/120/120
f 76/76/76 97/97/97 117/117/117 114/114/114
f 97/97/97 75/75/75 116/116/116 117/117/117
f 77/77/77 101/101/101 115/115/115 113/113/113
f 101/101/101 76/76/76 114/114/114 115/115/115
f 79/79/79 104/104/104 112/112/112 109/109/109
f 104/104/104 78/78/78 111/111/111 112/112/112
f 107/107/107 79/79/79 109/109/109 110/110/110
f 90/90/90 92/92/92 91/91/91 73/73/73
f 93/93/93 95/95/95 94/94/94 74/74/74
f 95/95/95 90/90/90 73/73/73 94/94/94
f 96/96/96 99/99/99 97/97/97 76/76/76
f 99/99/99 98/98/98 75/75/75 97/97/97
f 100/100/100 102/102/102 101/101/101 77/77/77
f 102/102/102 96/96/96 76/76/76 101/101/101
f 103/103/103 106/106/106 104/104/104 79/79/79
f 106/106/106 105/105/105 78/78/78 104/104/104
f 108/108/108 103/103/103 79/79/79 107/107/107
f 64/64/64 121/121/121 63/63/63
f 72/72/72 63/63/63 121/121/121
f 119/119/119 121/121/121 64/64/64
f 66/66/66 116/116/116 118/118/118 65/65/65
f 65/65/65 120/120/120 64/64/64
f 64/64/64 120/120/120 119/119/119
f 72/72/72 121/121/121 91/91/91
f 92/92/92 72/72/72 91/91/91
f 116/116/116 75/75/75 74/74/74 118/118/118
f 75/75/75 98/98/98 93/93/93 74/74/74
f 65/65/65 118/118/118 120/120/120
f 117/117/117 116/116/116 66/66/66
f 115/115/115 67/67/67 68/68/68
f 66/66/66 67/67/67 117/117/117
f 69/69/69 111/111/111 113/113/113 68/68/68
f 69/69/69 70/70/70 112/112/112
f 70/70/70 71/71/71 110/110/110
f 114/114/114 117/117/117 67/67/67
f 67/67/67 115/115/115 114/114/114
f 68/68/68 113/113/113 115/115/115
f 69/69/69 112/112/112 111/111/111
f 70/70/70 110/110/110 109/109/109
f 70/70/70 109/109/109 112/112/112
f 111/111/111 78/78/78 77/77/77 113/113/113
f 80/80/80 110/110/110 71/71/71
f 82/82/82 92/92/92 90/90/90
f 82/82/82 90/90/90 95/95/95
f 98/98/98 84/84/84 83/83/83 93/93/93
f 84/84/84 98/98/98 99/99/99
f 93/93/93 83/83/83 95/95/95
f 82/82/82 95/95/95 83/83/83
f 85/85/85 96/96/96 102/102/102
f 99/99/99 96/96/96 85/85/85
f 99/99/99 85/85/85 84/84/84
f 86/86/86 85/85/85 102/102/102
f 81/81/81 92/92/92 82/82/82
f 81/81/81 72/72/72 92/92/92
f 78/78/78 105/105/105 100/100/100 77/77/77
f 108/108/108 107/107/107 80/80/80
f 110/110/110 80/80/80 107/107/107
f 105/105/105 87/87/87 86/86/86 100/100/100
f 106/106/106 87/87/87 105/105/105
f 88/88/88 87/87/87 106/106/106
f 88/88/88 103/103/103 108/108/108
f 108/108/108 89/89/89 88/88/88
f 88/88/88 106/106/106 103/103/103
f 80/80/80 89/89/89 108/108/108
f 86/86/86 102/102/102 100/100/100
f 130/130/130 141/141/141 149/149/149 148/148/148
f 143/143/143 131/131/131 146/146/146 147/147/147
f 140/140/140 142/142/142 141/141/141 130/130/130
f 145/145/145 144/144/144 131/131/131 143/143/143
f 123/123/123 149/149/149 122/122/122
f 129/129/129 122/122/122 149/149/149
f 148/148/148 149/149/149 123/123/123
f 142/142/142 129/129/129 141/141/141
f 124/124/124 130/130/130 148/148/148
f 129/129/129 149/149/149 141/141/141
f 124/124/124 148/148/148 123/123/123
f 150/150/150 124/124/124 125/125/125
f 146/146/146 126/126/126 127/127/127
f 126/126/126 151/151/151 150/150/150 125/125/125
f 146/146/146 127/127/127 147/147/147
f 132/132/132 147/147/147 128/128/128
f 147/147/147 127/127/127 128/128/128
f 126/126/126 146/146/146 151/151/151
f 150/150/150 130/130/130 124/124/124
f 150/150/150 135/135/135 130/130/130
f 130/130/130 135/135/135 140/140/140
f 134/134/134 142/142/142 140/140/140
f 150/150/150 136/136/136 135/135/135
f 142/142/142 134/134/134 133/133/133
f 151/151/151 137/137/137 136/136/136 150/150/150
f 140/140/140 135/135/135 134/134/134
f 133/133/133 129/129/129 142/142/142
f 144/144/144 151/151/151 131/131/131
f 147/147/147 132/132/132 143/143/143
f 143/143/143 132/132/132 145/145/145
f 144/144/144 145/145/145 138/138/138
f 132/132/132 139/139/139 145/145/145
f 138/138/138 145/145/145 139/139/139
f 137/137/137 144/144/144 138/138/138
f 144/144/144 137/137/137 151/151/151
f 146/146/146 131/131/131 151/151/151
f 153/153/153 157/157/157 152/152/152
f 153/153/153 164/164/164 161/161/161 160/160/160
f 155/155/155 165/165/165 164/164/164 154/154/154
f 156/156/156 158/158/158 165/165/165 155/155/155
f 164/164/164 153/153/153 154/154/154
f 160/160/160 159/159/159 157/157/157 153/153/153
f 165/165/165 162/162/162 161/161/161 164/164/164
f 158/158/158 163/163/163 162/162/162 165/165/165
f 167/167/167 171/171/171 166/166/166
f 167/167/167 168/168/168 178/178/178 174/174/174
f 169/169/169 179/179/179 178/178/178 168/168/168
f 170/170/170 172/172/172 179/179/179 169/169/169
f 174/174/174 171/171/171 167/167/167
f 174/174/174 178/178/178 175/175/175
f 179/179/179 176/176/176 175/175/175 178/178/178
f 172/172/172 177/177/177 176/176/176 179/179/179
f 173/173/173 171/171/171 174/174/174
f 181/181/181 180/180/180 185/185/185
f 184/184/184 185/185/185 180/180/180
f 186/186/186 181/181/181 185/185/185
f 180/180/180 182/182/182 184/184/184
f 181/181/181 186/186/186 183/183/183
f 188/188/188 187/187/187 189/189/189 190/190/190
f 191/191/191 192/192/192 190/190/190 189/189/189
f 194/194/194 193/193/193 195/195/195 196/196/196
f 211/211/211 210/210/210 206/206/206 207/207/207
f 207/207/207 206/206/206 208/208/208 209/209/209
f 199/199/199 200/200/200 198/198/198 197/197/197
f 201/201/201 208/208/208 199/199/199
f 208/208/208 206/206/206 199/199/199
f 200/200/200 206/206/206 210/210/210
f 200/200/200 199/199/199 206/206/206
f 202/202/202 200/200/200 210/210/210
f 203/203/203 209/209/209 201/201/201
f 208/208/208 201/201/201 209/209/209
f 203/203/203 204/204/204 207/207/207 209/209/209
f 211/211/211 207/207/207 204/204/204
f 211/211/211 205/205/205 202/202/202
f 211/211/211 204/204/204 205/205/205
f 210/210/210 211/211/211 202/202/202
f 216/216/216 280/280/280 283/283/283 281/281/281
f 281/281/281 283/283/283 282/282/282 213/213/213
f 364/364/364 281/281/281 213/213/213 214/214/214
f 281/281/281 364/364/364 217/217/217 216/216/216
f 365/365/365 364/364/364 214/214/214 363/363/363
f 362/362/362 217/217/217 364/364/364 365/365/365
f 219/219/219 284/284/284 286/286/286 285/285/285
f 285/285/285 286/286/286 280/280/280 216/216/216
f 285/285/285 220/220/220 219/219/219
f 217/217/217 285/285/285 216/216/216
f 220/220/220 285/285/285 217/217/217
f 222/222/222 287/287/287 289/289/289 288/288/288
f 288/288/288 289/289/289 284/284/284 219/219/219
f 360/360/360 288/288/288 219/219/219 220/220/220
f 288/288/288 360/360/360 223/223/223 222/222/222
f 361/361/361 360/360/360 220/220/220 359/359/359
f 356/356/356 223/223/223 360/360/360 361/361/361
f 226/226/226 290/290/290 292/292/292 291/291/291
f 291/291/291 292/292/292 287/287/287 222/222/222
f 357/357/357 291/291/291 222/222/222 223/223/223
f 291/291/291 357/357/357 227/227/227 226/226/226
f 358/358/358 357/357/357 223/223/223 356/356/356
f 353/353/353 227/227/227 357/357/357 358/358/358
f 229/229/229 293/293/293 295/295/295 294/294/294
f 294/294/294 295/295/295 290/290/290 226/226/226
f 354/354/354 294/294/294 226/226/226 227/227/227
f 294/294/294 354/354/354 230/230/230 229/229/229
f 355/355/355 354/354/354 227/227/227 353/353/353
f 352/352/352 230/230/230 354/354/354 355/355/355
f 232/232/232 296/296/296 298/298/298 297/297/297
f 297/297/297 298/298/298 293/293/293 229/229/229
f 297/297/297 233/233/233 232/232/232
f 230/230/230 297/297/297 229/229/229
f 233/233/233 297/297/297 230/230/230
f 235/235/235 299/299/299 301/301/301 300/300/300
f 300/300/300 301/301/301 296/296/296 232/232/232
f 350/350/350 300/300/300 232/232/232 233/233/233
f 300/300/300 350/350/350 236/236/236 235/235/235
f 351/351/351 350/350/350 233/233/233 349/349/349
f 346/346/346 236/236/236 350/350/350 351/351/351
f 347/347/347 235/235/235 236/236/236
f 239/239/239 347/347/347 240/240/240
f 235/235/235 347/347/347 239/239/239
f 348/348/348 347/347/347 236/236/236 346/346/346
f 343/343/343 240/240/240 347/347/347 348/348/348
f 242/242/242 302/302/302 305/305/305 303/303/303
f 303/303/303 305/305/305 304/304/304 239/239/239
f 344/344/344 303/303/303 239/239/239 240/240/240
f 303/303/303 344/344/344 243/243/243 242/242/242
f 345/345/345 344/344/344 240/240/240 343/343/343
f 342/342/342 243/243/243 344/344/344 345/345/345
f 245/245/245 306/306/306 308/308/308 307/307/307
f 307/307/307 308/308/308 302/302/302 242/242/242
f 307/307/307 246/246/246 245/245/245
f 243/243/243 307/307/307 242/242/242
f 246/246/246 307/307/307 243/243/243
f 248/248/248 309/309/309 311/311/311 310/310/310
f 310/310/310 311/311/311 306/306/306 245/245/245
f 340/340/340 310/310/310 245/245/245 246/246/246
f 310/310/310 340/340/340 249/249/249 248/248/248
f 341/341/341 340/340/340 246/246/246 339/339/339
f 336/336/336 249/249/249 340/340/340 341/341/341
f 337/337/337 248/248/248 249/249/249
f 252/252/252 337/337/337 253/253/253
f 248/248/248 337/337/337 252/252/252
f 338/338/338 337/337/337 249/249/249 336/336/336
f 333/333/333 253/253/253 337/337/337 338/338/338
f 255/255/255 312/312/312 315/315/315 313/313/313
f 313/313/313 315/315/315 314/314/314 252/252/252
f 334/334/334 313/313/313 252/252/252 253/253/253
f 313/313/313 334/334/334 256/256/256 255/255/255
f 335/335/335 334/334/334 253/253/253 333/333/333
f 332/332/332 256/256/256 334/334/334 335/335/335
f 258/258/258 316/316/316 318/318/318 317/317/317
f 317/317/317 318/318/318 312/312/312 255/255/255
f 317/317/317 259/259/259 258/258/258
f 256/256/256 317/317/317 255/255/255
f 259/259/259 317/317/317 256/256/256
f 261/261/261 319/319/319 321/321/321 320/320/320
f 320/320/320 321/321/321 316/316/316 258/258/258
f 330/330/330 320/320/320 258/258/258 259/259/259
f 320/320/320 330/330/330 262/262/262 261/261/261
f 331/331/331 330/330/330 259/259/259 329/329/329
f 326/326/326 262/262/262 330/330/330 331/331/331
f 265/265/265 322/322/322 324/324/324 323/323/323
f 323/323/323 324/324/324 319/319/319 261/261/261
f 327/327/327 323/323/323 261/261/261 262/262/262
f 323/323/323 327/327/327 266/266/266 265/265/265
f 328/328/328 327/327/327 262/262/262 326/326/326
f 325/325/325 266/266/266 327/327/327 328/328/328
f 283/283/283 212/212/212 282/282/282
f 212/212/212 283/283/283 268/268/268
f 268/268/268 280/280/280 286/286/286 269/269/269
f 269/269/269 284/284/284 289/289/289 270/270/270
f 270/270/270 287/287/287 292/292/292 225/225/225
f 268/268/268 283/283/283 280/280/280
f 287/287/287 270/270/270 289/289/289
f 284/284/284 269/269/269 286/286/286
f 292/292/292 290/290/290 225/225/225
f 290/290/290 295/295/295 225/225/225
f 271/271/271 225/225/225 295/295/295
f 271/271/271 295/295/295 293/293/293
f 271/271/271 293/293/293 298/298/298 272/272/272
f 272/272/272 296/296/296 301/301/301 273/273/273
f 273/273/273 299/299/299 304/304/304 238/238/238
f 272/272/272 298/298/298 296/296/296
f 273/273/273 301/301/301 299/299/299
f 304/304/304 299/299/299 235/235/235 239/239/239
f 304/304/304 305/305/305 238/238/238
f 215/215/215 365/365/365 363/363/363
f 220/220/220 217/217/217 362/362/362 359/359/359
f 359/359/359 362/362/362 218/218/218 221/221/221
f 218/218/218 362/362/362 365/365/365
f 218/218/218 365/365/365 215/215/215
f 224/224/224 356/356/356 361/361/361
f 228/228/228 358/358/358 224/224/224
f 356/356/356 224/224/224 358/358/358
f 221/221/221 224/224/224 361/361/361
f 359/359/359 221/221/221 361/361/361
f 228/228/228 355/355/355 353/353/353
f 352/352/352 349/349/349 233/233/233 230/230/230
f 349/349/349 352/352/352 231/231/231 234/234/234
f 231/231/231 352/352/352 355/355/355
f 231/231/231 355/355/355 228/228/228
f 237/237/237 346/346/346 351/351/351
f 241/241/241 348/348/348 237/237/237
f 346/346/346 237/237/237 348/348/348
f 234/234/234 237/237/237 351/351/351
f 349/349/349 234/234/234 351/351/351
f 358/358/358 228/228/228 353/353/353
f 302/302/302 274/274/274 305/305/305
f 238/238/238 305/305/305 274/274/274
f 274/274/274 302/302/302 308/308/308
f 275/275/275 274/274/274 308/308/308
f 275/275/275 306/306/306 311/311/311 276/276/276
f 276/276/276 309/309/309 314/314/314 251/251/251
f 275/275/275 308/308/308 306/306/306
f 276/276/276 311/311/311 309/309/309
f 314/314/314 309/309/309 248/248/248 252/252/252
f 314/314/314 315/315/315 251/251/251
f 312/312/312 277/277/277 315/315/315
f 277/277/277 312/312/312 318/318/318
f 278/278/278 277/277/277 318/318/318
f 278/278/278 316/316/316 321/321/321 279/279/279
f 279/279/279 319/319/319 324/324/324 264/264/264
f 278/278/278 318/318/318 316/316/316
f 279/279/279 321/321/321 319/319/319
f 264/264/264 324/324/324 322/322/322
f 277/277/277 251/251/251 315/315/315
f 241/241/241 345/345/345 343/343/343
f 244/244/244 342/342/342 345/345/345
f 247/247/247 341/341/341 339/339/339
f 246/246/246 243/243/243 342/342/342 339/339/339
f 339/339/339 342/342/342 244/244/244 247/247/247
f 244/244/244 345/345/345 241/241/241
f 250/250/250 338/338/338 336/336/336
f 333/333/333 338/338/338 254/254/254
f 250/250/250 254/254/254 338/338/338
f 341/341/341 247/247/247 250/250/250
f 336/336/336 341/341/341 250/250/250
f 348/348/348 241/241/241 343/343/343
f 332/332/332 329/329/329 259/259/259 256/256/256
f 257/257/257 332/332/332 335/335/335
f 263/263/263 326/326/326 331/331/331
f 260/260/260 331/331/331 329/329/329
f 329/329/329 332/332/332 257/257/257 260/260/260
f 257/257/257 335/335/335 254/254/254
f 267/267/267 325/325/325 328/328/328
f 328/328/328 263/263/263 267/267/267
f 331/331/331 260/260/260 263/263/263
f 328/328/328 326/326/326 263/263/263
f 333/333/333 254/254/254 335/335/335
f 376/376/376 375/375/375 374/374/374
f 380/380/380 377/377/377 376/376/376
f 376/376/376 372/372/372 380/380/380
f 372/372/372 374/374/374 373/373/373
f 376/376/376 374/374/374 372/372/372
f 371/371/371 370/370/370 372/372/372
f 377/377/377 380/380/380 378/378/378
f 372/372/372 369/369/369 380/380/380
f 380/380/380 366/366/366 381/381/381
f 366/366/366 380/380/380 369/369/369
f 370/370/370 369/369/369 372/372/372
f 369/369/369 368/368/368 367/367/367
f 369/369/369 367/367/367 366/366/366
f 379/379/379 378/378/378 380/380/380
f 382/382/382 384/384/384 383/383/383
f 385/385/385 383/383/383 384/384/384
f 384/384/384 397/397/397 393/393/393
f 384/384/384 391/391/391 385/385/385
f 396/396/396 395/395/395 394/394/394
f 397/397/397 396/396/396 393/393/393
f 389/389/389 386/386/386 385/385/385
f 386/386/386 389/389/389 388/388/388
f 389/389/389 385/385/385 390/390/390
f 385/385/385 391/391/391 390/390/390
f 393/393/393 396/396/396 394/394/394
f 392/392/392 384/384/384 393/393/393
f 384/384/384 392/392/392 391/391/391
f 387/387/387 386/386/386 388/388/388
f 399/399/399 401/401/401 402/402/402
f 398/398/398 401/401/401 400/400/400
f 399/399/399 400/400/400 401/401/401
f 463/463/463 403/403/403 459/459/459
f 461/461/461 458/458/458 463/463/463
f 459/459/459 461/461/461 463/463/463
f 467/467/467 466/466/466 464/464/464
f 404/404/404 465/465/465 467/467/467
f 464/464/464 404/404/404 467/467/467
f 405/405/405 470/470/470 471/471/471 469/469/469
f 468/468/468 465/465/465 471/471/471
f 459/459/459 403/403/403 468/468/468
f 471/471/471 459/459/459 468/468/468
f 469/469/469 471/471/471 465/465/465 404/404/404
f 557/557/557 555/555/555 553/553/553 556/556/556
f 554/554/554 557/557/557 556/556/556 552/552/552
f 556/556/556 553/553/553 470/470/470
f 405/405/405 552/552/552 556/556/556
f 470/470/470 405/405/405 556/556/556
f 558/558/558 405/405/405 469/469/469
f 469/469/469 404/404/404 408/408/408
f 408/408/408 409/409/409 558/558/558
f 558/558/558 469/469/469 408/408/408
f 559/559/559 552/552/552 405/405/405 558/558/558
f 549/549/549 559/559/559 558/558/558 409/409/409
f 412/412/412 491/491/491 493/493/493 490/490/490
f 491/491/491 408/408/408 492/492/492 493/493/493
f 550/550/550 409/409/409 408/408/408 491/491/491
f 491/491/491 412/412/412 413/413/413 550/550/550
f 551/551/551 549/549/549 409/409/409 550/550/550
f 546/546/546 551/551/551 550/550/550 413/413/413
f 416/416/416 495/495/495 496/496/496 494/494/494
f 495/495/495 412/412/412 490/490/490 496/496/496
f 547/547/547 413/413/413 412/412/412 495/495/495
f 495/495/495 416/416/416 417/417/417 547/547/547
f 548/548/548 546/546/546 413/413/413 547/547/547
f 545/545/545 548/548/548 547/547/547 417/417/417
f 421/421/421 417/417/417 416/416/416 420/420/420
f 424/424/424 498/498/498 500/500/500 497/497/497
f 498/498/498 420/420/420 499/499/499 500/500/500
f 543/543/543 421/421/421 420/420/420 498/498/498
f 498/498/498 424/424/424 425/425/425 543/543/543
f 544/544/544 542/542/542 421/421/421 543/543/543
f 539/539/539 544/544/544 543/543/543 425/425/425
f 428/428/428 502/502/502 503/503/503 501/501/501
f 502/502/502 424/424/424 497/497/497 503/503/503
f 540/540/540 425/425/425 424/424/424 502/502/502
f 502/502/502 428/428/428 429/429/429 540/540/540
f 541/541/541 539/539/539 425/425/425 540/540/540
f 536/536/536 541/541/541 540/540/540 429/429/429
f 432/432/432 505/505/505 506/506/506 504/504/504
f 505/505/505 428/428/428 501/501/501 506/506/506
f 537/537/537 429/429/429 428/428/428 505/505/505
f 505/505/505 432/432/432 433/433/433 537/537/537
f 538/538/538 536/536/536 429/429/429 537/537/537
f 535/535/535 538/538/538 537/537/537 433/433/433
f 437/437/437 433/433/433 432/432/432 436/436/436
f 440/440/440 508/508/508 510/510/510 507/507/507
f 508/508/508 436/436/436 509/509/509 510/510/510
f 533/533/533 437/437/437 436/436/436 508/508/508
f 508/508/508 440/440/440 441/441/441 533/533/533
f 534/534/534 532/532/532 437/437/437 533/533/533
f 529/529/529 534/534/534 533/533/533 441/441/441
f 444/444/444 512/512/512 513/513/513 511/511/511
f 512/512/512 440/440/440 507/507/507 513/513/513
f 530/530/530 441/441/441 440/440/440 512/512/512
f 512/512/512 444/444/444 445/445/445 530/530/530
f 531/531/531 529/529/529 441/441/441 530/530/530
f 526/526/526 531/531/531 530/530/530 445/445/445
f 448/448/448 515/515/515 516/516/516 514/514/514
f 515/515/515 444/444/444 511/511/511 516/516/516
f 527/527/527 445/445/445 444/444/444 515/515/515
f 515/515/515 448/448/448 449/449/449 527/527/527
f 528/528/528 526/526/526 445/445/445 527/527/527
f 525/525/525 528/528/528 527/527/527 449/449/449
f 452/452/452 521/521/521 522/522/522 476/476/476
f 521/521/521 448/448/448 514/514/514 522/522/522
f 521/521/521 452/452/452 481/481/481
f 481/481/481 453/453/453 449/449/449
f 449/449/449 448/448/448 521/521/521
f 521/521/521 481/481/481 449/449/449
f 518/518/518 477/477/477 479/479/479
f 479/479/479 475/475/475 452/452/452
f 452/452/452 476/476/476 518/518/518
f 518/518/518 479/479/479 452/452/452
f 477/477/477 518/518/518 520/520/520 517/517/517
f 518/518/518 476/476/476 519/519/519 520/520/520
f 453/453/453 481/481/481 482/482/482
f 482/482/482 481/481/481 452/452/452 475/475/475
f 478/478/478 454/454/454 480/480/480
f 482/482/482 475/475/475 478/478/478
f 480/480/480 482/482/482 478/478/478
f 483/483/483 462/462/462 485/485/485
f 480/480/480 454/454/454 483/483/483
f 485/485/485 480/480/480 483/483/483
f 467/467/467 457/457/457 486/486/486
f 403/403/403 456/456/456 457/457/457
f 466/466/466 486/486/486 487/487/487
f 455/455/455 456/456/456 458/458/458
f 466/466/466 487/487/487 464/464/464
f 487/487/487 407/407/407 492/492/492 464/464/464
f 465/465/465 457/457/457 467/467/467
f 486/486/486 466/466/466 467/467/467
f 404/404/404 464/464/464 492/492/492 408/408/408
f 460/460/460 455/455/455 458/458/458 461/461/461
f 456/456/456 463/463/463 458/458/458
f 403/403/403 463/463/463 456/456/456
f 465/465/465 468/468/468 457/457/457
f 403/403/403 457/457/457 468/468/468
f 492/492/492 407/407/407 493/493/493
f 411/411/411 493/493/493 407/407/407
f 411/411/411 490/490/490 493/493/493
f 490/490/490 411/411/411 496/496/496
f 494/494/494 496/496/496 415/415/415
f 423/423/423 500/500/500 419/419/419
f 419/419/419 499/499/499 494/494/494 415/415/415
f 411/411/411 415/415/415 496/496/496
f 416/416/416 494/494/494 499/499/499 420/420/420
f 423/423/423 497/497/497 500/500/500
f 503/503/503 497/497/497 423/423/423
f 500/500/500 499/499/499 419/419/419
f 503/503/503 423/423/423 427/427/427
f 561/561/561 461/461/461 459/459/459
f 461/461/461 561/561/561 562/562/562
f 561/561/561 459/459/459 560/560/560
f 460/460/460 461/461/461 562/562/562
f 470/470/470 560/560/560 471/471/471
f 459/459/459 471/471/471 560/560/560
f 470/470/470 553/553/553 566/566/566 560/560/560
f 524/524/524 566/566/566 553/553/553 555/555/555
f 406/406/406 524/524/524 555/555/555 557/557/557
f 554/554/554 552/552/552 559/559/559
f 557/557/557 554/554/554 406/406/406
f 559/559/559 406/406/406 554/554/554
f 406/406/406 559/559/559 410/410/410
f 410/410/410 549/549/549 551/551/551
f 414/414/414 546/546/546 548/548/548
f 414/414/414 551/551/551 546/546/546
f 421/421/421 542/542/542 545/545/545 417/417/417
f 542/542/542 422/422/422 418/418/418 545/545/545
f 418/418/418 548/548/548 545/545/545
f 414/414/414 410/410/410 551/551/551
f 414/414/414 548/548/548 418/418/418
f 426/426/426 544/544/544 539/539/539
f 430/430/430 426/426/426 541/541/541
f 539/539/539 541/541/541 426/426/426
f 422/422/422 544/544/544 426/426/426
f 544/544/544 422/422/422 542/542/542
f 559/559/559 549/549/549 410/410/410
f 506/506/506 427/427/427 431/431/431
f 427/427/427 506/506/506 501/501/501
f 506/506/506 431/431/431 504/504/504
f 503/503/503 427/427/427 501/501/501
f 435/435/435 509/509/509 504/504/504 431/431/431
f 443/443/443 513/513/513 439/439/439
f 435/435/435 439/439/439 510/510/510 509/509/509
f 509/509/509 436/436/436 432/432/432 504/504/504
f 439/439/439 513/513/513 507/507/507
f 443/443/443 516/516/516 511/511/511
f 511/511/511 513/513/513 443/443/443
f 507/507/507 510/510/510 439/439/439
f 516/516/516 443/443/443 447/447/447
f 451/451/451 522/522/522 447/447/447
f 522/522/522 451/451/451 519/519/519
f 514/514/514 447/447/447 522/522/522
f 519/519/519 451/451/451 520/520/520
f 516/516/516 447/447/447 514/514/514
f 517/517/517 520/520/520 488/488/488
f 451/451/451 488/488/488 520/520/520
f 488/488/488 489/489/489 517/517/517
f 477/477/477 517/517/517 489/489/489
f 519/519/519 476/476/476 522/522/522
f 479/479/479 477/477/477 489/489/489
f 478/478/478 475/475/475 472/472/472
f 479/479/479 489/489/489 472/472/472
f 474/474/474 462/462/462 473/473/473
f 454/454/454 472/472/472 473/473/473
f 479/479/479 472/472/472 475/475/475
f 434/434/434 538/538/538 535/535/535
f 535/535/535 433/433/433 437/437/437 532/532/532
f 430/430/430 536/536/536 538/538/538
f 442/442/442 534/534/534 529/529/529
f 438/438/438 532/532/532 534/534/534
f 532/532/532 438/438/438 434/434/434 535/535/535
f 434/434/434 430/430/430 538/538/538
f 442/442/442 438/438/438 534/534/534
f 446/446/446 531/531/531 526/526/526
f 450/450/450 446/446/446 526/526/526 528/528/528
f 442/442/442 531/531/531 446/446/446
f 531/531/531 442/442/442 529/529/529
f 541/541/541 536/536/536 430/430/430
f 454/454/454 478/478/478 472/472/472
f 565/565/565 482/482/482 480/480/480
f 473/473/473 462/462/462 483/483/483
f 563/563/563 485/485/485 484/484/484
f 485/485/485 462/462/462 474/474/474 484/484/484
f 483/483/483 454/454/454 473/473/473
f 564/564/564 480/480/480 485/485/485
f 525/525/525 449/449/449 453/453/453
f 528/528/528 525/525/525 450/450/450
f 453/453/453 450/450/450 525/525/525
f 450/450/450 453/453/453 523/523/523
f 485/485/485 563/563/563 564/564/564
f 523/523/523 453/453/453 567/567/567
f 565/565/565 567/567/567 453/453/453
f 565/565/565 453/453/453 482/482/482
f 565/565/565 480/480/480 564/564/564
f 568/568/568 571/571/571 572/572/572 573/573/573
f 570/570/570 572/572/572 571/571/571 569/569/569
f 579/579/579 574/574/574 578/578/578
f 577/577/577 578/578/578 574/574/574
f 574/574/574 579/579/579 581/581/581
f 578/578/578 575/575/575 580/580/580
f 575/575/575 576/576/576 580/580/580
f 577/577/577 575/575/575 578/578/578
f 585/585/585 582/582/582 586/586/586 587/587/587
f 587/587/587 583/583/583 584/584/584 585/585/585
f 590/590/590 592/592/592 589/589/589 591/591/591
f 588/588/588 590/590/590 591/591/591 593/593/593
f 624/624/624 635/635/635 625/625/625
f 625/625/625 627/627/627 626/626/626
f 635/635/635 627/627/627 625/625/625
f 624/624/624 631/631/631 635/635/635
f 624/624/624 596/596/596 631/631/631
f 596/596/596 595/595/595 631/631/631
f 624/624/624 597/597/597 596/596/596
f 595/595/595 594/594/594 631/631/631
f 598/598/598 597/597/597 624/624/624
f 594/594/594 632/632/632 631/631/631
f 624/624/624 599/599/599 598/598/598
f 602/602/602 624/624/624 610/610/610
f 624/624/624 601/601/601 600/600/600
f 624/624/624 600/600/600 599/599/599
f 623/623/623 611/611/611 610/610/610
f 612/612/612 611/611/611 618/618/618
f 612/612/612 617/617/617 613/613/613
f 623/623/623 618/618/618 611/611/611
f 616/616/616 614/614/614 613/613/613
f 610/610/610 624/624/624 623/623/623
f 601/601/601 624/624/624 602/602/602
f 632/632/632 609/609/609 608/608/608
f 634/634/634 604/604/604 603/603/603
f 607/607/607 632/632/632 608/608/608
f 603/603/603 614/614/614 615/615/615
f 607/607/607 606/606/606 633/633/633
f 606/606/606 605/605/605 633/633/633
f 604/604/604 634/634/634 633/633/633
f 605/605/605 604/604/604 633/633/633
f 632/632/632 607/607/607 633/633/633
f 632/632/632 594/594/594 609/609/609
f 615/615/615 634/634/634 603/603/603
f 616/616/616 613/613/613 617/617/617
f 630/630/630 622/622/622 621/621/621
f 619/619/619 618/618/618 623/623/623
f 619/619/619 623/623/623 620/620/620
f 618/618/618 617/617/617 612/612/612
f 629/629/629 628/628/628 623/623/623
f 629/629/629 622/622/622 630/630/630
f 629/629/629 623/623/623 622/622/622
f 623/623/623 628/628/628 620/620/620
f 616/616/616 615/615/615 614/614/614
f 647/647/647 675/675/675 648/648/648
f 650/650/650 675/675/675 662/662/662
f 648/648/648 675/675/675 649/649/649
f 649/649/649 675/675/675 650/650/650
f 647/647/647 673/673/673 675/675/675
f 673/673/673 646/646/646 645/645/645
f 662/662/662 651/651/651 650/650/650
f 652/652/652 651/651/651 661/661/661
f 673/673/673 647/647/647 646/646/646
f 645/645/645 644/644/644 673/673/673
f 661/661/661 651/651/651 662/662/662
f 672/672/672 664/664/664 663/663/663
f 665/665/665 664/664/664 672/672/672
f 665/665/665 672/672/672 671/671/671
f 663/663/663 664/664/664 676/676/676
f 661/661/661 660/660/660 652/652/652
f 660/660/660 659/659/659 653/653/653
f 665/665/665 671/671/671 666/666/666
f 657/657/657 664/664/664 658/658/658
f 657/657/657 676/676/676 664/664/664
f 659/659/659 658/658/658 654/654/654
f 667/667/667 674/674/674 642/642/642
f 642/642/642 674/674/674 643/643/643
f 667/667/667 642/642/642 641/641/641
f 641/641/641 640/640/640 667/667/667
f 644/644/644 643/643/643 674/674/674
f 667/667/667 669/669/669 677/677/677
f 668/668/668 670/670/670 669/669/669
f 677/677/677 669/669/669 670/670/670
f 674/674/674 667/667/667 677/677/677
f 674/674/674 673/673/673 644/644/644
f 658/658/658 655/655/655 654/654/654
f 654/654/654 653/653/653 659/659/659
f 664/664/664 655/655/655 658/658/658
f 664/664/664 656/656/656 655/655/655
f 652/652/652 660/660/660 653/653/653
f 667/667/667 640/640/640 639/639/639
f 667/667/667 639/639/639 638/638/638
f 636/636/636 667/667/667 637/637/637
f 656/656/656 667/667/667 636/636/636
f 637/637/637 667/667/667 638/638/638
f 656/656/656 664/664/664 667/667/667
f 684/684/684 781/781/781 783/783/783 780/780/780
f 781/781/781 679/679/679 782/782/782 783/783/783
f 781/781/781 684/684/684 685/685/685
f 680/680/680 679/679/679 781/781/781
f 685/685/685 680/680/680 781/781/781
f 686/686/686 681/681/681 680/680/680 685/685/685
f 866/866/866 682/682/682 681/681/681
f 686/686/686 687/687/687 866/866/866
f 681/681/681 686/686/686 866/866/866
f 867/867/867 865/865/865 682/682/682 866/866/866
f 864/864/864 867/867/867 866/866/866 687/687/687
f 689/689/689 785/785/785 786/786/786 784/784/784
f 785/785/785 684/684/684 780/780/780 786/786/786
f 785/785/785 689/689/689 690/690/690
f 685/685/685 684/684/684 785/785/785
f 690/690/690 685/685/685 785/785/785
f 691/691/691 686/686/686 685/685/685 690/690/690
f 692/692/692 687/687/687 686/686/686 691/691/691
f 694/694/694 788/788/788 789/789/789 787/787/787
f 788/788/788 689/689/689 784/784/784 789/789/789
f 788/788/788 694/694/694 695/695/695
f 690/690/690 689/689/689 788/788/788
f 695/695/695 690/690/690 788/788/788
f 696/696/696 691/691/691 690/690/690 695/695/695
f 862/862/862 692/692/692 691/691/691
f 696/696/696 697/697/697 862/862/862
f 691/691/691 696/696/696 862/862/862
f 863/863/863 861/861/861 692/692/692 862/862/862
f 858/858/858 863/863/863 862/862/862 697/697/697
f 700/700/700 791/791/791 792/792/792 790/790/790
f 791/791/791 694/694/694 787/787/787 792/792/792
f 791/791/791 700/700/700 701/701/701
f 695/695/695 694/694/694 791/791/791
f 701/701/701 695/695/695 791/791/791
f 702/702/702 696/696/696 695/695/695 701/701/701
f 859/859/859 697/697/697 696/696/696
f 702/702/702 703/703/703 859/859/859
f 696/696/696 702/702/702 859/859/859
f 860/860/860 858/858/858 697/697/697 859/859/859
f 855/855/855 860/860/860 859/859/859 703/703/703
f 705/705/705 794/794/794 795/795/795 793/793/793
f 794/794/794 700/700/700 790/790/790 795/795/795
f 794/794/794 705/705/705 706/706/706
f 701/701/701 700/700/700 794/794/794
f 706/706/706 701/701/701 794/794/794
f 707/707/707 702/702/702 701/701/701 706/706/706
f 856/856/856 703/703/703 702/702/702
f 707/707/707 708/708/708 856/856/856
f 702/702/702 707/707/707 856/856/856
f 857/857/857 855/855/855 703/703/703 856/856/856
f 854/854/854 857/857/857 856/856/856 708/708/708
f 710/710/710 797/797/797 798/798/798 796/796/796
f 797/797/797 705/705/705 793/793/793 798/798/798
f 797/797/797 710/710/710 711/711/711
f 706/706/706 705/705/705 797/797/797
f 711/711/711 706/706/706 797/797/797
f 712/712/712 707/707/707 706/706/706 711/711/711
f 713/713/713 708/708/708 707/707/707 712/712/712
f 715/715/715 800/800/800 801/801/801 799/799/799
f 800/800/800 710/710/710 796/796/796 801/801/801
f 800/800/800 715/715/715 716/716/716
f 711/711/711 710/710/710 800/800/800
f 716/716/716 711/711/711 800/800/800
f 717/717/717 712/712/712 711/711/711 716/716/716
f 852/852/852 713/713/713 712/712/712
f 717/717/717 718/718/718 852/852/852
f 712/712/712 717/717/717 852/852/852
f 853/853/853 851/851/851 713/713/713 852/852/852
f 848/848/848 853/853/853 852/852/852 718/718/718
f 721/721/721 803/803/803 804/804/804 802/802/802
f 803/803/803 715/715/715 799/799/799 804/804/804
f 803/803/803 721/721/721 722/722/722
f 716/716/716 715/715/715 803/803/803
f 722/722/722 716/716/716 803/803/803
f 723/723/723 717/717/717 716/716/716 722/722/722
f 849/849/849 718/718/718 717/717/717
f 723/723/723 724/724/724 849/849/849
f 717/717/717 723/723/723 849/849/849
f 850/850/850 848/848/848 718/718/718 849/849/849
f 845/845/845 850/850/850 849/849/849 724/724/724
f 726/726/726 806/806/806 807/807/807 805/805/805
f 806/806/806 721/721/721 802/802/802 807/807/807
f 806/806/806 726/726/726 727/727/727
f 722/722/722 721/721/721 806/806/806
f 727/727/727 722/722/722 806/806/806
f 728/728/728 723/723/723 722/722/722 727/727/727
f 846/846/846 724/724/724 723/723/723
f 728/728/728 729/729/729 846/846/846
f 723/723/723 728/728/728 846/846/846
f 847/847/847 845/845/845 724/724/724 846/846/846
f 844/844/844 847/847/847 846/846/846 729/729/729
f 731/731/731 809/809/809 810/810/810 808/808/808
f 809/809/809 726/726/726 805/805/805 810/810/810
f 809/809/809 731/731/731 732/732/732
f 727/727/727 726/726/726 809/809/809
f 732/732/732 727/727/727 809/809/809
f 733/733/733 728/728/728 727/727/727 732/732/732
f 734/734/734 729/729/729 728/728/728 733/733/733
f 736/736/736 812/812/812 813/813/813 811/811/811
f 812/812/812 731/731/731 808/808/808 813/813/813
f 812/812/812 736/736/736 737/737/737
f 732/732/732 731/731/731 812/812/812
f 737/737/737 732/732/732 812/812/812
f 738/738/738 733/733/733 732/732/732 737/737/737
f 842/842/842 734/734/734 733/733/733
f 738/738/738 739/739/739 842/842/842
f 733/733/733 738/738/738 842/842/842
f 843/843/843 841/841/841 734/734/734 842/842/842
f 838/838/838 843/843/843 842/842/842 739/739/739
f 743/743/743 737/737/737 736/736/736 742/742/742
f 744/744/744 738/738/738 737/737/737 743/743/743
f 839/839/839 739/739/739 738/738/738
f 744/744/744 745/745/745 839/839/839
f 738/738/738 744/744/744 839/839/839
f 840/840/840 838/838/838 739/739/739 839/839/839
f 835/835/835 840/840/840 839/839/839 745/745/745
f 747/747/747 815/815/815 817/817/817 814/814/814
f 815/815/815 742/742/742 816/816/816 817/817/817
f 815/815/815 747/747/747 748/748/748
f 743/743/743 742/742/742 815/815/815
f 748/748/748 743/743/743 815/815/815
f 749/749/749 744/744/744 743/743/743 748/748/748
f 836/836/836 745/745/745 744/744/744
f 749/749/749 750/750/750 836/836/836
f 744/744/744 749/749/749 836/836/836
f 837/837/837 835/835/835 745/745/745 836/836/836
f 834/834/834 837/837/837 836/836/836 750/750/750
f 752/752/752 819/819/819 820/820/820 818/818/818
f 819/819/819 747/747/747 814/814/814 820/820/820
f 819/819/819 752/752/752 753/753/753
f 748/748/748 747/747/747 819/819/819
f 753/753/753 748/748/748 819/819/819
f 754/754/754 749/749/749 748/748/748 753/753/753
f 755/755/755 750/750/750 749/749/749 754/754/754
f 757/757/757 822/822/822 823/823/823 821/821/821
f 822/822/822 752/752/752 818/818/818 823/823/823
f 822/822/822 757/757/757 758/758/758
f 753/753/753 752/752/752 822/822/822
f 758/758/758 753/753/753 822/822/822
f 759/759/759 754/754/754 753/753/753 758/758/758
f 832/832/832 755/755/755 754/754/754
f 759/759/759 760/760/760 832/832/832
f 754/754/754 759/759/759 832/832/832
f 833/833/833 831/831/831 755/755/755 832/832/832
f 828/828/828 833/833/833 832/832/832 760/760/760
f 763/763/763 825/825/825 826/826/826 824/824/824
f 825/825/825 757/757/757 821/821/821 826/826/826
f 825/825/825 763/763/763 764/764/764
f 758/758/758 757/757/757 825/825/825
f 764/764/764 758/758/758 825/825/825
f 765/765/765 759/759/759 758/758/758 764/764/764
f 829/829/829 760/760/760 759/759/759
f 765/765/765 766/766/766 829/829/829
f 759/759/759 765/765/765 829/829/829
f 830/830/830 828/828/828 760/760/760 829/829/829
f 827/827/827 830/830/830 829/829/829 766/766/766
f 783/783/783 782/782/782 678/678/678
f 678/678/678 768/768/768 783/783/783
f 768/768/768 769/769/769 786/786/786 780/780/780
f 769/769/769 770/770/770 789/789/789 784/784/784
f 770/770/770 699/699/699 792/792/792 787/787/787
f 768/768/768 780/780/780 783/783/783
f 787/787/787 789/789/789 770/770/770
f 784/784/784 786/786/786 769/769/769
f 792/792/792 699/699/699 790/790/790
f 790/790/790 699/699/699 795/795/795
f 771/771/771 795/795/795 699/699/699
f 771/771/771 793/793/793 795/795/795
f 771/771/771 772/772/772 798/798/798 793/793/793
f 772/772/772 773/773/773 801/801/801 796/796/796
f 773/773/773 720/720/720 804/804/804 799/799/799
f 772/772/772 796/796/796 798/798/798
f 773/773/773 799/799/799 801/801/801
f 720/720/720 802/802/802 804/804/804
f 802/802/802 720/720/720 807/807/807
f 683/683/683 865/865/865 867/867/867
f 692/692/692 861/861/861 864/864/864 687/687/687
f 861/861/861 693/693/693 688/688/688 864/864/864
f 688/688/688 867/867/867 864/864/864
f 688/688/688 683/683/683 867/867/867
f 698/698/698 863/863/863 858/858/858
f 704/704/704 698/698/698 860/860/860
f 858/858/858 860/860/860 698/698/698
f 693/693/693 863/863/863 698/698/698
f 861/861/861 863/863/863 693/693/693
f 704/704/704 855/855/855 857/857/857
f 713/713/713 851/851/851 854/854/854 708/708/708
f 851/851/851 714/714/714 709/709/709 854/854/854
f 709/709/709 857/857/857 854/854/854
f 709/709/709 704/704/704 857/857/857
f 719/719/719 853/853/853 848/848/848
f 725/725/725 719/719/719 850/850/850 845/845/845
f 848/848/848 850/850/850 719/719/719
f 714/714/714 853/853/853 719/719/719
f 851/851/851 853/853/853 714/714/714
f 860/860/860 855/855/855 704/704/704
f 805/805/805 807/807/807 774/774/774
f 720/720/720 774/774/774 807/807/807
f 774/774/774 810/810/810 805/805/805
f 775/775/775 810/810/810 774/774/774
f 775/775/775 776/776/776 813/813/813 808/808/808
f 776/776/776 741/741/741 816/816/816 811/811/811
f 775/775/775 808/808/808 810/810/810
f 776/776/776 811/811/811 813/813/813
f 736/736/736 811/811/811 816/816/816 742/742/742
f 816/816/816 741/741/741 817/817/817
f 814/814/814 817/817/817 777/777/777
f 777/777/777 820/820/820 814/814/814
f 778/778/778 820/820/820 777/777/777
f 778/778/778 779/779/779 823/823/823 818/818/818
f 779/779/779 762/762/762 826/826/826 821/821/821
f 778/778/778 818/818/818 820/820/820
f 779/779/779 821/821/821 823/823/823
f 762/762/762 824/824/824 826/826/826
f 777/777/777 817/817/817 741/741/741
f 725/725/725 845/845/845 847/847/847
f 730/730/730 847/847/847 844/844/844
f 735/735/735 841/841/841 843/843/843
f 734/734/734 841/841/841 844/844/844 729/729/729
f 841/841/841 735/735/735 730/730/730 844/844/844
f 730/730/730 725/725/725 847/847/847
f 740/740/740 838/838/838 840/840/840
f 835/835/835 746/746/746 840/840/840
f 740/740/740 840/840/840 746/746/746
f 843/843/843 740/740/740 735/735/735
f 838/838/838 740/740/740 843/843/843
f 834/834/834 750/750/750 755/755/755 831/831/831
f 751/751/751 837/837/837 834/834/834
f 761/761/761 833/833/833 828/828/828
f 756/756/756 831/831/831 833/833/833
f 831/831/831 756/756/756 751/751/751 834/834/834
f 751/751/751 746/746/746 837/837/837
f 767/767/767 830/830/830 827/827/827
f 830/830/830 767/767/767 761/761/761
f 833/833/833 761/761/761 756/756/756
f 830/830/830 761/761/761 828/828/828
f 835/835/835 837/837/837 746/746/746
f 869/869/869 868/868/868 872/872/872
f 869/869/869 871/871/871 870/870/870
f 873/873/873 868/868/868 881/881/881
f 882/882/882 868/868/868 883/883/883
f 881/881/881 868/868/868 882/882/882
f 880/880/880 877/877/877 881/881/881
f 869/869/869 872/872/872 871/871/871
f 873/873/873 881/881/881 874/874/874
f 881/881/881 877/877/877 874/874/874
f 874/874/874 877/877/877 875/875/875
f 878/878/878 880/880/880 879/879/879
f 878/878/878 877/877/877 880/880/880
f 877/877/877 876/876/876 875/875/875
f 872/872/872 868/868/868 873/873/873
f 885/885/885 899/899/899 884/884/884
f 885/885/885 886/886/886 887/887/887
f 885/885/885 892/892/892 897/897/897
f 898/898/898 899/899/899 885/885/885
f 885/885/885 897/897/897 898/898/898
f 897/897/897 892/892/892 896/896/896
f 887/887/887 888/888/888 885/885/885
f 891/891/891 888/888/888 889/889/889
f 889/889/889 890/890/890 891/891/891
f 885/885/885 891/891/891 892/892/892
f 893/893/893 894/894/894 895/895/895
f 895/895/895 892/892/892 893/893/893
f 895/895/895 896/896/896 892/892/892
f 891/891/891 885/885/885 888/888/888
f 901/901/901 906/906/906 900/900/900
f 902/902/902 900/900/900 906/906/906
f 902/902/902 905/905/905 904/904/904 903/903/903
f 906/906/906 905/905/905 902/902/902
f 907/907/907 908/908/908 909/909/909 912/912/912
f 911/911/911 910/910/910 913/913/913
f 913/913/913 909/909/909 911/911/911
f 912/912/912 909/909/909 913/913/913
f 915/915/915 917/917/917 916/916/916 914/914/914
f 918/918/918 916/916/916 917/917/917 919/919/919
f 921/921/921 926/926/926 920/920/920
f 924/924/924 920/920/920 926/926/926
f 924/924/924 925/925/925 923/923/923 922/922/922
f 926/926/926 925/925/925 924/924/924
f 928/928/928 932/932/932 927/927/927
f 929/929/929 932/932/932 928/928/928
f 933/933/933 929/929/929 931/931/931 930/930/930
f 932/932/932 929/929/929 933/933/933
f 938/938/938 934/934/934 935/935/935
f 937/937/937 936/936/936 938/938/938
f 934/934/934 938/938/938 936/936/936
f 944/944/944 943/943/943 939/939/939 940/940/940
f 943/943/943 944/944/944 942/942/942 941/941/941
f 945/945/945 946/946/946 950/950/950 949/949/949
f 948/948/948 947/947/947 949/949/949 950/950/950
f 956/956/956 955/955/955 951/951/951 952/952/952
f 955/955/955 956/956/956 954/954/954 953/953/953
f 961/961/961 957/957/957 958/958/958
f 960/960/960 959/959/959 961/961/961
f 958/958/958 960/960/960 961/961/961
f 972/972/972 1018/1018/1018 1020/1020/1020 990/990/990
f 973/973/973 1017/1017/1017 1019/1019/1019 993/993/993
f 993/993/993 1019/1019/1019 1018/1018/1018 972/972/972
f 975/975/975 1013/1013/1013 1016/1016/1016 996/996/996
f 996/996/996 1016/1016/1016 1015/1015/1015 974/974/974
f 976/976/976 1012/1012/1012 1014/1014/1014 1000/1000/1000
f 1000/1000/1000 1014/1014/1014 1013/1013/1013 975/975/975
f 978/978/978 1008/1008/1008 1011/1011/1011 1003/1003/1003
f 1003/1003/1003 1011/1011/1011 1010/1010/1010 977/977/977
f 1006/1006/1006 1009/1009/1009 1008/1008/1008 978/978/978
f 989/989/989 972/972/972 990/990/990 991/991/991
f 992/992/992 973/973/973 993/993/993 994/994/994
f 994/994/994 993/993/993 972/972/972 989/989/989
f 995/995/995 975/975/975 996/996/996 998/998/998
f 998/998/998 996/996/996 974/974/974 997/997/997
f 999/999/999 976/976/976 1000/1000/1000 1001/1001/1001
f 1001/1001/1001 1000/1000/1000 975/975/975 995/995/995
f 1002/1002/1002 978/978/978 1003/1003/1003 1005/1005/1005
f 1005/1005/1005 1003/1003/1003 977/977/977 1004/1004/1004
f 1007/1007/1007 1006/1006/1006 978/978/978 1002/1002/1002
f 963/963/963 962/962/962 1020/1020/1020
f 971/971/971 1020/1020/1020 962/962/962
f 1018/1018/1018 963/963/963 1020/1020/1020
f 965/965/965 964/964/964 1017/1017/1017 1015/1015/1015
f 964/964/964 963/963/963 1019/1019/1019
f 963/963/963 1018/1018/1018 1019/1019/1019
f 971/971/971 990/990/990 1020/1020/1020
f 991/991/991 990/990/990 971/971/971
f 1015/1015/1015 1017/1017/1017 973/973/973 974/974/974
f 974/974/974 973/973/973 992/992/992 997/997/997
f 964/964/964 1019/1019/1019 1017/1017/1017
f 1016/1016/1016 965/965/965 1015/1015/1015
f 1014/1014/1014 967/967/967 966/966/966
f 965/965/965 1016/1016/1016 966/966/966
f 968/968/968 967/967/967 1012/1012/1012 1010/1010/1010
f 968/968/968 1011/1011/1011 969/969/969
f 969/969/969 1009/1009/1009 970/970/970
f 1013/1013/1013 966/966/966 1016/1016/1016
f 966/966/966 1013/1013/1013 1014/1014/1014
f 967/967/967 1014/1014/1014 1012/1012/1012
f 968/968/968 1010/1010/1010 1011/1011/1011
f 969/969/969 1008/1008/1008 1009/1009/1009
f 969/969/969 1011/1011/1011 1008/1008/1008
f 1010/1010/1010 1012/1012/1012 976/976/976 977/977/977
f 979/979/979 970/970/970 1009/1009/1009
f 981/981/981 989/989/989 991/991/991
f 981/981/981 994/994/994 989/989/989
f 997/997/997 992/992/992 982/982/982 983/983/983
f 983/983/983 998/998/998 997/997/997
f 992/992/992 994/994/994 982/982/982
f 981/981/981 982/982/982 994/994/994
f 984/984/984 1001/1001/1001 995/995/995
f 998/998/998 984/984/984 995/995/995
f 998/998/998 983/983/983 984/984/984
f 985/985/985 1001/1001/1001 984/984/984
f 980/980/980 981/981/981 991/991/991
f 980/980/980 991/991/991 971/971/971
f 977/977/977 976/976/976 999/999/999 1004/1004/1004
f 1007/1007/1007 979/979/979 1006/1006/1006
f 1009/1009/1009 1006/1006/1006 979/979/979
f 1004/1004/1004 999/999/999 985/985/985 986/986/986
f 1005/1005/1005 1004/1004/1004 986/986/986
f 987/987/987 1005/1005/1005 986/986/986
f 987/987/987 1007/1007/1007 1002/1002/1002
f 1007/1007/1007 987/987/987 988/988/988
f 987/987/987 1002/1002/1002 1005/1005/1005
f 979/979/979 1007/1007/1007 988/988/988
f 985/985/985 999/999/999 1001/1001/1001
f 1029/1029/1029 1047/1047/1047 1048/1048/1048 1040/1040/1040
f 1042/1042/1042 1046/1046/1046 1045/1045/1045 1030/1030/1030
f 1039/1039/1039 1029/1029/1029 1040/1040/1040 1041/1041/1041
f 1044/1044/1044 1042/1042/1042 1030/1030/1030 1043/1043/1043
f 1022/1022/1022 1021/1021/1021 1048/1048/1048
f 1028/1028/1028 1048/1048/1048 1021/1021/1021
f 1047/1047/1047 1022/1022/1022 1048/1048/1048
f 1041/1041/1041 1040/1040/1040 1028/1028/1028
f 1023/1023/1023 1047/1047/1047 1029/1029/1029
f 1028/1028/1028 1040/1040/1040 1048/1048/1048
f 1023/1023/1023 1022/1022/1022 1047/1047/1047
f 1049/1049/1049 1024/1024/1024 1023/1023/1023
f 1045/1045/1045 1026/1026/1026 1025/1025/1025
f 1025/1025/1025 1024/1024/1024 1049/1049/1049 1050/1050/1050
f 1045/1045/1045 1046/1046/1046 1026/1026/1026
f 1031/1031/1031 1027/1027/1027 1046/1046/1046
f 1046/1046/1046 1027/1027/1027 1026/1026/1026
f 1025/1025/1025 1050/1050/1050 1045/1045/1045
f 1049/1049/1049 1023/1023/1023 1029/1029/1029
f 1049/1049/1049 1029/1029/1029 1034/1034/1034
f 1029/1029/1029 1039/1039/1039 1034/1034/1034
f 1033/1033/1033 1039/1039/1039 1041/1041/1041
f 1049/1049/1049 1034/1034/1034 1035/1035/1035
f 1041/1041/1041 1032/1032/1032 1033/1033/1033
f 1050/1050/1050 1049/1049/1049 1035/1035/1035 1036/1036/1036
f 1039/1039/1039 1033/1033/1033 1034/1034/1034
f 1032/1032/1032 1041/1041/1041 1028/1028/1028
f 1043/1043/1043 1030/1030/1030 1050/1050/1050
f 1046/1046/1046 1042/1042/1042 1031/1031/1031
f 1042/1042/1042 1044/1044/1044 1031/1031/1031
f 1043/1043/1043 1037/1037/1037 1044/1044/1044
f 1031/1031/1031 1044/1044/1044 1038/1038/1038
f 1037/1037/1037 1038/1038/1038 1044/1044/1044
f 1036/1036/1036 1037/1037/1037 1043/1043/1043
f 1043/1043/1043 1050/1050/1050 1036/1036/1036
f 1045/1045/1045 1050/1050/1050 1030/1030/1030
f 1052/1052/1052 1051/1051/1051 1056/1056/1056
f 1052/1052/1052 1059/1059/1059 1060/1060/1060 1063/1063/1063
f 1054/1054/1054 1053/1053/1053 1063/1063/1063 1064/1064/1064
f 1055/1055/1055 1054/1054/1054 1064/1064/1064 1057/1057/1057
f 1063/1063/1063 1053/1053/1053 1052/1052/1052
f 1059/1059/1059 1052/1052/1052 1056/1056/1056 1058/1058/1058
f 1064/1064/1064 1063/1063/1063 1060/1060/1060 1061/1061/1061
f 1057/1057/1057 1064/1064/1064 1061/1061/1061 1062/1062/1062
f 1066/1066/1066 1065/1065/1065 1070/1070/1070
f 1066/1066/1066 1073/1073/1073 1077/1077/1077 1067/1067/1067
f 1068/1068/1068 1067/1067/1067 1077/1077/1077 1078/1078/1078
f 1069/1069/1069 1068/1068/1068 1078/1078/1078 1071/1071/1071
f 1073/1073/1073 1066/1066/1066 1070/1070/1070
f 1073/1073/1073 1074/1074/1074 1077/1077/1077
f 1078/1078/1078 1077/1077/1077 1074/1074/1074 1075/1075/1075
f 1071/1071/1071 1078/1078/1078 1075/1075/1075 1076/1076/1076
f 1072/1072/1072 1073/1073/1073 1070/1070/1070
f 1080/1080/1080 1084/1084/1084 1079/1079/1079
f 1083/1083/1083 1079/1079/1079 1084/1084/1084
f 1085/1085/1085 1084/1084/1084 1080/1080/1080
f 1079/1079/1079 1083/1083/1083 1081/1081/1081
f 1080/1080/1080 1082/1082/1082 1085/1085/1085
f 1087/1087/1087 1089/1089/1089 1088/1088/1088 1086/1086/1086
f 1090/1090/1090 1088/1088/1088 1089/1089/1089 1091/1091/1091
f 1093/1093/1093 1095/1095/1095 1094/1094/1094 1092/1092/1092
f 1110/1110/1110 1106/1106/1106 1105/1105/1105 1109/1109/1109
f 1106/1106/1106 1108/1108/1108 1107/1107/1107 1105/1105/1105
f 1098/1098/1098 1096/1096/1096 1097/1097/1097 1099/1099/1099
f 1100/1100/1100 1098/1098/1098 1107/1107/1107
f 1107/1107/1107 1098/1098/1098 1105/1105/1105
f 1099/1099/1099 1109/1109/1109 1105/1105/1105
f 1099/1099/1099 1105/1105/1105 1098/1098/1098
f 1101/1101/1101 1109/1109/1109 1099/1099/1099
f 1102/1102/1102 1100/1100/1100 1108/1108/1108
f 1107/1107/1107 1108/1108/1108 1100/1100/1100
f 1102/1102/1102 1108/1108/1108 1106/1106/1106 1103/1103/1103
f 1110/1110/1110 1103/1103/1103 1106/1106/1106
f 1110/1110/1110 1101/1101/1101 1104/1104/1104
f 1110/1110/1110 1104/1104/1104 1103/1103/1103
f 1109/1109/1109 1101/1101/1101 1110/1110/1110
f 1115/1115/1115 1180/1180/1180 1182/1182/1182 1179/1179/1179
f 1180/1180/1180 1112/1112/1112 1181/1181/1181 1182/1182/1182
f 1263/1263/1263 1113/1113/1113 1112/1112/1112 1180/1180/1180
f 1180/1180/1180 1115/1115/1115 1116/1116/1116 1263/1263/1263
f 1264/1264/1264 1262/1262/1262 1113/1113/1113 1263/1263/1263
f 1261/1261/1261 1264/1264/1264 1263/1263/1263 1116/1116/1116
f 1118/1118/1118 1184/1184/1184 1185/1185/1185 1183/1183/1183
f 1184/1184/1184 1115/1115/1115 1179/1179/1179 1185/1185/1185
f 1184/1184/1184 1118/1118/1118 1119/1119/1119
f 1116/1116/1116 1115/1115/1115 1184/1184/1184
f 1119/1119/1119 1116/1116/1116 1184/1184/1184
f 1121/1121/1121 1187/1187/1187 1188/1188/1188 1186/1186/1186
f 1187/1187/1187 1118/1118/1118 1183/1183/1183 1188/1188/1188
f 1259/1259/1259 1119/1119/1119 1118/1118/1118 1187/1187/1187
f 1187/1187/1187 1121/1121/1121 1122/1122/1122 1259/1259/1259
f 1260/1260/1260 1258/1258/1258 1119/1119/1119 1259/1259/1259
f 1255/1255/1255 1260/1260/1260 1259/1259/1259 1122/1122/1122
f 1256/1256/1256 1122/1122/1122 1121/1121/1121
f 1125/1125/1125 1126/1126/1126 1256/1256/1256
f 1121/1121/1121 1125/1125/1125 1256/1256/1256
f 1257/1257/1257 1255/1255/1255 1122/1122/1122 1256/1256/1256
f 1252/1252/1252 1257/1257/1257 1256/1256/1256 1126/1126/1126
f 1128/1128/1128 1190/1190/1190 1192/1192/1192 1189/1189/1189
f 1190/1190/1190 1125/1125/1125 1191/1191/1191 1192/1192/1192
f 1253/1253/1253 1126/1126/1126 1125/1125/1125 1190/1190/1190
f 1190/1190/1190 1128/1128/1128 1129/1129/1129 1253/1253/1253
f 1254/1254/1254 1252/1252/1252 1126/1126/1126 1253/1253/1253
f 1251/1251/1251 1254/1254/1254 1253/1253/1253 1129/1129/1129
f 1131/1131/1131 1194/1194/1194 1195/1195/1195 1193/1193/1193
f 1194/1194/1194 1128/1128/1128 1189/1189/1189 1195/1195/1195
f 1194/1194/1194 1131/1131/1131 1132/1132/1132
f 1129/1129/1129 1128/1128/1128 1194/1194/1194
f 1132/1132/1132 1129/1129/1129 1194/1194/1194
f 1134/1134/1134 1197/1197/1197 1198/1198/1198 1196/1196/1196
f 1197/1197/1197 1131/1131/1131 1193/1193/1193 1198/1198/1198
f 1249/1249/1249 1132/1132/1132 1131/1131/1131 1197/1197/1197
f 1197/1197/1197 1134/1134/1134 1135/1135/1135 1249/1249/1249
f 1250/1250/1250 1248/1248/1248 1132/1132/1132 1249/1249/1249
f 1245/1245/1245 1250/1250/1250 1249/1249/1249 1135/1135/1135
f 1246/1246/1246 1135/1135/1135 1134/1134/1134
f 1138/1138/1138 1139/1139/1139 1246/1246/1246
f 1134/1134/1134 1138/1138/1138 1246/1246/1246
f 1247/1247/1247 1245/1245/1245 1135/1135/1135 1246/1246/1246
f 1242/1242/1242 1247/1247/1247 1246/1246/1246 1139/1139/1139
f 1141/1141/1141 1200/1200/1200 1202/1202/1202 1199/1199/1199
f 1200/1200/1200 1138/1138/1138 1201/1201/1201 1202/1202/1202
f 1243/1243/1243 1139/1139/1139 1138/1138/1138 1200/1200/1200
f 1200/1200/1200 1141/1141/1141 1142/1142/1142 1243/1243/1243
f 1244/1244/1244 1242/1242/1242 1139/1139/1139 1243/1243/1243
f 1241/1241/1241 1244/1244/1244 1243/1243/1243 1142/1142/1142
f 1144/1144/1144 1204/1204/1204 1205/1205/1205 1203/1203/1203
f 1204/1204/1204 1141/1141/1141 1199/1199/1199 1205/1205/1205
f 1204/1204/1204 1144/1144/1144 1145/1145/1145
f 1142/1142/1142 1141/1141/1141 1204/1204/1204
f 1145/1145/1145 1142/1142/1142 1204/1204/1204
f 1147/1147/1147 1207/1207/1207 1208/1208/1208 1206/1206/1206
f 1207/1207/1207 1144/1144/1144 1203/1203/1203 1208/1208/1208
f 1239/1239/1239 1145/1145/1145 1144/1144/1144 1207/1207/1207
f 1207/1207/1207 1147/1147/1147 1148/1148/1148 1239/1239/1239
f 1240/1240/1240 1238/1238/1238 1145/1145/1145 1239/1239/1239
f 1235/1235/1235 1240/1240/1240 1239/1239/1239 1148/1148/1148
f 1151/1151/1151 1210/1210/1210 1211/1211/1211 1209/1209/1209
f 1210/1210/1210 1147/1147/1147 1206/1206/1206 1211/1211/1211
f 1236/1236/1236 1148/1148/1148 1147/1147/1147 1210/1210/1210
f 1210/1210/1210 1151/1151/1151 1152/1152/1152 1236/1236/1236
f 1237/1237/1237 1235/1235/1235 1148/1148/1148 1236/1236/1236
f 1232/1232/1232 1237/1237/1237 1236/1236/1236 1152/1152/1152
f 1154/1154/1154 1213/1213/1213 1214/1214/1214 1212/1212/1212
f 1213/1213/1213 1151/1151/1151 1209/1209/1209 1214/1214/1214
f 1233/1233/1233 1152/1152/1152 1151/1151/1151 1213/1213/1213
f 1213/1213/1213 1154/1154/1154 1155/1155/1155 1233/1233/1233
f 1234/1234/1234 1232/1232/1232 1152/1152/1152 1233/1233/1233
f 1231/1231/1231 1234/1234/1234 1233/1233/1233 1155/1155/1155
f 1157/1157/1157 1216/1216/1216 1217/1217/1217 1215/1215/1215
f 1216/1216/1216 1154/1154/1154 1212/1212/1212 1217/1217/1217
f 1216/1216/1216 1157/1157/1157 1158/1158/1158
f 1155/1155/1155 1154/1154/1154 1216/1216/1216
f 1158/1158/1158 1155/1155/1155 1216/1216/1216
f 1160/1160/1160 1219/1219/1219 1220/1220/1220 1218/1218/1218
f 1219/1219/1219 1157/1157/1157 1215/1215/1215 1220/1220/1220
f 1229/1229/1229 1158/1158/1158 1157/1157/1157 1219/1219/1219
f 1219/1219/1219 1160/1160/1160 1161/1161/1161 1229/1229/1229
f 1230/1230/1230 1228/1228/1228 1158/1158/1158 1229/1229/1229
f 1225/1225/1225 1230/1230/1230 1229/1229/1229 1161/1161/1161
f 1164/1164/1164 1222/1222/1222 1223/1223/1223 1221/1221/1221
f 1222/1222/1222 1160/1160/1160 1218/1218/1218 1223/1223/1223
f 1226/1226/1226 1161/1161/1161 1160/1160/1160 1222/1222/1222
f 1222/1222/1222 1164/1164/1164 1165/1165/1165 1226/1226/1226
f 1227/1227/1227 1225/1225/1225 1161/1161/1161 1226/1226/1226
f 1224/1224/1224 1227/1227/1227 1226/1226/1226 1165/1165/1165
f 1182/1182/1182 1181/1181/1181 1111/1111/1111
f 1111/1111/1111 1167/1167/1167 1182/1182/1182
f 1167/1167/1167 1168/1168/1168 1185/1185/1185 1179/1179/1179
f 1168/1168/1168 1169/1169/1169 1188/1188/1188 1183/1183/1183
f 1169/1169/1169 1124/1124/1124 1191/1191/1191 1186/1186/1186
f 1167/1167/1167 1179/1179/1179 1182/1182/1182
f 1121/1121/1121 1186/1186/1186 1191/1191/1191 1125/1125/1125
f 1186/1186/1186 1188/1188/1188 1169/1169/1169
f 1183/1183/1183 1185/1185/1185 1168/1168/1168
f 1191/1191/1191 1124/1124/1124 1192/1192/1192
f 1170/1170/1170 1192/1192/1192 1124/1124/1124
f 1170/1170/1170 1189/1189/1189 1192/1192/1192
f 1170/1170/1170 1171/1171/1171 1195/1195/1195 1189/1189/1189
f 1171/1171/1171 1172/1172/1172 1198/1198/1198 1193/1193/1193
f 1172/1172/1172 1137/1137/1137 1201/1201/1201 1196/1196/1196
f 1196/1196/1196 1198/1198/1198 1172/1172/1172
f 1193/1193/1193 1195/1195/1195 1171/1171/1171
f 1134/1134/1134 1196/1196/1196 1201/1201/1201 1138/1138/1138
f 1201/1201/1201 1137/1137/1137 1202/1202/1202
f 1114/1114/1114 1262/1262/1262 1264/1264/1264
f 1119/1119/1119 1258/1258/1258 1261/1261/1261 1116/1116/1116
f 1258/1258/1258 1120/1120/1120 1117/1117/1117 1261/1261/1261
f 1117/1117/1117 1264/1264/1264 1261/1261/1261
f 1117/1117/1117 1114/1114/1114 1264/1264/1264
f 1123/1123/1123 1260/1260/1260 1255/1255/1255
f 1127/1127/1127 1123/1123/1123 1257/1257/1257
f 1255/1255/1255 1257/1257/1257 1123/1123/1123
f 1120/1120/1120 1260/1260/1260 1123/1123/1123
f 1258/1258/1258 1260/1260/1260 1120/1120/1120
f 1127/1127/1127 1252/1252/1252 1254/1254/1254
f 1251/1251/1251 1129/1129/1129 1132/1132/1132 1248/1248/1248
f 1248/1248/1248 1133/1133/1133 1130/1130/1130 1251/1251/1251
f 1130/1130/1130 1254/1254/1254 1251/1251/1251
f 1130/1130/1130 1127/1127/1127 1254/1254/1254
f 1136/1136/1136 1250/1250/1250 1245/1245/1245
f 1140/1140/1140 1136/1136/1136 1247/1247/1247
f 1245/1245/1245 1247/1247/1247 1136/1136/1136
f 1133/1133/1133 1250/1250/1250 1136/1136/1136
f 1248/1248/1248 1250/1250/1250 1133/1133/1133
f 1257/1257/1257 1252/1252/1252 1127/1127/1127
f 1199/1199/1199 1202/1202/1202 1173/1173/1173
f 1173/1173/1173 1205/1205/1205 1199/1199/1199
f 1174/1174/1174 1205/1205/1205 1173/1173/1173
f 1174/1174/1174 1175/1175/1175 1208/1208/1208 1203/1203/1203
f 1175/1175/1175 1150/1150/1150 1211/1211/1211 1206/1206/1206
f 1206/1206/1206 1208/1208/1208 1175/1175/1175
f 1203/1203/1203 1205/1205/1205 1174/1174/1174
f 1211/1211/1211 1150/1150/1150 1209/1209/1209
f 1173/1173/1173 1202/1202/1202 1137/1137/1137
f 1209/1209/1209 1150/1150/1150 1214/1214/1214
f 1176/1176/1176 1214/1214/1214 1150/1150/1150
f 1176/1176/1176 1212/1212/1212 1214/1214/1214
f 1176/1176/1176 1177/1177/1177 1217/1217/1217 1212/1212/1212
f 1177/1177/1177 1178/1178/1178 1220/1220/1220 1215/1215/1215
f 1178/1178/1178 1163/1163/1163 1223/1223/1223 1218/1218/1218
f 1177/1177/1177 1215/1215/1215 1217/1217/1217
f 1178/1178/1178 1218/1218/1218 1220/1220/1220
f 1163/1163/1163 1221/1221/1221 1223/1223/1223
f 1140/1140/1140 1242/1242/1242 1244/1244/1244
f 1143/1143/1143 1244/1244/1244 1241/1241/1241
f 1146/1146/1146 1238/1238/1238 1240/1240/1240
f 1145/1145/1145 1238/1238/1238 1241/1241/1241 1142/1142/1142
f 1238/1238/1238 1146/1146/1146 1143/1143/1143 1241/1241/1241
f 1143/1143/1143 1140/1140/1140 1244/1244/1244
f 1149/1149/1149 1235/1235/1235 1237/1237/1237
f 1232/1232/1232 1153/1153/1153 1237/1237/1237
f 1149/1149/1149 1237/1237/1237 1153/1153/1153
f 1240/1240/1240 1149/1149/1149 1146/1146/1146
f 1235/1235/1235 1149/1149/1149 1240/1240/1240
f 1247/1247/1247 1242/1242/1242 1140/1140/1140
f 1231/1231/1231 1155/1155/1155 1158/1158/1158 1228/1228/1228
f 1156/1156/1156 1234/1234/1234 1231/1231/1231
f 1162/1162/1162 1230/1230/1230 1225/1225/1225
f 1159/1159/1159 1228/1228/1228 1230/1230/1230
f 1228/1228/1228 1159/1159/1159 1156/1156/1156 1231/1231/1231
f 1156/1156/1156 1153/1153/1153 1234/1234/1234
f 1166/1166/1166 1227/1227/1227 1224/1224/1224
f 1166/1166/1166 1162/1162/1162 1225/1225/1225 1227/1227/1227
f 1230/1230/1230 1162/1162/1162 1159/1159/1159
f 1232/1232/1232 1234/1234/1234 1153/1153/1153
f 1276/1276/1276 1274/1274/1274 1275/1275/1275
f 1271/1271/1271 1274/1274/1274 1276/1276/1276
f 1271/1271/1271 1276/1276/1276 1269/1269/1269
f 1271/1271/1271 1272/1272/1272 1273/1273/1273
f 1274/1274/1274 1271/1271/1271 1273/1273/1273
f 1270/1270/1270 1271/1271/1271 1269/1269/1269
f 1278/1278/1278 1276/1276/1276 1277/1277/1277
f 1276/1276/1276 1279/1279/1279 1265/1265/1265
f 1279/1279/1279 1280/1280/1280 1265/1265/1265
f 1265/1265/1265 1268/1268/1268 1276/1276/1276
f 1269/1269/1269 1276/1276/1276 1268/1268/1268
f 1268/1268/1268 1266/1266/1266 1267/1267/1267
f 1268/1268/1268 1265/1265/1265 1266/1266/1266
f 1279/1279/1279 1276/1276/1276 1278/1278/1278
f 1281/1281/1281 1282/1282/1282 1283/1283/1283
f 1284/1284/1284 1283/1283/1283 1282/1282/1282
f 1283/1283/1283 1292/1292/1292 1296/1296/1296
f 1283/1283/1283 1284/1284/1284 1290/1290/1290
f 1295/1295/1295 1293/1293/1293 1294/1294/1294
f 1296/1296/1296 1292/1292/1292 1295/1295/1295
f 1288/1288/1288 1284/1284/1284 1285/1285/1285
f 1285/1285/1285 1287/1287/1287 1288/1288/1288
f 1288/1288/1288 1289/1289/1289 1284/1284/1284
f 1284/1284/1284 1289/1289/1289 1290/1290/1290
f 1292/1292/1292 1293/1293/1293 1295/1295/1295
f 1291/1291/1291 1292/1292/1292 1283/1283/1283
f 1283/1283/1283 1290/1290/1290 1291/1291/1291
f 1286/1286/1286 1287/1287/1287 1285/1285/1285
f 1298/1298/1298 1301/1301/1301 1300/1300/1300
f 1297/1297/1297 1299/1299/1299 1300/1300/1300
f 1298/1298/1298 1300/1300/1300 1299/1299/1299
f 1362/1362/1362 1358/1358/1358 1302/1302/1302
f 1360/1360/1360 1362/1362/1362 1357/1357/1357
f 1358/1358/1358 1362/1362/1362 1360/1360/1360
f 1366/1366/1366 1363/1363/1363 1365/1365/1365
f 1303/1303/1303 1366/1366/1366 1364/1364/1364
f 1363/1363/1363 1366/1366/1366 1303/1303/1303
f 1304/1304/1304 1368/1368/1368 1370/1370/1370 1369/1369/1369
f 1367/1367/1367 1370/1370/1370 1364/1364/1364
f 1358/1358/1358 1367/1367/1367 1302/1302/1302
f 1370/1370/1370 1367/1367/1367 1358/1358/1358
f 1368/1368/1368 1303/1303/1303 1364/1364/1364 1370/1370/1370
f 1456/1456/1456 1455/1455/1455 1452/1452/1452 1454/1454/1454
f 1453/1453/1453 1451/1451/1451 1455/1455/1455 1456/1456/1456
f 1455/1455/1455 1369/1369/1369 1452/1452/1452
f 1304/1304/1304 1455/1455/1455 1451/1451/1451
f 1369/1369/1369 1455/1455/1455 1304/1304/1304
f 1457/1457/1457 1368/1368/1368 1304/1304/1304
f 1368/1368/1368 1307/1307/1307 1303/1303/1303
f 1307/1307/1307 1457/1457/1457 1308/1308/1308
f 1457/1457/1457 1307/1307/1307 1368/1368/1368
f 1458/1458/1458 1457/1457/1457 1304/1304/1304 1451/1451/1451
f 1448/1448/1448 1308/1308/1308 1457/1457/1457 1458/1458/1458
f 1311/1311/1311 1389/1389/1389 1392/1392/1392 1390/1390/1390
f 1390/1390/1390 1392/1392/1392 1391/1391/1391 1307/1307/1307
f 1449/1449/1449 1390/1390/1390 1307/1307/1307 1308/1308/1308
f 1390/1390/1390 1449/1449/1449 1312/1312/1312 1311/1311/1311
f 1450/1450/1450 1449/1449/1449 1308/1308/1308 1448/1448/1448
f 1445/1445/1445 1312/1312/1312 1449/1449/1449 1450/1450/1450
f 1315/1315/1315 1393/1393/1393 1395/1395/1395 1394/1394/1394
f 1394/1394/1394 1395/1395/1395 1389/1389/1389 1311/1311/1311
f 1446/1446/1446 1394/1394/1394 1311/1311/1311 1312/1312/1312
f 1394/1394/1394 1446/1446/1446 1316/1316/1316 1315/1315/1315
f 1447/1447/1447 1446/1446/1446 1312/1312/1312 1445/1445/1445
f 1444/1444/1444 1316/1316/1316 1446/1446/1446 1447/1447/1447
f 1320/1320/1320 1319/1319/1319 1315/1315/1315 1316/1316/1316
f 1323/1323/1323 1396/1396/1396 1399/1399/1399 1397/1397/1397
f 1397/1397/1397 1399/1399/1399 1398/1398/1398 1319/1319/1319
f 1442/1442/1442 1397/1397/1397 1319/1319/1319 1320/1320/1320
f 1397/1397/1397 1442/1442/1442 1324/1324/1324 1323/1323/1323
f 1443/1443/1443 1442/1442/1442 1320/1320/1320 1441/1441/1441
f 1438/1438/1438 1324/1324/1324 1442/1442/1442 1443/1443/1443
f 1327/1327/1327 1400/1400/1400 1402/1402/1402 1401/1401/1401
f 1401/1401/1401 1402/1402/1402 1396/1396/1396 1323/1323/1323
f 1439/1439/1439 1401/1401/1401 1323/1323/1323 1324/1324/1324
f 1401/1401/1401 1439/1439/1439 1328/1328/1328 1327/1327/1327
f 1440/1440/1440 1439/1439/1439 1324/1324/1324 1438/1438/1438
f 1435/1435/1435 1328/1328/1328 1439/1439/1439 1440/1440/1440
f 1331/1331/1331 1403/1403/1403 1405/1405/1405 1404/1404/1404
f 1404/1404/1404 1405/1405/1405 1400/1400/1400 1327/1327/1327
f 1436/1436/1436 1404/1404/1404 1327/1327/1327 1328/1328/1328
f 1404/1404/1404 1436/1436/1436 1332/1332/1332 1331/1331/1331
f 1437/1437/1437 1436/1436/1436 1328/1328/1328 1435/1435/1435
f 1434/1434/1434 1332/1332/1332 1436/1436/1436 1437/1437/1437
f 1336/1336/1336 1335/1335/1335 1331/1331/1331 1332/1332/1332
f 1339/1339/1339 1406/1406/1406 1409/1409/1409 1407/1407/1407
f 1407/1407/1407 1409/1409/1409 1408/1408/1408 1335/1335/1335
f 1432/1432/1432 1407/1407/1407 1335/1335/1335 1336/1336/1336
f 1407/1407/1407 1432/1432/1432 1340/1340/1340 1339/1339/1339
f 1433/1433/1433 1432/1432/1432 1336/1336/1336 1431/1431/1431
f 1428/1428/1428 1340/1340/1340 1432/1432/1432 1433/1433/1433
f 1343/1343/1343 1410/1410/1410 1412/1412/1412 1411/1411/1411
f 1411/1411/1411 1412/1412/1412 1406/1406/1406 1339/1339/1339
f 1429/1429/1429 1411/1411/1411 1339/1339/1339 1340/1340/1340
f 1411/1411/1411 1429/1429/1429 1344/1344/1344 1343/1343/1343
f 1430/1430/1430 1429/1429/1429 1340/1340/1340 1428/1428/1428
f 1425/1425/1425 1344/1344/1344 1429/1429/1429 1430/1430/1430
f 1347/1347/1347 1413/1413/1413 1415/1415/1415 1414/1414/1414
f 1414/1414/1414 1415/1415/1415 1410/1410/1410 1343/1343/1343
f 1426/1426/1426 1414/1414/1414 1343/1343/1343 1344/1344/1344
f 1414/1414/1414 1426/1426/1426 1348/1348/1348 1347/1347/1347
f 1427/1427/1427 1426/1426/1426 1344/1344/1344 1425/1425/1425
f 1424/1424/1424 1348/1348/1348 1426/1426/1426 1427/1427/1427
f 1351/1351/1351 1375/1375/1375 1421/1421/1421 1420/1420/1420
f 1420/1420/1420 1421/1421/1421 1413/1413/1413 1347/1347/1347
f 1420/1420/1420 1380/1380/1380 1351/1351/1351
f 1380/1380/1380 1348/1348/1348 1352/1352/1352
f 1348/1348/1348 1420/1420/1420 1347/1347/1347
f 1420/1420/1420 1348/1348/1348 1380/1380/1380
f 1417/1417/1417 1378/1378/1378 1376/1376/1376
f 1378/1378/1378 1351/1351/1351 1374/1374/1374
f 1351/1351/1351 1417/1417/1417 1375/1375/1375
f 1417/1417/1417 1351/1351/1351 1378/1378/1378
f 1376/1376/1376 1416/1416/1416 1419/1419/1419 1417/1417/1417
f 1417/1417/1417 1419/1419/1419 1418/1418/1418 1375/1375/1375
f 1352/1352/1352 1381/1381/1381 1380/1380/1380
f 1381/1381/1381 1374/1374/1374 1351/1351/1351 1380/1380/1380
f 1377/1377/1377 1379/1379/1379 1353/1353/1353
f 1381/1381/1381 1377/1377/1377 1374/1374/1374
f 1379/1379/1379 1377/1377/1377 1381/1381/1381
f 1382/1382/1382 1384/1384/1384 1361/1361/1361
f 1379/1379/1379 1382/1382/1382 1353/1353/1353
f 1384/1384/1384 1382/1382/1382 1379/1379/1379
f 1366/1366/1366 1385/1385/1385 1356/1356/1356
f 1302/1302/1302 1356/1356/1356 1355/1355/1355
f 1365/1365/1365 1386/1386/1386 1385/1385/1385
f 1354/1354/1354 1357/1357/1357 1355/1355/1355
f 1365/1365/1365 1363/1363/1363 1386/1386/1386
f 1386/1386/1386 1363/1363/1363 1391/1391/1391 1306/1306/1306
f 1364/1364/1364 1366/1366/1366 1356/1356/1356
f 1385/1385/1385 1366/1366/1366 1365/1365/1365
f 1303/1303/1303 1307/1307/1307 1391/1391/1391 1363/1363/1363
f 1359/1359/1359 1360/1360/1360 1357/1357/1357 1354/1354/1354
f 1355/1355/1355 1357/1357/1357 1362/1362/1362
f 1302/1302/1302 1355/1355/1355 1362/1362/1362
f 1364/1364/1364 1356/1356/1356 1367/1367/1367
f 1302/1302/1302 1367/1367/1367 1356/1356/1356
f 1391/1391/1391 1392/1392/1392 1306/1306/1306
f 1310/1310/1310 1306/1306/1306 1392/1392/1392
f 1310/1310/1310 1392/1392/1392 1389/1389/1389
f 1389/1389/1389 1395/1395/1395 1310/1310/1310
f 1393/1393/1393 1314/1314/1314 1395/1395/1395
f 1322/1322/1322 1318/1318/1318 1399/1399/1399
f 1318/1318/1318 1314/1314/1314 1393/1393/1393 1398/1398/1398
f 1310/1310/1310 1395/1395/1395 1314/1314/1314
f 1315/1315/1315 1319/1319/1319 1398/1398/1398 1393/1393/1393
f 1322/1322/1322 1399/1399/1399 1396/1396/1396
f 1402/1402/1402 1322/1322/1322 1396/1396/1396
f 1399/1399/1399 1318/1318/1318 1398/1398/1398
f 1402/1402/1402 1326/1326/1326 1322/1322/1322
f 1460/1460/1460 1358/1358/1358 1360/1360/1360
f 1360/1360/1360 1461/1461/1461 1460/1460/1460
f 1460/1460/1460 1459/1459/1459 1358/1358/1358
f 1359/1359/1359 1461/1461/1461 1360/1360/1360
f 1369/1369/1369 1370/1370/1370 1459/1459/1459
f 1358/1358/1358 1459/1459/1459 1370/1370/1370
f 1369/1369/1369 1459/1459/1459 1465/1465/1465 1452/1452/1452
f 1423/1423/1423 1454/1454/1454 1452/1452/1452 1465/1465/1465
f 1305/1305/1305 1456/1456/1456 1454/1454/1454 1423/1423/1423
f 1453/1453/1453 1458/1458/1458 1451/1451/1451
f 1456/1456/1456 1305/1305/1305 1453/1453/1453
f 1458/1458/1458 1453/1453/1453 1305/1305/1305
f 1305/1305/1305 1309/1309/1309 1458/1458/1458
f 1309/1309/1309 1450/1450/1450 1448/1448/1448
f 1313/1313/1313 1447/1447/1447 1445/1445/1445
f 1313/1313/1313 1445/1445/1445 1450/1450/1450
f 1320/1320/1320 1316/1316/1316 1444/1444/1444 1441/1441/1441
f 1441/1441/1441 1444/1444/1444 1317/1317/1317 1321/1321/1321
f 1317/1317/1317 1444/1444/1444 1447/1447/1447
f 1313/1313/1313 1450/1450/1450 1309/1309/1309
f 1313/1313/1313 1317/1317/1317 1447/1447/1447
f 1325/1325/1325 1438/1438/1438 1443/1443/1443
f 1329/1329/1329 1440/1440/1440 1325/1325/1325
f 1438/1438/1438 1325/1325/1325 1440/1440/1440
f 1321/1321/1321 1325/1325/1325 1443/1443/1443
f 1443/1443/1443 1441/1441/1441 1321/1321/1321
f 1458/1458/1458 1309/1309/1309 1448/1448/1448
f 1405/1405/1405 1330/1330/1330 1326/1326/1326
f 1326/1326/1326 1400/1400/1400 1405/1405/1405
f 1405/1405/1405 1403/1403/1403 1330/1330/1330
f 1402/1402/1402 1400/1400/1400 1326/1326/1326
f 1334/1334/1334 1330/1330/1330 1403/1403/1403 1408/1408/1408
f 1338/1338/1338 1412/1412/1412 1410/1410/1410 1342/1342/1342
f 1334/1334/1334 1409/1409/1409 1406/1406/1406 1338/1338/1338
f 1334/1334/1334 1408/1408/1408 1409/1409/1409
f 1408/1408/1408 1403/1403/1403 1331/1331/1331 1335/1335/1335
f 1338/1338/1338 1406/1406/1406 1412/1412/1412
f 1342/1342/1342 1410/1410/1410 1415/1415/1415
f 1415/1415/1415 1346/1346/1346 1342/1342/1342
f 1346/1346/1346 1413/1413/1413 1421/1421/1421 1350/1350/1350
f 1421/1421/1421 1418/1418/1418 1350/1350/1350
f 1418/1418/1418 1419/1419/1419 1350/1350/1350
f 1415/1415/1415 1413/1413/1413 1346/1346/1346
f 1416/1416/1416 1387/1387/1387 1419/1419/1419
f 1350/1350/1350 1419/1419/1419 1387/1387/1387
f 1387/1387/1387 1416/1416/1416 1388/1388/1388
f 1376/1376/1376 1388/1388/1388 1416/1416/1416
f 1418/1418/1418 1421/1421/1421 1375/1375/1375
f 1378/1378/1378 1388/1388/1388 1376/1376/1376
f 1377/1377/1377 1371/1371/1371 1374/1374/1374
f 1378/1378/1378 1371/1371/1371 1388/1388/1388
f 1373/1373/1373 1372/1372/1372 1361/1361/1361
f 1353/1353/1353 1372/1372/1372 1371/1371/1371
f 1378/1378/1378 1374/1374/1374 1371/1371/1371
f 1333/1333/1333 1434/1434/1434 1437/1437/1437
f 1434/1434/1434 1431/1431/1431 1336/1336/1336 1332/1332/1332
f 1329/1329/1329 1437/1437/1437 1435/1435/1435
f 1341/1341/1341 1428/1428/1428 1433/1433/1433
f 1337/1337/1337 1433/1433/1433 1431/1431/1431
f 1431/1431/1431 1434/1434/1434 1333/1333/1333 1337/1337/1337
f 1333/1333/1333 1437/1437/1437 1329/1329/1329
f 1341/1341/1341 1433/1433/1433 1337/1337/1337
f 1345/1345/1345 1425/1425/1425 1430/1430/1430
f 1349/1349/1349 1427/1427/1427 1345/1345/1345
f 1425/1425/1425 1345/1345/1345 1427/1427/1427
f 1341/1341/1341 1345/1345/1345 1430/1430/1430
f 1430/1430/1430 1428/1428/1428 1341/1341/1341
f 1440/1440/1440 1329/1329/1329 1435/1435/1435
f 1353/1353/1353 1371/1371/1371 1377/1377/1377
f 1464/1464/1464 1379/1379/1379 1381/1381/1381
f 1372/1372/1372 1382/1382/1382 1361/1361/1361
f 1462/1462/1462 1383/1383/1383 1384/1384/1384
f 1384/1384/1384 1383/1383/1383 1373/1373/1373 1361/1361/1361
f 1382/1382/1382 1372/1372/1372 1353/1353/1353
f 1463/1463/1463 1384/1384/1384 1379/1379/1379
f 1424/1424/1424 1352/1352/1352 1348/1348/1348
f 1427/1427/1427 1349/1349/1349 1424/1424/1424
f 1352/1352/1352 1424/1424/1424 1349/1349/1349
f 1349/1349/1349 1422/1422/1422 1352/1352/1352
f 1384/1384/1384 1463/1463/1463 1462/1462/1462
f 1422/1422/1422 1466/1466/1466 1352/1352/1352
f 1464/1464/1464 1352/1352/1352 1466/1466/1466
f 1464/1464/1464 1381/1381/1381 1352/1352/1352
f 1464/1464/1464 1463/1463/1463 1379/1379/1379
f 1467/1467/1467 1472/1472/1472 1471/1471/1471 1470/1470/1470
f 1469/1469/1469 1468/1468/1468 1470/1470/1470 1471/1471/1471
f 1477/1477/1477 1476/1476/1476 1478/1478/1478
f 1473/1473/1473 1478/1478/1478 1476/1476/1476
f 1473/1473/1473 1480/1480/1480 1478/1478/1478
f 1479/1479/1479 1474/1474/1474 1476/1476/1476
f 1474/1474/1474 1479/1479/1479 1475/1475/1475
f 1477/1477/1477 1479/1479/1479 1476/1476/1476
f 1484/1484/1484 1486/1486/1486 1485/1485/1485 1481/1481/1481
f 1486/1486/1486 1484/1484/1484 1483/1483/1483 1482/1482/1482
f 1489/1489/1489 1490/1490/1490 1488/1488/1488 1491/1491/1491
f 1487/1487/1487 1492/1492/1492 1490/1490/1490 1489/1489/1489
f 1523/1523/1523 1524/1524/1524 1534/1534/1534
f 1524/1524/1524 1525/1525/1525 1526/1526/1526
f 1534/1534/1534 1524/1524/1524 1526/1526/1526
f 1523/1523/1523 1534/1534/1534 1530/1530/1530
f 1523/1523/1523 1530/1530/1530 1495/1495/1495
f 1495/1495/1495 1530/1530/1530 1494/1494/1494
f 1523/1523/1523 1495/1495/1495 1496/1496/1496
f 1494/1494/1494 1530/1530/1530 1493/1493/1493
f 1497/1497/1497 1523/1523/1523 1496/1496/1496
f 1493/1493/1493 1530/1530/1530 1531/1531/1531
f 1523/1523/1523 1497/1497/1497 1498/1498/1498
f 1501/1501/1501 1509/1509/1509 1523/1523/1523
f 1523/1523/1523 1499/1499/1499 1500/1500/1500
f 1523/1523/1523 1498/1498/1498 1499/1499/1499
f 1522/1522/1522 1509/1509/1509 1510/1510/1510
f 1511/1511/1511 1517/1517/1517 1510/1510/1510
f 1511/1511/1511 1512/1512/1512 1516/1516/1516
f 1522/1522/1522 1510/1510/1510 1517/1517/1517
f 1515/1515/1515 1512/1512/1512 1513/1513/1513
f 1509/1509/1509 1522/1522/1522 1523/1523/1523
f 1500/1500/1500 1501/1501/1501 1523/1523/1523
f 1531/1531/1531 1507/1507/1507 1508/1508/1508
f 1533/1533/1533 1502/1502/1502 1503/1503/1503
f 1506/1506/1506 1507/1507/1507 1531/1531/1531
f 1502/1502/1502 1514/1514/1514 1513/1513/1513
f 1506/1506/1506 1532/1532/1532 1505/1505/1505
f 1505/1505/1505 1532/1532/1532 1504/1504/1504
f 1503/1503/1503 1532/1532/1532 1533/1533/1533
f 1504/1504/1504 1532/1532/1532 1503/1503/1503
f 1531/1531/1531 1532/1532/1532 1506/1506/1506
f 1531/1531/1531 1508/1508/1508 1493/1493/1493
f 1514/1514/1514 1502/1502/1502 1533/1533/1533
f 1515/1515/1515 1516/1516/1516 1512/1512/1512
f 1529/1529/1529 1520/1520/1520 1521/1521/1521
f 1518/1518/1518 1522/1522/1522 1517/1517/1517
f 1518/1518/1518 1519/1519/1519 1522/1522/1522
f 1517/1517/1517 1511/1511/1511 1516/1516/1516
f 1528/1528/1528 1522/1522/1522 1527/1527/1527
f 1528/1528/1528 1529/1529/1529 1521/1521/1521
f 1528/1528/1528 1521/1521/1521 1522/1522/1522
f 1522/1522/1522 1519/1519/1519 1527/1527/1527
f 1515/1515/1515 1513/1513/1513 1514/1514/1514
f 1546/1546/1546 1547/1547/1547 1574/1574/1574
f 1549/1549/1549 1561/1561/1561 1574/1574/1574
f 1547/1547/1547 1548/1548/1548 1574/1574/1574
f 1548/1548/1548 1549/1549/1549 1574/1574/1574
f 1546/1546/1546 1574/1574/1574 1572/1572/1572
f 1572/1572/1572 1544/1544/1544 1545/1545/1545
f 1561/1561/1561 1549/1549/1549 1550/1550/1550
f 1551/1551/1551 1560/1560/1560 1550/1550/1550
f 1572/1572/1572 1545/1545/1545 1546/1546/1546
f 1544/1544/1544 1572/1572/1572 1543/1543/1543
f 1560/1560/1560 1561/1561/1561 1550/1550/1550
f 1571/1571/1571 1562/1562/1562 1563/1563/1563
f 1564/1564/1564 1571/1571/1571 1563/1563/1563
f 1564/1564/1564 1570/1570/1570 1571/1571/1571
f 1562/1562/1562 1575/1575/1575 1563/1563/1563
f 1560/1560/1560 1551/1551/1551 1559/1559/1559
f 1559/1559/1559 1552/1552/1552 1558/1558/1558
f 1564/1564/1564 1565/1565/1565 1570/1570/1570
f 1556/1556/1556 1557/1557/1557 1563/1563/1563
f 1556/1556/1556 1563/1563/1563 1575/1575/1575
f 1558/1558/1558 1553/1553/1553 1557/1557/1557
f 1566/1566/1566 1541/1541/1541 1573/1573/1573
f 1541/1541/1541 1542/1542/1542 1573/1573/1573
f 1566/1566/1566 1540/1540/1540 1541/1541/1541
f 1540/1540/1540 1566/1566/1566 1539/1539/1539
f 1543/1543/1543 1573/1573/1573 1542/1542/1542
f 1566/1566/1566 1576/1576/1576 1568/1568/1568
f 1567/1567/1567 1568/1568/1568 1569/1569/1569
f 1576/1576/1576 1569/1569/1569 1568/1568/1568
f 1573/1573/1573 1576/1576/1576 1566/1566/1566
f 1573/1573/1573 1543/1543/1543 1572/1572/1572
f 1557/1557/1557 1553/1553/1553 1554/1554/1554
f 1553/1553/1553 1558/1558/1558 1552/1552/1552
f 1563/1563/1563 1557/1557/1557 1554/1554/1554
f 1563/1563/1563 1554/1554/1554 1555/1555/1555
f 1551/1551/1551 1552/1552/1552 1559/1559/1559
f 1566/1566/1566 1538/1538/1538 1539/1539/1539
f 1566/1566/1566 1537/1537/1537 1538/1538/1538
f 1535/1535/1535 1536/1536/1536 1566/1566/1566
f 1555/1555/1555 1535/1535/1535 1566/1566/1566
f 1536/1536/1536 1537/1537/1537 1566/1566/1566
f 1555/1555/1555 1566/1566/1566 1563/1563/1563
f 1583/1583/1583 1680/1680/1680 1682/1682/1682 1679/1679/1679
f 1680/1680/1680 1578/1578/1578 1681/1681/1681 1682/1682/1682
f 1680/1680/1680 1583/1583/1583 1584/1584/1584
f 1579/1579/1579 1578/1578/1578 1680/1680/1680
f 1584/1584/1584 1579/1579/1579 1680/1680/1680
f 1585/1585/1585 1580/1580/1580 1579/1579/1579 1584/1584/1584
f 1761/1761/1761 1581/1581/1581 1580/1580/1580
f 1585/1585/1585 1586/1586/1586 1761/1761/1761
f 1580/1580/1580 1585/1585/1585 1761/1761/1761
f 1762/1762/1762 1760/1760/1760 1581/1581/1581 1761/1761/1761
f 1759/1759/1759 1762/1762/1762 1761/1761/1761 1586/1586/1586
f 1588/1588/1588 1684/1684/1684 1685/1685/1685 1683/1683/1683
f 1684/1684/1684 1583/1583/1583 1679/1679/1679 1685/1685/1685
f 1684/1684/1684 1588/1588/1588 1589/1589/1589
f 1584/1584/1584 1583/1583/1583 1684/1684/1684
f 1589/1589/1589 1584/1584/1584 1684/1684/1684
f 1590/1590/1590 1585/1585/1585 1584/1584/1584 1589/1589/1589
f 1591/1591/1591 1586/1586/1586 1585/1585/1585 1590/1590/1590
f 1593/1593/1593 1687/1687/1687 1688/1688/1688 1686/1686/1686
f 1687/1687/1687 1588/1588/1588 1683/1683/1683 1688/1688/1688
f 1687/1687/1687 1593/1593/1593 1594/1594/1594
f 1589/1589/1589 1588/1588/1588 1687/1687/1687
f 1594/1594/1594 1589/1589/1589 1687/1687/1687
f 1595/1595/1595 1590/1590/1590 1589/1589/1589 1594/1594/1594
f 1757/1757/1757 1591/1591/1591 1590/1590/1590
f 1595/1595/1595 1596/1596/1596 1757/1757/1757
f 1590/1590/1590 1595/1595/1595 1757/1757/1757
f 1758/1758/1758 1756/1756/1756 1591/1591/1591 1757/1757/1757
f 1753/1753/1753 1758/1758/1758 1757/1757/1757 1596/1596/1596
f 1599/1599/1599 1594/1594/1594 1593/1593/1593 1598/1598/1598
f 1600/1600/1600 1595/1595/1595 1594/1594/1594 1599/1599/1599
f 1754/1754/1754 1596/1596/1596 1595/1595/1595
f 1600/1600/1600 1601/1601/1601 1754/1754/1754
f 1595/1595/1595 1600/1600/1600 1754/1754/1754
f 1755/1755/1755 1753/1753/1753 1596/1596/1596 1754/1754/1754
f 1750/1750/1750 1755/1755/1755 1754/1754/1754 1601/1601/1601
f 1603/1603/1603 1690/1690/1690 1692/1692/1692 1689/1689/1689
f 1690/1690/1690 1598/1598/1598 1691/1691/1691 1692/1692/1692
f 1690/1690/1690 1603/1603/1603 1604/1604/1604
f 1599/1599/1599 1598/1598/1598 1690/1690/1690
f 1604/1604/1604 1599/1599/1599 1690/1690/1690
f 1605/1605/1605 1600/1600/1600 1599/1599/1599 1604/1604/1604
f 1751/1751/1751 1601/1601/1601 1600/1600/1600
f 1605/1605/1605 1606/1606/1606 1751/1751/1751
f 1600/1600/1600 1605/1605/1605 1751/1751/1751
f 1752/1752/1752 1750/1750/1750 1601/1601/1601 1751/1751/1751
f 1749/1749/1749 1752/1752/1752 1751/1751/1751 1606/1606/1606
f 1608/1608/1608 1694/1694/1694 1695/1695/1695 1693/1693/1693
f 1694/1694/1694 1603/1603/1603 1689/1689/1689 1695/1695/1695
f 1694/1694/1694 1608/1608/1608 1609/1609/1609
f 1604/1604/1604 1603/1603/1603 1694/1694/1694
f 1609/1609/1609 1604/1604/1604 1694/1694/1694
f 1610/1610/1610 1605/1605/1605 1604/1604/1604 1609/1609/1609
f 1611/1611/1611 1606/1606/1606 1605/1605/1605 1610/1610/1610
f 1613/1613/1613 1697/1697/1697 1698/1698/1698 1696/1696/1696
f 1697/1697/1697 1608/1608/1608 1693/1693/1693 1698/1698/1698
f 1697/1697/1697 1613/1613/1613 1614/1614/1614
f 1609/1609/1609 1608/1608/1608 1697/1697/1697
f 1614/1614/1614 1609/1609/1609 1697/1697/1697
f 1615/1615/1615 1610/1610/1610 1609/1609/1609 1614/1614/1614
f 1747/1747/1747 1611/1611/1611 1610/1610/1610
f 1615/1615/1615 1616/1616/1616 1747/1747/1747
f 1610/1610/1610 1615/1615/1615 1747/1747/1747
f 1748/1748/1748 1746/1746/1746 1611/1611/1611 1747/1747/1747
f 1743/1743/1743 1748/1748/1748 1747/1747/1747 1616/1616/1616
f 1619/1619/1619 1614/1614/1614 1613/1613/1613 1618/1618/1618
f 1620/1620/1620 1615/1615/1615 1614/1614/1614 1619/1619/1619
f 1744/1744/1744 1616/1616/1616 1615/1615/1615
f 1620/1620/1620 1621/1621/1621 1744/1744/1744
f 1615/1615/1615 1620/1620/1620 1744/1744/1744
f 1745/1745/1745 1743/1743/1743 1616/1616/1616 1744/1744/1744
f 1740/1740/1740 1745/1745/1745 1744/1744/1744 1621/1621/1621
f 1623/1623/1623 1700/1700/1700 1702/1702/1702 1699/1699/1699
f 1700/1700/1700 1618/1618/1618 1701/1701/1701 1702/1702/1702
f 1700/1700/1700 1623/1623/1623 1624/1624/1624
f 1619/1619/1619 1618/1618/1618 1700/1700/1700
f 1624/1624/1624 1619/1619/1619 1700/1700/1700
f 1625/1625/1625 1620/1620/1620 1619/1619/1619 1624/1624/1624
f 1741/1741/1741 1621/1621/1621 1620/1620/1620
f 1625/1625/1625 1626/1626/1626 1741/1741/1741
f 1620/1620/1620 1625/1625/1625 1741/1741/1741
f 1742/1742/1742 1740/1740/1740 1621/1621/1621 1741/1741/1741
f 1739/1739/1739 1742/1742/1742 1741/1741/1741 1626/1626/1626
f 1628/1628/1628 1704/1704/1704 1705/1705/1705 1703/1703/1703
f 1704/1704/1704 1623/1623/1623 1699/1699/1699 1705/1705/1705
f 1704/1704/1704 1628/1628/1628 1629/1629/1629
f 1624/1624/1624 1623/1623/1623 1704/1704/1704
f 1629/1629/1629 1624/1624/1624 1704/1704/1704
f 1630/1630/1630 1625/1625/1625 1624/1624/1624 1629/1629/1629
f 1631/1631/1631 1626/1626/1626 1625/1625/1625 1630/1630/1630
f 1633/1633/1633 1707/1707/1707 1708/1708/1708 1706/1706/1706
f 1707/1707/1707 1628/1628/1628 1703/1703/1703 1708/1708/1708
f 1707/1707/1707 1633/1633/1633 1634/1634/1634
f 1629/1629/1629 1628/1628/1628 1707/1707/1707
f 1634/1634/1634 1629/1629/1629 1707/1707/1707
f 1635/1635/1635 1630/1630/1630 1629/1629/1629 1634/1634/1634
f 1737/1737/1737 1631/1631/1631 1630/1630/1630
f 1635/1635/1635 1636/1636/1636 1737/1737/1737
f 1630/1630/1630 1635/1635/1635 1737/1737/1737
f 1738/1738/1738 1736/1736/1736 1631/1631/1631 1737/1737/1737
f 1733/1733/1733 1738/1738/1738 1737/1737/1737 1636/1636/1636
f 1639/1639/1639 1634/1634/1634 1633/1633/1633 1638/1638/1638
f 1640/1640/1640 1635/1635/1635 1634/1634/1634 1639/1639/1639
f 1734/1734/1734 1636/1636/1636 1635/1635/1635
f 1640/1640/1640 1641/1641/1641 1734/1734/1734
f 1635/1635/1635 1640/1640/1640 1734/1734/1734
f 1735/1735/1735 1733/1733/1733 1636/1636/1636 1734/1734/1734
f 1730/1730/1730 1735/1735/1735 1734/1734/1734 1641/1641/1641
f 1643/1643/1643 1710/1710/1710 1712/1712/1712 1709/1709/1709
f 1710/1710/1710 1638/1638/1638 1711/1711/1711 1712/1712/1712
f 1710/1710/1710 1643/1643/1643 1644/1644/1644
f 1639/1639/1639 1638/1638/1638 1710/1710/1710
f 1644/1644/1644 1639/1639/1639 1710/1710/1710
f 1645/1645/1645 1640/1640/1640 1639/1639/1639 1644/1644/1644
f 1731/1731/1731 1641/1641/1641 1640/1640/1640
f 1645/1645/1645 1646/1646/1646 1731/1731/1731
f 1640/1640/1640 1645/1645/1645 1731/1731/1731
f 1732/1732/1732 1730/1730/1730 1641/1641/1641 1731/1731/1731
f 1729/1729/1729 1732/1732/1732 1731/1731/1731 1646/1646/1646
f 1648/1648/1648 1714/1714/1714 1715/1715/1715 1713/1713/1713
f 1714/1714/1714 1643/1643/1643 1709/1709/1709 1715/1715/1715
f 1714/1714/1714 1648/1648/1648 1649/1649/1649
f 1644/1644/1644 1643/1643/1643 1714/1714/1714
f 1649/1649/1649 1644/1644/1644 1714/1714/1714
f 1650/1650/1650 1645/1645/1645 1644/1644/1644 1649/1649/1649
f 1651/1651/1651 1646/1646/1646 1645/1645/1645 1650/1650/1650
f 1653/1653/1653 1717/1717/1717 1718/1718/1718 1716/1716/1716
f 1717/1717/1717 1648/1648/1648 1713/1713/1713 1718/1718/1718
f 1717/1717/1717 1653/1653/1653 1654/1654/1654
f 1649/1649/1649 1648/1648/1648 1717/1717/1717
f 1654/1654/1654 1649/1649/1649 1717/1717/1717
f 1655/1655/1655 1650/1650/1650 1649/1649/1649 1654/1654/1654
f 1727/1727/1727 1651/1651/1651 1650/1650/1650
f 1655/1655/1655 1656/1656/1656 1727/1727/1727
f 1650/1650/1650 1655/1655/1655 1727/1727/1727
f 1728/1728/1728 1726/1726/1726 1651/1651/1651 1727/1727/1727
f 1723/1723/1723 1728/1728/1728 1727/1727/1727 1656/1656/1656
f 1659/1659/1659 1720/1720/1720 1721/1721/1721 1719/1719/1719
f 1720/1720/1720 1653/1653/1653 1716/1716/1716 1721/1721/1721
f 1720/1720/1720 1659/1659/1659 1660/1660/1660
f 1654/1654/1654 1653/1653/1653 1720/1720/1720
f 1660/1660/1660 1654/1654/1654 1720/1720/1720
f 1661/1661/1661 1655/1655/1655 1654/1654/1654 1660/1660/1660
f 1724/1724/1724 1656/1656/1656 1655/1655/1655
f 1661/1661/1661 1662/1662/1662 1724/1724/1724
f 1655/1655/1655 1661/1661/1661 1724/1724/1724
f 1725/1725/1725 1723/1723/1723 1656/1656/1656 1724/1724/1724
f 1722/1722/1722 1725/1725/1725 1724/1724/1724 1662/1662/1662
f 1681/1681/1681 1577/1577/1577 1682/1682/1682
f 1664/1664/1664 1682/1682/1682 1577/1577/1577
f 1679/1679/1679 1682/1682/1682 1664/1664/1664
f 1664/1664/1664 1665/1665/1665 1685/1685/1685 1679/1679/1679
f 1665/1665/1665 1666/1666/1666 1688/1688/1688 1683/1683/1683
f 1665/1665/1665 1683/1683/1683 1685/1685/1685
f 1666/1666/1666 1686/1686/1686 1688/1688/1688
f 1691/1691/1691 1598/1598/1598 1593/1593/1593 1686/1686/1686
f 1691/1691/1691 1686/1686/1686 1666/1666/1666 1667/1667/1667
f 1667/1667/1667 1668/1668/1668 1692/1692/1692 1691/1691/1691
f 1689/1689/1689 1692/1692/1692 1668/1668/1668
f 1668/1668/1668 1669/1669/1669 1695/1695/1695 1689/1689/1689
f 1669/1669/1669 1670/1670/1670 1698/1698/1698 1693/1693/1693
f 1669/1669/1669 1693/1693/1693 1695/1695/1695
f 1670/1670/1670 1696/1696/1696 1698/1698/1698
f 1701/1701/1701 1618/1618/1618 1613/1613/1613 1696/1696/1696
f 1701/1701/1701 1696/1696/1696 1670/1670/1670 1671/1671/1671
f 1582/1582/1582 1760/1760/1760 1762/1762/1762
f 1591/1591/1591 1756/1756/1756 1759/1759/1759 1586/1586/1586
f 1756/1756/1756 1592/1592/1592 1587/1587/1587 1759/1759/1759
f 1587/1587/1587 1762/1762/1762 1759/1759/1759
f 1587/1587/1587 1582/1582/1582 1762/1762/1762
f 1597/1597/1597 1758/1758/1758 1753/1753/1753
f 1602/1602/1602 1597/1597/1597 1755/1755/1755 1750/1750/1750
f 1753/1753/1753 1755/1755/1755 1597/1597/1597
f 1597/1597/1597 1592/1592/1592 1756/1756/1756 1758/1758/1758
f 1602/1602/1602 1750/1750/1750 1752/1752/1752
f 1749/1749/1749 1606/1606/1606 1611/1611/1611 1746/1746/1746
f 1746/1746/1746 1612/1612/1612 1607/1607/1607 1749/1749/1749
f 1607/1607/1607 1752/1752/1752 1749/1749/1749
f 1607/1607/1607 1602/1602/1602 1752/1752/1752
f 1617/1617/1617 1748/1748/1748 1743/1743/1743
f 1622/1622/1622 1617/1617/1617 1745/1745/1745
f 1743/1743/1743 1745/1745/1745 1617/1617/1617
f 1612/1612/1612 1748/1748/1748 1617/1617/1617
f 1746/1746/1746 1748/1748/1748 1612/1612/1612
f 1671/1671/1671 1672/1672/1672 1702/1702/1702 1701/1701/1701
f 1699/1699/1699 1702/1702/1702 1672/1672/1672
f 1672/1672/1672 1673/1673/1673 1705/1705/1705 1699/1699/1699
f 1673/1673/1673 1674/1674/1674 1708/1708/1708 1703/1703/1703
f 1673/1673/1673 1703/1703/1703 1705/1705/1705
f 1674/1674/1674 1706/1706/1706 1708/1708/1708
f 1633/1633/1633 1706/1706/1706 1711/1711/1711 1638/1638/1638
f 1711/1711/1711 1706/1706/1706 1674/1674/1674 1675/1675/1675
f 1675/1675/1675 1676/1676/1676 1712/1712/1712 1711/1711/1711
f 1709/1709/1709 1712/1712/1712 1676/1676/1676
f 1676/1676/1676 1677/1677/1677 1715/1715/1715 1709/1709/1709
f 1678/1678/1678 1658/1658/1658 1721/1721/1721 1716/1716/1716
f 1677/1677/1677 1678/1678/1678 1718/1718/1718 1713/1713/1713
f 1677/1677/1677 1713/1713/1713 1715/1715/1715
f 1678/1678/1678 1716/1716/1716 1718/1718/1718
f 1658/1658/1658 1719/1719/1719 1721/1721/1721
f 1622/1622/1622 1740/1740/1740 1742/1742/1742
f 1627/1627/1627 1742/1742/1742 1739/1739/1739
f 1632/1632/1632 1736/1736/1736 1738/1738/1738
f 1631/1631/1631 1736/1736/1736 1739/1739/1739 1626/1626/1626
f 1736/1736/1736 1632/1632/1632 1627/1627/1627 1739/1739/1739
f 1627/1627/1627 1622/1622/1622 1742/1742/1742
f 1637/1637/1637 1733/1733/1733 1735/1735/1735
f 1730/1730/1730 1642/1642/1642 1735/1735/1735
f 1637/1637/1637 1735/1735/1735 1642/1642/1642
f 1738/1738/1738 1637/1637/1637 1632/1632/1632
f 1733/1733/1733 1637/1637/1637 1738/1738/1738
f 1745/1745/1745 1740/1740/1740 1622/1622/1622
f 1729/1729/1729 1646/1646/1646 1651/1651/1651 1726/1726/1726
f 1647/1647/1647 1732/1732/1732 1729/1729/1729
f 1657/1657/1657 1728/1728/1728 1723/1723/1723
f 1652/1652/1652 1726/1726/1726 1728/1728/1728
f 1726/1726/1726 1652/1652/1652 1647/1647/1647 1729/1729/1729
f 1647/1647/1647 1642/1642/1642 1732/1732/1732
f 1663/1663/1663 1725/1725/1725 1722/1722/1722
f 1725/1725/1725 1663/1663/1663 1657/1657/1657
f 1728/1728/1728 1657/1657/1657 1652/1652/1652
f 1725/1725/1725 1657/1657/1657 1723/1723/1723
f 1730/1730/1730 1732/1732/1732 1642/1642/1642
f 1773/1773/1773 1772/1772/1772 1770/1770/1770
f 1767/1767/1767 1773/1773/1773 1770/1770/1770
f 1773/1773/1773 1763/1763/1763 1774/1774/1774
f 1770/1770/1770 1772/1772/1772 1771/1771/1771
f 1770/1770/1770 1769/1769/1769 1767/1767/1767
f 1769/1769/1769 1768/1768/1768 1767/1767/1767
f 1763/1763/1763 1775/1775/1775 1774/1774/1774
f 1778/1778/1778 1777/1777/1777 1776/1776/1776
f 1778/1778/1778 1775/1775/1775 1763/1763/1763
f 1773/1773/1773 1766/1766/1766 1763/1763/1763
f 1767/1767/1767 1766/1766/1766 1773/1773/1773
f 1763/1763/1763 1766/1766/1766 1765/1765/1765
f 1763/1763/1763 1765/1765/1765 1764/1764/1764
f 1775/1775/1775 1778/1778/1778 1776/1776/1776
f 1790/1790/1790 1788/1788/1788 1789/1789/1789
f 1788/1788/1788 1783/1783/1783 1785/1785/1785
f 1788/1788/1788 1790/1790/1790 1780/1780/1780
f 1786/1786/1786 1787/1787/1787 1788/1788/1788
f 1785/1785/1785 1786/1786/1786 1788/1788/1788
f 1784/1784/1784 1785/1785/1785 1783/1783/1783
f 1780/1780/1780 1790/1790/1790 1791/1791/1791
f 1791/1791/1791 1793/1793/1793 1794/1794/1794
f 1791/1791/1791 1794/1794/1794 1780/1780/1780
f 1794/1794/1794 1779/1779/1779 1780/1780/1780
f 1780/1780/1780 1782/1782/1782 1783/1783/1783
f 1782/1782/1782 1780/1780/1780 1781/1781/1781
f 1783/1783/1783 1788/1788/1788 1780/1780/1780
f 1793/1793/1793 1791/1791/1791 1792/1792/1792
f 1796/1796/1796 1795/1795/1795 1797/1797/1797 1798/1798/1798
f 1800/1800/1800 1799/1799/1799 1801/1801/1801 1802/1802/1802
f 1804/1804/1804 1803/1803/1803 1805/1805/1805 1806/1806/1806
f 1808/1808/1808 1807/1807/1807 1809/1809/1809 1810/1810/1810
f 1812/1812/1812 1811/1811/1811 1813/1813/1813 1814/1814/1814
f 1888/1888/1888 1862/1862/1862 1884/1884/1884
f 1886/1886/1886 1887/1887/1887 1885/1885/1885
f 1888/1888/1888 1884/1884/1884 1885/1885/1885
f 1863/1863/1863 1884/1884/1884 1862/1862/1862
f 1865/1865/1865 1882/1882/1882 1883/1883/1883
f 1883/1883/1883 1864/1864/1864 1865/1865/1865
f 1884/1884/1884 1864/1864/1864 1883/1883/1883
f 1864/1864/1864 1884/1884/1884 1863/1863/1863
f 1865/1865/1865 1866/1866/1866 1882/1882/1882
f 1861/1861/1861 1862/1862/1862 1888/1888/1888
f 1887/1887/1887 1888/1888/1888 1885/1885/1885
f 1861/1861/1861 1888/1888/1888 1874/1874/1874
f 1855/1855/1855 1859/1859/1859 1860/1860/1860
f 1874/1874/1874 1855/1855/1855 1860/1860/1860
f 1855/1855/1855 1819/1819/1819 1854/1854/1854
f 1855/1855/1855 1874/1874/1874 1857/1857/1857
f 1860/1860/1860 1861/1861/1861 1874/1874/1874
f 1855/1855/1855 1858/1858/1858 1859/1859/1859
f 1881/1881/1881 1882/1882/1882 1867/1867/1867
f 1866/1866/1866 1867/1867/1867 1882/1882/1882
f 1881/1881/1881 1867/1867/1867 1868/1868/1868
f 1880/1880/1880 1881/1881/1881 1868/1868/1868
f 1880/1880/1880 1877/1877/1877 1879/1879/1879
f 1878/1878/1878 1879/1879/1879 1877/1877/1877
f 1880/1880/1880 1870/1870/1870 1877/1877/1877
f 1869/1869/1869 1870/1870/1870 1880/1880/1880
f 1869/1869/1869 1880/1880/1880 1868/1868/1868
f 1854/1854/1854 1872/1872/1872 1873/1873/1873
f 1876/1876/1876 1872/1872/1872 1854/1854/1854
f 1855/1855/1855 1854/1854/1854 1858/1858/1858
f 1815/1815/1815 1853/1853/1853 1854/1854/1854
f 1858/1858/1858 1854/1854/1854 1873/1873/1873
f 1876/1876/1876 1871/1871/1871 1872/1872/1872
f 1877/1877/1877 1871/1871/1871 1876/1876/1876
f 1871/1871/1871 1877/1877/1877 1870/1870/1870
f 1876/1876/1876 1854/1854/1854 1875/1875/1875
f 1852/1852/1852 1853/1853/1853 1816/1816/1816
f 1856/1856/1856 1818/1818/1818 1855/1855/1855
f 1840/1840/1840 1834/1834/1834 1837/1837/1837
f 1835/1835/1835 1819/1819/1819 1837/1837/1837
f 1820/1820/1820 1837/1837/1837 1819/1819/1819
f 1819/1819/1819 1836/1836/1836 1821/1821/1821
f 1819/1819/1819 1835/1835/1835 1836/1836/1836
f 1835/1835/1835 1837/1837/1837 1834/1834/1834
f 1815/1815/1815 1819/1819/1819 1821/1821/1821
f 1843/1843/1843 1840/1840/1840 1841/1841/1841
f 1819/1819/1819 1815/1815/1815 1854/1854/1854
f 1840/1840/1840 1843/1843/1843 1844/1844/1844
f 1840/1840/1840 1833/1833/1833 1834/1834/1834
f 1840/1840/1840 1844/1844/1844 1833/1833/1833
f 1832/1832/1832 1833/1833/1833 1844/1844/1844
f 1844/1844/1844 1831/1831/1831 1832/1832/1832
f 1846/1846/1846 1830/1830/1830 1845/1845/1845
f 1830/1830/1830 1831/1831/1831 1845/1845/1845
f 1831/1831/1831 1844/1844/1844 1845/1845/1845
f 1843/1843/1843 1841/1841/1841 1842/1842/1842
f 1816/1816/1816 1817/1817/1817 1852/1852/1852
f 1815/1815/1815 1822/1822/1822 1823/1823/1823
f 1815/1815/1815 1821/1821/1821 1822/1822/1822
f 1823/1823/1823 1838/1838/1838 1815/1815/1815
f 1823/1823/1823 1824/1824/1824 1838/1838/1838
f 1825/1825/1825 1851/1851/1851 1824/1824/1824
f 1824/1824/1824 1851/1851/1851 1838/1838/1838
f 1839/1839/1839 1815/1815/1815 1838/1838/1838
f 1816/1816/1816 1853/1853/1853 1815/1815/1815
f 1827/1827/1827 1828/1828/1828 1847/1847/1847
f 1828/1828/1828 1846/1846/1846 1847/1847/1847
f 1830/1830/1830 1846/1846/1846 1829/1829/1829
f 1829/1829/1829 1846/1846/1846 1828/1828/1828
f 1848/1848/1848 1827/1827/1827 1847/1847/1847
f 1850/1850/1850 1851/1851/1851 1849/1849/1849
f 1848/1848/1848 1851/1851/1851 1825/1825/1825
f 1848/1848/1848 1849/1849/1849 1851/1851/1851
f 1827/1827/1827 1848/1848/1848 1826/1826/1826
f 1826/1826/1826 1848/1848/1848 1825/1825/1825
f 1819/1819/1819 1855/1855/1855 1818/1818/1818
f 1890/1890/1890 1889/1889/1889 1891/1891/1891 1892/1892/1892
f 1894/1894/1894 1893/1893/1893 1895/1895/1895 1896/1896/1896
f 1898/1898/1898 1897/1897/1897 1899/1899/1899 1900/1900/1900
f 1902/1902/1902 1901/1901/1901 1903/1903/1903 1904/1904/1904
f 1906/1906/1906 1905/1905/1905 1907/1907/1907 1908/1908/1908
f 1918/1918/1918 1917/1917/1917 1914/1914/1914
f 1912/1912/1912 1915/1915/1915 1918/1918/1918
f 1914/1914/1914 1912/1912/1912 1918/1918/1918
f 1918/1918/1918 1920/1920/1920 1919/1919/1919 1917/1917/1917
f 1914/1914/1914 1917/1917/1917 1916/1916/1916 1913/1913/1913
f 1929/1929/1929 1928/1928/1928 1932/1932/1932 1934/1934/1934
f 1934/1934/1934 1932/1932/1932 1927/1927/1927 1933/1933/1933
f 1921/1921/1921 1916/1916/1916 1923/1923/1923
f 1922/1922/1922 1916/1916/1916 1921/1921/1921
f 1916/1916/1916 1917/1917/1917 1919/1919/1919
f 1923/1923/1923 1916/1916/1916 1919/1919/1919
f 1922/1922/1922 1913/1913/1913 1916/1916/1916
f 1913/1913/1913 1922/1922/1922 1930/1930/1930
f 1911/1911/1911 1923/1923/1923 1919/1919/1919
f 1909/1909/1909 1910/1910/1910 1920/1920/1920
f 1911/1911/1911 1920/1920/1920 1910/1910/1910
f 1919/1919/1919 1920/1920/1920 1911/1911/1911
f 1920/1920/1920 1918/1918/1918 1915/1915/1915
f 1909/1909/1909 1920/1920/1920 1915/1915/1915
f 1928/1928/1928 1909/1909/1909 1915/1915/1915
f 1912/1912/1912 1914/1914/1914 1927/1927/1927
f 1927/1927/1927 1914/1914/1914 1913/1913/1913
f 1932/1932/1932 1912/1912/1912 1927/1927/1927
f 1930/1930/1930 1934/1934/1934 1933/1933/1933
f 1933/1933/1933 1927/1927/1927 1913/1913/1913
f 1930/1930/1930 1931/1931/1931 1934/1934/1934
f 1933/1933/1933 1913/1913/1913 1930/1930/1930
f 1928/1928/1928 1912/1912/1912 1932/1932/1932
f 1929/1929/1929 1934/1934/1934 1931/1931/1931
f 1926/1926/1926 1928/1928/1928 1929/1929/1929
f 1925/1925/1925 1935/1935/1935 1924/1924/1924
f 1925/1925/1925 1926/1926/1926 1929/1929/1929
f 1935/1935/1935 1925/1925/1925 1929/1929/1929
f 1929/1929/1929 1931/1931/1931 1935/1935/1935
f 1928/1928/1928 1926/1926/1926 1909/1909/1909
f 1912/1912/1912 1928/1928/1928 1915/1915/1915